[2026-07-12 09:18:50] [INFO] 程序收到关闭信号，开始安全退出流程
[2026-07-12 09:18:50] [SENSOR] RS485采集线程已停止
[2026-07-12 09:18:50] [CAM] 摄像头捕获器已释放
[2026-07-12 09:18:50] [INFO] 摄像头采集线程正常退出
[2026-07-12 09:18:50] [INFO] 程序正常退出
[2026-07-12 09:18:50] [CAM] 摄像头设备断开...........................................
[2026-07-12 09:18:50] [INFO] 程序结束，退出码:0
[2026-07-12 09:18:53] [INFO] ========== 幼儿园AI安全卫士程序启动 ==========
[2026-07-12 09:18:54] [INFO] 主程序窗口初始化完成
[2026-07-12 09:18:54] [SENSOR] RS485传感器采集线程已启动，串口：/dev/ttyUSB0
[2026-07-12 09:18:54] [INFO] AI环境模拟线程启动
[2026-07-12 09:18:54] [INFO] 摄像头采集线程启动
[2026-07-12 09:18:54] [CAM] 摄像头已连接 分辨率1280*720 真实帧率30.0
[2026-07-12 09:18:54] [CAM] 摄像头设备状态变为正常
[2026-07-12 09:20:06] [NET] 网络已恢复连通
[2026-07-12 09:20:26] [INFO] 程序收到关闭信号，开始安全退出流程
[2026-07-12 09:20:27] [SENSOR] RS485采集线程已停止
[2026-07-12 09:20:27] [CAM] 摄像头捕获器已释放
[2026-07-12 09:20:27] [INFO] 摄像头采集线程正常退出
[2026-07-12 09:20:27] [INFO] 程序正常退出
[2026-07-12 09:20:27] [CAM] 摄像头设备断开...........................................
[2026-07-12 09:20:27] [INFO] 程序结束，退出码:0
[2026-07-12 09:20:29] [INFO] ========== 幼儿园AI安全卫士程序启动 ==========
[2026-07-12 09:20:30] [INFO] 主程序窗口初始化完成
[2026-07-12 09:20:30] [SENSOR] RS485传感器采集线程已启动，串口：/dev/ttyUSB0
[2026-07-12 09:20:30] [INFO] AI环境模拟线程启动
[2026-07-12 09:20:30] [INFO] 摄像头采集线程启动
[2026-07-12 09:20:30] [CAM] 摄像头已连接 分辨率1280*720 真实帧率30.0
[2026-07-12 09:20:30] [CAM] 摄像头设备状态变为正常
[2026-07-12 09:20:32] [NET] 网络已恢复连通
[2026-07-12 09:20:39] [ERROR] 网络断开，无法访问外网
[2026-07-12 09:20:46] [NET] 网络已恢复连通
[2026-07-12 09:20:51] [ERROR] 网络断开，无法访问外网
[2026-07-12 09:20:57] [ERROR] 摄像头读取帧失败，断开重连
[2026-07-12 09:20:57] [CAM] 摄像头设备断开...........................................
[2026-07-12 09:20:57] [CAM] 摄像头捕获器已释放
[2026-07-12 09:20:58] [CAM] 摄像头未检测到，等待重连...
[2026-07-12 09:21:00] [CAM] 摄像头捕获器已释放
[2026-07-12 09:21:00] [CAM] 摄像头未检测到，等待重连...
[2026-07-12 09:21:01] [CAM] 摄像头捕获器已释放
[2026-07-12 09:21:01] [CAM] 摄像头未检测到，等待重连...
[2026-07-12 09:21:01] [CAM] 摄像头捕获器已释放
[2026-07-12 09:21:01] [CAM] 摄像头未检测到，等待重连...
[2026-07-12 09:21:02] [CAM] 摄像头捕获器已释放
[2026-07-12 09:21:02] [CAM] 摄像头未检测到，等待重连...
[2026-07-12 09:21:02] [CAM] 摄像头捕获器已释放
[2026-07-12 09:21:02] [CAM] 摄像头未检测到，等待重连...
[2026-07-12 09:21:03] [CAM] 摄像头捕获器已释放
[2026-07-12 09:21:03] [CAM] 摄像头未检测到，等待重连...
[2026-07-12 09:21:03] [CAM] 摄像头捕获器已释放
[2026-07-12 09:21:04] [CAM] 摄像头已连接 分辨率1280*720 真实帧率30.0
[2026-07-12 09:21:04] [CAM] 摄像头设备状态变为正常
[2026-07-12 09:21:13] [INFO] 程序收到关闭信号，开始安全退出流程
[2026-07-12 09:21:14] [SENSOR] RS485采集线程已停止
[2026-07-12 09:21:14] [CAM] 摄像头捕获器已释放
[2026-07-12 09:21:14] [INFO] 摄像头采集线程正常退出
[2026-07-12 09:21:14] [INFO] 程序正常退出
[2026-07-12 09:21:14] [CAM] 摄像头设备断开...........................................
[2026-07-12 09:21:14] [INFO] 程序结束，退出码:0
[2026-07-12 09:21:17] [INFO] ========== 幼儿园AI安全卫士程序启动 ==========
[2026-07-12 09:21:17] [INFO] 主程序窗口初始化完成
[2026-07-12 09:21:17] [SENSOR] RS485传感器采集线程已启动，串口：/dev/ttyUSB0
[2026-07-12 09:21:17] [INFO] AI环境模拟线程启动
[2026-07-12 09:21:17] [INFO] 摄像头采集线程启动
[2026-07-12 09:21:18] [CAM] 摄像头已连接 分辨率1280*720 真实帧率30.0
[2026-07-12 09:21:18] [CAM] 摄像头设备状态变为正常
[2026-07-12 09:21:28] [INFO] 程序收到关闭信号，开始安全退出流程
[2026-07-12 09:21:28] [SENSOR] RS485采集线程已停止
[2026-07-12 09:21:28] [CAM] 摄像头捕获器已释放
[2026-07-12 09:21:28] [INFO] 摄像头采集线程正常退出
[2026-07-12 09:21:28] [INFO] 程序正常退出
[2026-07-12 09:21:28] [CAM] 摄像头设备断开...........................................
[2026-07-12 09:21:28] [INFO] 程序结束，退出码:0
[2026-07-12 09:23:02] [INFO] ========== 幼儿园AI安全卫士程序启动 ==========
[2026-07-12 09:23:02] [INFO] 主程序窗口初始化完成
[2026-07-12 09:23:02] [SENSOR] RS485传感器采集线程已启动，串口：/dev/ttyUSB0
[2026-07-12 09:23:02] [INFO] AI环境模拟线程启动
[2026-07-12 09:23:02] [INFO] 摄像头采集线程启动
[2026-07-12 09:23:02] [CAM] 摄像头已连接 分辨率1280*720 真实帧率30.0
[2026-07-12 09:23:02] [CAM] 摄像头设备状态变为正常
[2026-07-12 09:23:04] [ERROR] check network.....
[2026-07-12 09:23:06] [ERROR] check network.....
[2026-07-12 09:23:08] [ERROR] check network.....
[2026-07-12 09:23:10] [ERROR] check network.....
[2026-07-12 09:23:12] [ERROR] check network.....
[2026-07-12 09:23:14] [ERROR] check network.....
[2026-07-12 09:23:16] [ERROR] check network.....
[2026-07-12 09:23:18] [ERROR] check network.....
[2026-07-12 09:23:20] [ERROR] check network.....
[2026-07-12 09:23:22] [ERROR] check network.....
[2026-07-12 09:23:24] [ERROR] check network.....
[2026-07-12 09:23:26] [ERROR] check network.....
[2026-07-12 09:23:28] [ERROR] check network.....
[2026-07-12 09:23:30] [ERROR] check network.....
[2026-07-12 09:23:32] [ERROR] check network.....
[2026-07-12 09:23:34] [ERROR] check network.....
[2026-07-12 09:23:36] [ERROR] check network.....
[2026-07-12 09:23:38] [ERROR] check network.....
[2026-07-12 09:23:40] [ERROR] check network.....
[2026-07-12 09:23:42] [ERROR] check network.....
[2026-07-12 09:23:44] [ERROR] check network.....
[2026-07-12 09:23:46] [ERROR] check network.....
[2026-07-12 09:23:48] [ERROR] check network.....
[2026-07-12 09:23:50] [ERROR] check network.....
[2026-07-12 09:23:52] [ERROR] check network.....
[2026-07-12 09:23:54] [ERROR] check network.....
[2026-07-12 09:23:56] [ERROR] check network.....
[2026-07-12 09:23:58] [ERROR] check network.....
[2026-07-12 09:24:00] [ERROR] check network.....
[2026-07-12 09:24:02] [ERROR] check network.....
[2026-07-12 09:24:04] [ERROR] check network.....
[2026-07-12 09:24:06] [ERROR] check network.....
[2026-07-12 09:24:08] [ERROR] check network.....
[2026-07-12 09:24:10] [ERROR] check network.....
[2026-07-12 09:24:12] [ERROR] check network.....
[2026-07-12 09:24:14] [ERROR] check network.....
[2026-07-12 09:24:16] [ERROR] check network.....
[2026-07-12 09:24:18] [ERROR] check network.....
[2026-07-12 09:24:20] [ERROR] check network.....
[2026-07-12 09:24:22] [ERROR] check network.....
[2026-07-12 09:24:24] [ERROR] check network.....
[2026-07-12 09:24:26] [ERROR] check network.....
[2026-07-12 09:24:28] [ERROR] check network.....
[2026-07-12 09:24:30] [ERROR] check network.....
[2026-07-12 09:24:32] [ERROR] check network.....
[2026-07-12 09:24:34] [ERROR] check network.....
[2026-07-12 09:24:36] [ERROR] check network.....
[2026-07-12 09:24:38] [ERROR] check network.....
[2026-07-12 09:24:40] [ERROR] check network.....
[2026-07-12 09:24:42] [ERROR] check network.....
[2026-07-12 09:24:44] [ERROR] check network.....
[2026-07-12 09:24:46] [ERROR] check network.....
[2026-07-12 09:24:48] [ERROR] check network.....
[2026-07-12 09:24:50] [ERROR] check network.....
[2026-07-12 09:24:52] [ERROR] check network.....
[2026-07-12 09:24:54] [ERROR] check network.....
[2026-07-12 09:24:56] [ERROR] check network.....
[2026-07-12 09:24:58] [ERROR] check network.....
[2026-07-12 09:25:00] [ERROR] check network.....
[2026-07-12 09:25:02] [ERROR] check network.....
[2026-07-12 09:25:04] [ERROR] check network.....
[2026-07-12 09:25:06] [ERROR] check network.....
[2026-07-12 09:25:08] [ERROR] check network.....
[2026-07-12 09:25:10] [ERROR] check network.....
[2026-07-12 09:25:12] [ERROR] check network.....
[2026-07-12 09:25:14] [ERROR] check network.....
[2026-07-12 09:25:16] [ERROR] check network.....
[2026-07-12 09:25:18] [ERROR] check network.....
[2026-07-12 09:25:20] [ERROR] check network.....
[2026-07-12 09:25:22] [ERROR] check network.....
[2026-07-12 09:25:24] [ERROR] check network.....
[2026-07-12 09:25:26] [ERROR] check network.....
[2026-07-12 09:25:26] [INFO] 程序收到关闭信号，开始安全退出流程
[2026-07-12 09:25:27] [SENSOR] RS485采集线程已停止
[2026-07-12 09:25:27] [CAM] 摄像头捕获器已释放
[2026-07-12 09:25:27] [INFO] 摄像头采集线程正常退出
[2026-07-12 09:25:27] [INFO] 程序正常退出
[2026-07-12 09:25:28] [CAM] 摄像头设备断开...........................................
[2026-07-12 09:25:28] [INFO] 程序结束，退出码:0
[2026-07-12 09:25:30] [INFO] ========== 幼儿园AI安全卫士程序启动 ==========
[2026-07-12 09:25:31] [INFO] 主程序窗口初始化完成
[2026-07-12 09:25:31] [SENSOR] RS485传感器采集线程已启动，串口：/dev/ttyUSB0
[2026-07-12 09:25:31] [INFO] AI环境模拟线程启动
[2026-07-12 09:25:31] [INFO] 摄像头采集线程启动
[2026-07-12 09:25:31] [CAM] 摄像头已连接 分辨率1280*720 真实帧率30.0
[2026-07-12 09:25:31] [CAM] 摄像头设备状态变为正常
[2026-07-12 09:25:33] [ERROR] check network.....
[2026-07-12 09:25:33] [ERROR] 网络检测异常: can only concatenate str (not "bool") to str
[2026-07-12 09:25:35] [ERROR] check network.....
[2026-07-12 09:25:35] [ERROR] 网络检测异常: can only concatenate str (not "bool") to str
[2026-07-12 09:25:37] [ERROR] check network.....
[2026-07-12 09:25:37] [ERROR] 网络检测异常: can only concatenate str (not "bool") to str
[2026-07-12 09:25:39] [ERROR] check network.....
[2026-07-12 09:25:39] [ERROR] 网络检测异常: can only concatenate str (not "bool") to str
[2026-07-12 09:25:41] [ERROR] check network.....
[2026-07-12 09:25:41] [ERROR] 网络检测异常: can only concatenate str (not "bool") to str
[2026-07-12 09:25:43] [ERROR] check network.....
[2026-07-12 09:25:43] [ERROR] 网络检测异常: can only concatenate str (not "bool") to str
[2026-07-12 09:25:45] [ERROR] check network.....
[2026-07-12 09:25:45] [ERROR] 网络检测异常: can only concatenate str (not "bool") to str
[2026-07-12 09:25:47] [ERROR] check network.....
[2026-07-12 09:25:47] [ERROR] 网络检测异常: can only concatenate str (not "bool") to str
[2026-07-12 09:25:49] [ERROR] check network.....
[2026-07-12 09:25:49] [ERROR] 网络检测异常: can only concatenate str (not "bool") to str
[2026-07-12 09:25:51] [ERROR] check network.....
[2026-07-12 09:25:51] [ERROR] 网络检测异常: can only concatenate str (not "bool") to str
[2026-07-12 09:25:53] [ERROR] check network.....
[2026-07-12 09:25:53] [ERROR] 网络检测异常: can only concatenate str (not "bool") to str
[2026-07-12 09:25:55] [ERROR] check network.....
[2026-07-12 09:25:55] [ERROR] 网络检测异常: can only concatenate str (not "bool") to str
[2026-07-12 09:25:55] [INFO] 程序收到关闭信号，开始安全退出流程
[2026-07-12 09:25:56] [SENSOR] RS485采集线程已停止
[2026-07-12 09:25:56] [CAM] 摄像头捕获器已释放
[2026-07-12 09:25:56] [INFO] 摄像头采集线程正常退出
[2026-07-12 09:25:56] [INFO] 程序正常退出
[2026-07-12 09:25:56] [CAM] 摄像头设备断开...........................................
[2026-07-12 09:25:56] [INFO] 程序结束，退出码:0
[2026-07-12 09:30:27] [INFO] ========== 幼儿园AI安全卫士程序启动 ==========
[2026-07-12 09:30:27] [INFO] 主程序窗口初始化完成
[2026-07-12 09:30:27] [SENSOR] RS485传感器采集线程已启动，串口：/dev/ttyUSB0
[2026-07-12 09:30:27] [INFO] AI环境模拟线程启动
[2026-07-12 09:30:27] [INFO] 摄像头采集线程启动
[2026-07-12 09:30:27] [CAM] 摄像头已连接 分辨率1280*720 真实帧率30.0
[2026-07-12 09:30:27] [CAM] 摄像头设备状态变为正常
[2026-07-12 09:30:29] [ERROR] check network.....
[2026-07-12 09:30:30] [ERROR] 网络检测异常: can only concatenate str (not "bool") to str
[2026-07-12 09:30:31] [ERROR] check network.....
[2026-07-12 09:30:31] [ERROR] 网络检测异常: can only concatenate str (not "bool") to str
[2026-07-12 09:30:33] [ERROR] check network.....
[2026-07-12 09:30:33] [ERROR] 网络检测异常: can only concatenate str (not "bool") to str
[2026-07-12 09:30:35] [ERROR] check network.....
[2026-07-12 09:30:35] [ERROR] 网络检测异常: can only concatenate str (not "bool") to str
[2026-07-12 09:30:37] [ERROR] check network.....
[2026-07-12 09:30:37] [ERROR] 网络检测异常: can only concatenate str (not "bool") to str
[2026-07-12 09:30:39] [ERROR] check network.....
[2026-07-12 09:30:39] [ERROR] 网络检测异常: can only concatenate str (not "bool") to str
[2026-07-12 09:30:41] [ERROR] check network.....
[2026-07-12 09:30:41] [ERROR] 网络检测异常: can only concatenate str (not "bool") to str
[2026-07-12 09:30:43] [ERROR] check network.....
[2026-07-12 09:30:43] [ERROR] 网络检测异常: can only concatenate str (not "bool") to str
[2026-07-12 09:30:44] [INFO] 程序收到关闭信号，开始安全退出流程
[2026-07-12 09:30:44] [SENSOR] RS485采集线程已停止
[2026-07-12 09:30:44] [CAM] 摄像头捕获器已释放
[2026-07-12 09:30:44] [INFO] 摄像头采集线程正常退出
[2026-07-12 09:30:44] [INFO] 程序正常退出
[2026-07-12 09:30:44] [CAM] 摄像头设备断开...........................................
[2026-07-12 09:30:44] [INFO] 程序结束，退出码:0
[2026-07-12 09:32:24] [INFO] ========== 幼儿园AI安全卫士程序启动 ==========
[2026-07-12 09:32:24] [INFO] 主程序窗口初始化完成
[2026-07-12 09:32:24] [SENSOR] RS485传感器采集线程已启动，串口：/dev/ttyUSB0
[2026-07-12 09:32:24] [INFO] AI环境模拟线程启动
[2026-07-12 09:32:24] [INFO] 摄像头采集线程启动
[2026-07-12 09:32:24] [CAM] 摄像头已连接 分辨率1280*720 真实帧率30.0
[2026-07-12 09:32:24] [CAM] 摄像头设备状态变为正常
[2026-07-12 09:32:26] [ERROR] check network.....
[2026-07-12 09:32:26] [ERROR] 网络检测异常: can only concatenate str (not "bool") to str
[2026-07-12 09:32:28] [ERROR] check network.....
[2026-07-12 09:32:28] [ERROR] 网络检测异常: can only concatenate str (not "bool") to str
[2026-07-12 09:32:30] [ERROR] check network.....
[2026-07-12 09:32:30] [ERROR] 网络检测异常: can only concatenate str (not "bool") to str
[2026-07-12 09:32:32] [ERROR] check network.....
[2026-07-12 09:32:32] [ERROR] 网络检测异常: can only concatenate str (not "bool") to str
[2026-07-12 09:32:34] [ERROR] check network.....
[2026-07-12 09:32:34] [ERROR] 网络检测异常: can only concatenate str (not "bool") to str
[2026-07-12 09:32:35] [INFO] 程序收到关闭信号，开始安全退出流程
[2026-07-12 09:32:35] [SENSOR] RS485采集线程已停止
[2026-07-12 09:32:35] [CAM] 摄像头捕获器已释放
[2026-07-12 09:32:35] [INFO] 摄像头采集线程正常退出
[2026-07-12 09:32:35] [INFO] 程序正常退出
[2026-07-12 09:32:35] [CAM] 摄像头设备断开...........................................
[2026-07-12 09:32:35] [INFO] 程序结束，退出码:0
[2026-07-12 09:34:23] [INFO] ========== 幼儿园AI安全卫士程序启动 ==========
[2026-07-12 09:34:23] [INFO] 主程序窗口初始化完成
[2026-07-12 09:34:23] [SENSOR] RS485传感器采集线程已启动，串口：/dev/ttyUSB0
[2026-07-12 09:34:23] [INFO] AI环境模拟线程启动
[2026-07-12 09:34:23] [INFO] 摄像头采集线程启动
[2026-07-12 09:34:23] [CAM] 摄像头已连接 分辨率1280*720 真实帧率30.0
[2026-07-12 09:34:23] [CAM] 摄像头设备状态变为正常
[2026-07-12 09:34:25] [ERROR] check network.....
[2026-07-12 09:34:25] [ERROR] 网络检测异常: can only concatenate str (not "bool") to str
[2026-07-12 09:34:27] [ERROR] check network.....
[2026-07-12 09:34:27] [ERROR] 网络检测异常: can only concatenate str (not "bool") to str
[2026-07-12 09:34:29] [ERROR] check network.....
[2026-07-12 09:34:29] [ERROR] 网络检测异常: can only concatenate str (not "bool") to str
[2026-07-12 09:34:31] [ERROR] check network.....
[2026-07-12 09:34:31] [ERROR] 网络检测异常: can only concatenate str (not "bool") to str
[2026-07-12 09:34:33] [ERROR] check network.....
[2026-07-12 09:34:33] [ERROR] 网络检测异常: can only concatenate str (not "bool") to str
[2026-07-12 09:34:35] [ERROR] check network.....
[2026-07-12 09:34:35] [ERROR] 网络检测异常: can only concatenate str (not "bool") to str
[2026-07-12 09:34:37] [ERROR] check network.....
[2026-07-12 09:34:37] [ERROR] 网络检测异常: can only concatenate str (not "bool") to str
[2026-07-12 09:34:39] [ERROR] check network.....
[2026-07-12 09:34:39] [ERROR] 网络检测异常: can only concatenate str (not "bool") to str
[2026-07-12 09:34:41] [ERROR] check network.....
[2026-07-12 09:34:41] [ERROR] 网络检测异常: can only concatenate str (not "bool") to str
[2026-07-12 09:34:43] [ERROR] check network.....
[2026-07-12 09:34:43] [ERROR] 网络检测异常: can only concatenate str (not "bool") to str
[2026-07-12 09:34:45] [ERROR] check network.....
[2026-07-12 09:34:45] [ERROR] 网络检测异常: can only concatenate str (not "bool") to str
[2026-07-12 09:34:47] [ERROR] check network.....
[2026-07-12 09:34:47] [ERROR] 网络检测异常: can only concatenate str (not "bool") to str
[2026-07-12 09:34:49] [ERROR] check network.....
[2026-07-12 09:34:49] [ERROR] 网络检测异常: can only concatenate str (not "bool") to str
[2026-07-12 09:34:51] [ERROR] check network.....
[2026-07-12 09:34:51] [ERROR] 网络检测异常: can only concatenate str (not "bool") to str
[2026-07-12 09:34:53] [ERROR] check network.....
[2026-07-12 09:34:53] [ERROR] 网络检测异常: can only concatenate str (not "bool") to str
[2026-07-12 09:34:55] [ERROR] check network.....
[2026-07-12 09:34:55] [ERROR] 网络检测异常: can only concatenate str (not "bool") to str
[2026-07-12 09:34:56] [INFO] 程序收到关闭信号，开始安全退出流程
[2026-07-12 09:34:56] [SENSOR] RS485采集线程已停止
[2026-07-12 09:34:56] [CAM] 摄像头捕获器已释放
[2026-07-12 09:34:56] [INFO] 摄像头采集线程正常退出
[2026-07-12 09:34:56] [INFO] 程序正常退出
[2026-07-12 09:34:56] [CAM] 摄像头设备断开...........................................
[2026-07-12 09:34:56] [INFO] 程序结束，退出码:0
[2026-07-12 09:35:02] [INFO] ========== 幼儿园AI安全卫士程序启动 ==========
[2026-07-12 09:35:02] [INFO] 主程序窗口初始化完成
[2026-07-12 09:35:02] [SENSOR] RS485传感器采集线程已启动，串口：/dev/ttyUSB0
[2026-07-12 09:35:02] [INFO] AI环境模拟线程启动
[2026-07-12 09:35:02] [INFO] 摄像头采集线程启动
[2026-07-12 09:35:03] [CAM] 摄像头已连接 分辨率1280*720 真实帧率30.0
[2026-07-12 09:35:03] [CAM] 摄像头设备状态变为正常
[2026-07-12 09:35:04] [ERROR] check network.....
[2026-07-12 09:35:04] [ERROR] 网络检测异常: can only concatenate str (not "bool") to str
[2026-07-12 09:35:07] [ERROR] check network.....
[2026-07-12 09:35:07] [ERROR] 网络检测异常: can only concatenate str (not "bool") to str
[2026-07-12 09:35:09] [ERROR] check network.....
[2026-07-12 09:35:09] [ERROR] 网络检测异常: can only concatenate str (not "bool") to str
[2026-07-12 09:35:11] [ERROR] check network.....
[2026-07-12 09:35:11] [ERROR] 网络检测异常: can only concatenate str (not "bool") to str
[2026-07-12 09:35:13] [ERROR] check network.....
[2026-07-12 09:35:13] [ERROR] 网络检测异常: can only concatenate str (not "bool") to str
[2026-07-12 09:35:15] [ERROR] check network.....
[2026-07-12 09:35:15] [ERROR] 网络检测异常: can only concatenate str (not "bool") to str
[2026-07-12 09:35:17] [ERROR] check network.....
[2026-07-12 09:35:17] [ERROR] 网络检测异常: can only concatenate str (not "bool") to str
[2026-07-12 09:35:19] [ERROR] check network.....
[2026-07-12 09:35:19] [ERROR] 网络检测异常: can only concatenate str (not "bool") to str
[2026-07-12 09:35:21] [ERROR] check network.....
[2026-07-12 09:35:21] [ERROR] 网络检测异常: can only concatenate str (not "bool") to str
[2026-07-12 09:35:23] [ERROR] check network.....
[2026-07-12 09:35:23] [ERROR] 网络检测异常: can only concatenate str (not "bool") to str
[2026-07-12 09:35:25] [ERROR] check network.....
[2026-07-12 09:35:25] [ERROR] 网络检测异常: can only concatenate str (not "bool") to str
[2026-07-12 09:35:25] [INFO] 程序收到关闭信号，开始安全退出流程
[2026-07-12 09:35:26] [SENSOR] RS485采集线程已停止
[2026-07-12 09:35:26] [CAM] 摄像头捕获器已释放
[2026-07-12 09:35:26] [INFO] 摄像头采集线程正常退出
[2026-07-12 09:35:26] [INFO] 程序正常退出
[2026-07-12 09:35:26] [CAM] 摄像头设备断开...........................................
[2026-07-12 09:35:26] [INFO] 程序结束，退出码:0
[2026-07-12 09:35:43] [INFO] ========== 幼儿园AI安全卫士程序启动 ==========
[2026-07-12 09:35:43] [INFO] 主程序窗口初始化完成
[2026-07-12 09:35:43] [SENSOR] RS485传感器采集线程已启动，串口：/dev/ttyUSB0
[2026-07-12 09:35:43] [INFO] AI环境模拟线程启动
[2026-07-12 09:35:43] [INFO] 摄像头采集线程启动
[2026-07-12 09:35:43] [CAM] 摄像头已连接 分辨率1280*720 真实帧率30.0
[2026-07-12 09:35:43] [CAM] 摄像头设备状态变为正常
[2026-07-12 09:35:45] [NET] 网络已恢复连通
[2026-07-12 09:35:52] [ERROR] 网络断开，无法访问外网
[2026-07-12 09:35:57] [NET] 网络已恢复连通
[2026-07-12 09:36:02] [ERROR] 网络断开，无法访问外网
[2026-07-12 09:36:05] [INFO] 程序收到关闭信号，开始安全退出流程
[2026-07-12 09:36:05] [SENSOR] RS485采集线程已停止
[2026-07-12 09:36:05] [CAM] 摄像头捕获器已释放
[2026-07-12 09:36:05] [INFO] 摄像头采集线程正常退出
[2026-07-12 09:36:05] [INFO] 程序正常退出
[2026-07-12 09:36:05] [CAM] 摄像头设备断开...........................................
[2026-07-12 09:36:06] [INFO] 程序结束，退出码:0
[2026-07-12 09:36:09] [INFO] ========== 幼儿园AI安全卫士程序启动 ==========
[2026-07-12 09:36:09] [INFO] 主程序窗口初始化完成
[2026-07-12 09:36:09] [SENSOR] RS485传感器采集线程已启动，串口：/dev/ttyUSB0
[2026-07-12 09:36:09] [INFO] AI环境模拟线程启动
[2026-07-12 09:36:09] [INFO] 摄像头采集线程启动
[2026-07-12 09:36:09] [CAM] 摄像头已连接 分辨率1280*720 真实帧率30.0
[2026-07-12 09:36:09] [CAM] 摄像头设备状态变为正常
[2026-07-12 09:36:40] [INFO] 程序收到关闭信号，开始安全退出流程
[2026-07-12 09:36:40] [SENSOR] RS485采集线程已停止
[2026-07-12 09:36:40] [CAM] 摄像头捕获器已释放
[2026-07-12 09:36:40] [INFO] 摄像头采集线程正常退出
[2026-07-12 09:36:40] [INFO] 程序正常退出
[2026-07-12 09:36:41] [CAM] 摄像头设备断开...........................................
[2026-07-12 09:36:41] [INFO] 程序结束，退出码:0
[2026-07-12 09:37:36] [INFO] ========== 幼儿园AI安全卫士程序启动 ==========
[2026-07-12 09:37:36] [INFO] 主程序窗口初始化完成
[2026-07-12 09:37:36] [SENSOR] RS485传感器采集线程已启动，串口：/dev/ttyUSB0
[2026-07-12 09:37:36] [INFO] AI环境模拟线程启动
[2026-07-12 09:37:36] [INFO] 摄像头采集线程启动
[2026-07-12 09:37:37] [CAM] 摄像头已连接 分辨率1280*720 真实帧率30.0
[2026-07-12 09:37:37] [CAM] 摄像头设备状态变为正常
[2026-07-12 09:37:59] [NET] 网络已恢复连通
[2026-07-12 09:38:12] [INFO] 程序收到关闭信号，开始安全退出流程
[2026-07-12 09:38:13] [SENSOR] RS485采集线程已停止
[2026-07-12 09:38:13] [CAM] 摄像头捕获器已释放
[2026-07-12 09:38:13] [INFO] 摄像头采集线程正常退出
[2026-07-12 09:38:13] [INFO] 程序正常退出
[2026-07-12 09:38:13] [CAM] 摄像头设备断开...........................................
[2026-07-12 09:38:13] [INFO] 程序结束，退出码:0
[2026-07-12 09:41:16] [INFO] ========== 幼儿园AI安全卫士程序启动 ==========
[2026-07-12 09:41:16] [INFO] 主程序窗口初始化完成
[2026-07-12 09:41:17] [SENSOR] RS485传感器采集线程已启动，串口：/dev/ttyUSB0
[2026-07-12 09:41:17] [INFO] AI环境模拟线程启动
[2026-07-12 09:41:17] [INFO] 摄像头采集线程启动
[2026-07-12 09:41:17] [CAM] 摄像头已连接 分辨率1280*720 真实帧率30.0
[2026-07-12 09:41:17] [CAM] 摄像头设备状态变为正常
[2026-07-12 09:41:19] [NET] 网络已恢复连通
[2026-07-12 09:41:28] [ERROR] 网络断开，无法访问外网
[2026-07-12 09:41:30] [ERROR] 网络未连接，无法访问外网
[2026-07-12 09:41:31] [ERROR] 网络未连接，无法访问外网
[2026-07-12 09:41:34] [ERROR] 网络未连接，无法访问外网
[2026-07-12 09:41:35] [ERROR] 网络未连接，无法访问外网
[2026-07-12 09:41:37] [NET] 网络已恢复连通
[2026-07-12 09:41:46] [ERROR] 网络断开，无法访问外网
[2026-07-12 09:41:48] [ERROR] 网络未连接，无法访问外网
[2026-07-12 09:41:50] [ERROR] 网络未连接，无法访问外网
[2026-07-12 09:41:51] [ERROR] 网络未连接，无法访问外网
[2026-07-12 09:41:52] [INFO] 程序收到关闭信号，开始安全退出流程
[2026-07-12 09:41:53] [SENSOR] RS485采集线程已停止
[2026-07-12 09:41:53] [CAM] 摄像头捕获器已释放
[2026-07-12 09:41:53] [INFO] 摄像头采集线程正常退出
[2026-07-12 09:41:53] [INFO] 程序正常退出
[2026-07-12 09:41:53] [CAM] 摄像头设备断开...........................................
[2026-07-12 09:41:53] [ERROR] 网络未连接，无法访问外网
[2026-07-12 09:41:53] [INFO] 程序结束，退出码:0
[2026-07-12 09:41:59] [INFO] ========== 幼儿园AI安全卫士程序启动 ==========
[2026-07-12 09:41:59] [INFO] 主程序窗口初始化完成
[2026-07-12 09:41:59] [SENSOR] RS485传感器采集线程已启动，串口：/dev/ttyUSB0
[2026-07-12 09:41:59] [INFO] AI环境模拟线程启动
[2026-07-12 09:41:59] [INFO] 摄像头采集线程启动
[2026-07-12 09:41:59] [CAM] 摄像头已连接 分辨率1280*720 真实帧率30.0
[2026-07-12 09:41:59] [CAM] 摄像头设备状态变为正常
[2026-07-12 09:42:01] [ERROR] 网络未连接，无法访问外网
[2026-07-12 09:42:03] [ERROR] 网络未连接，无法访问外网
[2026-07-12 09:42:05] [ERROR] 网络未连接，无法访问外网
[2026-07-12 09:42:07] [ERROR] 网络未连接，无法访问外网
[2026-07-12 09:42:09] [ERROR] 网络未连接，无法访问外网
[2026-07-12 09:42:11] [ERROR] 网络未连接，无法访问外网
[2026-07-12 09:42:13] [NET] 网络已恢复连通
[2026-07-12 09:43:52] [INFO] 程序收到关闭信号，开始安全退出流程
[2026-07-12 09:43:53] [SENSOR] RS485采集线程已停止
[2026-07-12 09:43:53] [CAM] 摄像头捕获器已释放
[2026-07-12 09:43:53] [INFO] 摄像头采集线程正常退出
[2026-07-12 09:43:53] [INFO] 程序正常退出
[2026-07-12 09:43:53] [CAM] 摄像头设备断开...........................................
[2026-07-12 09:43:53] [INFO] 程序结束，退出码:0
[2026-07-12 09:43:56] [INFO] ========== 幼儿园AI安全卫士程序启动 ==========
[2026-07-12 09:43:57] [INFO] 主程序窗口初始化完成
[2026-07-12 09:43:57] [SENSOR] RS485传感器采集线程已启动，串口：/dev/ttyUSB0
[2026-07-12 09:43:57] [INFO] AI环境模拟线程启动
[2026-07-12 09:43:57] [INFO] 摄像头采集线程启动
[2026-07-12 09:43:57] [CAM] 摄像头已连接 分辨率1280*720 真实帧率30.0
[2026-07-12 09:43:57] [CAM] 摄像头设备状态变为正常
[2026-07-12 09:43:59] [NET] 网络已恢复连通
[2026-07-12 09:43:59] [ERROR] 网络检测异常: 'KindergartenGuardMain' object has no attribute 'new_net_state'
[2026-07-12 09:44:01] [NET] 网络已恢复连通
[2026-07-12 09:44:01] [ERROR] 网络检测异常: 'KindergartenGuardMain' object has no attribute 'new_net_state'
[2026-07-12 09:44:03] [NET] 网络已恢复连通
[2026-07-12 09:44:03] [ERROR] 网络检测异常: 'KindergartenGuardMain' object has no attribute 'new_net_state'
[2026-07-12 09:44:05] [NET] 网络已恢复连通
[2026-07-12 09:44:05] [ERROR] 网络检测异常: 'KindergartenGuardMain' object has no attribute 'new_net_state'
[2026-07-12 09:44:07] [NET] 网络已恢复连通
[2026-07-12 09:44:07] [ERROR] 网络检测异常: 'KindergartenGuardMain' object has no attribute 'new_net_state'
[2026-07-12 09:44:09] [NET] 网络已恢复连通
[2026-07-12 09:44:09] [ERROR] 网络检测异常: 'KindergartenGuardMain' object has no attribute 'new_net_state'
[2026-07-12 09:44:09] [INFO] 程序收到关闭信号，开始安全退出流程
[2026-07-12 09:44:10] [SENSOR] RS485采集线程已停止
[2026-07-12 09:44:10] [CAM] 摄像头捕获器已释放
[2026-07-12 09:44:10] [INFO] 摄像头采集线程正常退出
[2026-07-12 09:44:10] [INFO] 程序正常退出
[2026-07-12 09:44:10] [CAM] 摄像头设备断开...........................................
[2026-07-12 09:44:10] [INFO] 程序结束，退出码:0
[2026-07-12 09:47:34] [INFO] ========== 幼儿园AI安全卫士程序启动 ==========
[2026-07-12 09:47:34] [INFO] 主程序窗口初始化完成
[2026-07-12 09:47:34] [SENSOR] RS485传感器采集线程已启动，串口：/dev/ttyUSB0
[2026-07-12 09:47:34] [INFO] AI环境模拟线程启动
[2026-07-12 09:47:34] [INFO] 摄像头采集线程启动
[2026-07-12 09:47:34] [CAM] 摄像头已连接 分辨率1280*720 真实帧率30.0
[2026-07-12 09:47:34] [CAM] 摄像头设备状态变为正常
[2026-07-12 09:47:36] [NET] 网络已恢复连通
[2026-07-12 09:47:45] [ERROR] 网络断开，无法访问外网
[2026-07-12 09:47:45] [ERROR] 网络检测异常: 'VoicePlayer' object has no attribute 'voice_no_net'
[2026-07-12 09:48:49] [INFO] ========== 幼儿园AI安全卫士程序启动 ==========
[2026-07-12 09:48:49] [INFO] 主程序窗口初始化完成
[2026-07-12 09:48:49] [SENSOR] RS485传感器采集线程已启动，串口：/dev/ttyUSB0
[2026-07-12 09:48:49] [INFO] AI环境模拟线程启动
[2026-07-12 09:48:49] [INFO] 摄像头采集线程启动
[2026-07-12 09:48:49] [CAM] 摄像头已连接 分辨率1280*720 真实帧率30.0
[2026-07-12 09:48:49] [CAM] 摄像头设备状态变为正常
[2026-07-12 09:48:51] [NET] 网络已恢复连通
[2026-07-12 09:48:56] [ERROR] 网络断开，无法访问外网
[2026-07-12 09:49:01] [NET] 网络已恢复连通
[2026-07-12 09:49:06] [ERROR] 网络断开，无法访问外网
[2026-07-12 09:49:10] [INFO] 程序收到关闭信号，开始安全退出流程
[2026-07-12 09:49:10] [SENSOR] RS485采集线程已停止
[2026-07-12 09:49:10] [CAM] 摄像头捕获器已释放
[2026-07-12 09:49:10] [INFO] 摄像头采集线程正常退出
[2026-07-12 09:49:10] [INFO] 程序正常退出
[2026-07-12 09:49:11] [CAM] 摄像头设备断开...........................................
[2026-07-12 09:49:11] [INFO] 程序结束，退出码:0
[2026-07-12 09:49:14] [INFO] ========== 幼儿园AI安全卫士程序启动 ==========
[2026-07-12 09:49:14] [INFO] 主程序窗口初始化完成
[2026-07-12 09:49:14] [SENSOR] RS485传感器采集线程已启动，串口：/dev/ttyUSB0
[2026-07-12 09:49:14] [INFO] AI环境模拟线程启动
[2026-07-12 09:49:14] [INFO] 摄像头采集线程启动
[2026-07-12 09:49:14] [CAM] 摄像头已连接 分辨率1280*720 真实帧率30.0
[2026-07-12 09:49:14] [CAM] 摄像头设备状态变为正常
[2026-07-12 09:49:26] [NET] 网络已恢复连通
[2026-07-12 09:49:33] [ERROR] 网络断开，无法访问外网
[2026-07-12 09:49:36] [NET] 网络已恢复连通
[2026-07-12 09:49:39] [ERROR] 网络断开，无法访问外网
[2026-07-12 09:49:43] [INFO] 程序收到关闭信号，开始安全退出流程
[2026-07-12 09:49:43] [SENSOR] RS485采集线程已停止
[2026-07-12 09:49:43] [CAM] 摄像头捕获器已释放
[2026-07-12 09:49:43] [INFO] 摄像头采集线程正常退出
[2026-07-12 09:49:43] [INFO] 程序正常退出
[2026-07-12 09:49:43] [CAM] 摄像头设备断开...........................................
[2026-07-12 09:49:43] [INFO] 程序结束，退出码:0
[2026-07-12 09:49:46] [INFO] ========== 幼儿园AI安全卫士程序启动 ==========
[2026-07-12 09:49:46] [INFO] 主程序窗口初始化完成
[2026-07-12 09:49:46] [SENSOR] RS485传感器采集线程已启动，串口：/dev/ttyUSB0
[2026-07-12 09:49:46] [INFO] AI环境模拟线程启动
[2026-07-12 09:49:46] [INFO] 摄像头采集线程启动
[2026-07-12 09:49:47] [CAM] 摄像头已连接 分辨率1280*720 真实帧率30.0
[2026-07-12 09:49:47] [CAM] 摄像头设备状态变为正常
[2026-07-12 09:50:49] [NET] 网络已恢复连通
[2026-07-12 09:51:32] [INFO] 程序收到关闭信号，开始安全退出流程
[2026-07-12 09:51:32] [SENSOR] RS485采集线程已停止
[2026-07-12 09:51:33] [CAM] 摄像头捕获器已释放
[2026-07-12 09:51:33] [INFO] 摄像头采集线程正常退出
[2026-07-12 09:51:33] [INFO] 程序正常退出
[2026-07-12 09:51:33] [CAM] 摄像头设备断开...........................................
[2026-07-12 09:51:33] [INFO] 程序结束，退出码:0
[2026-07-12 09:52:54] [INFO] ========== 幼儿园AI安全卫士程序启动 ==========
[2026-07-12 09:52:54] [INFO] 主程序窗口初始化完成
[2026-07-12 09:52:54] [SENSOR] RS485传感器采集线程已启动，串口：/dev/ttyUSB0
[2026-07-12 09:52:54] [INFO] AI环境模拟线程启动
[2026-07-12 09:52:54] [INFO] 摄像头采集线程启动
[2026-07-12 09:52:55] [CAM] 摄像头已连接 分辨率1280*720 真实帧率30.0
[2026-07-12 09:52:55] [CAM] 摄像头设备状态变为正常
[2026-07-12 09:52:57] [NET] 网络已恢复连通
[2026-07-12 09:53:02] [ERROR] 网络断开，无法访问外网
[2026-07-12 09:53:05] [NET] 网络已恢复连通
[2026-07-12 09:53:10] [ERROR] 网络断开，无法访问外网
[2026-07-12 09:53:12] [INFO] 程序收到关闭信号，开始安全退出流程
[2026-07-12 09:53:13] [SENSOR] RS485采集线程已停止
[2026-07-12 09:53:13] [CAM] 摄像头捕获器已释放
[2026-07-12 09:53:13] [INFO] 摄像头采集线程正常退出
[2026-07-12 09:53:13] [INFO] 程序正常退出
[2026-07-12 09:53:13] [CAM] 摄像头设备断开...........................................
[2026-07-12 09:53:14] [INFO] 程序结束，退出码:0
[2026-07-12 09:53:16] [INFO] ========== 幼儿园AI安全卫士程序启动 ==========
[2026-07-12 09:53:16] [INFO] 主程序窗口初始化完成
[2026-07-12 09:53:16] [SENSOR] RS485传感器采集线程已启动，串口：/dev/ttyUSB0
[2026-07-12 09:53:16] [INFO] AI环境模拟线程启动
[2026-07-12 09:53:16] [INFO] 摄像头采集线程启动
[2026-07-12 09:53:16] [CAM] 摄像头已连接 分辨率1280*720 真实帧率30.0
[2026-07-12 09:53:16] [CAM] 摄像头设备状态变为正常
[2026-07-12 09:53:42] [INFO] 程序收到关闭信号，开始安全退出流程
[2026-07-12 09:53:42] [SENSOR] RS485采集线程已停止
[2026-07-12 09:53:42] [CAM] 摄像头捕获器已释放
[2026-07-12 09:53:42] [INFO] 摄像头采集线程正常退出
[2026-07-12 09:53:42] [INFO] 程序正常退出
[2026-07-12 09:53:42] [CAM] 摄像头设备断开...........................................
[2026-07-12 09:53:42] [INFO] 程序结束，退出码:0
[2026-07-12 09:53:47] [INFO] ========== 幼儿园AI安全卫士程序启动 ==========
[2026-07-12 09:53:47] [INFO] 主程序窗口初始化完成
[2026-07-12 09:53:47] [SENSOR] RS485传感器采集线程已启动，串口：/dev/ttyUSB0
[2026-07-12 09:53:47] [INFO] AI环境模拟线程启动
[2026-07-12 09:53:47] [INFO] 摄像头采集线程启动
[2026-07-12 09:53:47] [CAM] 摄像头已连接 分辨率1280*720 真实帧率30.0
[2026-07-12 09:53:47] [CAM] 摄像头设备状态变为正常
[2026-07-12 09:54:13] [NET] 网络已恢复连通
[2026-07-12 09:54:18] [INFO] 程序收到关闭信号，开始安全退出流程
[2026-07-12 09:54:18] [SENSOR] RS485采集线程已停止
[2026-07-12 09:54:18] [CAM] 摄像头捕获器已释放
[2026-07-12 09:54:18] [INFO] 摄像头采集线程正常退出
[2026-07-12 09:54:18] [INFO] 程序正常退出
[2026-07-12 09:54:18] [CAM] 摄像头设备断开...........................................
[2026-07-12 09:54:18] [INFO] 程序结束，退出码:0
[2026-07-12 09:58:20] [INFO] ========== 幼儿园AI安全卫士程序启动 ==========
[2026-07-12 09:58:20] [INFO] 主程序窗口初始化完成
[2026-07-12 09:58:20] [SENSOR] RS485传感器采集线程已启动，串口：/dev/ttyUSB0
[2026-07-12 09:58:20] [INFO] AI环境模拟线程启动
[2026-07-12 09:58:20] [INFO] 摄像头采集线程启动
[2026-07-12 09:58:21] [CAM] 摄像头已连接 分辨率1280*720 真实帧率30.0
[2026-07-12 09:58:21] [CAM] 摄像头设备状态变为正常
[2026-07-12 09:58:22] [NET] 网络已恢复连通
[2026-07-12 09:58:30] [ERROR] 网络断开，无法访问外网
[2026-07-12 09:58:32] [NET] 开机检测无网络，语音提醒
[2026-07-12 09:58:34] [NET] 网络持续离线提醒
[2026-07-12 09:58:43] [NET] 网络已恢复连通
[2026-07-12 09:58:54] [ERROR] 网络断开，无法访问外网
[2026-07-12 09:58:56] [NET] 开机检测无网络，语音提醒
[2026-07-12 09:58:58] [NET] 网络持续离线提醒
[2026-07-12 09:59:09] [NET] 网络已恢复连通
[2026-07-12 09:59:14] [ERROR] 网络断开，无法访问外网
[2026-07-12 09:59:16] [NET] 开机检测无网络，语音提醒
[2026-07-12 09:59:18] [NET] 网络持续离线提醒
[2026-07-12 09:59:18] [INFO] 程序收到关闭信号，开始安全退出流程
[2026-07-12 09:59:19] [SENSOR] RS485采集线程已停止
[2026-07-12 09:59:19] [CAM] 摄像头捕获器已释放
[2026-07-12 09:59:19] [INFO] 摄像头采集线程正常退出
[2026-07-12 09:59:19] [INFO] 程序正常退出
[2026-07-12 09:59:19] [CAM] 摄像头设备断开...........................................
[2026-07-12 09:59:20] [INFO] 程序结束，退出码:0
[2026-07-12 09:59:23] [INFO] ========== 幼儿园AI安全卫士程序启动 ==========
[2026-07-12 09:59:23] [INFO] 主程序窗口初始化完成
[2026-07-12 09:59:23] [SENSOR] RS485传感器采集线程已启动，串口：/dev/ttyUSB0
[2026-07-12 09:59:23] [INFO] AI环境模拟线程启动
[2026-07-12 09:59:23] [INFO] 摄像头采集线程启动
[2026-07-12 09:59:23] [CAM] 摄像头已连接 分辨率1280*720 真实帧率30.0
[2026-07-12 09:59:23] [CAM] 摄像头设备状态变为正常
[2026-07-12 09:59:25] [NET] 开机检测无网络，语音提醒
[2026-07-12 09:59:27] [NET] 网络持续离线提醒
[2026-07-12 10:00:19] [NET] 网络已恢复连通
[2026-07-12 10:00:36] [ERROR] 网络断开，无法访问外网
[2026-07-12 10:00:38] [NET] 开机检测无网络，语音提醒
[2026-07-12 10:00:40] [NET] 网络持续离线提醒
[2026-07-12 10:00:43] [NET] 网络已恢复连通
[2026-07-12 10:00:54] [INFO] 程序收到关闭信号，开始安全退出流程
[2026-07-12 10:00:55] [SENSOR] RS485采集线程已停止
[2026-07-12 10:00:55] [CAM] 摄像头捕获器已释放
[2026-07-12 10:00:55] [INFO] 摄像头采集线程正常退出
[2026-07-12 10:00:55] [INFO] 程序正常退出
[2026-07-12 10:00:55] [CAM] 摄像头设备断开...........................................
[2026-07-12 10:00:55] [INFO] 程序结束，退出码:0
[2026-07-12 10:02:40] [INFO] ========== 幼儿园AI安全卫士程序启动 ==========
[2026-07-12 10:02:40] [INFO] 主程序窗口初始化完成
[2026-07-12 10:02:40] [SENSOR] RS485传感器采集线程已启动，串口：/dev/ttyUSB0
[2026-07-12 10:02:40] [INFO] AI环境模拟线程启动
[2026-07-12 10:02:40] [INFO] 摄像头采集线程启动
[2026-07-12 10:02:40] [CAM] 摄像头已连接 分辨率1280*720 真实帧率30.0
[2026-07-12 10:02:40] [CAM] 摄像头设备状态变为正常
[2026-07-12 10:02:42] [NET] 网络已恢复连通
[2026-07-12 10:02:51] [ERROR] 网络断开，无法访问外网
[2026-07-12 10:02:53] [NET] 开机检测无网络，语音提醒
[2026-07-12 10:03:00] [NET] 网络已恢复连通
[2026-07-12 10:03:05] [ERROR] 网络断开，无法访问外网
[2026-07-12 10:03:07] [NET] 开机检测无网络，语音提醒
[2026-07-12 10:03:12] [NET] 网络已恢复连通
[2026-07-12 10:03:19] [ERROR] 网络断开，无法访问外网
[2026-07-12 10:03:21] [NET] 开机检测无网络，语音提醒
[2026-07-12 10:03:27] [INFO] 程序收到关闭信号，开始安全退出流程
[2026-07-12 10:03:27] [SENSOR] RS485采集线程已停止
[2026-07-12 10:03:28] [CAM] 摄像头捕获器已释放
[2026-07-12 10:03:28] [INFO] 摄像头采集线程正常退出
[2026-07-12 10:03:28] [INFO] 程序正常退出
[2026-07-12 10:03:28] [CAM] 摄像头设备断开...........................................
[2026-07-12 10:03:28] [INFO] 程序结束，退出码:0
[2026-07-12 10:03:30] [INFO] ========== 幼儿园AI安全卫士程序启动 ==========
[2026-07-12 10:03:30] [INFO] 主程序窗口初始化完成
[2026-07-12 10:03:30] [SENSOR] RS485传感器采集线程已启动，串口：/dev/ttyUSB0
[2026-07-12 10:03:30] [INFO] AI环境模拟线程启动
[2026-07-12 10:03:30] [INFO] 摄像头采集线程启动
[2026-07-12 10:03:31] [CAM] 摄像头已连接 分辨率1280*720 真实帧率30.0
[2026-07-12 10:03:31] [CAM] 摄像头设备状态变为正常
[2026-07-12 10:03:32] [ERROR] 网络检测异常: 'KindergartenGuardMain' object has no attribute 'boot_offline_spoke'
[2026-07-12 10:03:34] [ERROR] 网络检测异常: 'KindergartenGuardMain' object has no attribute 'boot_offline_spoke'
[2026-07-12 10:03:37] [ERROR] 网络检测异常: 'KindergartenGuardMain' object has no attribute 'boot_offline_spoke'
[2026-07-12 10:03:39] [ERROR] 网络检测异常: 'KindergartenGuardMain' object has no attribute 'boot_offline_spoke'
[2026-07-12 10:03:41] [ERROR] 网络检测异常: 'KindergartenGuardMain' object has no attribute 'boot_offline_spoke'
[2026-07-12 10:03:43] [ERROR] 网络检测异常: 'KindergartenGuardMain' object has no attribute 'boot_offline_spoke'
[2026-07-12 10:03:45] [ERROR] 网络检测异常: 'KindergartenGuardMain' object has no attribute 'boot_offline_spoke'
[2026-07-12 10:03:47] [ERROR] 网络检测异常: 'KindergartenGuardMain' object has no attribute 'boot_offline_spoke'
[2026-07-12 10:03:49] [NET] 网络已恢复连通
[2026-07-12 10:03:59] [INFO] 程序收到关闭信号，开始安全退出流程
[2026-07-12 10:04:00] [SENSOR] RS485采集线程已停止
[2026-07-12 10:04:00] [CAM] 摄像头捕获器已释放
[2026-07-12 10:04:00] [INFO] 摄像头采集线程正常退出
[2026-07-12 10:04:00] [INFO] 程序正常退出
[2026-07-12 10:04:00] [CAM] 摄像头设备断开...........................................
[2026-07-12 10:04:00] [INFO] 程序结束，退出码:0
[2026-07-12 10:05:53] [INFO] ========== 幼儿园AI安全卫士程序启动 ==========
[2026-07-12 10:05:53] [INFO] 主程序窗口初始化完成
[2026-07-12 10:05:53] [SENSOR] RS485传感器采集线程已启动，串口：/dev/ttyUSB0
[2026-07-12 10:05:54] [INFO] AI环境模拟线程启动
[2026-07-12 10:05:54] [INFO] 摄像头采集线程启动
[2026-07-12 10:05:54] [CAM] 摄像头已连接 分辨率1280*720 真实帧率30.0
[2026-07-12 10:05:54] [CAM] 摄像头设备状态变为正常
[2026-07-12 10:05:56] [NET] 网络已恢复连通
[2026-07-12 10:06:01] [ERROR] 网络断开，无法访问外网
[2026-07-12 10:06:03] [NET] 开机检测无网络，语音提醒
[2026-07-12 10:06:10] [NET] 网络已恢复连通
[2026-07-12 10:06:15] [ERROR] 网络断开，无法访问外网
[2026-07-12 10:06:17] [NET] 开机检测无网络，语音提醒
[2026-07-12 10:06:19] [INFO] 程序收到关闭信号，开始安全退出流程
[2026-07-12 10:06:19] [SENSOR] RS485采集线程已停止
[2026-07-12 10:06:19] [CAM] 摄像头捕获器已释放
[2026-07-12 10:06:19] [INFO] 摄像头采集线程正常退出
[2026-07-12 10:06:19] [INFO] 程序正常退出
[2026-07-12 10:06:19] [CAM] 摄像头设备断开...........................................
[2026-07-12 10:06:19] [INFO] 程序结束，退出码:0
[2026-07-12 10:06:22] [INFO] ========== 幼儿园AI安全卫士程序启动 ==========
[2026-07-12 10:06:22] [INFO] 主程序窗口初始化完成
[2026-07-12 10:06:22] [SENSOR] RS485传感器采集线程已启动，串口：/dev/ttyUSB0
[2026-07-12 10:06:22] [INFO] AI环境模拟线程启动
[2026-07-12 10:06:22] [INFO] 摄像头采集线程启动
[2026-07-12 10:06:22] [CAM] 摄像头已连接 分辨率1280*720 真实帧率30.0
[2026-07-12 10:06:22] [CAM] 摄像头设备状态变为正常
[2026-07-12 10:06:24] [ERROR] 网络检测异常: 'KindergartenGuardMain' object has no attribute 'boot_offline_spoke'
[2026-07-12 10:07:00] [INFO] ========== 幼儿园AI安全卫士程序启动 ==========
[2026-07-12 10:07:01] [INFO] 主程序窗口初始化完成
[2026-07-12 10:07:01] [SENSOR] RS485传感器采集线程已启动，串口：/dev/ttyUSB0
[2026-07-12 10:07:01] [INFO] AI环境模拟线程启动
[2026-07-12 10:07:01] [INFO] 摄像头采集线程启动
[2026-07-12 10:07:01] [CAM] 摄像头已连接 分辨率1280*720 真实帧率30.0
[2026-07-12 10:07:01] [CAM] 摄像头设备状态变为正常
[2026-07-12 10:07:03] [NET] 开机检测无网络，语音提醒
[2026-07-12 10:07:13] [NET] 网络已恢复连通
[2026-07-12 10:07:28] [ERROR] 网络断开，无法访问外网
[2026-07-12 10:07:30] [NET] 开机检测无网络，语音提醒
[2026-07-12 10:07:37] [NET] 网络已恢复连通
[2026-07-12 10:08:28] [INFO] 程序收到关闭信号，开始安全退出流程
[2026-07-12 10:08:29] [SENSOR] RS485采集线程已停止
[2026-07-12 10:08:29] [CAM] 摄像头捕获器已释放
[2026-07-12 10:08:29] [INFO] 摄像头采集线程正常退出
[2026-07-12 10:08:29] [INFO] 程序正常退出
[2026-07-12 10:08:29] [CAM] 摄像头设备断开...........................................
[2026-07-12 10:08:29] [INFO] 程序结束，退出码:0
[2026-07-12 10:09:04] [INFO] ========== 幼儿园AI安全卫士程序启动 ==========
[2026-07-12 10:09:04] [INFO] 主程序窗口初始化完成
[2026-07-12 10:09:04] [SENSOR] RS485传感器采集线程已启动，串口：/dev/ttyUSB0
[2026-07-12 10:09:04] [INFO] AI环境模拟线程启动
[2026-07-12 10:09:04] [INFO] 摄像头采集线程启动
[2026-07-12 10:09:04] [CAM] 摄像头已连接 分辨率1280*720 真实帧率30.0
[2026-07-12 10:09:04] [CAM] 摄像头设备状态变为正常
[2026-07-12 10:09:06] [NET] 网络已恢复连通
[2026-07-12 10:09:15] [ERROR] 网络断开，无法访问外网
[2026-07-12 10:09:17] [NET] 开机检测无网络，语音提醒
[2026-07-12 10:09:22] [NET] 网络已恢复连通
[2026-07-12 10:09:27] [ERROR] 网络断开，无法访问外网
[2026-07-12 10:09:29] [NET] 开机检测无网络，语音提醒
[2026-07-12 10:09:29] [INFO] 程序收到关闭信号，开始安全退出流程
[2026-07-12 10:09:29] [SENSOR] RS485采集线程已停止
[2026-07-12 10:09:29] [CAM] 摄像头捕获器已释放
[2026-07-12 10:09:29] [INFO] 摄像头采集线程正常退出
[2026-07-12 10:09:29] [INFO] 程序正常退出
[2026-07-12 10:09:29] [CAM] 摄像头设备断开...........................................
[2026-07-12 10:09:29] [INFO] 程序结束，退出码:0
[2026-07-12 10:09:32] [INFO] ========== 幼儿园AI安全卫士程序启动 ==========
[2026-07-12 10:09:32] [INFO] 主程序窗口初始化完成
[2026-07-12 10:09:32] [SENSOR] RS485传感器采集线程已启动，串口：/dev/ttyUSB0
[2026-07-12 10:09:32] [INFO] AI环境模拟线程启动
[2026-07-12 10:09:32] [INFO] 摄像头采集线程启动
[2026-07-12 10:09:32] [CAM] 摄像头已连接 分辨率1280*720 真实帧率30.0
[2026-07-12 10:09:32] [CAM] 摄像头设备状态变为正常
[2026-07-12 10:09:34] [NET] 开机检测无网络，语音提醒
[2026-07-12 10:09:40] [NET] 网络已恢复连通
[2026-07-12 10:09:46] [ERROR] 摄像头读取帧失败，断开重连
[2026-07-12 10:09:46] [CAM] 摄像头设备断开...........................................
[2026-07-12 10:09:46] [CAM] 摄像头捕获器已释放
[2026-07-12 10:09:46] [CAM] 摄像头未检测到，等待重连...
[2026-07-12 10:09:49] [CAM] 摄像头捕获器已释放
[2026-07-12 10:09:49] [CAM] 摄像头未检测到，等待重连...
[2026-07-12 10:09:49] [CAM] 摄像头捕获器已释放
[2026-07-12 10:09:49] [CAM] 摄像头未检测到，等待重连...
[2026-07-12 10:09:50] [CAM] 摄像头捕获器已释放
[2026-07-12 10:09:50] [CAM] 摄像头未检测到，等待重连...
[2026-07-12 10:09:50] [CAM] 摄像头捕获器已释放
[2026-07-12 10:09:50] [CAM] 摄像头未检测到，等待重连...
[2026-07-12 10:09:51] [CAM] 摄像头捕获器已释放
[2026-07-12 10:09:51] [CAM] 摄像头未检测到，等待重连...
[2026-07-12 10:09:51] [CAM] 摄像头捕获器已释放
[2026-07-12 10:09:51] [CAM] 摄像头未检测到，等待重连...
[2026-07-12 10:09:52] [CAM] 摄像头捕获器已释放
[2026-07-12 10:09:52] [CAM] 摄像头未检测到，等待重连...
[2026-07-12 10:09:52] [INFO] 程序收到关闭信号，开始安全退出流程
[2026-07-12 10:09:52] [CAM] 摄像头捕获器已释放
[2026-07-12 10:09:52] [CAM] 摄像头未检测到，等待重连...
[2026-07-12 10:09:52] [SENSOR] RS485采集线程已停止
[2026-07-12 10:09:53] [CAM] 摄像头捕获器已释放
[2026-07-12 10:09:53] [INFO] 摄像头采集线程正常退出
[2026-07-12 10:09:53] [INFO] 程序正常退出
[2026-07-12 10:09:53] [INFO] 程序结束，退出码:0
[2026-07-12 10:21:22] [INFO] ========== 幼儿园AI安全卫士程序启动 ==========
[2026-07-12 10:21:23] [INFO] 主程序窗口初始化完成
[2026-07-12 10:21:23] [SENSOR] RS485传感器采集线程已启动，串口：/dev/ttyUSB0
[2026-07-12 10:21:23] [INFO] AI环境模拟线程启动
[2026-07-12 10:21:23] [INFO] 摄像头采集线程启动
[2026-07-12 10:21:23] [CAM] 摄像头未检测到，等待重连...
[2026-07-12 10:21:25] [NET] 网络已恢复连通
[2026-07-12 10:21:25] [CAM] 摄像头捕获器已释放
[2026-07-12 10:21:25] [CAM] 摄像头未检测到，等待重连...
[2026-07-12 10:21:26] [CAM] 摄像头捕获器已释放
[2026-07-12 10:21:26] [CAM] 摄像头未检测到，等待重连...
[2026-07-12 10:21:26] [CAM] 摄像头捕获器已释放
[2026-07-12 10:21:26] [CAM] 摄像头未检测到，等待重连...
[2026-07-12 10:21:27] [CAM] 摄像头捕获器已释放
[2026-07-12 10:21:27] [CAM] 摄像头未检测到，等待重连...
[2026-07-12 10:21:27] [CAM] 摄像头捕获器已释放
[2026-07-12 10:21:27] [CAM] 摄像头未检测到，等待重连...
[2026-07-12 10:21:28] [CAM] 摄像头捕获器已释放
[2026-07-12 10:21:28] [CAM] 摄像头未检测到，等待重连...
[2026-07-12 10:21:28] [INFO] 程序收到关闭信号，开始安全退出流程
[2026-07-12 10:21:28] [CAM] 摄像头捕获器已释放
[2026-07-12 10:21:28] [CAM] 摄像头未检测到，等待重连...
[2026-07-12 10:21:29] [SENSOR] RS485采集线程已停止
[2026-07-12 10:21:29] [CAM] 摄像头捕获器已释放
[2026-07-12 10:21:29] [INFO] 摄像头采集线程正常退出
[2026-07-12 10:21:29] [INFO] 程序正常退出
[2026-07-12 10:21:29] [INFO] 程序结束，退出码:0
[2026-07-12 10:21:51] [INFO] ========== 幼儿园AI安全卫士程序启动 ==========
[2026-07-12 10:21:51] [INFO] 主程序窗口初始化完成
[2026-07-12 10:21:51] [SENSOR] RS485传感器采集线程已启动，串口：/dev/ttyUSB0
[2026-07-12 10:21:51] [INFO] AI环境模拟线程启动
[2026-07-12 10:21:51] [INFO] 摄像头采集线程启动
[2026-07-12 10:21:51] [CAM] 摄像头未检测到，等待重连...
[2026-07-12 10:21:54] [NET] 网络已恢复连通
[2026-07-12 10:21:54] [MIC] 开机未检测到USB麦克风
[2026-07-12 10:21:54] [CAM] 摄像头捕获器已释放
[2026-07-12 10:21:54] [CAM] 摄像头未检测到，等待重连...
[2026-07-12 10:21:54] [CAM] 摄像头捕获器已释放
[2026-07-12 10:21:54] [CAM] 摄像头未检测到，等待重连...
[2026-07-12 10:21:55] [CAM] 摄像头捕获器已释放
[2026-07-12 10:21:55] [CAM] 摄像头未检测到，等待重连...
[2026-07-12 10:21:55] [CAM] 摄像头捕获器已释放
[2026-07-12 10:21:55] [CAM] 摄像头未检测到，等待重连...
[2026-07-12 10:21:56] [CAM] 摄像头捕获器已释放
[2026-07-12 10:21:56] [CAM] 摄像头未检测到，等待重连...
[2026-07-12 10:21:56] [CAM] 摄像头捕获器已释放
[2026-07-12 10:21:56] [CAM] 摄像头未检测到，等待重连...
[2026-07-12 10:21:57] [CAM] 摄像头捕获器已释放
[2026-07-12 10:21:57] [CAM] 摄像头未检测到，等待重连...
[2026-07-12 10:21:57] [CAM] 摄像头捕获器已释放
[2026-07-12 10:21:57] [CAM] 摄像头未检测到，等待重连...
[2026-07-12 10:21:58] [CAM] 摄像头捕获器已释放
[2026-07-12 10:21:58] [CAM] 摄像头未检测到，等待重连...
[2026-07-12 10:21:58] [CAM] 摄像头捕获器已释放
[2026-07-12 10:21:58] [CAM] 摄像头未检测到，等待重连...
[2026-07-12 10:21:59] [CAM] 摄像头捕获器已释放
[2026-07-12 10:21:59] [CAM] 摄像头未检测到，等待重连...
[2026-07-12 10:21:59] [CAM] 摄像头捕获器已释放
[2026-07-12 10:21:59] [CAM] 摄像头未检测到，等待重连...
[2026-07-12 10:22:00] [CAM] 摄像头捕获器已释放
[2026-07-12 10:22:00] [CAM] 摄像头未检测到，等待重连...
[2026-07-12 10:22:00] [CAM] 摄像头捕获器已释放
[2026-07-12 10:22:00] [CAM] 摄像头未检测到，等待重连...
[2026-07-12 10:22:01] [CAM] 摄像头捕获器已释放
[2026-07-12 10:22:01] [CAM] 摄像头未检测到，等待重连...
[2026-07-12 10:22:01] [CAM] 摄像头捕获器已释放
[2026-07-12 10:22:01] [CAM] 摄像头未检测到，等待重连...
[2026-07-12 10:22:02] [INFO] 程序收到关闭信号，开始安全退出流程
[2026-07-12 10:22:02] [CAM] 摄像头捕获器已释放
[2026-07-12 10:22:02] [CAM] 摄像头未检测到，等待重连...
[2026-07-12 10:22:02] [SENSOR] RS485采集线程已停止
[2026-07-12 10:22:02] [CAM] 摄像头捕获器已释放
[2026-07-12 10:22:02] [INFO] 摄像头采集线程正常退出
[2026-07-12 10:22:02] [INFO] 程序正常退出
[2026-07-12 10:22:03] [INFO] 程序结束，退出码:0
[2026-07-12 10:22:41] [INFO] ========== 幼儿园AI安全卫士程序启动 ==========
[2026-07-12 10:22:41] [INFO] 主程序窗口初始化完成
[2026-07-12 10:22:41] [SENSOR] RS485传感器采集线程已启动，串口：/dev/ttyUSB0
[2026-07-12 10:22:41] [INFO] AI环境模拟线程启动
[2026-07-12 10:22:41] [INFO] 摄像头采集线程启动
[2026-07-12 10:22:41] [CAM] 摄像头未检测到，等待重连...
[2026-07-12 10:22:43] [NET] 网络已恢复连通
[2026-07-12 10:22:43] [MIC] 开机未检测到USB麦克风
[2026-07-12 10:22:44] [CAM] 摄像头捕获器已释放
[2026-07-12 10:22:44] [CAM] 摄像头未检测到，等待重连...
[2026-07-12 10:22:44] [CAM] 摄像头捕获器已释放
[2026-07-12 10:22:44] [CAM] 摄像头未检测到，等待重连...
[2026-07-12 10:22:45] [CAM] 摄像头捕获器已释放
[2026-07-12 10:22:45] [CAM] 摄像头未检测到，等待重连...
[2026-07-12 10:22:45] [CAM] 摄像头捕获器已释放
[2026-07-12 10:22:45] [CAM] 摄像头未检测到，等待重连...
[2026-07-12 10:22:46] [CAM] 摄像头捕获器已释放
[2026-07-12 10:22:46] [CAM] 摄像头未检测到，等待重连...
[2026-07-12 10:22:46] [CAM] 摄像头捕获器已释放
[2026-07-12 10:22:46] [CAM] 摄像头未检测到，等待重连...
[2026-07-12 10:22:47] [CAM] 摄像头捕获器已释放
[2026-07-12 10:22:47] [CAM] 摄像头未检测到，等待重连...
[2026-07-12 10:22:47] [CAM] 摄像头捕获器已释放
[2026-07-12 10:22:47] [CAM] 摄像头未检测到，等待重连...
[2026-07-12 10:22:48] [CAM] 摄像头捕获器已释放
[2026-07-12 10:22:48] [CAM] 摄像头未检测到，等待重连...
[2026-07-12 10:22:48] [CAM] 摄像头捕获器已释放
[2026-07-12 10:22:48] [CAM] 摄像头未检测到，等待重连...
[2026-07-12 10:22:49] [CAM] 摄像头捕获器已释放
[2026-07-12 10:22:49] [CAM] 摄像头未检测到，等待重连...
[2026-07-12 10:22:49] [CAM] 摄像头捕获器已释放
[2026-07-12 10:22:49] [CAM] 摄像头未检测到，等待重连...
[2026-07-12 10:22:50] [CAM] 摄像头捕获器已释放
[2026-07-12 10:22:50] [CAM] 摄像头未检测到，等待重连...
[2026-07-12 10:22:50] [CAM] 摄像头捕获器已释放
[2026-07-12 10:22:50] [CAM] 摄像头未检测到，等待重连...
[2026-07-12 10:22:51] [CAM] 摄像头捕获器已释放
[2026-07-12 10:22:51] [CAM] 摄像头未检测到，等待重连...
[2026-07-12 10:22:51] [CAM] 摄像头捕获器已释放
[2026-07-12 10:22:51] [CAM] 摄像头未检测到，等待重连...
[2026-07-12 10:22:52] [CAM] 摄像头捕获器已释放
[2026-07-12 10:22:52] [CAM] 摄像头未检测到，等待重连...
[2026-07-12 10:22:52] [CAM] 摄像头捕获器已释放
[2026-07-12 10:22:52] [CAM] 摄像头未检测到，等待重连...
[2026-07-12 10:22:53] [CAM] 摄像头捕获器已释放
[2026-07-12 10:22:53] [CAM] 摄像头未检测到，等待重连...
[2026-07-12 10:22:53] [CAM] 摄像头捕获器已释放
[2026-07-12 10:22:53] [CAM] 摄像头未检测到，等待重连...
[2026-07-12 10:22:54] [CAM] 摄像头捕获器已释放
[2026-07-12 10:22:54] [CAM] 摄像头未检测到，等待重连...
[2026-07-12 10:22:54] [CAM] 摄像头捕获器已释放
[2026-07-12 10:22:54] [CAM] 摄像头未检测到，等待重连...
[2026-07-12 10:22:55] [CAM] 摄像头捕获器已释放
[2026-07-12 10:22:55] [CAM] 摄像头未检测到，等待重连...
[2026-07-12 10:22:55] [CAM] 摄像头捕获器已释放
[2026-07-12 10:22:55] [CAM] 摄像头未检测到，等待重连...
[2026-07-12 10:22:56] [CAM] 摄像头捕获器已释放
[2026-07-12 10:22:56] [CAM] 摄像头未检测到，等待重连...
[2026-07-12 10:22:56] [CAM] 摄像头捕获器已释放
[2026-07-12 10:22:56] [CAM] 摄像头未检测到，等待重连...
[2026-07-12 10:22:57] [CAM] 摄像头捕获器已释放
[2026-07-12 10:22:57] [CAM] 摄像头未检测到，等待重连...
[2026-07-12 10:22:57] [CAM] 摄像头捕获器已释放
[2026-07-12 10:22:57] [CAM] 摄像头未检测到，等待重连...
[2026-07-12 10:22:58] [CAM] 摄像头捕获器已释放
[2026-07-12 10:22:58] [CAM] 摄像头未检测到，等待重连...
[2026-07-12 10:22:58] [CAM] 摄像头捕获器已释放
[2026-07-12 10:22:58] [CAM] 摄像头未检测到，等待重连...
[2026-07-12 10:22:59] [CAM] 摄像头捕获器已释放
[2026-07-12 10:22:59] [CAM] 摄像头未检测到，等待重连...
[2026-07-12 10:22:59] [CAM] 摄像头捕获器已释放
[2026-07-12 10:22:59] [CAM] 摄像头未检测到，等待重连...
[2026-07-12 10:23:00] [CAM] 摄像头捕获器已释放
[2026-07-12 10:23:00] [CAM] 摄像头未检测到，等待重连...
[2026-07-12 10:23:00] [CAM] 摄像头捕获器已释放
[2026-07-12 10:23:00] [CAM] 摄像头未检测到，等待重连...
[2026-07-12 10:23:01] [CAM] 摄像头捕获器已释放
[2026-07-12 10:23:01] [CAM] 摄像头未检测到，等待重连...
[2026-07-12 10:23:01] [CAM] 摄像头捕获器已释放
[2026-07-12 10:23:01] [CAM] 摄像头未检测到，等待重连...
[2026-07-12 10:23:02] [CAM] 摄像头捕获器已释放
[2026-07-12 10:23:02] [CAM] 摄像头未检测到，等待重连...
[2026-07-12 10:23:02] [CAM] 摄像头捕获器已释放
[2026-07-12 10:23:02] [CAM] 摄像头未检测到，等待重连...
[2026-07-12 10:23:03] [CAM] 摄像头捕获器已释放
[2026-07-12 10:23:03] [CAM] 摄像头未检测到，等待重连...
[2026-07-12 10:23:03] [CAM] 摄像头捕获器已释放
[2026-07-12 10:23:03] [CAM] 摄像头未检测到，等待重连...
[2026-07-12 10:23:04] [CAM] 摄像头捕获器已释放
[2026-07-12 10:23:04] [CAM] 摄像头未检测到，等待重连...
[2026-07-12 10:23:04] [CAM] 摄像头捕获器已释放
[2026-07-12 10:23:04] [CAM] 摄像头未检测到，等待重连...
[2026-07-12 10:23:05] [CAM] 摄像头捕获器已释放
[2026-07-12 10:23:05] [CAM] 摄像头未检测到，等待重连...
[2026-07-12 10:23:05] [CAM] 摄像头捕获器已释放
[2026-07-12 10:23:05] [CAM] 摄像头未检测到，等待重连...
[2026-07-12 10:23:06] [CAM] 摄像头捕获器已释放
[2026-07-12 10:23:06] [CAM] 摄像头未检测到，等待重连...
[2026-07-12 10:23:06] [CAM] 摄像头捕获器已释放
[2026-07-12 10:23:06] [CAM] 摄像头未检测到，等待重连...
[2026-07-12 10:23:07] [CAM] 摄像头捕获器已释放
[2026-07-12 10:23:07] [CAM] 摄像头未检测到，等待重连...
[2026-07-12 10:23:07] [MIC] 检测到USB麦克风设备
[2026-07-12 10:23:07] [CAM] 摄像头捕获器已释放
[2026-07-12 10:23:07] [CAM] 摄像头未检测到，等待重连...
[2026-07-12 10:23:08] [CAM] 摄像头捕获器已释放
[2026-07-12 10:23:08] [CAM] 摄像头未检测到，等待重连...
[2026-07-12 10:23:08] [CAM] 摄像头捕获器已释放
[2026-07-12 10:23:08] [CAM] 摄像头未检测到，等待重连...
[2026-07-12 10:23:09] [CAM] 摄像头捕获器已释放
[2026-07-12 10:23:09] [CAM] 摄像头未检测到，等待重连...
[2026-07-12 10:23:09] [CAM] 摄像头捕获器已释放
[2026-07-12 10:23:09] [CAM] 摄像头未检测到，等待重连...
[2026-07-12 10:23:10] [CAM] 摄像头捕获器已释放
[2026-07-12 10:23:10] [CAM] 摄像头未检测到，等待重连...
[2026-07-12 10:23:10] [CAM] 摄像头捕获器已释放
[2026-07-12 10:23:10] [CAM] 摄像头未检测到，等待重连...
[2026-07-12 10:23:11] [CAM] 摄像头捕获器已释放
[2026-07-12 10:23:11] [CAM] 摄像头未检测到，等待重连...
[2026-07-12 10:23:11] [CAM] 摄像头捕获器已释放
[2026-07-12 10:23:11] [CAM] 摄像头未检测到，等待重连...
[2026-07-12 10:23:12] [CAM] 摄像头捕获器已释放
[2026-07-12 10:23:12] [CAM] 摄像头未检测到，等待重连...
[2026-07-12 10:23:12] [CAM] 摄像头捕获器已释放
[2026-07-12 10:23:12] [CAM] 摄像头未检测到，等待重连...
[2026-07-12 10:23:13] [CAM] 摄像头捕获器已释放
[2026-07-12 10:23:13] [CAM] 摄像头未检测到，等待重连...
[2026-07-12 10:23:13] [CAM] 摄像头捕获器已释放
[2026-07-12 10:23:13] [CAM] 摄像头未检测到，等待重连...
[2026-07-12 10:23:14] [CAM] 摄像头捕获器已释放
[2026-07-12 10:23:14] [CAM] 摄像头未检测到，等待重连...
[2026-07-12 10:23:14] [CAM] 摄像头捕获器已释放
[2026-07-12 10:23:14] [CAM] 摄像头未检测到，等待重连...
[2026-07-12 10:23:15] [CAM] 摄像头捕获器已释放
[2026-07-12 10:23:15] [CAM] 摄像头未检测到，等待重连...
[2026-07-12 10:23:15] [CAM] 摄像头捕获器已释放
[2026-07-12 10:23:15] [CAM] 摄像头未检测到，等待重连...
[2026-07-12 10:23:16] [CAM] 摄像头捕获器已释放
[2026-07-12 10:23:16] [CAM] 摄像头未检测到，等待重连...
[2026-07-12 10:23:16] [CAM] 摄像头捕获器已释放
[2026-07-12 10:23:16] [CAM] 摄像头未检测到，等待重连...
[2026-07-12 10:23:17] [CAM] 摄像头捕获器已释放
[2026-07-12 10:23:17] [CAM] 摄像头未检测到，等待重连...
[2026-07-12 10:23:17] [MIC] 未检测到USB麦克风
[2026-07-12 10:23:17] [CAM] 摄像头捕获器已释放
[2026-07-12 10:23:17] [CAM] 摄像头未检测到，等待重连...
[2026-07-12 10:23:18] [CAM] 摄像头捕获器已释放
[2026-07-12 10:23:18] [CAM] 摄像头未检测到，等待重连...
[2026-07-12 10:23:18] [CAM] 摄像头捕获器已释放
[2026-07-12 10:23:18] [CAM] 摄像头未检测到，等待重连...
[2026-07-12 10:23:19] [CAM] 摄像头捕获器已释放
[2026-07-12 10:23:19] [CAM] 摄像头未检测到，等待重连...
[2026-07-12 10:23:19] [MIC] 开机未检测到USB麦克风
[2026-07-12 10:23:19] [CAM] 摄像头捕获器已释放
[2026-07-12 10:23:19] [CAM] 摄像头未检测到，等待重连...
[2026-07-12 10:23:20] [CAM] 摄像头捕获器已释放
[2026-07-12 10:23:20] [CAM] 摄像头未检测到，等待重连...
[2026-07-12 10:23:20] [CAM] 摄像头捕获器已释放
[2026-07-12 10:23:20] [CAM] 摄像头未检测到，等待重连...
[2026-07-12 10:23:21] [CAM] 摄像头捕获器已释放
[2026-07-12 10:23:21] [CAM] 摄像头未检测到，等待重连...
[2026-07-12 10:23:21] [CAM] 摄像头捕获器已释放
[2026-07-12 10:23:21] [CAM] 摄像头未检测到，等待重连...
[2026-07-12 10:23:22] [CAM] 摄像头捕获器已释放
[2026-07-12 10:23:22] [CAM] 摄像头未检测到，等待重连...
[2026-07-12 10:23:22] [CAM] 摄像头捕获器已释放
[2026-07-12 10:23:22] [CAM] 摄像头未检测到，等待重连...
[2026-07-12 10:23:23] [CAM] 摄像头捕获器已释放
[2026-07-12 10:23:23] [CAM] 摄像头未检测到，等待重连...
[2026-07-12 10:23:23] [MIC] 检测到USB麦克风设备
[2026-07-12 10:23:23] [CAM] 摄像头捕获器已释放
[2026-07-12 10:23:23] [CAM] 摄像头未检测到，等待重连...
[2026-07-12 10:23:24] [CAM] 摄像头捕获器已释放
[2026-07-12 10:23:24] [CAM] 摄像头未检测到，等待重连...
[2026-07-12 10:23:24] [CAM] 摄像头捕获器已释放
[2026-07-12 10:23:24] [CAM] 摄像头未检测到，等待重连...
[2026-07-12 10:23:25] [CAM] 摄像头捕获器已释放
[2026-07-12 10:23:25] [CAM] 摄像头未检测到，等待重连...
[2026-07-12 10:23:25] [CAM] 摄像头捕获器已释放
[2026-07-12 10:23:25] [CAM] 摄像头未检测到，等待重连...
[2026-07-12 10:23:26] [CAM] 摄像头捕获器已释放
[2026-07-12 10:23:26] [CAM] 摄像头未检测到，等待重连...
[2026-07-12 10:23:26] [CAM] 摄像头捕获器已释放
[2026-07-12 10:23:26] [CAM] 摄像头未检测到，等待重连...
[2026-07-12 10:23:27] [CAM] 摄像头捕获器已释放
[2026-07-12 10:23:27] [CAM] 摄像头未检测到，等待重连...
[2026-07-12 10:23:27] [CAM] 摄像头捕获器已释放
[2026-07-12 10:23:27] [CAM] 摄像头未检测到，等待重连...
[2026-07-12 10:23:28] [CAM] 摄像头捕获器已释放
[2026-07-12 10:23:28] [CAM] 摄像头未检测到，等待重连...
[2026-07-12 10:23:28] [CAM] 摄像头捕获器已释放
[2026-07-12 10:23:28] [CAM] 摄像头未检测到，等待重连...
[2026-07-12 10:23:29] [CAM] 摄像头捕获器已释放
[2026-07-12 10:23:29] [CAM] 摄像头未检测到，等待重连...
[2026-07-12 10:23:29] [INFO] 程序收到关闭信号，开始安全退出流程
[2026-07-12 10:23:29] [CAM] 摄像头捕获器已释放
[2026-07-12 10:23:29] [CAM] 摄像头未检测到，等待重连...
[2026-07-12 10:23:29] [SENSOR] RS485采集线程已停止
[2026-07-12 10:23:30] [CAM] 摄像头捕获器已释放
[2026-07-12 10:23:30] [INFO] 摄像头采集线程正常退出
[2026-07-12 10:23:30] [INFO] 程序正常退出
[2026-07-12 10:23:30] [INFO] 程序结束，退出码:0
[2026-07-12 10:23:32] [INFO] ========== 幼儿园AI安全卫士程序启动 ==========
[2026-07-12 10:23:33] [INFO] 主程序窗口初始化完成
[2026-07-12 10:23:33] [SENSOR] RS485传感器采集线程已启动，串口：/dev/ttyUSB0
[2026-07-12 10:23:33] [INFO] AI环境模拟线程启动
[2026-07-12 10:23:33] [INFO] 摄像头采集线程启动
[2026-07-12 10:23:33] [CAM] 摄像头未检测到，等待重连...
[2026-07-12 10:23:35] [NET] 网络已恢复连通
[2026-07-12 10:23:35] [MIC] 检测到USB麦克风设备
[2026-07-12 10:23:35] [CAM] 摄像头捕获器已释放
[2026-07-12 10:23:35] [CAM] 摄像头未检测到，等待重连...
[2026-07-12 10:23:36] [CAM] 摄像头捕获器已释放
[2026-07-12 10:23:36] [CAM] 摄像头未检测到，等待重连...
[2026-07-12 10:23:36] [CAM] 摄像头捕获器已释放
[2026-07-12 10:23:36] [CAM] 摄像头未检测到，等待重连...
[2026-07-12 10:23:37] [CAM] 摄像头捕获器已释放
[2026-07-12 10:23:37] [CAM] 摄像头未检测到，等待重连...
[2026-07-12 10:23:37] [CAM] 摄像头捕获器已释放
[2026-07-12 10:23:37] [CAM] 摄像头未检测到，等待重连...
[2026-07-12 10:23:38] [CAM] 摄像头捕获器已释放
[2026-07-12 10:23:38] [CAM] 摄像头未检测到，等待重连...
[2026-07-12 10:23:38] [CAM] 摄像头捕获器已释放
[2026-07-12 10:23:38] [CAM] 摄像头未检测到，等待重连...
[2026-07-12 10:23:39] [CAM] 摄像头捕获器已释放
[2026-07-12 10:23:39] [CAM] 摄像头未检测到，等待重连...
[2026-07-12 10:23:39] [CAM] 摄像头捕获器已释放
[2026-07-12 10:23:39] [CAM] 摄像头未检测到，等待重连...
[2026-07-12 10:23:40] [CAM] 摄像头捕获器已释放
[2026-07-12 10:23:40] [CAM] 摄像头未检测到，等待重连...
[2026-07-12 10:23:40] [CAM] 摄像头捕获器已释放
[2026-07-12 10:23:40] [CAM] 摄像头未检测到，等待重连...
[2026-07-12 10:23:41] [MIC] 未检测到USB麦克风
[2026-07-12 10:23:41] [CAM] 摄像头捕获器已释放
[2026-07-12 10:23:41] [CAM] 摄像头未检测到，等待重连...
[2026-07-12 10:23:41] [CAM] 摄像头捕获器已释放
[2026-07-12 10:23:41] [CAM] 摄像头未检测到，等待重连...
[2026-07-12 10:23:42] [CAM] 摄像头捕获器已释放
[2026-07-12 10:23:42] [CAM] 摄像头未检测到，等待重连...
[2026-07-12 10:23:42] [CAM] 摄像头捕获器已释放
[2026-07-12 10:23:42] [CAM] 摄像头未检测到，等待重连...
[2026-07-12 10:23:43] [MIC] 开机未检测到USB麦克风
[2026-07-12 10:23:43] [CAM] 摄像头捕获器已释放
[2026-07-12 10:23:43] [CAM] 摄像头未检测到，等待重连...
[2026-07-12 10:23:43] [CAM] 摄像头捕获器已释放
[2026-07-12 10:23:43] [CAM] 摄像头未检测到，等待重连...
[2026-07-12 10:23:44] [CAM] 摄像头捕获器已释放
[2026-07-12 10:23:44] [CAM] 摄像头未检测到，等待重连...
[2026-07-12 10:23:44] [CAM] 摄像头捕获器已释放
[2026-07-12 10:23:44] [CAM] 摄像头未检测到，等待重连...
[2026-07-12 10:23:45] [CAM] 摄像头捕获器已释放
[2026-07-12 10:23:45] [CAM] 摄像头未检测到，等待重连...
[2026-07-12 10:23:45] [CAM] 摄像头捕获器已释放
[2026-07-12 10:23:45] [CAM] 摄像头未检测到，等待重连...
[2026-07-12 10:23:46] [CAM] 摄像头捕获器已释放
[2026-07-12 10:23:46] [CAM] 摄像头未检测到，等待重连...
[2026-07-12 10:23:46] [CAM] 摄像头捕获器已释放
[2026-07-12 10:23:46] [CAM] 摄像头未检测到，等待重连...
[2026-07-12 10:23:47] [MIC] 检测到USB麦克风设备
[2026-07-12 10:23:47] [CAM] 摄像头捕获器已释放
[2026-07-12 10:23:47] [CAM] 摄像头未检测到，等待重连...
[2026-07-12 10:23:47] [CAM] 摄像头捕获器已释放
[2026-07-12 10:23:47] [CAM] 摄像头未检测到，等待重连...
[2026-07-12 10:23:48] [CAM] 摄像头捕获器已释放
[2026-07-12 10:23:48] [CAM] 摄像头未检测到，等待重连...
[2026-07-12 10:23:48] [CAM] 摄像头捕获器已释放
[2026-07-12 10:23:48] [CAM] 摄像头未检测到，等待重连...
[2026-07-12 10:23:49] [CAM] 摄像头捕获器已释放
[2026-07-12 10:23:49] [CAM] 摄像头未检测到，等待重连...
[2026-07-12 10:23:49] [CAM] 摄像头捕获器已释放
[2026-07-12 10:23:49] [CAM] 摄像头未检测到，等待重连...
[2026-07-12 10:23:50] [CAM] 摄像头捕获器已释放
[2026-07-12 10:23:50] [CAM] 摄像头未检测到，等待重连...
[2026-07-12 10:23:50] [CAM] 摄像头捕获器已释放
[2026-07-12 10:23:50] [CAM] 摄像头未检测到，等待重连...
[2026-07-12 10:23:51] [CAM] 摄像头捕获器已释放
[2026-07-12 10:23:51] [CAM] 摄像头未检测到，等待重连...
[2026-07-12 10:23:51] [CAM] 摄像头捕获器已释放
[2026-07-12 10:23:51] [CAM] 摄像头未检测到，等待重连...
[2026-07-12 10:23:52] [CAM] 摄像头捕获器已释放
[2026-07-12 10:23:52] [CAM] 摄像头未检测到，等待重连...
[2026-07-12 10:23:52] [CAM] 摄像头捕获器已释放
[2026-07-12 10:23:52] [CAM] 摄像头未检测到，等待重连...
[2026-07-12 10:23:53] [CAM] 摄像头捕获器已释放
[2026-07-12 10:23:53] [CAM] 摄像头未检测到，等待重连...
[2026-07-12 10:23:53] [CAM] 摄像头捕获器已释放
[2026-07-12 10:23:53] [CAM] 摄像头未检测到，等待重连...
[2026-07-12 10:23:54] [CAM] 摄像头捕获器已释放
[2026-07-12 10:23:54] [CAM] 摄像头未检测到，等待重连...
[2026-07-12 10:23:54] [CAM] 摄像头捕获器已释放
[2026-07-12 10:23:54] [CAM] 摄像头未检测到，等待重连...
[2026-07-12 10:23:55] [CAM] 摄像头捕获器已释放
[2026-07-12 10:23:55] [CAM] 摄像头未检测到，等待重连...
[2026-07-12 10:23:55] [CAM] 摄像头捕获器已释放
[2026-07-12 10:23:55] [CAM] 摄像头未检测到，等待重连...
[2026-07-12 10:23:56] [CAM] 摄像头捕获器已释放
[2026-07-12 10:23:56] [CAM] 摄像头未检测到，等待重连...
[2026-07-12 10:23:56] [CAM] 摄像头捕获器已释放
[2026-07-12 10:23:56] [CAM] 摄像头未检测到，等待重连...
[2026-07-12 10:23:57] [CAM] 摄像头捕获器已释放
[2026-07-12 10:23:57] [CAM] 摄像头未检测到，等待重连...
[2026-07-12 10:23:57] [CAM] 摄像头捕获器已释放
[2026-07-12 10:23:57] [CAM] 摄像头未检测到，等待重连...
[2026-07-12 10:23:58] [CAM] 摄像头捕获器已释放
[2026-07-12 10:23:58] [CAM] 摄像头未检测到，等待重连...
[2026-07-12 10:23:58] [CAM] 摄像头捕获器已释放
[2026-07-12 10:23:58] [CAM] 摄像头未检测到，等待重连...
[2026-07-12 10:23:59] [CAM] 摄像头捕获器已释放
[2026-07-12 10:23:59] [CAM] 摄像头未检测到，等待重连...
[2026-07-12 10:23:59] [CAM] 摄像头捕获器已释放
[2026-07-12 10:23:59] [CAM] 摄像头未检测到，等待重连...
[2026-07-12 10:24:00] [CAM] 摄像头捕获器已释放
[2026-07-12 10:24:00] [CAM] 摄像头未检测到，等待重连...
[2026-07-12 10:24:00] [CAM] 摄像头捕获器已释放
[2026-07-12 10:24:00] [CAM] 摄像头未检测到，等待重连...
[2026-07-12 10:24:01] [CAM] 摄像头捕获器已释放
[2026-07-12 10:24:01] [CAM] 摄像头未检测到，等待重连...
[2026-07-12 10:24:01] [CAM] 摄像头捕获器已释放
[2026-07-12 10:24:01] [CAM] 摄像头未检测到，等待重连...
[2026-07-12 10:24:02] [CAM] 摄像头捕获器已释放
[2026-07-12 10:24:02] [CAM] 摄像头未检测到，等待重连...
[2026-07-12 10:24:02] [CAM] 摄像头捕获器已释放
[2026-07-12 10:24:02] [CAM] 摄像头未检测到，等待重连...
[2026-07-12 10:24:03] [CAM] 摄像头捕获器已释放
[2026-07-12 10:24:03] [CAM] 摄像头未检测到，等待重连...
[2026-07-12 10:24:03] [CAM] 摄像头捕获器已释放
[2026-07-12 10:24:03] [CAM] 摄像头未检测到，等待重连...
[2026-07-12 10:24:04] [CAM] 摄像头捕获器已释放
[2026-07-12 10:24:04] [CAM] 摄像头未检测到，等待重连...
[2026-07-12 10:24:04] [CAM] 摄像头捕获器已释放
[2026-07-12 10:24:04] [CAM] 摄像头未检测到，等待重连...
[2026-07-12 10:24:05] [CAM] 摄像头捕获器已释放
[2026-07-12 10:24:05] [CAM] 摄像头未检测到，等待重连...
[2026-07-12 10:24:05] [CAM] 摄像头捕获器已释放
[2026-07-12 10:24:05] [CAM] 摄像头未检测到，等待重连...
[2026-07-12 10:24:06] [CAM] 摄像头捕获器已释放
[2026-07-12 10:24:06] [CAM] 摄像头未检测到，等待重连...
[2026-07-12 10:24:06] [CAM] 摄像头捕获器已释放
[2026-07-12 10:24:06] [CAM] 摄像头未检测到，等待重连...
[2026-07-12 10:24:07] [CAM] 摄像头捕获器已释放
[2026-07-12 10:24:07] [CAM] 摄像头未检测到，等待重连...
[2026-07-12 10:24:07] [CAM] 摄像头捕获器已释放
[2026-07-12 10:24:07] [CAM] 摄像头未检测到，等待重连...
[2026-07-12 10:24:08] [CAM] 摄像头捕获器已释放
[2026-07-12 10:24:08] [CAM] 摄像头未检测到，等待重连...
[2026-07-12 10:24:08] [CAM] 摄像头捕获器已释放
[2026-07-12 10:24:08] [CAM] 摄像头未检测到，等待重连...
[2026-07-12 10:24:09] [CAM] 摄像头捕获器已释放
[2026-07-12 10:24:09] [CAM] 摄像头未检测到，等待重连...
[2026-07-12 10:24:09] [CAM] 摄像头捕获器已释放
[2026-07-12 10:24:09] [CAM] 摄像头未检测到，等待重连...
[2026-07-12 10:24:10] [CAM] 摄像头捕获器已释放
[2026-07-12 10:24:10] [CAM] 摄像头未检测到，等待重连...
[2026-07-12 10:24:10] [CAM] 摄像头捕获器已释放
[2026-07-12 10:24:10] [CAM] 摄像头未检测到，等待重连...
[2026-07-12 10:24:11] [CAM] 摄像头捕获器已释放
[2026-07-12 10:24:11] [CAM] 摄像头未检测到，等待重连...
[2026-07-12 10:24:11] [CAM] 摄像头捕获器已释放
[2026-07-12 10:24:11] [CAM] 摄像头未检测到，等待重连...
[2026-07-12 10:24:12] [CAM] 摄像头捕获器已释放
[2026-07-12 10:24:12] [CAM] 摄像头未检测到，等待重连...
[2026-07-12 10:24:12] [CAM] 摄像头捕获器已释放
[2026-07-12 10:24:12] [CAM] 摄像头未检测到，等待重连...
[2026-07-12 10:24:13] [CAM] 摄像头捕获器已释放
[2026-07-12 10:24:13] [CAM] 摄像头未检测到，等待重连...
[2026-07-12 10:24:13] [CAM] 摄像头捕获器已释放
[2026-07-12 10:24:13] [CAM] 摄像头未检测到，等待重连...
[2026-07-12 10:24:14] [CAM] 摄像头捕获器已释放
[2026-07-12 10:24:14] [CAM] 摄像头未检测到，等待重连...
[2026-07-12 10:24:14] [CAM] 摄像头捕获器已释放
[2026-07-12 10:24:14] [CAM] 摄像头未检测到，等待重连...
[2026-07-12 10:24:15] [CAM] 摄像头捕获器已释放
[2026-07-12 10:24:15] [CAM] 摄像头未检测到，等待重连...
[2026-07-12 10:24:15] [CAM] 摄像头捕获器已释放
[2026-07-12 10:24:15] [CAM] 摄像头未检测到，等待重连...
[2026-07-12 10:24:16] [CAM] 摄像头捕获器已释放
[2026-07-12 10:24:16] [CAM] 摄像头未检测到，等待重连...
[2026-07-12 10:24:16] [CAM] 摄像头捕获器已释放
[2026-07-12 10:24:16] [CAM] 摄像头未检测到，等待重连...
[2026-07-12 10:24:17] [CAM] 摄像头捕获器已释放
[2026-07-12 10:24:17] [CAM] 摄像头未检测到，等待重连...
[2026-07-12 10:24:17] [CAM] 摄像头捕获器已释放
[2026-07-12 10:24:17] [CAM] 摄像头未检测到，等待重连...
[2026-07-12 10:24:18] [CAM] 摄像头捕获器已释放
[2026-07-12 10:24:18] [CAM] 摄像头未检测到，等待重连...
[2026-07-12 10:24:18] [CAM] 摄像头捕获器已释放
[2026-07-12 10:24:18] [CAM] 摄像头未检测到，等待重连...
[2026-07-12 10:24:19] [CAM] 摄像头捕获器已释放
[2026-07-12 10:24:19] [CAM] 摄像头未检测到，等待重连...
[2026-07-12 10:24:19] [CAM] 摄像头捕获器已释放
[2026-07-12 10:24:19] [CAM] 摄像头未检测到，等待重连...
[2026-07-12 10:24:20] [CAM] 摄像头捕获器已释放
[2026-07-12 10:24:20] [CAM] 摄像头未检测到，等待重连...
[2026-07-12 10:24:20] [CAM] 摄像头捕获器已释放
[2026-07-12 10:24:20] [CAM] 摄像头未检测到，等待重连...
[2026-07-12 10:24:21] [CAM] 摄像头捕获器已释放
[2026-07-12 10:24:21] [CAM] 摄像头未检测到，等待重连...
[2026-07-12 10:24:21] [CAM] 摄像头捕获器已释放
[2026-07-12 10:24:21] [CAM] 摄像头未检测到，等待重连...
[2026-07-12 10:24:22] [CAM] 摄像头捕获器已释放
[2026-07-12 10:24:22] [CAM] 摄像头未检测到，等待重连...
[2026-07-12 10:24:22] [CAM] 摄像头捕获器已释放
[2026-07-12 10:24:22] [CAM] 摄像头未检测到，等待重连...
[2026-07-12 10:24:23] [MIC] 未检测到USB麦克风
[2026-07-12 10:24:23] [CAM] 摄像头捕获器已释放
[2026-07-12 10:24:23] [CAM] 摄像头未检测到，等待重连...
[2026-07-12 10:24:23] [CAM] 摄像头捕获器已释放
[2026-07-12 10:24:23] [CAM] 摄像头未检测到，等待重连...
[2026-07-12 10:24:24] [CAM] 摄像头捕获器已释放
[2026-07-12 10:24:24] [CAM] 摄像头未检测到，等待重连...
[2026-07-12 10:24:24] [CAM] 摄像头捕获器已释放
[2026-07-12 10:24:24] [CAM] 摄像头未检测到，等待重连...
[2026-07-12 10:24:25] [MIC] 开机未检测到USB麦克风
[2026-07-12 10:24:25] [CAM] 摄像头捕获器已释放
[2026-07-12 10:24:25] [CAM] 摄像头未检测到，等待重连...
[2026-07-12 10:24:25] [CAM] 摄像头捕获器已释放
[2026-07-12 10:24:25] [CAM] 摄像头未检测到，等待重连...
[2026-07-12 10:24:26] [CAM] 摄像头捕获器已释放
[2026-07-12 10:24:26] [CAM] 摄像头未检测到，等待重连...
[2026-07-12 10:24:26] [CAM] 摄像头捕获器已释放
[2026-07-12 10:24:26] [CAM] 摄像头未检测到，等待重连...
[2026-07-12 10:24:27] [CAM] 摄像头捕获器已释放
[2026-07-12 10:24:27] [CAM] 摄像头未检测到，等待重连...
[2026-07-12 10:24:27] [CAM] 摄像头捕获器已释放
[2026-07-12 10:24:27] [CAM] 摄像头未检测到，等待重连...
[2026-07-12 10:24:28] [CAM] 摄像头捕获器已释放
[2026-07-12 10:24:28] [CAM] 摄像头未检测到，等待重连...
[2026-07-12 10:24:28] [CAM] 摄像头捕获器已释放
[2026-07-12 10:24:28] [CAM] 摄像头未检测到，等待重连...
[2026-07-12 10:24:29] [MIC] 检测到USB麦克风设备
[2026-07-12 10:24:29] [CAM] 摄像头捕获器已释放
[2026-07-12 10:24:29] [CAM] 摄像头未检测到，等待重连...
[2026-07-12 10:24:29] [CAM] 摄像头捕获器已释放
[2026-07-12 10:24:29] [CAM] 摄像头未检测到，等待重连...
[2026-07-12 10:24:30] [CAM] 摄像头捕获器已释放
[2026-07-12 10:24:30] [CAM] 摄像头未检测到，等待重连...
[2026-07-12 10:24:30] [CAM] 摄像头捕获器已释放
[2026-07-12 10:24:30] [CAM] 摄像头未检测到，等待重连...
[2026-07-12 10:24:31] [CAM] 摄像头捕获器已释放
[2026-07-12 10:24:31] [CAM] 摄像头未检测到，等待重连...
[2026-07-12 10:24:31] [CAM] 摄像头捕获器已释放
[2026-07-12 10:24:31] [CAM] 摄像头未检测到，等待重连...
[2026-07-12 10:24:32] [CAM] 摄像头捕获器已释放
[2026-07-12 10:24:32] [CAM] 摄像头未检测到，等待重连...
[2026-07-12 10:24:32] [CAM] 摄像头捕获器已释放
[2026-07-12 10:24:32] [CAM] 摄像头未检测到，等待重连...
[2026-07-12 10:24:33] [CAM] 摄像头捕获器已释放
[2026-07-12 10:24:33] [CAM] 摄像头未检测到，等待重连...
[2026-07-12 10:24:33] [CAM] 摄像头捕获器已释放
[2026-07-12 10:24:33] [CAM] 摄像头未检测到，等待重连...
[2026-07-12 10:24:34] [CAM] 摄像头捕获器已释放
[2026-07-12 10:24:34] [CAM] 摄像头未检测到，等待重连...
[2026-07-12 10:24:34] [CAM] 摄像头捕获器已释放
[2026-07-12 10:24:34] [CAM] 摄像头未检测到，等待重连...
[2026-07-12 10:24:35] [CAM] 摄像头捕获器已释放
[2026-07-12 10:24:35] [CAM] 摄像头未检测到，等待重连...
[2026-07-12 10:24:35] [CAM] 摄像头捕获器已释放
[2026-07-12 10:24:35] [CAM] 摄像头未检测到，等待重连...
[2026-07-12 10:24:36] [CAM] 摄像头捕获器已释放
[2026-07-12 10:24:36] [CAM] 摄像头未检测到，等待重连...
[2026-07-12 10:24:36] [CAM] 摄像头捕获器已释放
[2026-07-12 10:24:36] [CAM] 摄像头未检测到，等待重连...
[2026-07-12 10:24:37] [CAM] 摄像头捕获器已释放
[2026-07-12 10:24:37] [CAM] 摄像头未检测到，等待重连...
[2026-07-12 10:24:37] [CAM] 摄像头捕获器已释放
[2026-07-12 10:24:37] [CAM] 摄像头未检测到，等待重连...
[2026-07-12 10:24:38] [CAM] 摄像头捕获器已释放
[2026-07-12 10:24:38] [CAM] 摄像头未检测到，等待重连...
[2026-07-12 10:24:38] [CAM] 摄像头捕获器已释放
[2026-07-12 10:24:38] [CAM] 摄像头未检测到，等待重连...
[2026-07-12 10:24:39] [CAM] 摄像头捕获器已释放
[2026-07-12 10:24:39] [CAM] 摄像头未检测到，等待重连...
[2026-07-12 10:24:39] [CAM] 摄像头捕获器已释放
[2026-07-12 10:24:39] [CAM] 摄像头未检测到，等待重连...
[2026-07-12 10:24:40] [CAM] 摄像头捕获器已释放
[2026-07-12 10:24:40] [CAM] 摄像头未检测到，等待重连...
[2026-07-12 10:24:40] [CAM] 摄像头捕获器已释放
[2026-07-12 10:24:40] [CAM] 摄像头未检测到，等待重连...
[2026-07-12 10:24:41] [MIC] 未检测到USB麦克风
[2026-07-12 10:24:41] [CAM] 摄像头捕获器已释放
[2026-07-12 10:24:41] [CAM] 摄像头未检测到，等待重连...
[2026-07-12 10:24:41] [CAM] 摄像头捕获器已释放
[2026-07-12 10:24:41] [CAM] 摄像头未检测到，等待重连...
[2026-07-12 10:24:42] [CAM] 摄像头捕获器已释放
[2026-07-12 10:24:42] [CAM] 摄像头未检测到，等待重连...
[2026-07-12 10:24:42] [CAM] 摄像头捕获器已释放
[2026-07-12 10:24:42] [CAM] 摄像头未检测到，等待重连...
[2026-07-12 10:24:43] [MIC] 开机未检测到USB麦克风
[2026-07-12 10:24:43] [CAM] 摄像头捕获器已释放
[2026-07-12 10:24:43] [CAM] 摄像头未检测到，等待重连...
[2026-07-12 10:24:43] [CAM] 摄像头捕获器已释放
[2026-07-12 10:24:43] [CAM] 摄像头未检测到，等待重连...
[2026-07-12 10:24:44] [CAM] 摄像头捕获器已释放
[2026-07-12 10:24:44] [CAM] 摄像头未检测到，等待重连...
[2026-07-12 10:24:44] [CAM] 摄像头捕获器已释放
[2026-07-12 10:24:44] [CAM] 摄像头未检测到，等待重连...
[2026-07-12 10:24:45] [CAM] 摄像头捕获器已释放
[2026-07-12 10:24:45] [CAM] 摄像头未检测到，等待重连...
[2026-07-12 10:24:45] [CAM] 摄像头捕获器已释放
[2026-07-12 10:24:45] [CAM] 摄像头未检测到，等待重连...
[2026-07-12 10:24:46] [CAM] 摄像头捕获器已释放
[2026-07-12 10:24:46] [CAM] 摄像头未检测到，等待重连...
[2026-07-12 10:24:46] [CAM] 摄像头捕获器已释放
[2026-07-12 10:24:46] [CAM] 摄像头未检测到，等待重连...
[2026-07-12 10:24:47] [MIC] 检测到USB麦克风设备
[2026-07-12 10:24:47] [CAM] 摄像头捕获器已释放
[2026-07-12 10:24:47] [CAM] 摄像头未检测到，等待重连...
[2026-07-12 10:24:47] [CAM] 摄像头捕获器已释放
[2026-07-12 10:24:47] [CAM] 摄像头未检测到，等待重连...
[2026-07-12 10:24:48] [CAM] 摄像头捕获器已释放
[2026-07-12 10:24:48] [CAM] 摄像头未检测到，等待重连...
[2026-07-12 10:24:48] [CAM] 摄像头捕获器已释放
[2026-07-12 10:24:48] [CAM] 摄像头未检测到，等待重连...
[2026-07-12 10:24:49] [CAM] 摄像头捕获器已释放
[2026-07-12 10:24:49] [CAM] 摄像头未检测到，等待重连...
[2026-07-12 10:24:49] [INFO] 程序收到关闭信号，开始安全退出流程
[2026-07-12 10:24:49] [CAM] 摄像头捕获器已释放
[2026-07-12 10:24:49] [CAM] 摄像头未检测到，等待重连...
[2026-07-12 10:24:50] [CAM] 摄像头捕获器已释放
[2026-07-12 10:24:50] [CAM] 摄像头未检测到，等待重连...
[2026-07-12 10:24:50] [SENSOR] RS485采集线程已停止
[2026-07-12 10:24:50] [CAM] 摄像头捕获器已释放
[2026-07-12 10:24:50] [INFO] 摄像头采集线程正常退出
[2026-07-12 10:24:50] [INFO] 程序正常退出
[2026-07-12 10:24:50] [INFO] 程序结束，退出码:0
[2026-07-12 10:26:19] [INFO] ========== 幼儿园AI安全卫士程序启动 ==========
[2026-07-12 10:26:19] [INFO] 主程序窗口初始化完成
[2026-07-12 10:26:19] [SENSOR] RS485传感器采集线程已启动，串口：/dev/ttyUSB0
[2026-07-12 10:26:19] [INFO] AI环境模拟线程启动
[2026-07-12 10:26:19] [INFO] 摄像头采集线程启动
[2026-07-12 10:26:19] [CAM] 摄像头未检测到，等待重连...
[2026-07-12 10:26:21] [NET] 网络已恢复连通
[2026-07-12 10:26:21] [MIC] 检测到USB麦克风设备
[2026-07-12 10:26:22] [CAM] 摄像头捕获器已释放
[2026-07-12 10:26:22] [CAM] 摄像头未检测到，等待重连...
[2026-07-12 10:26:22] [CAM] 摄像头捕获器已释放
[2026-07-12 10:26:22] [CAM] 摄像头未检测到，等待重连...
[2026-07-12 10:26:23] [CAM] 摄像头捕获器已释放
[2026-07-12 10:26:23] [CAM] 摄像头未检测到，等待重连...
[2026-07-12 10:26:23] [CAM] 摄像头捕获器已释放
[2026-07-12 10:26:23] [CAM] 摄像头未检测到，等待重连...
[2026-07-12 10:26:24] [CAM] 摄像头捕获器已释放
[2026-07-12 10:26:24] [CAM] 摄像头未检测到，等待重连...
[2026-07-12 10:26:24] [CAM] 摄像头捕获器已释放
[2026-07-12 10:26:24] [CAM] 摄像头未检测到，等待重连...
[2026-07-12 10:26:25] [CAM] 摄像头捕获器已释放
[2026-07-12 10:26:25] [CAM] 摄像头未检测到，等待重连...
[2026-07-12 10:26:25] [MIC] 未检测到USB麦克风
[2026-07-12 10:26:25] [CAM] 摄像头捕获器已释放
[2026-07-12 10:26:25] [CAM] 摄像头未检测到，等待重连...
[2026-07-12 10:26:26] [CAM] 摄像头捕获器已释放
[2026-07-12 10:26:26] [CAM] 摄像头未检测到，等待重连...
[2026-07-12 10:26:26] [CAM] 摄像头捕获器已释放
[2026-07-12 10:26:26] [CAM] 摄像头未检测到，等待重连...
[2026-07-12 10:26:27] [CAM] 摄像头捕获器已释放
[2026-07-12 10:26:27] [CAM] 摄像头未检测到，等待重连...
[2026-07-12 10:26:27] [MIC] 开机未检测到USB麦克风，延时播报
[2026-07-12 10:27:42] [INFO] ========== 幼儿园AI安全卫士程序启动 ==========
[2026-07-12 10:27:42] [INFO] 主程序窗口初始化完成
[2026-07-12 10:27:42] [SENSOR] RS485传感器采集线程已启动，串口：/dev/ttyUSB0
[2026-07-12 10:27:42] [INFO] AI环境模拟线程启动
[2026-07-12 10:27:42] [INFO] 摄像头采集线程启动
[2026-07-12 10:27:42] [CAM] 摄像头未检测到，等待重连...
[2026-07-12 10:27:45] [NET] 网络已恢复连通
[2026-07-12 10:27:45] [MIC] 开机未检测到USB麦克风，延时播报
[2026-07-12 10:27:45] [CAM] 摄像头捕获器已释放
[2026-07-12 10:27:45] [CAM] 摄像头未检测到，等待重连...
[2026-07-12 10:27:45] [CAM] 摄像头捕获器已释放
[2026-07-12 10:27:45] [CAM] 摄像头未检测到，等待重连...
[2026-07-12 10:27:46] [CAM] 摄像头捕获器已释放
[2026-07-12 10:27:46] [CAM] 摄像头未检测到，等待重连...
[2026-07-12 10:27:46] [CAM] 摄像头捕获器已释放
[2026-07-12 10:27:46] [CAM] 摄像头未检测到，等待重连...
[2026-07-12 10:27:47] [CAM] 摄像头捕获器已释放
[2026-07-12 10:27:47] [CAM] 摄像头未检测到，等待重连...
[2026-07-12 10:27:47] [CAM] 摄像头捕获器已释放
[2026-07-12 10:27:47] [CAM] 摄像头未检测到，等待重连...
[2026-07-12 10:27:48] [CAM] 摄像头捕获器已释放
[2026-07-12 10:27:48] [CAM] 摄像头未检测到，等待重连...
[2026-07-12 10:27:48] [CAM] 摄像头捕获器已释放
[2026-07-12 10:27:48] [CAM] 摄像头未检测到，等待重连...
[2026-07-12 10:27:49] [CAM] 摄像头捕获器已释放
[2026-07-12 10:27:49] [CAM] 摄像头未检测到，等待重连...
[2026-07-12 10:27:49] [CAM] 摄像头捕获器已释放
[2026-07-12 10:27:49] [CAM] 摄像头未检测到，等待重连...
[2026-07-12 10:27:50] [CAM] 摄像头捕获器已释放
[2026-07-12 10:27:50] [CAM] 摄像头未检测到，等待重连...
[2026-07-12 10:27:50] [CAM] 摄像头捕获器已释放
[2026-07-12 10:27:50] [CAM] 摄像头未检测到，等待重连...
[2026-07-12 10:27:51] [CAM] 摄像头捕获器已释放
[2026-07-12 10:27:51] [CAM] 摄像头未检测到，等待重连...
[2026-07-12 10:27:51] [CAM] 摄像头捕获器已释放
[2026-07-12 10:27:51] [CAM] 摄像头未检测到，等待重连...
[2026-07-12 10:27:52] [CAM] 摄像头捕获器已释放
[2026-07-12 10:27:52] [CAM] 摄像头未检测到，等待重连...
[2026-07-12 10:27:52] [CAM] 摄像头捕获器已释放
[2026-07-12 10:27:52] [CAM] 摄像头未检测到，等待重连...
[2026-07-12 10:27:53] [CAM] 摄像头捕获器已释放
[2026-07-12 10:27:53] [CAM] 摄像头未检测到，等待重连...
[2026-07-12 10:27:53] [CAM] 摄像头捕获器已释放
[2026-07-12 10:27:53] [CAM] 摄像头未检测到，等待重连...
[2026-07-12 10:27:54] [CAM] 摄像头捕获器已释放
[2026-07-12 10:27:54] [CAM] 摄像头未检测到，等待重连...
[2026-07-12 10:27:54] [CAM] 摄像头捕获器已释放
[2026-07-12 10:27:54] [CAM] 摄像头未检测到，等待重连...
[2026-07-12 10:27:55] [CAM] 摄像头捕获器已释放
[2026-07-12 10:27:55] [CAM] 摄像头未检测到，等待重连...
[2026-07-12 10:27:55] [CAM] 摄像头捕获器已释放
[2026-07-12 10:27:55] [CAM] 摄像头未检测到，等待重连...
[2026-07-12 10:27:56] [CAM] 摄像头捕获器已释放
[2026-07-12 10:27:56] [CAM] 摄像头未检测到，等待重连...
[2026-07-12 10:27:56] [CAM] 摄像头捕获器已释放
[2026-07-12 10:27:56] [CAM] 摄像头未检测到，等待重连...
[2026-07-12 10:27:57] [CAM] 摄像头捕获器已释放
[2026-07-12 10:27:57] [CAM] 摄像头未检测到，等待重连...
[2026-07-12 10:27:57] [CAM] 摄像头捕获器已释放
[2026-07-12 10:27:57] [CAM] 摄像头未检测到，等待重连...
[2026-07-12 10:27:58] [CAM] 摄像头捕获器已释放
[2026-07-12 10:27:58] [CAM] 摄像头未检测到，等待重连...
[2026-07-12 10:27:58] [CAM] 摄像头捕获器已释放
[2026-07-12 10:27:58] [CAM] 摄像头未检测到，等待重连...
[2026-07-12 10:27:59] [MIC] 检测到USB麦克风设备
[2026-07-12 10:27:59] [CAM] 摄像头捕获器已释放
[2026-07-12 10:27:59] [CAM] 摄像头未检测到，等待重连...
[2026-07-12 10:27:59] [CAM] 摄像头捕获器已释放
[2026-07-12 10:27:59] [CAM] 摄像头未检测到，等待重连...
[2026-07-12 10:28:00] [CAM] 摄像头捕获器已释放
[2026-07-12 10:28:00] [CAM] 摄像头未检测到，等待重连...
[2026-07-12 10:28:00] [CAM] 摄像头捕获器已释放
[2026-07-12 10:28:00] [CAM] 摄像头未检测到，等待重连...
[2026-07-12 10:28:01] [CAM] 摄像头捕获器已释放
[2026-07-12 10:28:01] [CAM] 摄像头未检测到，等待重连...
[2026-07-12 10:28:01] [CAM] 摄像头捕获器已释放
[2026-07-12 10:28:01] [CAM] 摄像头未检测到，等待重连...
[2026-07-12 10:28:02] [CAM] 摄像头捕获器已释放
[2026-07-12 10:28:02] [CAM] 摄像头未检测到，等待重连...
[2026-07-12 10:28:02] [CAM] 摄像头捕获器已释放
[2026-07-12 10:28:02] [CAM] 摄像头未检测到，等待重连...
[2026-07-12 10:28:03] [CAM] 摄像头捕获器已释放
[2026-07-12 10:28:03] [CAM] 摄像头未检测到，等待重连...
[2026-07-12 10:28:03] [CAM] 摄像头捕获器已释放
[2026-07-12 10:28:03] [CAM] 摄像头未检测到，等待重连...
[2026-07-12 10:28:04] [CAM] 摄像头捕获器已释放
[2026-07-12 10:28:04] [CAM] 摄像头未检测到，等待重连...
[2026-07-12 10:28:04] [CAM] 摄像头捕获器已释放
[2026-07-12 10:28:04] [CAM] 摄像头未检测到，等待重连...
[2026-07-12 10:28:05] [MIC] 未检测到USB麦克风
[2026-07-12 10:28:05] [CAM] 摄像头捕获器已释放
[2026-07-12 10:28:05] [CAM] 摄像头未检测到，等待重连...
[2026-07-12 10:28:05] [CAM] 摄像头捕获器已释放
[2026-07-12 10:28:05] [CAM] 摄像头未检测到，等待重连...
[2026-07-12 10:28:06] [CAM] 摄像头捕获器已释放
[2026-07-12 10:28:06] [CAM] 摄像头未检测到，等待重连...
[2026-07-12 10:28:06] [CAM] 摄像头捕获器已释放
[2026-07-12 10:28:06] [CAM] 摄像头未检测到，等待重连...
[2026-07-12 10:28:07] [MIC] 开机未检测到USB麦克风，延时播报
[2026-07-12 10:28:07] [CAM] 摄像头捕获器已释放
[2026-07-12 10:28:07] [CAM] 摄像头未检测到，等待重连...
[2026-07-12 10:28:07] [CAM] 摄像头捕获器已释放
[2026-07-12 10:28:07] [CAM] 摄像头未检测到，等待重连...
[2026-07-12 10:28:08] [CAM] 摄像头捕获器已释放
[2026-07-12 10:28:08] [CAM] 摄像头未检测到，等待重连...
[2026-07-12 10:28:08] [CAM] 摄像头捕获器已释放
[2026-07-12 10:28:08] [CAM] 摄像头未检测到，等待重连...
[2026-07-12 10:28:09] [MIC] 检测到USB麦克风设备
[2026-07-12 10:28:09] [CAM] 摄像头捕获器已释放
[2026-07-12 10:28:09] [CAM] 摄像头未检测到，等待重连...
[2026-07-12 10:28:09] [CAM] 摄像头捕获器已释放
[2026-07-12 10:28:09] [CAM] 摄像头未检测到，等待重连...
[2026-07-12 10:28:10] [CAM] 摄像头捕获器已释放
[2026-07-12 10:28:10] [CAM] 摄像头未检测到，等待重连...
[2026-07-12 10:28:10] [CAM] 摄像头捕获器已释放
[2026-07-12 10:28:10] [CAM] 摄像头未检测到，等待重连...
[2026-07-12 10:28:11] [CAM] 摄像头捕获器已释放
[2026-07-12 10:28:11] [CAM] 摄像头未检测到，等待重连...
[2026-07-12 10:28:11] [CAM] 摄像头捕获器已释放
[2026-07-12 10:28:11] [CAM] 摄像头未检测到，等待重连...
[2026-07-12 10:28:12] [CAM] 摄像头捕获器已释放
[2026-07-12 10:28:12] [CAM] 摄像头未检测到，等待重连...
[2026-07-12 10:28:12] [CAM] 摄像头捕获器已释放
[2026-07-12 10:28:12] [CAM] 摄像头未检测到，等待重连...
[2026-07-12 10:28:13] [CAM] 摄像头捕获器已释放
[2026-07-12 10:28:13] [CAM] 摄像头未检测到，等待重连...
[2026-07-12 10:28:13] [CAM] 摄像头捕获器已释放
[2026-07-12 10:28:13] [CAM] 摄像头未检测到，等待重连...
[2026-07-12 10:28:14] [CAM] 摄像头捕获器已释放
[2026-07-12 10:28:14] [CAM] 摄像头未检测到，等待重连...
[2026-07-12 10:28:14] [CAM] 摄像头捕获器已释放
[2026-07-12 10:28:14] [CAM] 摄像头未检测到，等待重连...
[2026-07-12 10:28:15] [CAM] 摄像头捕获器已释放
[2026-07-12 10:28:15] [CAM] 摄像头未检测到，等待重连...
[2026-07-12 10:28:15] [CAM] 摄像头捕获器已释放
[2026-07-12 10:28:15] [CAM] 摄像头未检测到，等待重连...
[2026-07-12 10:28:16] [CAM] 摄像头捕获器已释放
[2026-07-12 10:28:16] [CAM] 摄像头未检测到，等待重连...
[2026-07-12 10:28:16] [CAM] 摄像头捕获器已释放
[2026-07-12 10:28:16] [CAM] 摄像头未检测到，等待重连...
[2026-07-12 10:28:17] [CAM] 摄像头捕获器已释放
[2026-07-12 10:28:17] [CAM] 摄像头未检测到，等待重连...
[2026-07-12 10:28:17] [CAM] 摄像头捕获器已释放
[2026-07-12 10:28:17] [CAM] 摄像头未检测到，等待重连...
[2026-07-12 10:28:18] [CAM] 摄像头捕获器已释放
[2026-07-12 10:28:18] [CAM] 摄像头未检测到，等待重连...
[2026-07-12 10:28:18] [CAM] 摄像头捕获器已释放
[2026-07-12 10:28:18] [CAM] 摄像头未检测到，等待重连...
[2026-07-12 10:28:19] [MIC] 未检测到USB麦克风
[2026-07-12 10:28:19] [CAM] 摄像头捕获器已释放
[2026-07-12 10:28:19] [CAM] 摄像头未检测到，等待重连...
[2026-07-12 10:28:19] [CAM] 摄像头捕获器已释放
[2026-07-12 10:28:19] [CAM] 摄像头未检测到，等待重连...
[2026-07-12 10:28:20] [CAM] 摄像头捕获器已释放
[2026-07-12 10:28:20] [CAM] 摄像头未检测到，等待重连...
[2026-07-12 10:28:20] [CAM] 摄像头捕获器已释放
[2026-07-12 10:28:20] [CAM] 摄像头未检测到，等待重连...
[2026-07-12 10:28:21] [MIC] 开机未检测到USB麦克风，延时播报
[2026-07-12 10:28:21] [CAM] 摄像头捕获器已释放
[2026-07-12 10:28:21] [CAM] 摄像头未检测到，等待重连...
[2026-07-12 10:28:21] [CAM] 摄像头捕获器已释放
[2026-07-12 10:28:21] [CAM] 摄像头未检测到，等待重连...
[2026-07-12 10:28:22] [CAM] 摄像头捕获器已释放
[2026-07-12 10:28:22] [CAM] 摄像头未检测到，等待重连...
[2026-07-12 10:28:22] [CAM] 摄像头捕获器已释放
[2026-07-12 10:28:22] [CAM] 摄像头未检测到，等待重连...
[2026-07-12 10:28:23] [MIC] 检测到USB麦克风设备
[2026-07-12 10:28:23] [CAM] 摄像头捕获器已释放
[2026-07-12 10:28:23] [CAM] 摄像头未检测到，等待重连...
[2026-07-12 10:28:23] [INFO] 程序收到关闭信号，开始安全退出流程
[2026-07-12 10:28:23] [CAM] 摄像头捕获器已释放
[2026-07-12 10:28:23] [CAM] 摄像头未检测到，等待重连...
[2026-07-12 10:28:24] [SENSOR] RS485采集线程已停止
[2026-07-12 10:28:24] [CAM] 摄像头捕获器已释放
[2026-07-12 10:28:24] [INFO] 摄像头采集线程正常退出
[2026-07-12 10:28:24] [INFO] 程序正常退出
[2026-07-12 10:28:24] [INFO] 程序结束，退出码:0
[2026-07-12 10:28:27] [INFO] ========== 幼儿园AI安全卫士程序启动 ==========
[2026-07-12 10:28:28] [INFO] 主程序窗口初始化完成
[2026-07-12 10:28:28] [SENSOR] RS485传感器采集线程已启动，串口：/dev/ttyUSB0
[2026-07-12 10:28:28] [INFO] AI环境模拟线程启动
[2026-07-12 10:28:28] [INFO] 摄像头采集线程启动
[2026-07-12 10:28:28] [CAM] 摄像头未检测到，等待重连...
[2026-07-12 10:28:30] [NET] 网络已恢复连通
[2026-07-12 10:28:30] [MIC] 检测到USB麦克风设备
[2026-07-12 10:28:30] [CAM] 摄像头捕获器已释放
[2026-07-12 10:28:30] [CAM] 摄像头未检测到，等待重连...
[2026-07-12 10:28:31] [CAM] 摄像头捕获器已释放
[2026-07-12 10:28:31] [CAM] 摄像头未检测到，等待重连...
[2026-07-12 10:28:31] [CAM] 摄像头捕获器已释放
[2026-07-12 10:28:31] [CAM] 摄像头未检测到，等待重连...
[2026-07-12 10:28:32] [CAM] 摄像头捕获器已释放
[2026-07-12 10:28:32] [CAM] 摄像头未检测到，等待重连...
[2026-07-12 10:28:32] [CAM] 摄像头捕获器已释放
[2026-07-12 10:28:32] [CAM] 摄像头未检测到，等待重连...
[2026-07-12 10:28:33] [CAM] 摄像头捕获器已释放
[2026-07-12 10:28:33] [CAM] 摄像头未检测到，等待重连...
[2026-07-12 10:28:33] [CAM] 摄像头捕获器已释放
[2026-07-12 10:28:33] [CAM] 摄像头未检测到，等待重连...
[2026-07-12 10:28:34] [CAM] 摄像头捕获器已释放
[2026-07-12 10:28:34] [CAM] 摄像头未检测到，等待重连...
[2026-07-12 10:28:34] [CAM] 摄像头捕获器已释放
[2026-07-12 10:28:34] [CAM] 摄像头未检测到，等待重连...
[2026-07-12 10:28:35] [CAM] 摄像头捕获器已释放
[2026-07-12 10:28:35] [CAM] 摄像头未检测到，等待重连...
[2026-07-12 10:28:35] [CAM] 摄像头捕获器已释放
[2026-07-12 10:28:35] [CAM] 摄像头未检测到，等待重连...
[2026-07-12 10:28:36] [MIC] 未检测到USB麦克风
[2026-07-12 10:28:36] [CAM] 摄像头捕获器已释放
[2026-07-12 10:28:36] [CAM] 摄像头未检测到，等待重连...
[2026-07-12 10:28:36] [CAM] 摄像头捕获器已释放
[2026-07-12 10:28:36] [CAM] 摄像头未检测到，等待重连...
[2026-07-12 10:28:37] [CAM] 摄像头捕获器已释放
[2026-07-12 10:28:37] [CAM] 摄像头未检测到，等待重连...
[2026-07-12 10:28:37] [CAM] 摄像头捕获器已释放
[2026-07-12 10:28:37] [CAM] 摄像头未检测到，等待重连...
[2026-07-12 10:28:38] [MIC] 开机未检测到USB麦克风，延时播报
[2026-07-12 10:28:38] [CAM] 摄像头捕获器已释放
[2026-07-12 10:28:38] [CAM] 摄像头未检测到，等待重连...
[2026-07-12 10:28:38] [CAM] 摄像头捕获器已释放
[2026-07-12 10:28:38] [CAM] 摄像头未检测到，等待重连...
[2026-07-12 10:28:39] [CAM] 摄像头捕获器已释放
[2026-07-12 10:28:39] [CAM] 摄像头未检测到，等待重连...
[2026-07-12 10:28:39] [CAM] 摄像头捕获器已释放
[2026-07-12 10:28:39] [CAM] 摄像头未检测到，等待重连...
[2026-07-12 10:28:40] [CAM] 摄像头捕获器已释放
[2026-07-12 10:28:40] [CAM] 摄像头未检测到，等待重连...
[2026-07-12 10:28:40] [CAM] 摄像头捕获器已释放
[2026-07-12 10:28:40] [CAM] 摄像头未检测到，等待重连...
[2026-07-12 10:28:41] [CAM] 摄像头捕获器已释放
[2026-07-12 10:28:41] [CAM] 摄像头未检测到，等待重连...
[2026-07-12 10:28:41] [CAM] 摄像头捕获器已释放
[2026-07-12 10:28:41] [CAM] 摄像头未检测到，等待重连...
[2026-07-12 10:28:42] [CAM] 摄像头捕获器已释放
[2026-07-12 10:28:42] [CAM] 摄像头未检测到，等待重连...
[2026-07-12 10:28:42] [CAM] 摄像头捕获器已释放
[2026-07-12 10:28:42] [CAM] 摄像头未检测到，等待重连...
[2026-07-12 10:28:43] [CAM] 摄像头捕获器已释放
[2026-07-12 10:28:43] [CAM] 摄像头未检测到，等待重连...
[2026-07-12 10:28:43] [CAM] 摄像头捕获器已释放
[2026-07-12 10:28:43] [CAM] 摄像头未检测到，等待重连...
[2026-07-12 10:28:44] [CAM] 摄像头捕获器已释放
[2026-07-12 10:28:44] [CAM] 摄像头未检测到，等待重连...
[2026-07-12 10:28:44] [CAM] 摄像头捕获器已释放
[2026-07-12 10:28:44] [CAM] 摄像头未检测到，等待重连...
[2026-07-12 10:28:45] [CAM] 摄像头捕获器已释放
[2026-07-12 10:28:45] [CAM] 摄像头未检测到，等待重连...
[2026-07-12 10:28:45] [CAM] 摄像头捕获器已释放
[2026-07-12 10:28:45] [CAM] 摄像头未检测到，等待重连...
[2026-07-12 10:28:46] [CAM] 摄像头捕获器已释放
[2026-07-12 10:28:46] [CAM] 摄像头未检测到，等待重连...
[2026-07-12 10:28:46] [CAM] 摄像头捕获器已释放
[2026-07-12 10:28:46] [CAM] 摄像头未检测到，等待重连...
[2026-07-12 10:28:47] [CAM] 摄像头捕获器已释放
[2026-07-12 10:28:47] [CAM] 摄像头未检测到，等待重连...
[2026-07-12 10:28:47] [CAM] 摄像头捕获器已释放
[2026-07-12 10:28:47] [CAM] 摄像头未检测到，等待重连...
[2026-07-12 10:28:48] [CAM] 摄像头捕获器已释放
[2026-07-12 10:28:48] [CAM] 摄像头未检测到，等待重连...
[2026-07-12 10:28:48] [CAM] 摄像头捕获器已释放
[2026-07-12 10:28:48] [CAM] 摄像头未检测到，等待重连...
[2026-07-12 10:28:49] [CAM] 摄像头捕获器已释放
[2026-07-12 10:28:49] [CAM] 摄像头未检测到，等待重连...
[2026-07-12 10:28:49] [CAM] 摄像头捕获器已释放
[2026-07-12 10:28:49] [CAM] 摄像头未检测到，等待重连...
[2026-07-12 10:28:50] [CAM] 摄像头捕获器已释放
[2026-07-12 10:28:50] [CAM] 摄像头未检测到，等待重连...
[2026-07-12 10:28:50] [CAM] 摄像头捕获器已释放
[2026-07-12 10:28:50] [CAM] 摄像头未检测到，等待重连...
[2026-07-12 10:28:51] [CAM] 摄像头捕获器已释放
[2026-07-12 10:28:51] [CAM] 摄像头未检测到，等待重连...
[2026-07-12 10:28:51] [CAM] 摄像头捕获器已释放
[2026-07-12 10:28:51] [CAM] 摄像头未检测到，等待重连...
[2026-07-12 10:28:52] [CAM] 摄像头捕获器已释放
[2026-07-12 10:28:52] [CAM] 摄像头未检测到，等待重连...
[2026-07-12 10:28:52] [CAM] 摄像头捕获器已释放
[2026-07-12 10:28:52] [CAM] 摄像头未检测到，等待重连...
[2026-07-12 10:28:53] [CAM] 摄像头捕获器已释放
[2026-07-12 10:28:53] [CAM] 摄像头未检测到，等待重连...
[2026-07-12 10:28:53] [CAM] 摄像头捕获器已释放
[2026-07-12 10:28:53] [CAM] 摄像头未检测到，等待重连...
[2026-07-12 10:28:54] [CAM] 摄像头捕获器已释放
[2026-07-12 10:28:54] [CAM] 摄像头未检测到，等待重连...
[2026-07-12 10:28:54] [CAM] 摄像头捕获器已释放
[2026-07-12 10:28:54] [CAM] 摄像头未检测到，等待重连...
[2026-07-12 10:28:55] [CAM] 摄像头捕获器已释放
[2026-07-12 10:28:55] [CAM] 摄像头未检测到，等待重连...
[2026-07-12 10:28:55] [CAM] 摄像头捕获器已释放
[2026-07-12 10:28:55] [CAM] 摄像头未检测到，等待重连...
[2026-07-12 10:28:56] [CAM] 摄像头捕获器已释放
[2026-07-12 10:28:56] [CAM] 摄像头未检测到，等待重连...
[2026-07-12 10:28:56] [CAM] 摄像头捕获器已释放
[2026-07-12 10:28:56] [CAM] 摄像头未检测到，等待重连...
[2026-07-12 10:28:57] [CAM] 摄像头捕获器已释放
[2026-07-12 10:28:57] [CAM] 摄像头未检测到，等待重连...
[2026-07-12 10:28:57] [CAM] 摄像头捕获器已释放
[2026-07-12 10:28:57] [CAM] 摄像头未检测到，等待重连...
[2026-07-12 10:28:58] [MIC] 检测到USB麦克风设备
[2026-07-12 10:28:58] [CAM] 摄像头捕获器已释放
[2026-07-12 10:28:58] [CAM] 摄像头未检测到，等待重连...
[2026-07-12 10:28:58] [CAM] 摄像头捕获器已释放
[2026-07-12 10:28:58] [CAM] 摄像头未检测到，等待重连...
[2026-07-12 10:28:59] [CAM] 摄像头捕获器已释放
[2026-07-12 10:28:59] [CAM] 摄像头未检测到，等待重连...
[2026-07-12 10:28:59] [CAM] 摄像头捕获器已释放
[2026-07-12 10:28:59] [CAM] 摄像头未检测到，等待重连...
[2026-07-12 10:29:00] [CAM] 摄像头捕获器已释放
[2026-07-12 10:29:00] [CAM] 摄像头未检测到，等待重连...
[2026-07-12 10:29:00] [CAM] 摄像头捕获器已释放
[2026-07-12 10:29:00] [CAM] 摄像头未检测到，等待重连...
[2026-07-12 10:29:01] [CAM] 摄像头捕获器已释放
[2026-07-12 10:29:01] [CAM] 摄像头未检测到，等待重连...
[2026-07-12 10:29:01] [CAM] 摄像头捕获器已释放
[2026-07-12 10:29:01] [CAM] 摄像头未检测到，等待重连...
[2026-07-12 10:29:02] [CAM] 摄像头捕获器已释放
[2026-07-12 10:29:02] [CAM] 摄像头未检测到，等待重连...
[2026-07-12 10:29:02] [CAM] 摄像头捕获器已释放
[2026-07-12 10:29:02] [CAM] 摄像头未检测到，等待重连...
[2026-07-12 10:29:03] [CAM] 摄像头捕获器已释放
[2026-07-12 10:29:03] [CAM] 摄像头未检测到，等待重连...
[2026-07-12 10:29:03] [CAM] 摄像头捕获器已释放
[2026-07-12 10:29:03] [CAM] 摄像头未检测到，等待重连...
[2026-07-12 10:29:04] [MIC] 未检测到USB麦克风
[2026-07-12 10:29:04] [CAM] 摄像头捕获器已释放
[2026-07-12 10:29:04] [CAM] 摄像头未检测到，等待重连...
[2026-07-12 10:29:04] [CAM] 摄像头捕获器已释放
[2026-07-12 10:29:04] [CAM] 摄像头未检测到，等待重连...
[2026-07-12 10:29:05] [CAM] 摄像头捕获器已释放
[2026-07-12 10:29:05] [CAM] 摄像头未检测到，等待重连...
[2026-07-12 10:29:05] [CAM] 摄像头捕获器已释放
[2026-07-12 10:29:05] [CAM] 摄像头未检测到，等待重连...
[2026-07-12 10:29:06] [MIC] 开机未检测到USB麦克风，延时播报
[2026-07-12 10:29:06] [CAM] 摄像头捕获器已释放
[2026-07-12 10:29:06] [CAM] 摄像头未检测到，等待重连...
[2026-07-12 10:29:06] [CAM] 摄像头捕获器已释放
[2026-07-12 10:29:06] [CAM] 摄像头未检测到，等待重连...
[2026-07-12 10:29:07] [CAM] 摄像头捕获器已释放
[2026-07-12 10:29:07] [CAM] 摄像头未检测到，等待重连...
[2026-07-12 10:29:07] [CAM] 摄像头捕获器已释放
[2026-07-12 10:29:07] [CAM] 摄像头未检测到，等待重连...
[2026-07-12 10:29:08] [CAM] 摄像头捕获器已释放
[2026-07-12 10:29:08] [CAM] 摄像头未检测到，等待重连...
[2026-07-12 10:29:08] [CAM] 摄像头捕获器已释放
[2026-07-12 10:29:08] [CAM] 摄像头未检测到，等待重连...
[2026-07-12 10:29:09] [CAM] 摄像头捕获器已释放
[2026-07-12 10:29:09] [CAM] 摄像头未检测到，等待重连...
[2026-07-12 10:29:09] [CAM] 摄像头捕获器已释放
[2026-07-12 10:29:09] [CAM] 摄像头未检测到，等待重连...
[2026-07-12 10:29:10] [MIC] 检测到USB麦克风设备
[2026-07-12 10:29:10] [CAM] 摄像头捕获器已释放
[2026-07-12 10:29:10] [CAM] 摄像头未检测到，等待重连...
[2026-07-12 10:29:10] [CAM] 摄像头捕获器已释放
[2026-07-12 10:29:10] [CAM] 摄像头未检测到，等待重连...
[2026-07-12 10:29:11] [CAM] 摄像头捕获器已释放
[2026-07-12 10:29:11] [CAM] 摄像头未检测到，等待重连...
[2026-07-12 10:29:11] [CAM] 摄像头捕获器已释放
[2026-07-12 10:29:11] [CAM] 摄像头未检测到，等待重连...
[2026-07-12 10:29:12] [CAM] 摄像头捕获器已释放
[2026-07-12 10:29:12] [CAM] 摄像头未检测到，等待重连...
[2026-07-12 10:29:12] [CAM] 摄像头捕获器已释放
[2026-07-12 10:29:12] [CAM] 摄像头未检测到，等待重连...
[2026-07-12 10:29:13] [CAM] 摄像头捕获器已释放
[2026-07-12 10:29:13] [CAM] 摄像头未检测到，等待重连...
[2026-07-12 10:29:13] [CAM] 摄像头捕获器已释放
[2026-07-12 10:29:13] [CAM] 摄像头未检测到，等待重连...
[2026-07-12 10:29:14] [CAM] 摄像头捕获器已释放
[2026-07-12 10:29:14] [CAM] 摄像头未检测到，等待重连...
[2026-07-12 10:29:14] [CAM] 摄像头捕获器已释放
[2026-07-12 10:29:14] [CAM] 摄像头未检测到，等待重连...
[2026-07-12 10:30:29] [INFO] ========== 幼儿园AI安全卫士程序启动 ==========
[2026-07-12 10:30:29] [INFO] 主程序窗口初始化完成
[2026-07-12 10:30:29] [SENSOR] RS485传感器采集线程已启动，串口：/dev/ttyUSB0
[2026-07-12 10:30:29] [INFO] AI环境模拟线程启动
[2026-07-12 10:30:29] [INFO] 摄像头采集线程启动
[2026-07-12 10:30:29] [CAM] 摄像头未检测到，等待重连...
[2026-07-12 10:30:31] [NET] 网络已恢复连通
[2026-07-12 10:30:31] [MIC] 检测到USB麦克风设备
[2026-07-12 10:30:31] [CAM] 摄像头捕获器已释放
[2026-07-12 10:30:31] [CAM] 摄像头未检测到，等待重连...
[2026-07-12 10:30:32] [CAM] 摄像头捕获器已释放
[2026-07-12 10:30:32] [CAM] 摄像头未检测到，等待重连...
[2026-07-12 10:30:32] [CAM] 摄像头捕获器已释放
[2026-07-12 10:30:32] [CAM] 摄像头未检测到，等待重连...
[2026-07-12 10:30:33] [CAM] 摄像头捕获器已释放
[2026-07-12 10:30:33] [CAM] 摄像头未检测到，等待重连...
[2026-07-12 10:30:33] [CAM] 摄像头捕获器已释放
[2026-07-12 10:30:33] [CAM] 摄像头未检测到，等待重连...
[2026-07-12 10:30:34] [CAM] 摄像头捕获器已释放
[2026-07-12 10:30:34] [CAM] 摄像头未检测到，等待重连...
[2026-07-12 10:30:34] [CAM] 摄像头捕获器已释放
[2026-07-12 10:30:34] [CAM] 摄像头未检测到，等待重连...
[2026-07-12 10:30:35] [CAM] 摄像头捕获器已释放
[2026-07-12 10:30:35] [CAM] 摄像头未检测到，等待重连...
[2026-07-12 10:30:35] [MIC] 未检测到USB麦克风
[2026-07-12 10:30:35] [CAM] 摄像头捕获器已释放
[2026-07-12 10:30:35] [CAM] 摄像头未检测到，等待重连...
[2026-07-12 10:30:36] [CAM] 摄像头捕获器已释放
[2026-07-12 10:30:36] [CAM] 摄像头未检测到，等待重连...
[2026-07-12 10:30:36] [CAM] 摄像头捕获器已释放
[2026-07-12 10:30:36] [CAM] 摄像头未检测到，等待重连...
[2026-07-12 10:30:37] [CAM] 摄像头捕获器已释放
[2026-07-12 10:30:37] [CAM] 摄像头未检测到，等待重连...
[2026-07-12 10:30:37] [MIC] 开机未检测到USB麦克风，延时播报
[2026-07-12 10:30:37] [CAM] 摄像头捕获器已释放
[2026-07-12 10:30:37] [CAM] 摄像头未检测到，等待重连...
[2026-07-12 10:30:38] [CAM] 摄像头捕获器已释放
[2026-07-12 10:30:38] [CAM] 摄像头未检测到，等待重连...
[2026-07-12 10:30:38] [CAM] 摄像头捕获器已释放
[2026-07-12 10:30:38] [CAM] 摄像头未检测到，等待重连...
[2026-07-12 10:30:39] [CAM] 摄像头捕获器已释放
[2026-07-12 10:30:39] [CAM] 摄像头未检测到，等待重连...
[2026-07-12 10:30:39] [MIC] 检测到USB麦克风设备
[2026-07-12 10:30:39] [CAM] 摄像头捕获器已释放
[2026-07-12 10:30:39] [CAM] 摄像头未检测到，等待重连...
[2026-07-12 10:30:40] [CAM] 摄像头捕获器已释放
[2026-07-12 10:30:40] [CAM] 摄像头未检测到，等待重连...
[2026-07-12 10:30:40] [CAM] 摄像头捕获器已释放
[2026-07-12 10:30:40] [CAM] 摄像头未检测到，等待重连...
[2026-07-12 10:30:41] [CAM] 摄像头捕获器已释放
[2026-07-12 10:30:41] [CAM] 摄像头未检测到，等待重连...
[2026-07-12 10:30:41] [CAM] 摄像头捕获器已释放
[2026-07-12 10:30:41] [CAM] 摄像头未检测到，等待重连...
[2026-07-12 10:30:42] [CAM] 摄像头捕获器已释放
[2026-07-12 10:30:42] [CAM] 摄像头未检测到，等待重连...
[2026-07-12 10:30:42] [CAM] 摄像头捕获器已释放
[2026-07-12 10:30:42] [CAM] 摄像头未检测到，等待重连...
[2026-07-12 10:30:43] [CAM] 摄像头捕获器已释放
[2026-07-12 10:30:43] [CAM] 摄像头未检测到，等待重连...
[2026-07-12 10:30:43] [MIC] 未检测到USB麦克风
[2026-07-12 10:30:43] [CAM] 摄像头捕获器已释放
[2026-07-12 10:30:43] [CAM] 摄像头未检测到，等待重连...
[2026-07-12 10:30:44] [CAM] 摄像头捕获器已释放
[2026-07-12 10:30:44] [CAM] 摄像头未检测到，等待重连...
[2026-07-12 10:30:44] [CAM] 摄像头捕获器已释放
[2026-07-12 10:30:44] [CAM] 摄像头未检测到，等待重连...
[2026-07-12 10:30:45] [CAM] 摄像头捕获器已释放
[2026-07-12 10:30:45] [CAM] 摄像头未检测到，等待重连...
[2026-07-12 10:30:45] [MIC] 开机未检测到USB麦克风，延时播报
[2026-07-12 10:30:45] [CAM] 摄像头捕获器已释放
[2026-07-12 10:30:45] [CAM] 摄像头未检测到，等待重连...
[2026-07-12 10:30:46] [CAM] 摄像头捕获器已释放
[2026-07-12 10:30:46] [CAM] 摄像头未检测到，等待重连...
[2026-07-12 10:30:46] [CAM] 摄像头捕获器已释放
[2026-07-12 10:30:46] [CAM] 摄像头未检测到，等待重连...
[2026-07-12 10:30:47] [CAM] 摄像头捕获器已释放
[2026-07-12 10:30:47] [CAM] 摄像头未检测到，等待重连...
[2026-07-12 10:30:47] [MIC] 检测到USB麦克风设备
[2026-07-12 10:30:47] [CAM] 摄像头捕获器已释放
[2026-07-12 10:30:47] [CAM] 摄像头未检测到，等待重连...
[2026-07-12 10:30:48] [CAM] 摄像头捕获器已释放
[2026-07-12 10:30:48] [CAM] 摄像头未检测到，等待重连...
[2026-07-12 10:30:48] [CAM] 摄像头捕获器已释放
[2026-07-12 10:30:48] [CAM] 摄像头未检测到，等待重连...
[2026-07-12 10:30:49] [CAM] 摄像头捕获器已释放
[2026-07-12 10:30:49] [CAM] 摄像头未检测到，等待重连...
[2026-07-12 10:30:49] [CAM] 摄像头捕获器已释放
[2026-07-12 10:30:49] [CAM] 摄像头未检测到，等待重连...
[2026-07-12 10:30:50] [CAM] 摄像头捕获器已释放
[2026-07-12 10:30:50] [CAM] 摄像头未检测到，等待重连...
[2026-07-12 10:30:50] [CAM] 摄像头捕获器已释放
[2026-07-12 10:30:50] [CAM] 摄像头未检测到，等待重连...
[2026-07-12 10:30:51] [CAM] 摄像头捕获器已释放
[2026-07-12 10:30:51] [CAM] 摄像头未检测到，等待重连...
[2026-07-12 10:30:51] [CAM] 摄像头捕获器已释放
[2026-07-12 10:30:51] [CAM] 摄像头未检测到，等待重连...
[2026-07-12 10:30:52] [CAM] 摄像头捕获器已释放
[2026-07-12 10:30:52] [CAM] 摄像头未检测到，等待重连...
[2026-07-12 10:30:52] [CAM] 摄像头捕获器已释放
[2026-07-12 10:30:52] [CAM] 摄像头未检测到，等待重连...
[2026-07-12 10:30:53] [CAM] 摄像头捕获器已释放
[2026-07-12 10:30:53] [CAM] 摄像头未检测到，等待重连...
[2026-07-12 10:30:53] [CAM] 摄像头捕获器已释放
[2026-07-12 10:30:53] [CAM] 摄像头未检测到，等待重连...
[2026-07-12 10:30:54] [CAM] 摄像头捕获器已释放
[2026-07-12 10:30:54] [CAM] 摄像头未检测到，等待重连...
[2026-07-12 10:30:54] [CAM] 摄像头捕获器已释放
[2026-07-12 10:30:54] [CAM] 摄像头未检测到，等待重连...
[2026-07-12 10:30:55] [CAM] 摄像头捕获器已释放
[2026-07-12 10:30:55] [CAM] 摄像头未检测到，等待重连...
[2026-07-12 10:30:55] [CAM] 摄像头捕获器已释放
[2026-07-12 10:30:55] [CAM] 摄像头未检测到，等待重连...
[2026-07-12 10:30:56] [CAM] 摄像头捕获器已释放
[2026-07-12 10:30:56] [CAM] 摄像头未检测到，等待重连...
[2026-07-12 10:30:56] [CAM] 摄像头捕获器已释放
[2026-07-12 10:30:56] [CAM] 摄像头未检测到，等待重连...
[2026-07-12 10:30:57] [CAM] 摄像头捕获器已释放
[2026-07-12 10:30:57] [CAM] 摄像头未检测到，等待重连...
[2026-07-12 10:30:57] [CAM] 摄像头捕获器已释放
[2026-07-12 10:30:57] [CAM] 摄像头未检测到，等待重连...
[2026-07-12 10:30:58] [CAM] 摄像头捕获器已释放
[2026-07-12 10:30:58] [CAM] 摄像头未检测到，等待重连...
[2026-07-12 10:30:58] [CAM] 摄像头捕获器已释放
[2026-07-12 10:30:58] [CAM] 摄像头未检测到，等待重连...
[2026-07-12 10:30:59] [CAM] 摄像头捕获器已释放
[2026-07-12 10:30:59] [CAM] 摄像头未检测到，等待重连...
[2026-07-12 10:30:59] [MIC] 未检测到USB麦克风
[2026-07-12 10:30:59] [CAM] 摄像头捕获器已释放
[2026-07-12 10:30:59] [CAM] 摄像头未检测到，等待重连...
[2026-07-12 10:31:00] [CAM] 摄像头捕获器已释放
[2026-07-12 10:31:00] [CAM] 摄像头未检测到，等待重连...
[2026-07-12 10:31:00] [INFO] 程序收到关闭信号，开始安全退出流程
[2026-07-12 10:31:00] [CAM] 摄像头捕获器已释放
[2026-07-12 10:31:00] [CAM] 摄像头未检测到，等待重连...
[2026-07-12 10:31:01] [CAM] 摄像头捕获器已释放
[2026-07-12 10:31:01] [CAM] 摄像头未检测到，等待重连...
[2026-07-12 10:31:01] [SENSOR] RS485采集线程已停止
[2026-07-12 10:31:01] [CAM] 摄像头捕获器已释放
[2026-07-12 10:31:01] [INFO] 摄像头采集线程正常退出
[2026-07-12 10:31:01] [INFO] 程序正常退出
[2026-07-12 10:31:01] [MIC] 开机未检测到USB麦克风，延时播报
[2026-07-12 10:31:01] [INFO] 程序结束，退出码:0
[2026-07-12 10:31:05] [INFO] ========== 幼儿园AI安全卫士程序启动 ==========
[2026-07-12 10:31:05] [INFO] 主程序窗口初始化完成
[2026-07-12 10:31:05] [SENSOR] RS485传感器采集线程已启动，串口：/dev/ttyUSB0
[2026-07-12 10:31:05] [INFO] AI环境模拟线程启动
[2026-07-12 10:31:05] [INFO] 摄像头采集线程启动
[2026-07-12 10:31:06] [CAM] 摄像头未检测到，等待重连...
[2026-07-12 10:31:08] [NET] 网络已恢复连通
[2026-07-12 10:31:08] [MIC] 开机未检测到USB麦克风，延时播报
[2026-07-12 10:31:08] [CAM] 摄像头捕获器已释放
[2026-07-12 10:31:08] [CAM] 摄像头未检测到，等待重连...
[2026-07-12 10:31:09] [CAM] 摄像头捕获器已释放
[2026-07-12 10:31:09] [CAM] 摄像头未检测到，等待重连...
[2026-07-12 10:31:09] [CAM] 摄像头捕获器已释放
[2026-07-12 10:31:09] [CAM] 摄像头未检测到，等待重连...
[2026-07-12 10:31:10] [CAM] 摄像头捕获器已释放
[2026-07-12 10:31:10] [CAM] 摄像头未检测到，等待重连...
[2026-07-12 10:31:10] [CAM] 摄像头捕获器已释放
[2026-07-12 10:31:10] [CAM] 摄像头未检测到，等待重连...
[2026-07-12 10:31:11] [CAM] 摄像头捕获器已释放
[2026-07-12 10:31:11] [CAM] 摄像头未检测到，等待重连...
[2026-07-12 10:31:11] [CAM] 摄像头捕获器已释放
[2026-07-12 10:31:11] [CAM] 摄像头未检测到，等待重连...
[2026-07-12 10:31:12] [CAM] 摄像头捕获器已释放
[2026-07-12 10:31:12] [CAM] 摄像头未检测到，等待重连...
[2026-07-12 10:31:12] [CAM] 摄像头捕获器已释放
[2026-07-12 10:31:12] [CAM] 摄像头未检测到，等待重连...
[2026-07-12 10:31:13] [CAM] 摄像头捕获器已释放
[2026-07-12 10:31:13] [CAM] 摄像头未检测到，等待重连...
[2026-07-12 10:31:13] [CAM] 摄像头捕获器已释放
[2026-07-12 10:31:13] [CAM] 摄像头未检测到，等待重连...
[2026-07-12 10:31:14] [CAM] 摄像头捕获器已释放
[2026-07-12 10:31:14] [CAM] 摄像头未检测到，等待重连...
[2026-07-12 10:31:14] [CAM] 摄像头捕获器已释放
[2026-07-12 10:31:14] [CAM] 摄像头未检测到，等待重连...
[2026-07-12 10:31:15] [CAM] 摄像头捕获器已释放
[2026-07-12 10:31:15] [CAM] 摄像头未检测到，等待重连...
[2026-07-12 10:31:15] [CAM] 摄像头捕获器已释放
[2026-07-12 10:31:15] [CAM] 摄像头未检测到，等待重连...
[2026-07-12 10:31:16] [CAM] 摄像头捕获器已释放
[2026-07-12 10:31:16] [CAM] 摄像头未检测到，等待重连...
[2026-07-12 10:31:16] [CAM] 摄像头捕获器已释放
[2026-07-12 10:31:16] [CAM] 摄像头未检测到，等待重连...
[2026-07-12 10:31:17] [CAM] 摄像头捕获器已释放
[2026-07-12 10:31:17] [CAM] 摄像头未检测到，等待重连...
[2026-07-12 10:31:17] [CAM] 摄像头捕获器已释放
[2026-07-12 10:31:17] [CAM] 摄像头未检测到，等待重连...
[2026-07-12 10:31:18] [CAM] 摄像头捕获器已释放
[2026-07-12 10:31:18] [CAM] 摄像头未检测到，等待重连...
[2026-07-12 10:31:18] [CAM] 摄像头捕获器已释放
[2026-07-12 10:31:18] [CAM] 摄像头未检测到，等待重连...
[2026-07-12 10:31:19] [CAM] 摄像头捕获器已释放
[2026-07-12 10:31:19] [CAM] 摄像头未检测到，等待重连...
[2026-07-12 10:31:19] [CAM] 摄像头捕获器已释放
[2026-07-12 10:31:19] [CAM] 摄像头未检测到，等待重连...
[2026-07-12 10:31:20] [CAM] 摄像头捕获器已释放
[2026-07-12 10:31:20] [CAM] 摄像头未检测到，等待重连...
[2026-07-12 10:31:20] [MIC] 检测到USB麦克风设备
[2026-07-12 10:31:20] [CAM] 摄像头捕获器已释放
[2026-07-12 10:31:20] [CAM] 摄像头未检测到，等待重连...
[2026-07-12 10:31:21] [CAM] 摄像头捕获器已释放
[2026-07-12 10:31:21] [CAM] 摄像头未检测到，等待重连...
[2026-07-12 10:31:21] [CAM] 摄像头捕获器已释放
[2026-07-12 10:31:21] [CAM] 摄像头未检测到，等待重连...
[2026-07-12 10:31:22] [CAM] 摄像头捕获器已释放
[2026-07-12 10:31:22] [CAM] 摄像头未检测到，等待重连...
[2026-07-12 10:31:22] [CAM] 摄像头捕获器已释放
[2026-07-12 10:31:22] [CAM] 摄像头未检测到，等待重连...
[2026-07-12 10:31:23] [CAM] 摄像头捕获器已释放
[2026-07-12 10:31:23] [CAM] 摄像头未检测到，等待重连...
[2026-07-12 10:31:23] [CAM] 摄像头捕获器已释放
[2026-07-12 10:31:23] [CAM] 摄像头未检测到，等待重连...
[2026-07-12 10:31:24] [CAM] 摄像头捕获器已释放
[2026-07-12 10:31:24] [CAM] 摄像头未检测到，等待重连...
[2026-07-12 10:31:24] [CAM] 摄像头捕获器已释放
[2026-07-12 10:31:24] [CAM] 摄像头未检测到，等待重连...
[2026-07-12 10:31:25] [CAM] 摄像头捕获器已释放
[2026-07-12 10:31:25] [CAM] 摄像头未检测到，等待重连...
[2026-07-12 10:31:25] [INFO] 程序收到关闭信号，开始安全退出流程
[2026-07-12 10:31:25] [CAM] 摄像头捕获器已释放
[2026-07-12 10:31:25] [CAM] 摄像头未检测到，等待重连...
[2026-07-12 10:31:26] [SENSOR] RS485采集线程已停止
[2026-07-12 10:31:26] [CAM] 摄像头捕获器已释放
[2026-07-12 10:31:26] [INFO] 摄像头采集线程正常退出
[2026-07-12 10:31:26] [INFO] 程序正常退出
[2026-07-12 10:31:26] [INFO] 程序结束，退出码:0
[2026-07-12 10:32:11] [INFO] ========== 幼儿园AI安全卫士程序启动 ==========
[2026-07-12 10:32:11] [INFO] 主程序窗口初始化完成
[2026-07-12 10:32:11] [SENSOR] RS485传感器采集线程已启动，串口：/dev/ttyUSB0
[2026-07-12 10:32:11] [INFO] AI环境模拟线程启动
[2026-07-12 10:32:11] [INFO] 摄像头采集线程启动
[2026-07-12 10:32:11] [CAM] 摄像头未检测到，等待重连...
[2026-07-12 10:32:13] [NET] 网络已恢复连通
[2026-07-12 10:32:13] [MIC] 检测到USB麦克风设备
[2026-07-12 10:32:14] [CAM] 摄像头捕获器已释放
[2026-07-12 10:32:14] [CAM] 摄像头未检测到，等待重连...
[2026-07-12 10:32:14] [CAM] 摄像头捕获器已释放
[2026-07-12 10:32:14] [CAM] 摄像头未检测到，等待重连...
[2026-07-12 10:32:15] [CAM] 摄像头捕获器已释放
[2026-07-12 10:32:15] [CAM] 摄像头未检测到，等待重连...
[2026-07-12 10:32:15] [MIC] 未检测到USB麦克风
[2026-07-12 10:32:15] [CAM] 摄像头捕获器已释放
[2026-07-12 10:32:15] [CAM] 摄像头未检测到，等待重连...
[2026-07-12 10:32:16] [CAM] 摄像头捕获器已释放
[2026-07-12 10:32:16] [CAM] 摄像头未检测到，等待重连...
[2026-07-12 10:32:16] [CAM] 摄像头捕获器已释放
[2026-07-12 10:32:16] [CAM] 摄像头未检测到，等待重连...
[2026-07-12 10:32:17] [CAM] 摄像头捕获器已释放
[2026-07-12 10:32:17] [CAM] 摄像头未检测到，等待重连...
[2026-07-12 10:32:17] [MIC] 开机未检测到USB麦克风，延时播报
[2026-07-12 10:32:17] [CAM] 摄像头捕获器已释放
[2026-07-12 10:32:17] [CAM] 摄像头未检测到，等待重连...
[2026-07-12 10:32:18] [CAM] 摄像头捕获器已释放
[2026-07-12 10:32:18] [CAM] 摄像头未检测到，等待重连...
[2026-07-12 10:32:18] [CAM] 摄像头捕获器已释放
[2026-07-12 10:32:18] [CAM] 摄像头未检测到，等待重连...
[2026-07-12 10:32:19] [CAM] 摄像头捕获器已释放
[2026-07-12 10:32:19] [CAM] 摄像头未检测到，等待重连...
[2026-07-12 10:32:19] [CAM] 摄像头捕获器已释放
[2026-07-12 10:32:19] [CAM] 摄像头未检测到，等待重连...
[2026-07-12 10:32:20] [CAM] 摄像头捕获器已释放
[2026-07-12 10:32:20] [CAM] 摄像头未检测到，等待重连...
[2026-07-12 10:32:20] [CAM] 摄像头捕获器已释放
[2026-07-12 10:32:20] [CAM] 摄像头未检测到，等待重连...
[2026-07-12 10:32:21] [CAM] 摄像头捕获器已释放
[2026-07-12 10:32:21] [CAM] 摄像头未检测到，等待重连...
[2026-07-12 10:32:21] [MIC] 检测到USB麦克风设备
[2026-07-12 10:32:21] [CAM] 摄像头捕获器已释放
[2026-07-12 10:32:21] [CAM] 摄像头未检测到，等待重连...
[2026-07-12 10:32:22] [CAM] 摄像头捕获器已释放
[2026-07-12 10:32:22] [CAM] 摄像头未检测到，等待重连...
[2026-07-12 10:32:22] [CAM] 摄像头捕获器已释放
[2026-07-12 10:32:22] [CAM] 摄像头未检测到，等待重连...
[2026-07-12 10:32:23] [CAM] 摄像头捕获器已释放
[2026-07-12 10:32:23] [CAM] 摄像头未检测到，等待重连...
[2026-07-12 10:32:23] [CAM] 摄像头捕获器已释放
[2026-07-12 10:32:23] [CAM] 摄像头未检测到，等待重连...
[2026-07-12 10:32:24] [CAM] 摄像头捕获器已释放
[2026-07-12 10:32:24] [CAM] 摄像头未检测到，等待重连...
[2026-07-12 10:32:24] [CAM] 摄像头捕获器已释放
[2026-07-12 10:32:24] [CAM] 摄像头未检测到，等待重连...
[2026-07-12 10:32:25] [CAM] 摄像头捕获器已释放
[2026-07-12 10:32:25] [CAM] 摄像头未检测到，等待重连...
[2026-07-12 10:32:25] [CAM] 摄像头捕获器已释放
[2026-07-12 10:32:25] [CAM] 摄像头未检测到，等待重连...
[2026-07-12 10:32:26] [CAM] 摄像头捕获器已释放
[2026-07-12 10:32:26] [CAM] 摄像头未检测到，等待重连...
[2026-07-12 10:32:26] [CAM] 摄像头捕获器已释放
[2026-07-12 10:32:26] [CAM] 摄像头未检测到，等待重连...
[2026-07-12 10:32:27] [CAM] 摄像头捕获器已释放
[2026-07-12 10:32:27] [CAM] 摄像头未检测到，等待重连...
[2026-07-12 10:32:27] [CAM] 摄像头捕获器已释放
[2026-07-12 10:32:27] [CAM] 摄像头未检测到，等待重连...
[2026-07-12 10:32:28] [CAM] 摄像头捕获器已释放
[2026-07-12 10:32:28] [CAM] 摄像头未检测到，等待重连...
[2026-07-12 10:32:28] [CAM] 摄像头捕获器已释放
[2026-07-12 10:32:28] [CAM] 摄像头未检测到，等待重连...
[2026-07-12 10:32:29] [CAM] 摄像头捕获器已释放
[2026-07-12 10:32:29] [CAM] 摄像头未检测到，等待重连...
[2026-07-12 10:32:29] [CAM] 摄像头捕获器已释放
[2026-07-12 10:32:29] [CAM] 摄像头未检测到，等待重连...
[2026-07-12 10:32:30] [CAM] 摄像头捕获器已释放
[2026-07-12 10:32:30] [CAM] 摄像头未检测到，等待重连...
[2026-07-12 10:32:30] [CAM] 摄像头捕获器已释放
[2026-07-12 10:32:30] [CAM] 摄像头未检测到，等待重连...
[2026-07-12 10:32:31] [CAM] 摄像头捕获器已释放
[2026-07-12 10:32:31] [CAM] 摄像头未检测到，等待重连...
[2026-07-12 10:32:31] [CAM] 摄像头捕获器已释放
[2026-07-12 10:32:31] [CAM] 摄像头未检测到，等待重连...
[2026-07-12 10:32:32] [CAM] 摄像头捕获器已释放
[2026-07-12 10:32:32] [CAM] 摄像头未检测到，等待重连...
[2026-07-12 10:32:32] [CAM] 摄像头捕获器已释放
[2026-07-12 10:32:32] [CAM] 摄像头未检测到，等待重连...
[2026-07-12 10:32:33] [CAM] 摄像头捕获器已释放
[2026-07-12 10:32:33] [CAM] 摄像头未检测到，等待重连...
[2026-07-12 10:32:33] [CAM] 摄像头捕获器已释放
[2026-07-12 10:32:33] [CAM] 摄像头未检测到，等待重连...
[2026-07-12 10:32:34] [CAM] 摄像头捕获器已释放
[2026-07-12 10:32:34] [CAM] 摄像头未检测到，等待重连...
[2026-07-12 10:32:34] [CAM] 摄像头捕获器已释放
[2026-07-12 10:32:34] [CAM] 摄像头未检测到，等待重连...
[2026-07-12 10:32:35] [CAM] 摄像头捕获器已释放
[2026-07-12 10:32:35] [CAM] 摄像头未检测到，等待重连...
[2026-07-12 10:32:35] [CAM] 摄像头捕获器已释放
[2026-07-12 10:32:35] [CAM] 摄像头未检测到，等待重连...
[2026-07-12 10:32:36] [CAM] 摄像头捕获器已释放
[2026-07-12 10:32:36] [CAM] 摄像头未检测到，等待重连...
[2026-07-12 10:32:36] [CAM] 摄像头捕获器已释放
[2026-07-12 10:32:36] [CAM] 摄像头未检测到，等待重连...
[2026-07-12 10:32:37] [CAM] 摄像头捕获器已释放
[2026-07-12 10:32:37] [CAM] 摄像头未检测到，等待重连...
[2026-07-12 10:32:37] [CAM] 摄像头捕获器已释放
[2026-07-12 10:32:37] [CAM] 摄像头未检测到，等待重连...
[2026-07-12 10:32:38] [CAM] 摄像头捕获器已释放
[2026-07-12 10:32:38] [CAM] 摄像头未检测到，等待重连...
[2026-07-12 10:32:38] [CAM] 摄像头捕获器已释放
[2026-07-12 10:32:38] [CAM] 摄像头未检测到，等待重连...
[2026-07-12 10:32:39] [CAM] 摄像头捕获器已释放
[2026-07-12 10:32:39] [CAM] 摄像头未检测到，等待重连...
[2026-07-12 10:32:39] [CAM] 摄像头捕获器已释放
[2026-07-12 10:32:39] [CAM] 摄像头未检测到，等待重连...
[2026-07-12 10:32:40] [CAM] 摄像头捕获器已释放
[2026-07-12 10:32:40] [CAM] 摄像头未检测到，等待重连...
[2026-07-12 10:32:40] [CAM] 摄像头捕获器已释放
[2026-07-12 10:32:40] [CAM] 摄像头未检测到，等待重连...
[2026-07-12 10:32:41] [CAM] 摄像头捕获器已释放
[2026-07-12 10:32:41] [CAM] 摄像头未检测到，等待重连...
[2026-07-12 10:32:41] [CAM] 摄像头捕获器已释放
[2026-07-12 10:32:41] [CAM] 摄像头未检测到，等待重连...
[2026-07-12 10:32:42] [CAM] 摄像头捕获器已释放
[2026-07-12 10:32:42] [CAM] 摄像头未检测到，等待重连...
[2026-07-12 10:32:42] [CAM] 摄像头捕获器已释放
[2026-07-12 10:32:42] [CAM] 摄像头未检测到，等待重连...
[2026-07-12 10:32:43] [CAM] 摄像头捕获器已释放
[2026-07-12 10:32:43] [CAM] 摄像头未检测到，等待重连...
[2026-07-12 10:32:43] [CAM] 摄像头捕获器已释放
[2026-07-12 10:32:43] [CAM] 摄像头未检测到，等待重连...
[2026-07-12 10:32:44] [CAM] 摄像头捕获器已释放
[2026-07-12 10:32:44] [CAM] 摄像头未检测到，等待重连...
[2026-07-12 10:32:44] [CAM] 摄像头捕获器已释放
[2026-07-12 10:32:44] [CAM] 摄像头未检测到，等待重连...
[2026-07-12 10:32:45] [CAM] 摄像头捕获器已释放
[2026-07-12 10:32:45] [CAM] 摄像头未检测到，等待重连...
[2026-07-12 10:32:45] [CAM] 摄像头捕获器已释放
[2026-07-12 10:32:45] [CAM] 摄像头未检测到，等待重连...
[2026-07-12 10:32:46] [CAM] 摄像头捕获器已释放
[2026-07-12 10:32:46] [CAM] 摄像头未检测到，等待重连...
[2026-07-12 10:32:46] [CAM] 摄像头捕获器已释放
[2026-07-12 10:32:46] [CAM] 摄像头未检测到，等待重连...
[2026-07-12 10:32:47] [CAM] 摄像头捕获器已释放
[2026-07-12 10:32:47] [CAM] 摄像头未检测到，等待重连...
[2026-07-12 10:32:47] [CAM] 摄像头捕获器已释放
[2026-07-12 10:32:47] [CAM] 摄像头未检测到，等待重连...
[2026-07-12 10:32:48] [CAM] 摄像头捕获器已释放
[2026-07-12 10:32:48] [CAM] 摄像头未检测到，等待重连...
[2026-07-12 10:32:48] [CAM] 摄像头捕获器已释放
[2026-07-12 10:32:48] [CAM] 摄像头未检测到，等待重连...
[2026-07-12 10:32:49] [CAM] 摄像头捕获器已释放
[2026-07-12 10:32:49] [CAM] 摄像头未检测到，等待重连...
[2026-07-12 10:32:49] [CAM] 摄像头捕获器已释放
[2026-07-12 10:32:49] [CAM] 摄像头未检测到，等待重连...
[2026-07-12 10:32:50] [CAM] 摄像头捕获器已释放
[2026-07-12 10:32:50] [CAM] 摄像头未检测到，等待重连...
[2026-07-12 10:32:50] [CAM] 摄像头捕获器已释放
[2026-07-12 10:32:50] [CAM] 摄像头未检测到，等待重连...
[2026-07-12 10:32:51] [CAM] 摄像头捕获器已释放
[2026-07-12 10:32:51] [CAM] 摄像头未检测到，等待重连...
[2026-07-12 10:32:51] [CAM] 摄像头捕获器已释放
[2026-07-12 10:32:51] [CAM] 摄像头未检测到，等待重连...
[2026-07-12 10:32:52] [CAM] 摄像头捕获器已释放
[2026-07-12 10:32:52] [CAM] 摄像头未检测到，等待重连...
[2026-07-12 10:32:52] [CAM] 摄像头捕获器已释放
[2026-07-12 10:32:52] [CAM] 摄像头未检测到，等待重连...
[2026-07-12 10:32:53] [CAM] 摄像头捕获器已释放
[2026-07-12 10:32:53] [CAM] 摄像头未检测到，等待重连...
[2026-07-12 10:32:53] [CAM] 摄像头捕获器已释放
[2026-07-12 10:32:53] [CAM] 摄像头未检测到，等待重连...
[2026-07-12 10:32:54] [CAM] 摄像头捕获器已释放
[2026-07-12 10:32:54] [CAM] 摄像头未检测到，等待重连...
[2026-07-12 10:32:54] [CAM] 摄像头捕获器已释放
[2026-07-12 10:32:54] [CAM] 摄像头未检测到，等待重连...
[2026-07-12 10:32:55] [CAM] 摄像头捕获器已释放
[2026-07-12 10:32:55] [CAM] 摄像头未检测到，等待重连...
[2026-07-12 10:32:55] [CAM] 摄像头捕获器已释放
[2026-07-12 10:32:55] [CAM] 摄像头未检测到，等待重连...
[2026-07-12 10:32:56] [CAM] 摄像头捕获器已释放
[2026-07-12 10:32:56] [CAM] 摄像头未检测到，等待重连...
[2026-07-12 10:32:56] [CAM] 摄像头捕获器已释放
[2026-07-12 10:32:56] [CAM] 摄像头未检测到，等待重连...
[2026-07-12 10:32:57] [CAM] 摄像头捕获器已释放
[2026-07-12 10:32:57] [CAM] 摄像头未检测到，等待重连...
[2026-07-12 10:32:57] [CAM] 摄像头捕获器已释放
[2026-07-12 10:32:57] [CAM] 摄像头未检测到，等待重连...
[2026-07-12 10:32:58] [CAM] 摄像头捕获器已释放
[2026-07-12 10:32:58] [CAM] 摄像头未检测到，等待重连...
[2026-07-12 10:32:58] [CAM] 摄像头捕获器已释放
[2026-07-12 10:32:58] [CAM] 摄像头未检测到，等待重连...
[2026-07-12 10:32:59] [CAM] 摄像头捕获器已释放
[2026-07-12 10:32:59] [CAM] 摄像头未检测到，等待重连...
[2026-07-12 10:32:59] [CAM] 摄像头捕获器已释放
[2026-07-12 10:32:59] [CAM] 摄像头未检测到，等待重连...
[2026-07-12 10:33:00] [CAM] 摄像头捕获器已释放
[2026-07-12 10:33:00] [CAM] 摄像头未检测到，等待重连...
[2026-07-12 10:33:00] [CAM] 摄像头捕获器已释放
[2026-07-12 10:33:00] [CAM] 摄像头未检测到，等待重连...
[2026-07-12 10:33:01] [CAM] 摄像头捕获器已释放
[2026-07-12 10:33:01] [CAM] 摄像头未检测到，等待重连...
[2026-07-12 10:33:01] [CAM] 摄像头捕获器已释放
[2026-07-12 10:33:01] [CAM] 摄像头未检测到，等待重连...
[2026-07-12 10:33:02] [CAM] 摄像头捕获器已释放
[2026-07-12 10:33:02] [CAM] 摄像头未检测到，等待重连...
[2026-07-12 10:33:02] [CAM] 摄像头捕获器已释放
[2026-07-12 10:33:02] [CAM] 摄像头未检测到，等待重连...
[2026-07-12 10:33:03] [CAM] 摄像头捕获器已释放
[2026-07-12 10:33:03] [CAM] 摄像头未检测到，等待重连...
[2026-07-12 10:33:03] [CAM] 摄像头捕获器已释放
[2026-07-12 10:33:03] [CAM] 摄像头未检测到，等待重连...
[2026-07-12 10:33:04] [CAM] 摄像头捕获器已释放
[2026-07-12 10:33:04] [CAM] 摄像头未检测到，等待重连...
[2026-07-12 10:33:04] [CAM] 摄像头捕获器已释放
[2026-07-12 10:33:04] [CAM] 摄像头未检测到，等待重连...
[2026-07-12 10:33:05] [CAM] 摄像头捕获器已释放
[2026-07-12 10:33:05] [CAM] 摄像头未检测到，等待重连...
[2026-07-12 10:33:05] [CAM] 摄像头捕获器已释放
[2026-07-12 10:33:05] [CAM] 摄像头未检测到，等待重连...
[2026-07-12 10:33:06] [CAM] 摄像头捕获器已释放
[2026-07-12 10:33:06] [CAM] 摄像头未检测到，等待重连...
[2026-07-12 10:33:06] [CAM] 摄像头捕获器已释放
[2026-07-12 10:33:06] [CAM] 摄像头未检测到，等待重连...
[2026-07-12 10:33:07] [CAM] 摄像头捕获器已释放
[2026-07-12 10:33:07] [CAM] 摄像头未检测到，等待重连...
[2026-07-12 10:33:07] [CAM] 摄像头捕获器已释放
[2026-07-12 10:33:07] [CAM] 摄像头未检测到，等待重连...
[2026-07-12 10:33:08] [CAM] 摄像头捕获器已释放
[2026-07-12 10:33:08] [CAM] 摄像头未检测到，等待重连...
[2026-07-12 10:33:08] [CAM] 摄像头捕获器已释放
[2026-07-12 10:33:08] [CAM] 摄像头未检测到，等待重连...
[2026-07-12 10:33:09] [CAM] 摄像头捕获器已释放
[2026-07-12 10:33:09] [CAM] 摄像头未检测到，等待重连...
[2026-07-12 10:33:09] [CAM] 摄像头捕获器已释放
[2026-07-12 10:33:09] [CAM] 摄像头未检测到，等待重连...
[2026-07-12 10:33:10] [CAM] 摄像头捕获器已释放
[2026-07-12 10:33:10] [CAM] 摄像头未检测到，等待重连...
[2026-07-12 10:33:10] [CAM] 摄像头捕获器已释放
[2026-07-12 10:33:10] [CAM] 摄像头未检测到，等待重连...
[2026-07-12 10:33:11] [CAM] 摄像头捕获器已释放
[2026-07-12 10:33:11] [CAM] 摄像头未检测到，等待重连...
[2026-07-12 10:33:11] [CAM] 摄像头捕获器已释放
[2026-07-12 10:33:11] [CAM] 摄像头未检测到，等待重连...
[2026-07-12 10:33:12] [CAM] 摄像头捕获器已释放
[2026-07-12 10:33:12] [CAM] 摄像头未检测到，等待重连...
[2026-07-12 10:33:12] [CAM] 摄像头捕获器已释放
[2026-07-12 10:33:12] [CAM] 摄像头未检测到，等待重连...
[2026-07-12 10:33:13] [CAM] 摄像头捕获器已释放
[2026-07-12 10:33:13] [CAM] 摄像头未检测到，等待重连...
[2026-07-12 10:33:13] [CAM] 摄像头捕获器已释放
[2026-07-12 10:33:13] [CAM] 摄像头未检测到，等待重连...
[2026-07-12 10:33:14] [CAM] 摄像头捕获器已释放
[2026-07-12 10:33:14] [CAM] 摄像头未检测到，等待重连...
[2026-07-12 10:33:14] [CAM] 摄像头捕获器已释放
[2026-07-12 10:33:14] [CAM] 摄像头未检测到，等待重连...
[2026-07-12 10:33:15] [CAM] 摄像头捕获器已释放
[2026-07-12 10:33:15] [CAM] 摄像头未检测到，等待重连...
[2026-07-12 10:33:15] [CAM] 摄像头捕获器已释放
[2026-07-12 10:33:15] [CAM] 摄像头未检测到，等待重连...
[2026-07-12 10:33:16] [CAM] 摄像头捕获器已释放
[2026-07-12 10:33:16] [CAM] 摄像头未检测到，等待重连...
[2026-07-12 10:33:16] [CAM] 摄像头捕获器已释放
[2026-07-12 10:33:16] [CAM] 摄像头未检测到，等待重连...
[2026-07-12 10:33:17] [CAM] 摄像头捕获器已释放
[2026-07-12 10:33:17] [CAM] 摄像头未检测到，等待重连...
[2026-07-12 10:33:17] [CAM] 摄像头捕获器已释放
[2026-07-12 10:33:17] [CAM] 摄像头未检测到，等待重连...
[2026-07-12 10:33:18] [CAM] 摄像头捕获器已释放
[2026-07-12 10:33:18] [CAM] 摄像头未检测到，等待重连...
[2026-07-12 10:33:18] [CAM] 摄像头捕获器已释放
[2026-07-12 10:33:18] [CAM] 摄像头未检测到，等待重连...
[2026-07-12 10:33:19] [CAM] 摄像头捕获器已释放
[2026-07-12 10:33:19] [CAM] 摄像头未检测到，等待重连...
[2026-07-12 10:33:19] [CAM] 摄像头捕获器已释放
[2026-07-12 10:33:19] [CAM] 摄像头未检测到，等待重连...
[2026-07-12 10:33:20] [CAM] 摄像头捕获器已释放
[2026-07-12 10:33:20] [CAM] 摄像头未检测到，等待重连...
[2026-07-12 10:33:20] [CAM] 摄像头捕获器已释放
[2026-07-12 10:33:20] [CAM] 摄像头未检测到，等待重连...
[2026-07-12 10:33:21] [CAM] 摄像头捕获器已释放
[2026-07-12 10:33:21] [CAM] 摄像头未检测到，等待重连...
[2026-07-12 10:33:21] [CAM] 摄像头捕获器已释放
[2026-07-12 10:33:21] [CAM] 摄像头未检测到，等待重连...
[2026-07-12 10:33:22] [CAM] 摄像头捕获器已释放
[2026-07-12 10:33:22] [CAM] 摄像头未检测到，等待重连...
[2026-07-12 10:33:22] [CAM] 摄像头捕获器已释放
[2026-07-12 10:33:22] [CAM] 摄像头未检测到，等待重连...
[2026-07-12 10:33:23] [CAM] 摄像头捕获器已释放
[2026-07-12 10:33:23] [CAM] 摄像头未检测到，等待重连...
[2026-07-12 10:33:23] [CAM] 摄像头捕获器已释放
[2026-07-12 10:33:23] [CAM] 摄像头未检测到，等待重连...
[2026-07-12 10:33:24] [CAM] 摄像头捕获器已释放
[2026-07-12 10:33:24] [CAM] 摄像头未检测到，等待重连...
[2026-07-12 10:33:24] [CAM] 摄像头捕获器已释放
[2026-07-12 10:33:24] [CAM] 摄像头未检测到，等待重连...
[2026-07-12 10:33:25] [CAM] 摄像头捕获器已释放
[2026-07-12 10:33:25] [CAM] 摄像头未检测到，等待重连...
[2026-07-12 10:33:25] [CAM] 摄像头捕获器已释放
[2026-07-12 10:33:25] [CAM] 摄像头未检测到，等待重连...
[2026-07-12 10:33:26] [CAM] 摄像头捕获器已释放
[2026-07-12 10:33:26] [CAM] 摄像头未检测到，等待重连...
[2026-07-12 10:33:26] [CAM] 摄像头捕获器已释放
[2026-07-12 10:33:26] [CAM] 摄像头未检测到，等待重连...
[2026-07-12 10:33:27] [CAM] 摄像头捕获器已释放
[2026-07-12 10:33:27] [CAM] 摄像头未检测到，等待重连...
[2026-07-12 10:33:27] [CAM] 摄像头捕获器已释放
[2026-07-12 10:33:27] [CAM] 摄像头未检测到，等待重连...
[2026-07-12 10:33:28] [CAM] 摄像头捕获器已释放
[2026-07-12 10:33:28] [CAM] 摄像头未检测到，等待重连...
[2026-07-12 10:33:28] [CAM] 摄像头捕获器已释放
[2026-07-12 10:33:28] [CAM] 摄像头未检测到，等待重连...
[2026-07-12 10:33:29] [CAM] 摄像头捕获器已释放
[2026-07-12 10:33:29] [CAM] 摄像头未检测到，等待重连...
[2026-07-12 10:33:29] [CAM] 摄像头捕获器已释放
[2026-07-12 10:33:29] [CAM] 摄像头未检测到，等待重连...
[2026-07-12 10:33:30] [CAM] 摄像头捕获器已释放
[2026-07-12 10:33:30] [CAM] 摄像头未检测到，等待重连...
[2026-07-12 10:33:30] [CAM] 摄像头捕获器已释放
[2026-07-12 10:33:30] [CAM] 摄像头未检测到，等待重连...
[2026-07-12 10:33:31] [CAM] 摄像头捕获器已释放
[2026-07-12 10:33:31] [CAM] 摄像头未检测到，等待重连...
[2026-07-12 10:33:31] [CAM] 摄像头捕获器已释放
[2026-07-12 10:33:31] [CAM] 摄像头未检测到，等待重连...
[2026-07-12 10:33:32] [CAM] 摄像头捕获器已释放
[2026-07-12 10:33:32] [CAM] 摄像头未检测到，等待重连...
[2026-07-12 10:33:32] [CAM] 摄像头捕获器已释放
[2026-07-12 10:33:32] [CAM] 摄像头未检测到，等待重连...
[2026-07-12 10:33:33] [CAM] 摄像头捕获器已释放
[2026-07-12 10:33:33] [CAM] 摄像头未检测到，等待重连...
[2026-07-12 10:33:33] [CAM] 摄像头捕获器已释放
[2026-07-12 10:33:33] [CAM] 摄像头未检测到，等待重连...
[2026-07-12 10:33:34] [CAM] 摄像头捕获器已释放
[2026-07-12 10:33:34] [CAM] 摄像头未检测到，等待重连...
[2026-07-12 10:33:34] [CAM] 摄像头捕获器已释放
[2026-07-12 10:33:34] [CAM] 摄像头未检测到，等待重连...
[2026-07-12 10:33:35] [CAM] 摄像头捕获器已释放
[2026-07-12 10:33:35] [CAM] 摄像头未检测到，等待重连...
[2026-07-12 10:33:35] [MIC] 未检测到USB麦克风
[2026-07-12 10:33:35] [CAM] 摄像头捕获器已释放
[2026-07-12 10:33:35] [CAM] 摄像头未检测到，等待重连...
[2026-07-12 10:33:36] [CAM] 摄像头捕获器已释放
[2026-07-12 10:33:36] [CAM] 摄像头未检测到，等待重连...
[2026-07-12 10:33:36] [CAM] 摄像头捕获器已释放
[2026-07-12 10:33:36] [CAM] 摄像头未检测到，等待重连...
[2026-07-12 10:33:37] [CAM] 摄像头捕获器已释放
[2026-07-12 10:33:37] [CAM] 摄像头未检测到，等待重连...
[2026-07-12 10:33:37] [MIC] 开机未检测到USB麦克风，延时播报
[2026-07-12 10:33:37] [CAM] 摄像头捕获器已释放
[2026-07-12 10:33:37] [CAM] 摄像头未检测到，等待重连...
[2026-07-12 10:33:38] [CAM] 摄像头捕获器已释放
[2026-07-12 10:33:38] [CAM] 摄像头未检测到，等待重连...
[2026-07-12 10:33:38] [CAM] 摄像头捕获器已释放
[2026-07-12 10:33:38] [CAM] 摄像头未检测到，等待重连...
[2026-07-12 10:33:39] [CAM] 摄像头捕获器已释放
[2026-07-12 10:33:39] [CAM] 摄像头未检测到，等待重连...
[2026-07-12 10:33:39] [CAM] 摄像头捕获器已释放
[2026-07-12 10:33:39] [CAM] 摄像头未检测到，等待重连...
[2026-07-12 10:33:40] [CAM] 摄像头捕获器已释放
[2026-07-12 10:33:40] [CAM] 摄像头未检测到，等待重连...
[2026-07-12 10:33:40] [CAM] 摄像头捕获器已释放
[2026-07-12 10:33:40] [CAM] 摄像头未检测到，等待重连...
[2026-07-12 10:33:41] [CAM] 摄像头捕获器已释放
[2026-07-12 10:33:41] [CAM] 摄像头未检测到，等待重连...
[2026-07-12 10:33:41] [CAM] 摄像头捕获器已释放
[2026-07-12 10:33:41] [CAM] 摄像头未检测到，等待重连...
[2026-07-12 10:33:42] [CAM] 摄像头捕获器已释放
[2026-07-12 10:33:42] [CAM] 摄像头未检测到，等待重连...
[2026-07-12 10:33:42] [CAM] 摄像头捕获器已释放
[2026-07-12 10:33:42] [CAM] 摄像头未检测到，等待重连...
[2026-07-12 10:33:43] [CAM] 摄像头捕获器已释放
[2026-07-12 10:33:43] [CAM] 摄像头未检测到，等待重连...
[2026-07-12 10:33:43] [CAM] 摄像头捕获器已释放
[2026-07-12 10:33:43] [CAM] 摄像头未检测到，等待重连...
[2026-07-12 10:33:44] [CAM] 摄像头捕获器已释放
[2026-07-12 10:33:44] [CAM] 摄像头未检测到，等待重连...
[2026-07-12 10:33:44] [CAM] 摄像头捕获器已释放
[2026-07-12 10:33:44] [CAM] 摄像头未检测到，等待重连...
[2026-07-12 10:33:45] [CAM] 摄像头捕获器已释放
[2026-07-12 10:33:45] [CAM] 摄像头未检测到，等待重连...
[2026-07-12 10:33:45] [CAM] 摄像头捕获器已释放
[2026-07-12 10:33:45] [CAM] 摄像头未检测到，等待重连...
[2026-07-12 10:33:46] [CAM] 摄像头捕获器已释放
[2026-07-12 10:33:46] [CAM] 摄像头未检测到，等待重连...
[2026-07-12 10:33:46] [CAM] 摄像头捕获器已释放
[2026-07-12 10:33:46] [CAM] 摄像头未检测到，等待重连...
[2026-07-12 10:33:47] [CAM] 摄像头捕获器已释放
[2026-07-12 10:33:47] [CAM] 摄像头未检测到，等待重连...
[2026-07-12 10:33:47] [CAM] 摄像头捕获器已释放
[2026-07-12 10:33:47] [CAM] 摄像头未检测到，等待重连...
[2026-07-12 10:33:48] [CAM] 摄像头捕获器已释放
[2026-07-12 10:33:48] [CAM] 摄像头未检测到，等待重连...
[2026-07-12 10:33:48] [CAM] 摄像头捕获器已释放
[2026-07-12 10:33:48] [CAM] 摄像头未检测到，等待重连...
[2026-07-12 10:33:49] [CAM] 摄像头捕获器已释放
[2026-07-12 10:33:49] [CAM] 摄像头未检测到，等待重连...
[2026-07-12 10:33:49] [CAM] 摄像头捕获器已释放
[2026-07-12 10:33:49] [CAM] 摄像头未检测到，等待重连...
[2026-07-12 10:33:50] [CAM] 摄像头捕获器已释放
[2026-07-12 10:33:50] [CAM] 摄像头未检测到，等待重连...
[2026-07-12 10:33:50] [CAM] 摄像头捕获器已释放
[2026-07-12 10:33:50] [CAM] 摄像头未检测到，等待重连...
[2026-07-12 10:33:51] [CAM] 摄像头捕获器已释放
[2026-07-12 10:33:51] [CAM] 摄像头未检测到，等待重连...
[2026-07-12 10:33:51] [CAM] 摄像头捕获器已释放
[2026-07-12 10:33:51] [CAM] 摄像头未检测到，等待重连...
[2026-07-12 10:33:52] [CAM] 摄像头捕获器已释放
[2026-07-12 10:33:52] [CAM] 摄像头未检测到，等待重连...
[2026-07-12 10:33:52] [CAM] 摄像头捕获器已释放
[2026-07-12 10:33:52] [CAM] 摄像头未检测到，等待重连...
[2026-07-12 10:33:53] [CAM] 摄像头捕获器已释放
[2026-07-12 10:33:53] [CAM] 摄像头未检测到，等待重连...
[2026-07-12 10:33:53] [CAM] 摄像头捕获器已释放
[2026-07-12 10:33:53] [CAM] 摄像头未检测到，等待重连...
[2026-07-12 10:33:54] [CAM] 摄像头捕获器已释放
[2026-07-12 10:33:54] [CAM] 摄像头未检测到，等待重连...
[2026-07-12 10:33:54] [CAM] 摄像头捕获器已释放
[2026-07-12 10:33:54] [CAM] 摄像头未检测到，等待重连...
[2026-07-12 10:33:55] [CAM] 摄像头捕获器已释放
[2026-07-12 10:33:55] [CAM] 摄像头未检测到，等待重连...
[2026-07-12 10:33:55] [CAM] 摄像头捕获器已释放
[2026-07-12 10:33:55] [CAM] 摄像头未检测到，等待重连...
[2026-07-12 10:33:56] [CAM] 摄像头捕获器已释放
[2026-07-12 10:33:56] [CAM] 摄像头未检测到，等待重连...
[2026-07-12 10:33:56] [CAM] 摄像头捕获器已释放
[2026-07-12 10:33:56] [CAM] 摄像头未检测到，等待重连...
[2026-07-12 10:33:57] [CAM] 摄像头捕获器已释放
[2026-07-12 10:33:57] [CAM] 摄像头未检测到，等待重连...
[2026-07-12 10:33:57] [CAM] 摄像头捕获器已释放
[2026-07-12 10:33:57] [CAM] 摄像头未检测到，等待重连...
[2026-07-12 10:33:58] [CAM] 摄像头捕获器已释放
[2026-07-12 10:33:58] [CAM] 摄像头未检测到，等待重连...
[2026-07-12 10:33:58] [CAM] 摄像头捕获器已释放
[2026-07-12 10:33:58] [CAM] 摄像头未检测到，等待重连...
[2026-07-12 10:33:59] [CAM] 摄像头捕获器已释放
[2026-07-12 10:33:59] [CAM] 摄像头未检测到，等待重连...
[2026-07-12 10:33:59] [MIC] 检测到USB麦克风设备
[2026-07-12 10:33:59] [CAM] 摄像头捕获器已释放
[2026-07-12 10:33:59] [CAM] 摄像头未检测到，等待重连...
[2026-07-12 10:34:00] [CAM] 摄像头捕获器已释放
[2026-07-12 10:34:00] [CAM] 摄像头未检测到，等待重连...
[2026-07-12 10:34:00] [CAM] 摄像头捕获器已释放
[2026-07-12 10:34:00] [CAM] 摄像头未检测到，等待重连...
[2026-07-12 10:34:01] [CAM] 摄像头捕获器已释放
[2026-07-12 10:34:01] [CAM] 摄像头未检测到，等待重连...
[2026-07-12 10:34:01] [CAM] 摄像头捕获器已释放
[2026-07-12 10:34:01] [CAM] 摄像头未检测到，等待重连...
[2026-07-12 10:34:02] [CAM] 摄像头捕获器已释放
[2026-07-12 10:34:02] [CAM] 摄像头未检测到，等待重连...
[2026-07-12 10:34:02] [CAM] 摄像头捕获器已释放
[2026-07-12 10:34:02] [CAM] 摄像头未检测到，等待重连...
[2026-07-12 10:34:03] [CAM] 摄像头捕获器已释放
[2026-07-12 10:34:03] [CAM] 摄像头未检测到，等待重连...
[2026-07-12 10:34:03] [CAM] 摄像头捕获器已释放
[2026-07-12 10:34:03] [CAM] 摄像头未检测到，等待重连...
[2026-07-12 10:34:04] [CAM] 摄像头捕获器已释放
[2026-07-12 10:34:04] [CAM] 摄像头未检测到，等待重连...
[2026-07-12 10:34:04] [CAM] 摄像头捕获器已释放
[2026-07-12 10:34:04] [CAM] 摄像头未检测到，等待重连...
[2026-07-12 10:34:05] [CAM] 摄像头捕获器已释放
[2026-07-12 10:34:05] [CAM] 摄像头未检测到，等待重连...
[2026-07-12 10:34:05] [CAM] 摄像头捕获器已释放
[2026-07-12 10:34:05] [CAM] 摄像头未检测到，等待重连...
[2026-07-12 10:34:06] [CAM] 摄像头捕获器已释放
[2026-07-12 10:34:06] [CAM] 摄像头未检测到，等待重连...
[2026-07-12 10:34:06] [CAM] 摄像头捕获器已释放
[2026-07-12 10:34:06] [CAM] 摄像头未检测到，等待重连...
[2026-07-12 10:34:07] [CAM] 摄像头捕获器已释放
[2026-07-12 10:34:07] [CAM] 摄像头未检测到，等待重连...
[2026-07-12 10:34:07] [CAM] 摄像头捕获器已释放
[2026-07-12 10:34:07] [CAM] 摄像头未检测到，等待重连...
[2026-07-12 10:34:08] [CAM] 摄像头捕获器已释放
[2026-07-12 10:34:08] [CAM] 摄像头未检测到，等待重连...
[2026-07-12 10:34:08] [CAM] 摄像头捕获器已释放
[2026-07-12 10:34:08] [CAM] 摄像头未检测到，等待重连...
[2026-07-12 10:34:09] [CAM] 摄像头捕获器已释放
[2026-07-12 10:34:09] [CAM] 摄像头未检测到，等待重连...
[2026-07-12 10:34:09] [MIC] 未检测到USB麦克风
[2026-07-12 10:34:09] [CAM] 摄像头捕获器已释放
[2026-07-12 10:34:09] [CAM] 摄像头未检测到，等待重连...
[2026-07-12 10:34:10] [CAM] 摄像头捕获器已释放
[2026-07-12 10:34:10] [CAM] 摄像头未检测到，等待重连...
[2026-07-12 10:34:10] [CAM] 摄像头捕获器已释放
[2026-07-12 10:34:10] [CAM] 摄像头未检测到，等待重连...
[2026-07-12 10:34:11] [CAM] 摄像头捕获器已释放
[2026-07-12 10:34:11] [CAM] 摄像头未检测到，等待重连...
[2026-07-12 10:34:11] [MIC] 开机未检测到USB麦克风，延时播报
[2026-07-12 10:34:11] [CAM] 摄像头捕获器已释放
[2026-07-12 10:34:11] [CAM] 摄像头未检测到，等待重连...
[2026-07-12 10:34:12] [INFO] 程序收到关闭信号，开始安全退出流程
[2026-07-12 10:34:12] [SENSOR] RS485采集线程已停止
[2026-07-12 10:34:12] [CAM] 摄像头捕获器已释放
[2026-07-12 10:34:12] [INFO] 摄像头采集线程正常退出
[2026-07-12 10:34:12] [INFO] 程序正常退出
[2026-07-12 10:34:12] [INFO] 程序结束，退出码:0
[2026-07-12 10:34:16] [INFO] ========== 幼儿园AI安全卫士程序启动 ==========
[2026-07-12 10:34:16] [INFO] 主程序窗口初始化完成
[2026-07-12 10:34:16] [SENSOR] RS485传感器采集线程已启动，串口：/dev/ttyUSB0
[2026-07-12 10:34:16] [INFO] AI环境模拟线程启动
[2026-07-12 10:34:16] [INFO] 摄像头采集线程启动
[2026-07-12 10:34:16] [CAM] 摄像头未检测到，等待重连...
[2026-07-12 10:34:18] [NET] 网络已恢复连通
[2026-07-12 10:34:18] [MIC] 开机未检测到USB麦克风，延时播报
[2026-07-12 10:34:19] [CAM] 摄像头捕获器已释放
[2026-07-12 10:34:19] [CAM] 摄像头未检测到，等待重连...
[2026-07-12 10:34:19] [CAM] 摄像头捕获器已释放
[2026-07-12 10:34:19] [CAM] 摄像头未检测到，等待重连...
[2026-07-12 10:34:20] [CAM] 摄像头捕获器已释放
[2026-07-12 10:34:20] [CAM] 摄像头未检测到，等待重连...
[2026-07-12 10:34:20] [CAM] 摄像头捕获器已释放
[2026-07-12 10:34:20] [CAM] 摄像头未检测到，等待重连...
[2026-07-12 10:34:21] [CAM] 摄像头捕获器已释放
[2026-07-12 10:34:21] [CAM] 摄像头未检测到，等待重连...
[2026-07-12 10:34:21] [CAM] 摄像头捕获器已释放
[2026-07-12 10:34:21] [CAM] 摄像头未检测到，等待重连...
[2026-07-12 10:34:22] [CAM] 摄像头捕获器已释放
[2026-07-12 10:34:22] [CAM] 摄像头未检测到，等待重连...
[2026-07-12 10:34:22] [CAM] 摄像头捕获器已释放
[2026-07-12 10:34:22] [CAM] 摄像头未检测到，等待重连...
[2026-07-12 10:34:23] [CAM] 摄像头捕获器已释放
[2026-07-12 10:34:23] [CAM] 摄像头未检测到，等待重连...
[2026-07-12 10:34:23] [CAM] 摄像头捕获器已释放
[2026-07-12 10:34:23] [CAM] 摄像头未检测到，等待重连...
[2026-07-12 10:34:24] [CAM] 摄像头捕获器已释放
[2026-07-12 10:34:24] [CAM] 摄像头未检测到，等待重连...
[2026-07-12 10:34:24] [CAM] 摄像头捕获器已释放
[2026-07-12 10:34:24] [CAM] 摄像头未检测到，等待重连...
[2026-07-12 10:34:25] [CAM] 摄像头捕获器已释放
[2026-07-12 10:34:25] [CAM] 摄像头未检测到，等待重连...
[2026-07-12 10:34:25] [CAM] 摄像头捕获器已释放
[2026-07-12 10:34:25] [CAM] 摄像头未检测到，等待重连...
[2026-07-12 10:34:26] [CAM] 摄像头捕获器已释放
[2026-07-12 10:34:26] [CAM] 摄像头未检测到，等待重连...
[2026-07-12 10:34:26] [MIC] 检测到USB麦克风设备
[2026-07-12 10:34:26] [CAM] 摄像头捕获器已释放
[2026-07-12 10:34:26] [CAM] 摄像头未检测到，等待重连...
[2026-07-12 10:34:27] [CAM] 摄像头捕获器已释放
[2026-07-12 10:34:27] [CAM] 摄像头未检测到，等待重连...
[2026-07-12 10:34:27] [CAM] 摄像头捕获器已释放
[2026-07-12 10:34:27] [CAM] 摄像头未检测到，等待重连...
[2026-07-12 10:34:28] [CAM] 摄像头捕获器已释放
[2026-07-12 10:34:28] [CAM] 摄像头未检测到，等待重连...
[2026-07-12 10:34:28] [CAM] 摄像头捕获器已释放
[2026-07-12 10:34:28] [CAM] 摄像头未检测到，等待重连...
[2026-07-12 10:34:29] [CAM] 摄像头捕获器已释放
[2026-07-12 10:34:29] [CAM] 摄像头未检测到，等待重连...
[2026-07-12 10:34:29] [CAM] 摄像头捕获器已释放
[2026-07-12 10:34:29] [CAM] 摄像头未检测到，等待重连...
[2026-07-12 10:34:30] [CAM] 摄像头捕获器已释放
[2026-07-12 10:34:30] [CAM] 摄像头未检测到，等待重连...
[2026-07-12 10:34:30] [CAM] 摄像头捕获器已释放
[2026-07-12 10:34:30] [CAM] 摄像头未检测到，等待重连...
[2026-07-12 10:34:30] [INFO] 程序收到关闭信号，开始安全退出流程
[2026-07-12 10:34:31] [CAM] 摄像头捕获器已释放
[2026-07-12 10:34:31] [CAM] 摄像头未检测到，等待重连...
[2026-07-12 10:34:31] [SENSOR] RS485采集线程已停止
[2026-07-12 10:34:31] [CAM] 摄像头捕获器已释放
[2026-07-12 10:34:31] [INFO] 摄像头采集线程正常退出
[2026-07-12 10:34:31] [INFO] 程序正常退出
[2026-07-12 10:34:31] [INFO] 程序结束，退出码:0
[2026-07-12 10:35:08] [INFO] ========== 幼儿园AI安全卫士程序启动 ==========
[2026-07-12 10:35:08] [INFO] 主程序窗口初始化完成
[2026-07-12 10:35:08] [SENSOR] RS485传感器采集线程已启动，串口：/dev/ttyUSB0
[2026-07-12 10:35:08] [INFO] AI环境模拟线程启动
[2026-07-12 10:35:08] [INFO] 摄像头采集线程启动
[2026-07-12 10:35:08] [CAM] 摄像头未检测到，等待重连...
[2026-07-12 10:35:08] [SENSOR] 开机未检测到温湿度传感器，延时播报
[2026-07-12 10:35:10] [NET] 网络已恢复连通
[2026-07-12 10:35:10] [MIC] 检测到USB麦克风设备
[2026-07-12 10:35:11] [CAM] 摄像头捕获器已释放
[2026-07-12 10:35:11] [CAM] 摄像头未检测到，等待重连...
[2026-07-12 10:35:11] [CAM] 摄像头捕获器已释放
[2026-07-12 10:35:11] [CAM] 摄像头未检测到，等待重连...
[2026-07-12 10:35:12] [CAM] 摄像头捕获器已释放
[2026-07-12 10:35:12] [CAM] 摄像头未检测到，等待重连...
[2026-07-12 10:35:12] [CAM] 摄像头捕获器已释放
[2026-07-12 10:35:12] [CAM] 摄像头未检测到，等待重连...
[2026-07-12 10:35:13] [CAM] 摄像头捕获器已释放
[2026-07-12 10:35:13] [CAM] 摄像头未检测到，等待重连...
[2026-07-12 10:35:13] [CAM] 摄像头捕获器已释放
[2026-07-12 10:35:13] [CAM] 摄像头未检测到，等待重连...
[2026-07-12 10:35:14] [CAM] 摄像头捕获器已释放
[2026-07-12 10:35:14] [CAM] 摄像头未检测到，等待重连...
[2026-07-12 10:35:14] [CAM] 摄像头捕获器已释放
[2026-07-12 10:35:14] [CAM] 摄像头未检测到，等待重连...
[2026-07-12 10:35:15] [CAM] 摄像头捕获器已释放
[2026-07-12 10:35:15] [CAM] 摄像头未检测到，等待重连...
[2026-07-12 10:35:15] [CAM] 摄像头捕获器已释放
[2026-07-12 10:35:15] [CAM] 摄像头未检测到，等待重连...
[2026-07-12 10:35:16] [CAM] 摄像头捕获器已释放
[2026-07-12 10:35:16] [CAM] 摄像头未检测到，等待重连...
[2026-07-12 10:35:16] [CAM] 摄像头捕获器已释放
[2026-07-12 10:35:16] [CAM] 摄像头未检测到，等待重连...
[2026-07-12 10:35:17] [CAM] 摄像头捕获器已释放
[2026-07-12 10:35:17] [CAM] 摄像头未检测到，等待重连...
[2026-07-12 10:35:17] [CAM] 摄像头捕获器已释放
[2026-07-12 10:35:17] [CAM] 摄像头未检测到，等待重连...
[2026-07-12 10:35:18] [CAM] 摄像头捕获器已释放
[2026-07-12 10:35:18] [CAM] 摄像头未检测到，等待重连...
[2026-07-12 10:35:18] [CAM] 摄像头捕获器已释放
[2026-07-12 10:35:18] [CAM] 摄像头未检测到，等待重连...
[2026-07-12 10:35:19] [CAM] 摄像头捕获器已释放
[2026-07-12 10:35:19] [CAM] 摄像头未检测到，等待重连...
[2026-07-12 10:35:19] [CAM] 摄像头捕获器已释放
[2026-07-12 10:35:19] [CAM] 摄像头未检测到，等待重连...
[2026-07-12 10:35:20] [CAM] 摄像头捕获器已释放
[2026-07-12 10:35:20] [CAM] 摄像头未检测到，等待重连...
[2026-07-12 10:35:20] [CAM] 摄像头捕获器已释放
[2026-07-12 10:35:20] [CAM] 摄像头未检测到，等待重连...
[2026-07-12 10:35:21] [CAM] 摄像头捕获器已释放
[2026-07-12 10:35:21] [CAM] 摄像头未检测到，等待重连...
[2026-07-12 10:35:21] [CAM] 摄像头捕获器已释放
[2026-07-12 10:35:21] [CAM] 摄像头未检测到，等待重连...
[2026-07-12 10:35:22] [CAM] 摄像头捕获器已释放
[2026-07-12 10:35:22] [CAM] 摄像头已连接 分辨率1280*720 真实帧率30.0
[2026-07-12 10:35:22] [CAM] 摄像头设备状态变为正常
[2026-07-12 10:35:24] [ERROR] 摄像头读取帧失败，断开重连
[2026-07-12 10:35:24] [CAM] 摄像头设备断开...........................................
[2026-07-12 10:35:24] [CAM] 摄像头捕获器已释放
[2026-07-12 10:35:25] [CAM] 摄像头未检测到，等待重连...
[2026-07-12 10:35:27] [CAM] 摄像头捕获器已释放
[2026-07-12 10:35:27] [CAM] 摄像头未检测到，等待重连...
[2026-07-12 10:35:28] [CAM] 摄像头捕获器已释放
[2026-07-12 10:35:28] [CAM] 摄像头未检测到，等待重连...
[2026-07-12 10:35:28] [CAM] 摄像头捕获器已释放
[2026-07-12 10:35:28] [CAM] 摄像头未检测到，等待重连...
[2026-07-12 10:35:29] [CAM] 摄像头捕获器已释放
[2026-07-12 10:35:29] [CAM] 摄像头未检测到，等待重连...
[2026-07-12 10:35:29] [CAM] 摄像头捕获器已释放
[2026-07-12 10:35:29] [CAM] 摄像头未检测到，等待重连...
[2026-07-12 10:35:30] [CAM] 摄像头捕获器已释放
[2026-07-12 10:35:30] [CAM] 摄像头未检测到，等待重连...
[2026-07-12 10:35:30] [CAM] 摄像头捕获器已释放
[2026-07-12 10:35:30] [CAM] 摄像头未检测到，等待重连...
[2026-07-12 10:35:31] [CAM] 摄像头捕获器已释放
[2026-07-12 10:35:31] [CAM] 摄像头未检测到，等待重连...
[2026-07-12 10:35:31] [CAM] 摄像头捕获器已释放
[2026-07-12 10:35:31] [CAM] 摄像头未检测到，等待重连...
[2026-07-12 10:35:32] [CAM] 摄像头捕获器已释放
[2026-07-12 10:35:32] [CAM] 摄像头未检测到，等待重连...
[2026-07-12 10:35:32] [CAM] 摄像头捕获器已释放
[2026-07-12 10:35:32] [CAM] 摄像头未检测到，等待重连...
[2026-07-12 10:35:33] [CAM] 摄像头捕获器已释放
[2026-07-12 10:35:33] [CAM] 摄像头未检测到，等待重连...
[2026-07-12 10:35:33] [CAM] 摄像头捕获器已释放
[2026-07-12 10:35:33] [CAM] 摄像头未检测到，等待重连...
[2026-07-12 10:35:34] [CAM] 摄像头捕获器已释放
[2026-07-12 10:35:34] [CAM] 摄像头未检测到，等待重连...
[2026-07-12 10:35:34] [CAM] 摄像头捕获器已释放
[2026-07-12 10:35:34] [CAM] 摄像头未检测到，等待重连...
[2026-07-12 10:35:35] [CAM] 摄像头捕获器已释放
[2026-07-12 10:35:35] [CAM] 摄像头未检测到，等待重连...
[2026-07-12 10:35:35] [CAM] 摄像头捕获器已释放
[2026-07-12 10:35:35] [CAM] 摄像头未检测到，等待重连...
[2026-07-12 10:35:36] [CAM] 摄像头捕获器已释放
[2026-07-12 10:35:36] [CAM] 摄像头未检测到，等待重连...
[2026-07-12 10:35:36] [CAM] 摄像头捕获器已释放
[2026-07-12 10:35:36] [CAM] 摄像头未检测到，等待重连...
[2026-07-12 10:35:37] [CAM] 摄像头捕获器已释放
[2026-07-12 10:35:37] [CAM] 摄像头未检测到，等待重连...
[2026-07-12 10:35:37] [CAM] 摄像头捕获器已释放
[2026-07-12 10:35:37] [CAM] 摄像头未检测到，等待重连...
[2026-07-12 10:35:38] [CAM] 摄像头捕获器已释放
[2026-07-12 10:35:38] [CAM] 摄像头未检测到，等待重连...
[2026-07-12 10:35:38] [CAM] 摄像头捕获器已释放
[2026-07-12 10:35:38] [CAM] 摄像头未检测到，等待重连...
[2026-07-12 10:35:39] [CAM] 摄像头捕获器已释放
[2026-07-12 10:35:39] [CAM] 摄像头未检测到，等待重连...
[2026-07-12 10:35:39] [CAM] 摄像头捕获器已释放
[2026-07-12 10:35:39] [CAM] 摄像头未检测到，等待重连...
[2026-07-12 10:35:40] [CAM] 摄像头捕获器已释放
[2026-07-12 10:35:40] [CAM] 摄像头未检测到，等待重连...
[2026-07-12 10:35:40] [CAM] 摄像头捕获器已释放
[2026-07-12 10:35:40] [CAM] 摄像头未检测到，等待重连...
[2026-07-12 10:35:41] [CAM] 摄像头捕获器已释放
[2026-07-12 10:35:41] [CAM] 摄像头未检测到，等待重连...
[2026-07-12 10:35:41] [CAM] 摄像头捕获器已释放
[2026-07-12 10:35:41] [CAM] 摄像头未检测到，等待重连...
[2026-07-12 10:35:42] [CAM] 摄像头捕获器已释放
[2026-07-12 10:35:42] [CAM] 摄像头未检测到，等待重连...
[2026-07-12 10:35:42] [CAM] 摄像头捕获器已释放
[2026-07-12 10:35:42] [CAM] 摄像头未检测到，等待重连...
[2026-07-12 10:35:43] [CAM] 摄像头捕获器已释放
[2026-07-12 10:35:43] [CAM] 摄像头未检测到，等待重连...
[2026-07-12 10:35:43] [CAM] 摄像头捕获器已释放
[2026-07-12 10:35:43] [CAM] 摄像头未检测到，等待重连...
[2026-07-12 10:35:44] [CAM] 摄像头捕获器已释放
[2026-07-12 10:35:44] [CAM] 摄像头未检测到，等待重连...
[2026-07-12 10:35:44] [SENSOR] 温湿度传感器在线，温度:29.7℃ 湿度:64.9%RH
[2026-07-12 10:35:44] [CAM] 摄像头捕获器已释放
[2026-07-12 10:35:44] [CAM] 摄像头未检测到，等待重连...
[2026-07-12 10:35:45] [CAM] 摄像头捕获器已释放
[2026-07-12 10:35:45] [CAM] 摄像头未检测到，等待重连...
[2026-07-12 10:35:45] [CAM] 摄像头捕获器已释放
[2026-07-12 10:35:45] [CAM] 摄像头未检测到，等待重连...
[2026-07-12 10:35:46] [CAM] 摄像头捕获器已释放
[2026-07-12 10:35:46] [CAM] 摄像头未检测到，等待重连...
[2026-07-12 10:35:46] [CAM] 摄像头捕获器已释放
[2026-07-12 10:35:46] [CAM] 摄像头未检测到，等待重连...
[2026-07-12 10:35:47] [CAM] 摄像头捕获器已释放
[2026-07-12 10:35:47] [CAM] 摄像头未检测到，等待重连...
[2026-07-12 10:35:47] [CAM] 摄像头捕获器已释放
[2026-07-12 10:35:47] [CAM] 摄像头未检测到，等待重连...
[2026-07-12 10:35:48] [CAM] 摄像头捕获器已释放
[2026-07-12 10:35:48] [CAM] 摄像头未检测到，等待重连...
[2026-07-12 10:35:48] [CAM] 摄像头捕获器已释放
[2026-07-12 10:35:48] [CAM] 摄像头未检测到，等待重连...
[2026-07-12 10:35:49] [CAM] 摄像头捕获器已释放
[2026-07-12 10:35:49] [CAM] 摄像头未检测到，等待重连...
[2026-07-12 10:35:49] [CAM] 摄像头捕获器已释放
[2026-07-12 10:35:49] [CAM] 摄像头未检测到，等待重连...
[2026-07-12 10:35:50] [CAM] 摄像头捕获器已释放
[2026-07-12 10:35:50] [CAM] 摄像头未检测到，等待重连...
[2026-07-12 10:35:50] [INFO] 程序收到关闭信号，开始安全退出流程
[2026-07-12 10:35:50] [SENSOR] RS485采集线程已停止
[2026-07-12 10:35:50] [CAM] 摄像头捕获器已释放
[2026-07-12 10:35:50] [INFO] 摄像头采集线程正常退出
[2026-07-12 10:35:50] [INFO] 程序正常退出
[2026-07-12 10:35:50] [INFO] 程序结束，退出码:0
[2026-07-12 10:35:53] [INFO] ========== 幼儿园AI安全卫士程序启动 ==========
[2026-07-12 10:35:53] [INFO] 主程序窗口初始化完成
[2026-07-12 10:35:53] [SENSOR] RS485传感器采集线程已启动，串口：/dev/ttyUSB0
[2026-07-12 10:35:53] [INFO] AI环境模拟线程启动
[2026-07-12 10:35:53] [INFO] 摄像头采集线程启动
[2026-07-12 10:35:53] [CAM] 摄像头未检测到，等待重连...
[2026-07-12 10:35:53] [SENSOR] 温湿度传感器在线，温度:29.7℃ 湿度:65.4%RH
[2026-07-12 10:35:55] [NET] 网络已恢复连通
[2026-07-12 10:35:55] [MIC] 检测到USB麦克风设备
[2026-07-12 10:35:56] [CAM] 摄像头捕获器已释放
[2026-07-12 10:35:56] [CAM] 摄像头未检测到，等待重连...
[2026-07-12 10:35:56] [CAM] 摄像头捕获器已释放
[2026-07-12 10:35:56] [CAM] 摄像头未检测到，等待重连...
[2026-07-12 10:35:57] [CAM] 摄像头捕获器已释放
[2026-07-12 10:35:57] [CAM] 摄像头未检测到，等待重连...
[2026-07-12 10:35:57] [CAM] 摄像头捕获器已释放
[2026-07-12 10:35:57] [CAM] 摄像头未检测到，等待重连...
[2026-07-12 10:35:58] [CAM] 摄像头捕获器已释放
[2026-07-12 10:35:58] [CAM] 摄像头未检测到，等待重连...
[2026-07-12 10:35:58] [CAM] 摄像头捕获器已释放
[2026-07-12 10:35:58] [CAM] 摄像头未检测到，等待重连...
[2026-07-12 10:35:59] [CAM] 摄像头捕获器已释放
[2026-07-12 10:35:59] [CAM] 摄像头未检测到，等待重连...
[2026-07-12 10:35:59] [CAM] 摄像头捕获器已释放
[2026-07-12 10:35:59] [CAM] 摄像头未检测到，等待重连...
[2026-07-12 10:36:00] [CAM] 摄像头捕获器已释放
[2026-07-12 10:36:00] [CAM] 摄像头未检测到，等待重连...
[2026-07-12 10:36:00] [CAM] 摄像头捕获器已释放
[2026-07-12 10:36:00] [CAM] 摄像头未检测到，等待重连...
[2026-07-12 10:36:01] [CAM] 摄像头捕获器已释放
[2026-07-12 10:36:01] [CAM] 摄像头未检测到，等待重连...
[2026-07-12 10:36:01] [CAM] 摄像头捕获器已释放
[2026-07-12 10:36:01] [CAM] 摄像头未检测到，等待重连...
[2026-07-12 10:36:01] [ERROR] 温湿度传感器离线/读取失败
[2026-07-12 10:36:02] [CAM] 摄像头捕获器已释放
[2026-07-12 10:36:02] [CAM] 摄像头未检测到，等待重连...
[2026-07-12 10:36:02] [CAM] 摄像头捕获器已释放
[2026-07-12 10:36:02] [CAM] 摄像头未检测到，等待重连...
[2026-07-12 10:36:02] [SENSOR] 开机未检测到温湿度传感器，延时播报
[2026-07-12 10:36:03] [CAM] 摄像头捕获器已释放
[2026-07-12 10:36:03] [CAM] 摄像头未检测到，等待重连...
[2026-07-12 10:36:03] [CAM] 摄像头捕获器已释放
[2026-07-12 10:36:03] [CAM] 摄像头未检测到，等待重连...
[2026-07-12 10:36:04] [CAM] 摄像头捕获器已释放
[2026-07-12 10:36:04] [CAM] 摄像头未检测到，等待重连...
[2026-07-12 10:36:04] [CAM] 摄像头捕获器已释放
[2026-07-12 10:36:04] [CAM] 摄像头未检测到，等待重连...
[2026-07-12 10:36:05] [CAM] 摄像头捕获器已释放
[2026-07-12 10:36:05] [CAM] 摄像头未检测到，等待重连...
[2026-07-12 10:36:05] [CAM] 摄像头捕获器已释放
[2026-07-12 10:36:05] [CAM] 摄像头未检测到，等待重连...
[2026-07-12 10:36:06] [CAM] 摄像头捕获器已释放
[2026-07-12 10:36:06] [CAM] 摄像头未检测到，等待重连...
[2026-07-12 10:36:06] [CAM] 摄像头捕获器已释放
[2026-07-12 10:36:06] [CAM] 摄像头未检测到，等待重连...
[2026-07-12 10:36:07] [CAM] 摄像头捕获器已释放
[2026-07-12 10:36:07] [CAM] 摄像头未检测到，等待重连...
[2026-07-12 10:36:07] [CAM] 摄像头捕获器已释放
[2026-07-12 10:36:07] [CAM] 摄像头未检测到，等待重连...
[2026-07-12 10:36:08] [CAM] 摄像头捕获器已释放
[2026-07-12 10:36:08] [CAM] 摄像头未检测到，等待重连...
[2026-07-12 10:36:08] [CAM] 摄像头捕获器已释放
[2026-07-12 10:36:08] [CAM] 摄像头未检测到，等待重连...
[2026-07-12 10:36:09] [CAM] 摄像头捕获器已释放
[2026-07-12 10:36:09] [CAM] 摄像头未检测到，等待重连...
[2026-07-12 10:36:09] [CAM] 摄像头捕获器已释放
[2026-07-12 10:36:09] [CAM] 摄像头未检测到，等待重连...
[2026-07-12 10:36:10] [CAM] 摄像头捕获器已释放
[2026-07-12 10:36:10] [CAM] 摄像头未检测到，等待重连...
[2026-07-12 10:36:10] [CAM] 摄像头捕获器已释放
[2026-07-12 10:36:10] [CAM] 摄像头未检测到，等待重连...
[2026-07-12 10:36:11] [CAM] 摄像头捕获器已释放
[2026-07-12 10:36:11] [CAM] 摄像头未检测到，等待重连...
[2026-07-12 10:36:11] [CAM] 摄像头捕获器已释放
[2026-07-12 10:36:11] [CAM] 摄像头未检测到，等待重连...
[2026-07-12 10:36:12] [CAM] 摄像头捕获器已释放
[2026-07-12 10:36:12] [CAM] 摄像头未检测到，等待重连...
[2026-07-12 10:36:12] [CAM] 摄像头捕获器已释放
[2026-07-12 10:36:12] [CAM] 摄像头未检测到，等待重连...
[2026-07-12 10:36:13] [CAM] 摄像头捕获器已释放
[2026-07-12 10:36:13] [CAM] 摄像头未检测到，等待重连...
[2026-07-12 10:36:13] [CAM] 摄像头捕获器已释放
[2026-07-12 10:36:13] [CAM] 摄像头未检测到，等待重连...
[2026-07-12 10:36:14] [CAM] 摄像头捕获器已释放
[2026-07-12 10:36:14] [CAM] 摄像头未检测到，等待重连...
[2026-07-12 10:36:14] [CAM] 摄像头捕获器已释放
[2026-07-12 10:36:14] [CAM] 摄像头未检测到，等待重连...
[2026-07-12 10:36:15] [CAM] 摄像头捕获器已释放
[2026-07-12 10:36:15] [CAM] 摄像头未检测到，等待重连...
[2026-07-12 10:36:15] [CAM] 摄像头捕获器已释放
[2026-07-12 10:36:15] [CAM] 摄像头未检测到，等待重连...
[2026-07-12 10:36:16] [CAM] 摄像头捕获器已释放
[2026-07-12 10:36:16] [CAM] 摄像头未检测到，等待重连...
[2026-07-12 10:36:16] [CAM] 摄像头捕获器已释放
[2026-07-12 10:36:16] [CAM] 摄像头未检测到，等待重连...
[2026-07-12 10:36:17] [CAM] 摄像头捕获器已释放
[2026-07-12 10:36:17] [CAM] 摄像头未检测到，等待重连...
[2026-07-12 10:36:17] [CAM] 摄像头捕获器已释放
[2026-07-12 10:36:17] [CAM] 摄像头未检测到，等待重连...
[2026-07-12 10:36:18] [CAM] 摄像头捕获器已释放
[2026-07-12 10:36:18] [CAM] 摄像头未检测到，等待重连...
[2026-07-12 10:36:18] [CAM] 摄像头捕获器已释放
[2026-07-12 10:36:18] [CAM] 摄像头未检测到，等待重连...
[2026-07-12 10:36:19] [CAM] 摄像头捕获器已释放
[2026-07-12 10:36:19] [CAM] 摄像头未检测到，等待重连...
[2026-07-12 10:36:19] [CAM] 摄像头捕获器已释放
[2026-07-12 10:36:19] [CAM] 摄像头未检测到，等待重连...
[2026-07-12 10:36:20] [CAM] 摄像头捕获器已释放
[2026-07-12 10:36:20] [CAM] 摄像头未检测到，等待重连...
[2026-07-12 10:36:20] [CAM] 摄像头捕获器已释放
[2026-07-12 10:36:20] [CAM] 摄像头未检测到，等待重连...
[2026-07-12 10:36:21] [CAM] 摄像头捕获器已释放
[2026-07-12 10:36:21] [CAM] 摄像头未检测到，等待重连...
[2026-07-12 10:36:21] [CAM] 摄像头捕获器已释放
[2026-07-12 10:36:21] [CAM] 摄像头未检测到，等待重连...
[2026-07-12 10:36:22] [CAM] 摄像头捕获器已释放
[2026-07-12 10:36:22] [CAM] 摄像头未检测到，等待重连...
[2026-07-12 10:36:22] [CAM] 摄像头捕获器已释放
[2026-07-12 10:36:22] [CAM] 摄像头未检测到，等待重连...
[2026-07-12 10:36:23] [CAM] 摄像头捕获器已释放
[2026-07-12 10:36:23] [CAM] 摄像头未检测到，等待重连...
[2026-07-12 10:36:23] [CAM] 摄像头捕获器已释放
[2026-07-12 10:36:23] [CAM] 摄像头未检测到，等待重连...
[2026-07-12 10:36:24] [CAM] 摄像头捕获器已释放
[2026-07-12 10:36:24] [CAM] 摄像头未检测到，等待重连...
[2026-07-12 10:36:24] [CAM] 摄像头捕获器已释放
[2026-07-12 10:36:24] [CAM] 摄像头未检测到，等待重连...
[2026-07-12 10:36:25] [CAM] 摄像头捕获器已释放
[2026-07-12 10:36:25] [CAM] 摄像头未检测到，等待重连...
[2026-07-12 10:36:25] [CAM] 摄像头捕获器已释放
[2026-07-12 10:36:25] [CAM] 摄像头未检测到，等待重连...
[2026-07-12 10:36:26] [CAM] 摄像头捕获器已释放
[2026-07-12 10:36:26] [CAM] 摄像头未检测到，等待重连...
[2026-07-12 10:36:26] [CAM] 摄像头捕获器已释放
[2026-07-12 10:36:26] [CAM] 摄像头未检测到，等待重连...
[2026-07-12 10:36:27] [CAM] 摄像头捕获器已释放
[2026-07-12 10:36:27] [CAM] 摄像头未检测到，等待重连...
[2026-07-12 10:36:27] [CAM] 摄像头捕获器已释放
[2026-07-12 10:36:27] [CAM] 摄像头未检测到，等待重连...
[2026-07-12 10:36:28] [CAM] 摄像头捕获器已释放
[2026-07-12 10:36:28] [CAM] 摄像头未检测到，等待重连...
[2026-07-12 10:36:28] [CAM] 摄像头捕获器已释放
[2026-07-12 10:36:28] [CAM] 摄像头未检测到，等待重连...
[2026-07-12 10:36:29] [CAM] 摄像头捕获器已释放
[2026-07-12 10:36:29] [CAM] 摄像头未检测到，等待重连...
[2026-07-12 10:36:29] [CAM] 摄像头捕获器已释放
[2026-07-12 10:36:29] [CAM] 摄像头未检测到，等待重连...
[2026-07-12 10:36:30] [CAM] 摄像头捕获器已释放
[2026-07-12 10:36:30] [CAM] 摄像头未检测到，等待重连...
[2026-07-12 10:36:30] [CAM] 摄像头捕获器已释放
[2026-07-12 10:36:30] [CAM] 摄像头未检测到，等待重连...
[2026-07-12 10:36:31] [CAM] 摄像头捕获器已释放
[2026-07-12 10:36:31] [CAM] 摄像头未检测到，等待重连...
[2026-07-12 10:36:31] [CAM] 摄像头捕获器已释放
[2026-07-12 10:36:31] [CAM] 摄像头未检测到，等待重连...
[2026-07-12 10:36:32] [CAM] 摄像头捕获器已释放
[2026-07-12 10:36:32] [CAM] 摄像头未检测到，等待重连...
[2026-07-12 10:36:32] [CAM] 摄像头捕获器已释放
[2026-07-12 10:36:32] [CAM] 摄像头未检测到，等待重连...
[2026-07-12 10:36:33] [CAM] 摄像头捕获器已释放
[2026-07-12 10:36:33] [CAM] 摄像头未检测到，等待重连...
[2026-07-12 10:36:33] [CAM] 摄像头捕获器已释放
[2026-07-12 10:36:33] [CAM] 摄像头未检测到，等待重连...
[2026-07-12 10:36:34] [CAM] 摄像头捕获器已释放
[2026-07-12 10:36:34] [CAM] 摄像头未检测到，等待重连...
[2026-07-12 10:36:34] [CAM] 摄像头捕获器已释放
[2026-07-12 10:36:34] [CAM] 摄像头未检测到，等待重连...
[2026-07-12 10:36:35] [CAM] 摄像头捕获器已释放
[2026-07-12 10:36:35] [CAM] 摄像头未检测到，等待重连...
[2026-07-12 10:36:35] [INFO] 程序收到关闭信号，开始安全退出流程
[2026-07-12 10:36:35] [CAM] 摄像头捕获器已释放
[2026-07-12 10:36:35] [CAM] 摄像头未检测到，等待重连...
[2026-07-12 10:36:36] [SENSOR] RS485采集线程已停止
[2026-07-12 10:36:36] [CAM] 摄像头捕获器已释放
[2026-07-12 10:36:36] [INFO] 摄像头采集线程正常退出
[2026-07-12 10:36:36] [INFO] 程序正常退出
[2026-07-12 10:36:36] [INFO] 程序结束，退出码:0
[2026-07-12 10:36:38] [INFO] ========== 幼儿园AI安全卫士程序启动 ==========
[2026-07-12 10:36:38] [INFO] 主程序窗口初始化完成
[2026-07-12 10:36:38] [SENSOR] RS485传感器采集线程已启动，串口：/dev/ttyUSB0
[2026-07-12 10:36:38] [INFO] AI环境模拟线程启动
[2026-07-12 10:36:38] [INFO] 摄像头采集线程启动
[2026-07-12 10:36:39] [CAM] 摄像头未检测到，等待重连...
[2026-07-12 10:36:39] [SENSOR] 开机未检测到温湿度传感器，延时播报
[2026-07-12 10:36:41] [NET] 网络已恢复连通
[2026-07-12 10:36:41] [MIC] 检测到USB麦克风设备
[2026-07-12 10:36:41] [CAM] 摄像头捕获器已释放
[2026-07-12 10:36:41] [CAM] 摄像头未检测到，等待重连...
[2026-07-12 10:36:42] [CAM] 摄像头捕获器已释放
[2026-07-12 10:36:42] [CAM] 摄像头未检测到，等待重连...
[2026-07-12 10:36:42] [CAM] 摄像头捕获器已释放
[2026-07-12 10:36:42] [CAM] 摄像头未检测到，等待重连...
[2026-07-12 10:36:43] [CAM] 摄像头捕获器已释放
[2026-07-12 10:36:43] [CAM] 摄像头未检测到，等待重连...
[2026-07-12 10:36:43] [CAM] 摄像头捕获器已释放
[2026-07-12 10:36:43] [CAM] 摄像头未检测到，等待重连...
[2026-07-12 10:36:44] [CAM] 摄像头捕获器已释放
[2026-07-12 10:36:44] [CAM] 摄像头未检测到，等待重连...
[2026-07-12 10:36:44] [CAM] 摄像头捕获器已释放
[2026-07-12 10:36:44] [CAM] 摄像头未检测到，等待重连...
[2026-07-12 10:36:45] [CAM] 摄像头捕获器已释放
[2026-07-12 10:36:45] [CAM] 摄像头未检测到，等待重连...
[2026-07-12 10:36:45] [CAM] 摄像头捕获器已释放
[2026-07-12 10:36:45] [CAM] 摄像头未检测到，等待重连...
[2026-07-12 10:36:46] [CAM] 摄像头捕获器已释放
[2026-07-12 10:36:46] [CAM] 摄像头未检测到，等待重连...
[2026-07-12 10:36:46] [CAM] 摄像头捕获器已释放
[2026-07-12 10:36:46] [CAM] 摄像头未检测到，等待重连...
[2026-07-12 10:36:47] [CAM] 摄像头捕获器已释放
[2026-07-12 10:36:47] [CAM] 摄像头未检测到，等待重连...
[2026-07-12 10:36:47] [CAM] 摄像头捕获器已释放
[2026-07-12 10:36:47] [CAM] 摄像头未检测到，等待重连...
[2026-07-12 10:36:48] [CAM] 摄像头捕获器已释放
[2026-07-12 10:36:48] [CAM] 摄像头未检测到，等待重连...
[2026-07-12 10:36:48] [CAM] 摄像头捕获器已释放
[2026-07-12 10:36:48] [CAM] 摄像头未检测到，等待重连...
[2026-07-12 10:36:49] [CAM] 摄像头捕获器已释放
[2026-07-12 10:36:49] [CAM] 摄像头未检测到，等待重连...
[2026-07-12 10:36:49] [MIC] 未检测到USB麦克风
[2026-07-12 10:36:49] [CAM] 摄像头捕获器已释放
[2026-07-12 10:36:49] [CAM] 摄像头未检测到，等待重连...
[2026-07-12 10:36:50] [CAM] 摄像头捕获器已释放
[2026-07-12 10:36:50] [CAM] 摄像头未检测到，等待重连...
[2026-07-12 10:36:50] [CAM] 摄像头捕获器已释放
[2026-07-12 10:36:50] [CAM] 摄像头未检测到，等待重连...
[2026-07-12 10:36:51] [CAM] 摄像头捕获器已释放
[2026-07-12 10:36:51] [CAM] 摄像头未检测到，等待重连...
[2026-07-12 10:36:51] [MIC] 开机未检测到USB麦克风，延时播报
[2026-07-12 10:36:51] [CAM] 摄像头捕获器已释放
[2026-07-12 10:36:51] [CAM] 摄像头未检测到，等待重连...
[2026-07-12 10:36:52] [CAM] 摄像头捕获器已释放
[2026-07-12 10:36:52] [CAM] 摄像头未检测到，等待重连...
[2026-07-12 10:36:52] [CAM] 摄像头捕获器已释放
[2026-07-12 10:36:52] [CAM] 摄像头未检测到，等待重连...
[2026-07-12 10:36:53] [SENSOR] 温湿度传感器在线，温度:29.8℃ 湿度:64.6%RH
[2026-07-12 10:36:53] [CAM] 摄像头捕获器已释放
[2026-07-12 10:36:53] [CAM] 摄像头未检测到，等待重连...
[2026-07-12 10:36:53] [CAM] 摄像头捕获器已释放
[2026-07-12 10:36:53] [CAM] 摄像头未检测到，等待重连...
[2026-07-12 10:36:54] [CAM] 摄像头捕获器已释放
[2026-07-12 10:36:54] [CAM] 摄像头未检测到，等待重连...
[2026-07-12 10:36:54] [CAM] 摄像头捕获器已释放
[2026-07-12 10:36:54] [CAM] 摄像头未检测到，等待重连...
[2026-07-12 10:36:55] [CAM] 摄像头捕获器已释放
[2026-07-12 10:36:55] [CAM] 摄像头未检测到，等待重连...
[2026-07-12 10:36:55] [CAM] 摄像头捕获器已释放
[2026-07-12 10:36:55] [CAM] 摄像头未检测到，等待重连...
[2026-07-12 10:36:56] [CAM] 摄像头捕获器已释放
[2026-07-12 10:36:56] [CAM] 摄像头未检测到，等待重连...
[2026-07-12 10:36:56] [CAM] 摄像头捕获器已释放
[2026-07-12 10:36:56] [CAM] 摄像头未检测到，等待重连...
[2026-07-12 10:36:57] [CAM] 摄像头捕获器已释放
[2026-07-12 10:36:57] [CAM] 摄像头未检测到，等待重连...
[2026-07-12 10:36:57] [CAM] 摄像头捕获器已释放
[2026-07-12 10:36:57] [CAM] 摄像头未检测到，等待重连...
[2026-07-12 10:36:58] [CAM] 摄像头捕获器已释放
[2026-07-12 10:36:58] [CAM] 摄像头未检测到，等待重连...
[2026-07-12 10:36:58] [CAM] 摄像头捕获器已释放
[2026-07-12 10:36:58] [CAM] 摄像头未检测到，等待重连...
[2026-07-12 10:36:59] [CAM] 摄像头捕获器已释放
[2026-07-12 10:36:59] [CAM] 摄像头未检测到，等待重连...
[2026-07-12 10:36:59] [CAM] 摄像头捕获器已释放
[2026-07-12 10:36:59] [CAM] 摄像头未检测到，等待重连...
[2026-07-12 10:37:00] [CAM] 摄像头捕获器已释放
[2026-07-12 10:37:00] [CAM] 摄像头未检测到，等待重连...
[2026-07-12 10:37:00] [CAM] 摄像头捕获器已释放
[2026-07-12 10:37:00] [CAM] 摄像头未检测到，等待重连...
[2026-07-12 10:37:01] [CAM] 摄像头捕获器已释放
[2026-07-12 10:37:01] [CAM] 摄像头未检测到，等待重连...
[2026-07-12 10:37:01] [CAM] 摄像头捕获器已释放
[2026-07-12 10:37:01] [CAM] 摄像头未检测到，等待重连...
[2026-07-12 10:37:02] [CAM] 摄像头捕获器已释放
[2026-07-12 10:37:02] [CAM] 摄像头未检测到，等待重连...
[2026-07-12 10:37:02] [CAM] 摄像头捕获器已释放
[2026-07-12 10:37:02] [CAM] 摄像头未检测到，等待重连...
[2026-07-12 10:37:03] [CAM] 摄像头捕获器已释放
[2026-07-12 10:37:03] [CAM] 摄像头未检测到，等待重连...
[2026-07-12 10:37:03] [CAM] 摄像头捕获器已释放
[2026-07-12 10:37:03] [CAM] 摄像头未检测到，等待重连...
[2026-07-12 10:37:04] [CAM] 摄像头捕获器已释放
[2026-07-12 10:37:04] [CAM] 摄像头未检测到，等待重连...
[2026-07-12 10:37:04] [CAM] 摄像头捕获器已释放
[2026-07-12 10:37:04] [CAM] 摄像头未检测到，等待重连...
[2026-07-12 10:37:05] [CAM] 摄像头捕获器已释放
[2026-07-12 10:37:05] [CAM] 摄像头未检测到，等待重连...
[2026-07-12 10:37:05] [CAM] 摄像头捕获器已释放
[2026-07-12 10:37:05] [CAM] 摄像头未检测到，等待重连...
[2026-07-12 10:37:06] [CAM] 摄像头捕获器已释放
[2026-07-12 10:37:06] [CAM] 摄像头未检测到，等待重连...
[2026-07-12 10:37:06] [CAM] 摄像头捕获器已释放
[2026-07-12 10:37:06] [CAM] 摄像头未检测到，等待重连...
[2026-07-12 10:37:07] [CAM] 摄像头捕获器已释放
[2026-07-12 10:37:07] [CAM] 摄像头未检测到，等待重连...
[2026-07-12 10:37:07] [CAM] 摄像头捕获器已释放
[2026-07-12 10:37:07] [CAM] 摄像头未检测到，等待重连...
[2026-07-12 10:37:08] [CAM] 摄像头捕获器已释放
[2026-07-12 10:37:08] [CAM] 摄像头未检测到，等待重连...
[2026-07-12 10:37:08] [CAM] 摄像头捕获器已释放
[2026-07-12 10:37:08] [CAM] 摄像头未检测到，等待重连...
[2026-07-12 10:37:09] [CAM] 摄像头捕获器已释放
[2026-07-12 10:37:09] [CAM] 摄像头未检测到，等待重连...
[2026-07-12 10:37:09] [CAM] 摄像头捕获器已释放
[2026-07-12 10:37:09] [CAM] 摄像头未检测到，等待重连...
[2026-07-12 10:37:10] [CAM] 摄像头捕获器已释放
[2026-07-12 10:37:10] [CAM] 摄像头未检测到，等待重连...
[2026-07-12 10:37:10] [CAM] 摄像头捕获器已释放
[2026-07-12 10:37:10] [CAM] 摄像头未检测到，等待重连...
[2026-07-12 10:37:10] [INFO] 程序收到关闭信号，开始安全退出流程
[2026-07-12 10:37:11] [CAM] 摄像头捕获器已释放
[2026-07-12 10:37:11] [CAM] 摄像头未检测到，等待重连...
[2026-07-12 10:37:11] [SENSOR] RS485采集线程已停止
[2026-07-12 10:37:11] [CAM] 摄像头捕获器已释放
[2026-07-12 10:37:11] [INFO] 摄像头采集线程正常退出
[2026-07-12 10:37:11] [INFO] 程序正常退出
[2026-07-12 10:37:11] [INFO] 程序结束，退出码:0
[2026-07-12 10:37:23] [INFO] ========== 幼儿园AI安全卫士程序启动 ==========
[2026-07-12 10:37:23] [INFO] 主程序窗口初始化完成
[2026-07-12 10:37:23] [SENSOR] RS485传感器采集线程已启动，串口：/dev/ttyUSB0
[2026-07-12 10:37:23] [INFO] AI环境模拟线程启动
[2026-07-12 10:37:23] [INFO] 摄像头采集线程启动
[2026-07-12 10:37:23] [CAM] 摄像头未检测到，等待重连...
[2026-07-12 10:37:23] [SENSOR] 开机未检测到温湿度传感器，延时播报
[2026-07-12 10:37:24] [INFO] 切换运行模式: 课堂模式 场景:中四班
[2026-07-12 10:37:25] [NET] 网络已恢复连通
[2026-07-12 10:37:25] [MIC] 开机未检测到USB麦克风，延时播报
[2026-07-12 10:37:26] [CAM] 摄像头捕获器已释放
[2026-07-12 10:37:26] [CAM] 摄像头未检测到，等待重连...
[2026-07-12 10:37:26] [CAM] 摄像头捕获器已释放
[2026-07-12 10:37:26] [CAM] 摄像头未检测到，等待重连...
[2026-07-12 10:37:27] [CAM] 摄像头捕获器已释放
[2026-07-12 10:37:27] [CAM] 摄像头未检测到，等待重连...
[2026-07-12 10:37:27] [CAM] 摄像头捕获器已释放
[2026-07-12 10:37:27] [CAM] 摄像头未检测到，等待重连...
[2026-07-12 10:37:28] [CAM] 摄像头捕获器已释放
[2026-07-12 10:37:28] [CAM] 摄像头未检测到，等待重连...
[2026-07-12 10:37:28] [CAM] 摄像头捕获器已释放
[2026-07-12 10:37:28] [CAM] 摄像头未检测到，等待重连...
[2026-07-12 10:37:29] [CAM] 摄像头捕获器已释放
[2026-07-12 10:37:29] [CAM] 摄像头未检测到，等待重连...
[2026-07-12 10:37:29] [CAM] 摄像头捕获器已释放
[2026-07-12 10:37:29] [CAM] 摄像头未检测到，等待重连...
[2026-07-12 10:37:30] [CAM] 摄像头捕获器已释放
[2026-07-12 10:37:30] [CAM] 摄像头未检测到，等待重连...
[2026-07-12 10:37:30] [CAM] 摄像头捕获器已释放
[2026-07-12 10:37:30] [CAM] 摄像头未检测到，等待重连...
[2026-07-12 10:37:31] [CAM] 摄像头捕获器已释放
[2026-07-12 10:37:31] [CAM] 摄像头未检测到，等待重连...
[2026-07-12 10:37:31] [CAM] 摄像头捕获器已释放
[2026-07-12 10:37:31] [CAM] 摄像头未检测到，等待重连...
[2026-07-12 10:37:32] [CAM] 摄像头捕获器已释放
[2026-07-12 10:37:32] [CAM] 摄像头未检测到，等待重连...
[2026-07-12 10:37:32] [CAM] 摄像头捕获器已释放
[2026-07-12 10:37:32] [CAM] 摄像头未检测到，等待重连...
[2026-07-12 10:37:33] [CAM] 摄像头捕获器已释放
[2026-07-12 10:37:33] [CAM] 摄像头未检测到，等待重连...
[2026-07-12 10:37:33] [CAM] 摄像头捕获器已释放
[2026-07-12 10:37:33] [CAM] 摄像头未检测到，等待重连...
[2026-07-12 10:37:34] [CAM] 摄像头捕获器已释放
[2026-07-12 10:37:34] [CAM] 摄像头未检测到，等待重连...
[2026-07-12 10:37:34] [CAM] 摄像头捕获器已释放
[2026-07-12 10:37:34] [CAM] 摄像头未检测到，等待重连...
[2026-07-12 10:37:35] [CAM] 摄像头捕获器已释放
[2026-07-12 10:37:35] [CAM] 摄像头未检测到，等待重连...
[2026-07-12 10:37:35] [CAM] 摄像头捕获器已释放
[2026-07-12 10:37:35] [CAM] 摄像头未检测到，等待重连...
[2026-07-12 10:37:36] [CAM] 摄像头捕获器已释放
[2026-07-12 10:37:36] [CAM] 摄像头未检测到，等待重连...
[2026-07-12 10:37:36] [CAM] 摄像头捕获器已释放
[2026-07-12 10:37:36] [CAM] 摄像头未检测到，等待重连...
[2026-07-12 10:37:37] [CAM] 摄像头捕获器已释放
[2026-07-12 10:37:37] [CAM] 摄像头未检测到，等待重连...
[2026-07-12 10:37:37] [INFO] 程序收到关闭信号，开始安全退出流程
[2026-07-12 10:37:37] [SENSOR] RS485采集线程已停止
[2026-07-12 10:37:37] [CAM] 摄像头捕获器已释放
[2026-07-12 10:37:37] [INFO] 摄像头采集线程正常退出
[2026-07-12 10:37:37] [INFO] 程序正常退出
[2026-07-12 10:37:37] [INFO] 程序结束，退出码:0
[2026-07-12 10:38:34] [INFO] ========== 幼儿园AI安全卫士程序启动 ==========
[2026-07-12 10:38:34] [INFO] 主程序窗口初始化完成
[2026-07-12 10:38:34] [SENSOR] RS485传感器采集线程已启动，串口：/dev/ttyUSB0
[2026-07-12 10:38:34] [INFO] AI环境模拟线程启动
[2026-07-12 10:38:34] [INFO] 摄像头采集线程启动
[2026-07-12 10:38:34] [CAM] 摄像头未检测到，等待重连...
[2026-07-12 10:38:34] [SENSOR] 开机未检测到温湿度传感器，延时播报
[2026-07-12 10:38:36] [NET] 网络已恢复连通
[2026-07-12 10:38:36] [MIC] 开机未检测到USB麦克风，延时播报
[2026-07-12 10:38:36] [CAM] 摄像头捕获器已释放
[2026-07-12 10:38:36] [CAM] 摄像头未检测到，等待重连...
[2026-07-12 10:38:37] [CAM] 摄像头捕获器已释放
[2026-07-12 10:38:37] [CAM] 摄像头未检测到，等待重连...
[2026-07-12 10:38:37] [CAM] 摄像头捕获器已释放
[2026-07-12 10:38:37] [CAM] 摄像头未检测到，等待重连...
[2026-07-12 10:38:38] [CAM] 摄像头捕获器已释放
[2026-07-12 10:38:38] [CAM] 摄像头未检测到，等待重连...
[2026-07-12 10:38:38] [CAM] 摄像头捕获器已释放
[2026-07-12 10:38:38] [CAM] 摄像头未检测到，等待重连...
[2026-07-12 10:38:39] [CAM] 摄像头捕获器已释放
[2026-07-12 10:38:39] [CAM] 摄像头未检测到，等待重连...
[2026-07-12 10:38:39] [CAM] 摄像头捕获器已释放
[2026-07-12 10:38:39] [CAM] 摄像头未检测到，等待重连...
[2026-07-12 10:38:40] [CAM] 摄像头捕获器已释放
[2026-07-12 10:38:40] [CAM] 摄像头未检测到，等待重连...
[2026-07-12 10:38:40] [CAM] 摄像头捕获器已释放
[2026-07-12 10:38:40] [CAM] 摄像头未检测到，等待重连...
[2026-07-12 10:38:41] [CAM] 摄像头捕获器已释放
[2026-07-12 10:38:41] [CAM] 摄像头未检测到，等待重连...
[2026-07-12 10:38:41] [CAM] 摄像头捕获器已释放
[2026-07-12 10:38:41] [CAM] 摄像头未检测到，等待重连...
[2026-07-12 10:38:42] [CAM] 摄像头捕获器已释放
[2026-07-12 10:38:42] [CAM] 摄像头未检测到，等待重连...
[2026-07-12 10:38:42] [CAM] 摄像头捕获器已释放
[2026-07-12 10:38:42] [CAM] 摄像头未检测到，等待重连...
[2026-07-12 10:38:43] [CAM] 摄像头捕获器已释放
[2026-07-12 10:38:43] [CAM] 摄像头未检测到，等待重连...
[2026-07-12 10:38:43] [CAM] 摄像头捕获器已释放
[2026-07-12 10:38:43] [CAM] 摄像头未检测到，等待重连...
[2026-07-12 10:38:44] [CAM] 摄像头捕获器已释放
[2026-07-12 10:38:44] [CAM] 摄像头未检测到，等待重连...
[2026-07-12 10:38:44] [CAM] 摄像头捕获器已释放
[2026-07-12 10:38:44] [CAM] 摄像头未检测到，等待重连...
[2026-07-12 10:38:45] [CAM] 摄像头捕获器已释放
[2026-07-12 10:38:45] [CAM] 摄像头未检测到，等待重连...
[2026-07-12 10:38:45] [CAM] 摄像头捕获器已释放
[2026-07-12 10:38:45] [CAM] 摄像头未检测到，等待重连...
[2026-07-12 10:38:46] [CAM] 摄像头捕获器已释放
[2026-07-12 10:38:46] [CAM] 摄像头未检测到，等待重连...
[2026-07-12 10:38:46] [CAM] 摄像头捕获器已释放
[2026-07-12 10:38:46] [CAM] 摄像头未检测到，等待重连...
[2026-07-12 10:38:47] [CAM] 摄像头捕获器已释放
[2026-07-12 10:38:47] [CAM] 摄像头未检测到，等待重连...
[2026-07-12 10:38:47] [CAM] 摄像头捕获器已释放
[2026-07-12 10:38:47] [CAM] 摄像头未检测到，等待重连...
[2026-07-12 10:38:48] [CAM] 摄像头捕获器已释放
[2026-07-12 10:38:48] [CAM] 摄像头未检测到，等待重连...
[2026-07-12 10:38:48] [CAM] 摄像头捕获器已释放
[2026-07-12 10:38:48] [CAM] 摄像头未检测到，等待重连...
[2026-07-12 10:38:49] [CAM] 摄像头捕获器已释放
[2026-07-12 10:38:49] [CAM] 摄像头未检测到，等待重连...
[2026-07-12 10:38:49] [CAM] 摄像头捕获器已释放
[2026-07-12 10:38:49] [CAM] 摄像头未检测到，等待重连...
[2026-07-12 10:38:50] [CAM] 摄像头捕获器已释放
[2026-07-12 10:38:50] [CAM] 摄像头未检测到，等待重连...
[2026-07-12 10:38:50] [CAM] 摄像头捕获器已释放
[2026-07-12 10:38:50] [CAM] 摄像头未检测到，等待重连...
[2026-07-12 10:38:51] [CAM] 摄像头捕获器已释放
[2026-07-12 10:38:51] [CAM] 摄像头未检测到，等待重连...
[2026-07-12 10:38:51] [CAM] 摄像头捕获器已释放
[2026-07-12 10:38:51] [CAM] 摄像头未检测到，等待重连...
[2026-07-12 10:38:52] [CAM] 摄像头捕获器已释放
[2026-07-12 10:38:52] [CAM] 摄像头未检测到，等待重连...
[2026-07-12 10:38:52] [CAM] 摄像头捕获器已释放
[2026-07-12 10:38:52] [CAM] 摄像头未检测到，等待重连...
[2026-07-12 10:38:53] [CAM] 摄像头捕获器已释放
[2026-07-12 10:38:53] [CAM] 摄像头未检测到，等待重连...
[2026-07-12 10:38:53] [CAM] 摄像头捕获器已释放
[2026-07-12 10:38:53] [CAM] 摄像头未检测到，等待重连...
[2026-07-12 10:38:54] [CAM] 摄像头捕获器已释放
[2026-07-12 10:38:54] [CAM] 摄像头未检测到，等待重连...
[2026-07-12 10:38:54] [CAM] 摄像头捕获器已释放
[2026-07-12 10:38:54] [CAM] 摄像头未检测到，等待重连...
[2026-07-12 10:38:55] [CAM] 摄像头捕获器已释放
[2026-07-12 10:38:55] [CAM] 摄像头未检测到，等待重连...
[2026-07-12 10:38:55] [CAM] 摄像头捕获器已释放
[2026-07-12 10:38:55] [CAM] 摄像头未检测到，等待重连...
[2026-07-12 10:38:56] [CAM] 摄像头捕获器已释放
[2026-07-12 10:38:56] [CAM] 摄像头未检测到，等待重连...
[2026-07-12 10:38:56] [CAM] 摄像头捕获器已释放
[2026-07-12 10:38:56] [CAM] 摄像头未检测到，等待重连...
[2026-07-12 10:38:57] [CAM] 摄像头捕获器已释放
[2026-07-12 10:38:57] [CAM] 摄像头未检测到，等待重连...
[2026-07-12 10:38:57] [CAM] 摄像头捕获器已释放
[2026-07-12 10:38:57] [CAM] 摄像头未检测到，等待重连...
[2026-07-12 10:38:58] [CAM] 摄像头捕获器已释放
[2026-07-12 10:38:58] [CAM] 摄像头未检测到，等待重连...
[2026-07-12 10:38:58] [CAM] 摄像头捕获器已释放
[2026-07-12 10:38:58] [CAM] 摄像头未检测到，等待重连...
[2026-07-12 10:38:59] [CAM] 摄像头捕获器已释放
[2026-07-12 10:38:59] [CAM] 摄像头未检测到，等待重连...
[2026-07-12 10:38:59] [CAM] 摄像头捕获器已释放
[2026-07-12 10:38:59] [CAM] 摄像头未检测到，等待重连...
[2026-07-12 10:39:00] [CAM] 摄像头捕获器已释放
[2026-07-12 10:39:00] [CAM] 摄像头未检测到，等待重连...
[2026-07-12 10:39:00] [CAM] 摄像头捕获器已释放
[2026-07-12 10:39:00] [CAM] 摄像头未检测到，等待重连...
[2026-07-12 10:39:01] [CAM] 摄像头捕获器已释放
[2026-07-12 10:39:01] [CAM] 摄像头未检测到，等待重连...
[2026-07-12 10:39:01] [CAM] 摄像头捕获器已释放
[2026-07-12 10:39:01] [CAM] 摄像头未检测到，等待重连...
[2026-07-12 10:39:02] [CAM] 摄像头捕获器已释放
[2026-07-12 10:39:02] [CAM] 摄像头未检测到，等待重连...
[2026-07-12 10:39:02] [CAM] 摄像头捕获器已释放
[2026-07-12 10:39:02] [CAM] 摄像头未检测到，等待重连...
[2026-07-12 10:39:03] [CAM] 摄像头捕获器已释放
[2026-07-12 10:39:03] [CAM] 摄像头未检测到，等待重连...
[2026-07-12 10:39:03] [CAM] 摄像头捕获器已释放
[2026-07-12 10:39:03] [CAM] 摄像头未检测到，等待重连...
[2026-07-12 10:39:04] [CAM] 摄像头捕获器已释放
[2026-07-12 10:39:04] [CAM] 摄像头未检测到，等待重连...
[2026-07-12 10:39:04] [CAM] 摄像头捕获器已释放
[2026-07-12 10:39:04] [CAM] 摄像头未检测到，等待重连...
[2026-07-12 10:39:05] [CAM] 摄像头捕获器已释放
[2026-07-12 10:39:05] [CAM] 摄像头未检测到，等待重连...
[2026-07-12 10:39:05] [CAM] 摄像头捕获器已释放
[2026-07-12 10:39:05] [CAM] 摄像头未检测到，等待重连...
[2026-07-12 10:39:06] [CAM] 摄像头捕获器已释放
[2026-07-12 10:39:06] [CAM] 摄像头未检测到，等待重连...
[2026-07-12 10:39:06] [CAM] 摄像头捕获器已释放
[2026-07-12 10:39:06] [CAM] 摄像头未检测到，等待重连...
[2026-07-12 10:39:07] [CAM] 摄像头捕获器已释放
[2026-07-12 10:39:07] [CAM] 摄像头未检测到，等待重连...
[2026-07-12 10:39:07] [CAM] 摄像头捕获器已释放
[2026-07-12 10:39:07] [CAM] 摄像头未检测到，等待重连...
[2026-07-12 10:39:08] [CAM] 摄像头捕获器已释放
[2026-07-12 10:39:08] [CAM] 摄像头未检测到，等待重连...
[2026-07-12 10:39:08] [CAM] 摄像头捕获器已释放
[2026-07-12 10:39:08] [CAM] 摄像头未检测到，等待重连...
[2026-07-12 10:39:09] [CAM] 摄像头捕获器已释放
[2026-07-12 10:39:09] [CAM] 摄像头未检测到，等待重连...
[2026-07-12 10:39:09] [CAM] 摄像头捕获器已释放
[2026-07-12 10:39:09] [CAM] 摄像头未检测到，等待重连...
[2026-07-12 10:39:10] [CAM] 摄像头捕获器已释放
[2026-07-12 10:39:10] [CAM] 摄像头未检测到，等待重连...
[2026-07-12 10:39:10] [CAM] 摄像头捕获器已释放
[2026-07-12 10:39:10] [CAM] 摄像头未检测到，等待重连...
[2026-07-12 10:39:11] [CAM] 摄像头捕获器已释放
[2026-07-12 10:39:11] [CAM] 摄像头未检测到，等待重连...
[2026-07-12 10:39:11] [CAM] 摄像头捕获器已释放
[2026-07-12 10:39:11] [CAM] 摄像头未检测到，等待重连...
[2026-07-12 10:39:12] [CAM] 摄像头捕获器已释放
[2026-07-12 10:39:12] [CAM] 摄像头未检测到，等待重连...
[2026-07-12 10:39:12] [CAM] 摄像头捕获器已释放
[2026-07-12 10:39:12] [CAM] 摄像头未检测到，等待重连...
[2026-07-12 10:39:13] [CAM] 摄像头捕获器已释放
[2026-07-12 10:39:13] [CAM] 摄像头未检测到，等待重连...
[2026-07-12 10:39:13] [CAM] 摄像头捕获器已释放
[2026-07-12 10:39:13] [CAM] 摄像头未检测到，等待重连...
[2026-07-12 10:39:14] [CAM] 摄像头捕获器已释放
[2026-07-12 10:39:14] [CAM] 摄像头未检测到，等待重连...
[2026-07-12 10:39:14] [CAM] 摄像头捕获器已释放
[2026-07-12 10:39:14] [CAM] 摄像头未检测到，等待重连...
[2026-07-12 10:39:15] [CAM] 摄像头捕获器已释放
[2026-07-12 10:39:15] [CAM] 摄像头未检测到，等待重连...
[2026-07-12 10:39:15] [CAM] 摄像头捕获器已释放
[2026-07-12 10:39:15] [CAM] 摄像头未检测到，等待重连...
[2026-07-12 10:39:16] [CAM] 摄像头捕获器已释放
[2026-07-12 10:39:16] [CAM] 摄像头未检测到，等待重连...
[2026-07-12 10:39:16] [CAM] 摄像头捕获器已释放
[2026-07-12 10:39:16] [CAM] 摄像头未检测到，等待重连...
[2026-07-12 10:39:17] [CAM] 摄像头捕获器已释放
[2026-07-12 10:39:17] [CAM] 摄像头未检测到，等待重连...
[2026-07-12 10:39:17] [CAM] 摄像头捕获器已释放
[2026-07-12 10:39:17] [CAM] 摄像头未检测到，等待重连...
[2026-07-12 10:39:18] [CAM] 摄像头捕获器已释放
[2026-07-12 10:39:18] [CAM] 摄像头未检测到，等待重连...
[2026-07-12 10:39:18] [CAM] 摄像头捕获器已释放
[2026-07-12 10:39:18] [CAM] 摄像头未检测到，等待重连...
[2026-07-12 10:39:19] [CAM] 摄像头捕获器已释放
[2026-07-12 10:39:19] [CAM] 摄像头未检测到，等待重连...
[2026-07-12 10:39:19] [CAM] 摄像头捕获器已释放
[2026-07-12 10:39:19] [CAM] 摄像头未检测到，等待重连...
[2026-07-12 10:39:20] [CAM] 摄像头捕获器已释放
[2026-07-12 10:39:20] [CAM] 摄像头未检测到，等待重连...
[2026-07-12 10:39:20] [CAM] 摄像头捕获器已释放
[2026-07-12 10:39:20] [CAM] 摄像头未检测到，等待重连...
[2026-07-12 10:39:21] [CAM] 摄像头捕获器已释放
[2026-07-12 10:39:21] [CAM] 摄像头未检测到，等待重连...
[2026-07-12 10:39:21] [CAM] 摄像头捕获器已释放
[2026-07-12 10:39:21] [CAM] 摄像头未检测到，等待重连...
[2026-07-12 10:39:22] [CAM] 摄像头捕获器已释放
[2026-07-12 10:39:22] [CAM] 摄像头未检测到，等待重连...
[2026-07-12 10:39:22] [CAM] 摄像头捕获器已释放
[2026-07-12 10:39:22] [CAM] 摄像头未检测到，等待重连...
[2026-07-12 10:39:23] [CAM] 摄像头捕获器已释放
[2026-07-12 10:39:23] [CAM] 摄像头未检测到，等待重连...
[2026-07-12 10:39:23] [CAM] 摄像头捕获器已释放
[2026-07-12 10:39:23] [CAM] 摄像头未检测到，等待重连...
[2026-07-12 10:39:24] [CAM] 摄像头捕获器已释放
[2026-07-12 10:39:24] [CAM] 摄像头未检测到，等待重连...
[2026-07-12 10:39:24] [CAM] 摄像头捕获器已释放
[2026-07-12 10:39:24] [CAM] 摄像头未检测到，等待重连...
[2026-07-12 10:39:25] [CAM] 摄像头捕获器已释放
[2026-07-12 10:39:25] [CAM] 摄像头未检测到，等待重连...
[2026-07-12 10:39:25] [CAM] 摄像头捕获器已释放
[2026-07-12 10:39:25] [CAM] 摄像头未检测到，等待重连...
[2026-07-12 10:39:26] [CAM] 摄像头捕获器已释放
[2026-07-12 10:39:26] [CAM] 摄像头未检测到，等待重连...
[2026-07-12 10:39:26] [CAM] 摄像头捕获器已释放
[2026-07-12 10:39:26] [CAM] 摄像头未检测到，等待重连...
[2026-07-12 10:39:27] [CAM] 摄像头捕获器已释放
[2026-07-12 10:39:27] [CAM] 摄像头未检测到，等待重连...
[2026-07-12 10:39:27] [CAM] 摄像头捕获器已释放
[2026-07-12 10:39:27] [CAM] 摄像头未检测到，等待重连...
[2026-07-12 10:39:28] [CAM] 摄像头捕获器已释放
[2026-07-12 10:39:28] [CAM] 摄像头未检测到，等待重连...
[2026-07-12 10:39:28] [CAM] 摄像头捕获器已释放
[2026-07-12 10:39:28] [CAM] 摄像头未检测到，等待重连...
[2026-07-12 10:39:29] [CAM] 摄像头捕获器已释放
[2026-07-12 10:39:29] [CAM] 摄像头未检测到，等待重连...
[2026-07-12 10:39:29] [CAM] 摄像头捕获器已释放
[2026-07-12 10:39:29] [CAM] 摄像头未检测到，等待重连...
[2026-07-12 10:39:30] [CAM] 摄像头捕获器已释放
[2026-07-12 10:39:30] [CAM] 摄像头未检测到，等待重连...
[2026-07-12 10:39:30] [CAM] 摄像头捕获器已释放
[2026-07-12 10:39:30] [CAM] 摄像头未检测到，等待重连...
[2026-07-12 10:39:31] [CAM] 摄像头捕获器已释放
[2026-07-12 10:39:31] [CAM] 摄像头未检测到，等待重连...
[2026-07-12 10:39:31] [CAM] 摄像头捕获器已释放
[2026-07-12 10:39:31] [CAM] 摄像头未检测到，等待重连...
[2026-07-12 10:39:32] [CAM] 摄像头捕获器已释放
[2026-07-12 10:39:32] [CAM] 摄像头未检测到，等待重连...
[2026-07-12 10:39:32] [CAM] 摄像头捕获器已释放
[2026-07-12 10:39:32] [CAM] 摄像头未检测到，等待重连...
[2026-07-12 10:39:33] [CAM] 摄像头捕获器已释放
[2026-07-12 10:39:33] [CAM] 摄像头未检测到，等待重连...
[2026-07-12 10:39:33] [CAM] 摄像头捕获器已释放
[2026-07-12 10:39:33] [CAM] 摄像头未检测到，等待重连...
[2026-07-12 10:39:34] [CAM] 摄像头捕获器已释放
[2026-07-12 10:39:34] [CAM] 摄像头未检测到，等待重连...
[2026-07-12 10:39:34] [CAM] 摄像头捕获器已释放
[2026-07-12 10:39:34] [CAM] 摄像头未检测到，等待重连...
[2026-07-12 10:39:35] [CAM] 摄像头捕获器已释放
[2026-07-12 10:39:35] [CAM] 摄像头未检测到，等待重连...
[2026-07-12 10:39:35] [CAM] 摄像头捕获器已释放
[2026-07-12 10:39:35] [CAM] 摄像头未检测到，等待重连...
[2026-07-12 10:39:36] [CAM] 摄像头捕获器已释放
[2026-07-12 10:39:36] [CAM] 摄像头未检测到，等待重连...
[2026-07-12 10:39:36] [CAM] 摄像头捕获器已释放
[2026-07-12 10:39:36] [CAM] 摄像头未检测到，等待重连...
[2026-07-12 10:39:37] [CAM] 摄像头捕获器已释放
[2026-07-12 10:39:37] [CAM] 摄像头未检测到，等待重连...
[2026-07-12 10:39:37] [CAM] 摄像头捕获器已释放
[2026-07-12 10:39:37] [CAM] 摄像头未检测到，等待重连...
[2026-07-12 10:39:38] [CAM] 摄像头捕获器已释放
[2026-07-12 10:39:38] [CAM] 摄像头未检测到，等待重连...
[2026-07-12 10:39:38] [CAM] 摄像头捕获器已释放
[2026-07-12 10:39:38] [CAM] 摄像头未检测到，等待重连...
[2026-07-12 10:39:39] [CAM] 摄像头捕获器已释放
[2026-07-12 10:39:39] [CAM] 摄像头未检测到，等待重连...
[2026-07-12 10:39:39] [CAM] 摄像头捕获器已释放
[2026-07-12 10:39:39] [CAM] 摄像头未检测到，等待重连...
[2026-07-12 10:39:40] [CAM] 摄像头捕获器已释放
[2026-07-12 10:39:40] [CAM] 摄像头未检测到，等待重连...
[2026-07-12 10:39:40] [CAM] 摄像头捕获器已释放
[2026-07-12 10:39:40] [CAM] 摄像头未检测到，等待重连...
[2026-07-12 10:39:41] [CAM] 摄像头捕获器已释放
[2026-07-12 10:39:41] [CAM] 摄像头未检测到，等待重连...
[2026-07-12 10:39:41] [CAM] 摄像头捕获器已释放
[2026-07-12 10:39:41] [CAM] 摄像头未检测到，等待重连...
[2026-07-12 10:39:42] [CAM] 摄像头捕获器已释放
[2026-07-12 10:39:42] [CAM] 摄像头未检测到，等待重连...
[2026-07-12 10:39:42] [CAM] 摄像头捕获器已释放
[2026-07-12 10:39:42] [CAM] 摄像头未检测到，等待重连...
[2026-07-12 10:39:43] [CAM] 摄像头捕获器已释放
[2026-07-12 10:39:43] [CAM] 摄像头未检测到，等待重连...
[2026-07-12 10:39:43] [CAM] 摄像头捕获器已释放
[2026-07-12 10:39:43] [CAM] 摄像头未检测到，等待重连...
[2026-07-12 10:39:44] [CAM] 摄像头捕获器已释放
[2026-07-12 10:39:44] [CAM] 摄像头未检测到，等待重连...
[2026-07-12 10:39:44] [CAM] 摄像头捕获器已释放
[2026-07-12 10:39:44] [CAM] 摄像头未检测到，等待重连...
[2026-07-12 10:39:45] [CAM] 摄像头捕获器已释放
[2026-07-12 10:39:45] [CAM] 摄像头未检测到，等待重连...
[2026-07-12 10:39:45] [CAM] 摄像头捕获器已释放
[2026-07-12 10:39:45] [CAM] 摄像头未检测到，等待重连...
[2026-07-12 10:39:46] [CAM] 摄像头捕获器已释放
[2026-07-12 10:39:46] [CAM] 摄像头未检测到，等待重连...
[2026-07-12 10:39:46] [CAM] 摄像头捕获器已释放
[2026-07-12 10:39:46] [CAM] 摄像头未检测到，等待重连...
[2026-07-12 10:39:47] [CAM] 摄像头捕获器已释放
[2026-07-12 10:39:47] [CAM] 摄像头未检测到，等待重连...
[2026-07-12 10:39:47] [CAM] 摄像头捕获器已释放
[2026-07-12 10:39:47] [CAM] 摄像头未检测到，等待重连...
[2026-07-12 10:39:48] [CAM] 摄像头捕获器已释放
[2026-07-12 10:39:48] [CAM] 摄像头未检测到，等待重连...
[2026-07-12 10:39:48] [CAM] 摄像头捕获器已释放
[2026-07-12 10:39:48] [CAM] 摄像头未检测到，等待重连...
[2026-07-12 10:39:49] [CAM] 摄像头捕获器已释放
[2026-07-12 10:39:49] [CAM] 摄像头未检测到，等待重连...
[2026-07-12 10:39:49] [CAM] 摄像头捕获器已释放
[2026-07-12 10:39:49] [CAM] 摄像头未检测到，等待重连...
[2026-07-12 10:39:50] [CAM] 摄像头捕获器已释放
[2026-07-12 10:39:50] [CAM] 摄像头未检测到，等待重连...
[2026-07-12 10:39:50] [CAM] 摄像头捕获器已释放
[2026-07-12 10:39:50] [CAM] 摄像头未检测到，等待重连...
[2026-07-12 10:39:51] [CAM] 摄像头捕获器已释放
[2026-07-12 10:39:51] [CAM] 摄像头未检测到，等待重连...
[2026-07-12 10:39:51] [CAM] 摄像头捕获器已释放
[2026-07-12 10:39:51] [CAM] 摄像头未检测到，等待重连...
[2026-07-12 10:39:52] [CAM] 摄像头捕获器已释放
[2026-07-12 10:39:52] [CAM] 摄像头未检测到，等待重连...
[2026-07-12 10:39:52] [CAM] 摄像头捕获器已释放
[2026-07-12 10:39:52] [CAM] 摄像头未检测到，等待重连...
[2026-07-12 10:39:53] [CAM] 摄像头捕获器已释放
[2026-07-12 10:39:53] [CAM] 摄像头未检测到，等待重连...
[2026-07-12 10:39:53] [CAM] 摄像头捕获器已释放
[2026-07-12 10:39:53] [CAM] 摄像头未检测到，等待重连...
[2026-07-12 10:39:54] [CAM] 摄像头捕获器已释放
[2026-07-12 10:39:54] [CAM] 摄像头未检测到，等待重连...
[2026-07-12 10:39:54] [CAM] 摄像头捕获器已释放
[2026-07-12 10:39:54] [CAM] 摄像头未检测到，等待重连...
[2026-07-12 10:39:55] [CAM] 摄像头捕获器已释放
[2026-07-12 10:39:55] [CAM] 摄像头未检测到，等待重连...
[2026-07-12 10:39:55] [CAM] 摄像头捕获器已释放
[2026-07-12 10:39:55] [CAM] 摄像头未检测到，等待重连...
[2026-07-12 10:39:56] [CAM] 摄像头捕获器已释放
[2026-07-12 10:39:56] [CAM] 摄像头未检测到，等待重连...
[2026-07-12 10:39:56] [CAM] 摄像头捕获器已释放
[2026-07-12 10:39:56] [CAM] 摄像头未检测到，等待重连...
[2026-07-12 10:39:57] [CAM] 摄像头捕获器已释放
[2026-07-12 10:39:57] [CAM] 摄像头未检测到，等待重连...
[2026-07-12 10:39:57] [CAM] 摄像头捕获器已释放
[2026-07-12 10:39:57] [CAM] 摄像头未检测到，等待重连...
[2026-07-12 10:39:58] [CAM] 摄像头捕获器已释放
[2026-07-12 10:39:58] [CAM] 摄像头未检测到，等待重连...
[2026-07-12 10:39:58] [CAM] 摄像头捕获器已释放
[2026-07-12 10:39:58] [CAM] 摄像头未检测到，等待重连...
[2026-07-12 10:39:59] [CAM] 摄像头捕获器已释放
[2026-07-12 10:39:59] [CAM] 摄像头未检测到，等待重连...
[2026-07-12 10:39:59] [CAM] 摄像头捕获器已释放
[2026-07-12 10:39:59] [CAM] 摄像头未检测到，等待重连...
[2026-07-12 10:40:00] [CAM] 摄像头捕获器已释放
[2026-07-12 10:40:00] [CAM] 摄像头未检测到，等待重连...
[2026-07-12 10:40:00] [CAM] 摄像头捕获器已释放
[2026-07-12 10:40:00] [CAM] 摄像头未检测到，等待重连...
[2026-07-12 10:40:01] [CAM] 摄像头捕获器已释放
[2026-07-12 10:40:01] [CAM] 摄像头未检测到，等待重连...
[2026-07-12 10:40:01] [CAM] 摄像头捕获器已释放
[2026-07-12 10:40:01] [CAM] 摄像头未检测到，等待重连...
[2026-07-12 10:40:02] [CAM] 摄像头捕获器已释放
[2026-07-12 10:40:02] [CAM] 摄像头未检测到，等待重连...
[2026-07-12 10:40:02] [CAM] 摄像头捕获器已释放
[2026-07-12 10:40:02] [CAM] 摄像头未检测到，等待重连...
[2026-07-12 10:40:03] [CAM] 摄像头捕获器已释放
[2026-07-12 10:40:03] [CAM] 摄像头未检测到，等待重连...
[2026-07-12 10:40:03] [CAM] 摄像头捕获器已释放
[2026-07-12 10:40:03] [CAM] 摄像头未检测到，等待重连...
[2026-07-12 10:40:04] [CAM] 摄像头捕获器已释放
[2026-07-12 10:40:04] [CAM] 摄像头未检测到，等待重连...
[2026-07-12 10:40:04] [CAM] 摄像头捕获器已释放
[2026-07-12 10:40:04] [CAM] 摄像头未检测到，等待重连...
[2026-07-12 10:40:05] [CAM] 摄像头捕获器已释放
[2026-07-12 10:40:05] [CAM] 摄像头未检测到，等待重连...
[2026-07-12 10:40:05] [CAM] 摄像头捕获器已释放
[2026-07-12 10:40:05] [CAM] 摄像头未检测到，等待重连...
[2026-07-12 10:40:06] [CAM] 摄像头捕获器已释放
[2026-07-12 10:40:06] [CAM] 摄像头未检测到，等待重连...
[2026-07-12 10:40:06] [CAM] 摄像头捕获器已释放
[2026-07-12 10:40:06] [CAM] 摄像头未检测到，等待重连...
[2026-07-12 10:40:07] [CAM] 摄像头捕获器已释放
[2026-07-12 10:40:07] [CAM] 摄像头未检测到，等待重连...
[2026-07-12 10:40:07] [CAM] 摄像头捕获器已释放
[2026-07-12 10:40:07] [CAM] 摄像头未检测到，等待重连...
[2026-07-12 10:40:08] [CAM] 摄像头捕获器已释放
[2026-07-12 10:40:08] [CAM] 摄像头未检测到，等待重连...
[2026-07-12 10:40:08] [CAM] 摄像头捕获器已释放
[2026-07-12 10:40:08] [CAM] 摄像头未检测到，等待重连...
[2026-07-12 10:40:09] [CAM] 摄像头捕获器已释放
[2026-07-12 10:40:09] [CAM] 摄像头未检测到，等待重连...
[2026-07-12 10:40:09] [CAM] 摄像头捕获器已释放
[2026-07-12 10:40:09] [CAM] 摄像头未检测到，等待重连...
[2026-07-12 10:40:10] [CAM] 摄像头捕获器已释放
[2026-07-12 10:40:10] [CAM] 摄像头未检测到，等待重连...
[2026-07-12 10:40:10] [CAM] 摄像头捕获器已释放
[2026-07-12 10:40:10] [CAM] 摄像头未检测到，等待重连...
[2026-07-12 10:40:11] [CAM] 摄像头捕获器已释放
[2026-07-12 10:40:11] [CAM] 摄像头未检测到，等待重连...
[2026-07-12 10:40:11] [CAM] 摄像头捕获器已释放
[2026-07-12 10:40:11] [CAM] 摄像头未检测到，等待重连...
[2026-07-12 10:40:12] [CAM] 摄像头捕获器已释放
[2026-07-12 10:40:12] [CAM] 摄像头未检测到，等待重连...
[2026-07-12 10:40:12] [CAM] 摄像头捕获器已释放
[2026-07-12 10:40:12] [CAM] 摄像头未检测到，等待重连...
[2026-07-12 10:40:13] [CAM] 摄像头捕获器已释放
[2026-07-12 10:40:13] [CAM] 摄像头未检测到，等待重连...
[2026-07-12 10:40:13] [CAM] 摄像头捕获器已释放
[2026-07-12 10:40:13] [CAM] 摄像头未检测到，等待重连...
[2026-07-12 10:40:14] [CAM] 摄像头捕获器已释放
[2026-07-12 10:40:14] [CAM] 摄像头未检测到，等待重连...
[2026-07-12 10:40:14] [CAM] 摄像头捕获器已释放
[2026-07-12 10:40:14] [CAM] 摄像头未检测到，等待重连...
[2026-07-12 10:40:15] [CAM] 摄像头捕获器已释放
[2026-07-12 10:40:15] [CAM] 摄像头未检测到，等待重连...
[2026-07-12 10:40:15] [CAM] 摄像头捕获器已释放
[2026-07-12 10:40:15] [CAM] 摄像头未检测到，等待重连...
[2026-07-12 10:40:16] [CAM] 摄像头捕获器已释放
[2026-07-12 10:40:16] [CAM] 摄像头未检测到，等待重连...
[2026-07-12 10:40:16] [CAM] 摄像头捕获器已释放
[2026-07-12 10:40:17] [CAM] 摄像头未检测到，等待重连...
[2026-07-12 10:40:17] [CAM] 摄像头捕获器已释放
[2026-07-12 10:40:17] [CAM] 摄像头未检测到，等待重连...
[2026-07-12 10:40:18] [CAM] 摄像头捕获器已释放
[2026-07-12 10:40:18] [CAM] 摄像头未检测到，等待重连...
[2026-07-12 10:40:18] [CAM] 摄像头捕获器已释放
[2026-07-12 10:40:18] [CAM] 摄像头未检测到，等待重连...
[2026-07-12 10:40:19] [CAM] 摄像头捕获器已释放
[2026-07-12 10:40:19] [CAM] 摄像头未检测到，等待重连...
[2026-07-12 10:40:19] [CAM] 摄像头捕获器已释放
[2026-07-12 10:40:19] [CAM] 摄像头未检测到，等待重连...
[2026-07-12 10:40:20] [CAM] 摄像头捕获器已释放
[2026-07-12 10:40:20] [CAM] 摄像头未检测到，等待重连...
[2026-07-12 10:40:20] [CAM] 摄像头捕获器已释放
[2026-07-12 10:40:20] [CAM] 摄像头未检测到，等待重连...
[2026-07-12 10:40:21] [CAM] 摄像头捕获器已释放
[2026-07-12 10:40:21] [CAM] 摄像头未检测到，等待重连...
[2026-07-12 10:40:21] [CAM] 摄像头捕获器已释放
[2026-07-12 10:40:21] [CAM] 摄像头未检测到，等待重连...
[2026-07-12 10:40:22] [CAM] 摄像头捕获器已释放
[2026-07-12 10:40:22] [CAM] 摄像头未检测到，等待重连...
[2026-07-12 10:40:22] [CAM] 摄像头捕获器已释放
[2026-07-12 10:40:22] [CAM] 摄像头未检测到，等待重连...
[2026-07-12 10:40:23] [CAM] 摄像头捕获器已释放
[2026-07-12 10:40:23] [CAM] 摄像头未检测到，等待重连...
[2026-07-12 10:40:23] [CAM] 摄像头捕获器已释放
[2026-07-12 10:40:23] [CAM] 摄像头未检测到，等待重连...
[2026-07-12 10:40:24] [CAM] 摄像头捕获器已释放
[2026-07-12 10:40:24] [CAM] 摄像头未检测到，等待重连...
[2026-07-12 10:40:24] [CAM] 摄像头捕获器已释放
[2026-07-12 10:40:24] [CAM] 摄像头未检测到，等待重连...
[2026-07-12 10:40:25] [CAM] 摄像头捕获器已释放
[2026-07-12 10:40:25] [CAM] 摄像头未检测到，等待重连...
[2026-07-12 10:40:25] [CAM] 摄像头捕获器已释放
[2026-07-12 10:40:25] [CAM] 摄像头未检测到，等待重连...
[2026-07-12 10:40:26] [CAM] 摄像头捕获器已释放
[2026-07-12 10:40:26] [CAM] 摄像头未检测到，等待重连...
[2026-07-12 10:40:26] [CAM] 摄像头捕获器已释放
[2026-07-12 10:40:26] [CAM] 摄像头未检测到，等待重连...
[2026-07-12 10:40:27] [CAM] 摄像头捕获器已释放
[2026-07-12 10:40:27] [CAM] 摄像头未检测到，等待重连...
[2026-07-12 10:40:27] [CAM] 摄像头捕获器已释放
[2026-07-12 10:40:27] [CAM] 摄像头未检测到，等待重连...
[2026-07-12 10:40:28] [CAM] 摄像头捕获器已释放
[2026-07-12 10:40:28] [CAM] 摄像头未检测到，等待重连...
[2026-07-12 10:40:28] [CAM] 摄像头捕获器已释放
[2026-07-12 10:40:28] [CAM] 摄像头未检测到，等待重连...
[2026-07-12 10:40:29] [CAM] 摄像头捕获器已释放
[2026-07-12 10:40:29] [CAM] 摄像头未检测到，等待重连...
[2026-07-12 10:40:29] [CAM] 摄像头捕获器已释放
[2026-07-12 10:40:29] [CAM] 摄像头未检测到，等待重连...
[2026-07-12 10:40:30] [CAM] 摄像头捕获器已释放
[2026-07-12 10:40:30] [CAM] 摄像头未检测到，等待重连...
[2026-07-12 10:40:30] [CAM] 摄像头捕获器已释放
[2026-07-12 10:40:30] [CAM] 摄像头未检测到，等待重连...
[2026-07-12 10:40:31] [CAM] 摄像头捕获器已释放
[2026-07-12 10:40:31] [CAM] 摄像头未检测到，等待重连...
[2026-07-12 10:40:31] [CAM] 摄像头捕获器已释放
[2026-07-12 10:40:31] [CAM] 摄像头未检测到，等待重连...
[2026-07-12 10:40:32] [CAM] 摄像头捕获器已释放
[2026-07-12 10:40:32] [CAM] 摄像头未检测到，等待重连...
[2026-07-12 10:40:32] [CAM] 摄像头捕获器已释放
[2026-07-12 10:40:32] [CAM] 摄像头未检测到，等待重连...
[2026-07-12 10:40:33] [CAM] 摄像头捕获器已释放
[2026-07-12 10:40:33] [CAM] 摄像头未检测到，等待重连...
[2026-07-12 10:40:33] [CAM] 摄像头捕获器已释放
[2026-07-12 10:40:33] [CAM] 摄像头未检测到，等待重连...
[2026-07-12 10:40:34] [CAM] 摄像头捕获器已释放
[2026-07-12 10:40:34] [CAM] 摄像头未检测到，等待重连...
[2026-07-12 10:40:34] [CAM] 摄像头捕获器已释放
[2026-07-12 10:40:34] [CAM] 摄像头未检测到，等待重连...
[2026-07-12 10:40:35] [CAM] 摄像头捕获器已释放
[2026-07-12 10:40:35] [CAM] 摄像头未检测到，等待重连...
[2026-07-12 10:40:35] [CAM] 摄像头捕获器已释放
[2026-07-12 10:40:35] [CAM] 摄像头未检测到，等待重连...
[2026-07-12 10:40:36] [CAM] 摄像头捕获器已释放
[2026-07-12 10:40:36] [CAM] 摄像头未检测到，等待重连...
[2026-07-12 10:40:36] [CAM] 摄像头捕获器已释放
[2026-07-12 10:40:36] [CAM] 摄像头未检测到，等待重连...
[2026-07-12 10:40:37] [CAM] 摄像头捕获器已释放
[2026-07-12 10:40:37] [CAM] 摄像头未检测到，等待重连...
[2026-07-12 10:40:37] [CAM] 摄像头捕获器已释放
[2026-07-12 10:40:37] [CAM] 摄像头未检测到，等待重连...
[2026-07-12 10:40:38] [CAM] 摄像头捕获器已释放
[2026-07-12 10:40:38] [CAM] 摄像头未检测到，等待重连...
[2026-07-12 10:40:38] [CAM] 摄像头捕获器已释放
[2026-07-12 10:40:38] [CAM] 摄像头未检测到，等待重连...
[2026-07-12 10:40:39] [CAM] 摄像头捕获器已释放
[2026-07-12 10:40:39] [CAM] 摄像头未检测到，等待重连...
[2026-07-12 10:40:39] [CAM] 摄像头捕获器已释放
[2026-07-12 10:40:39] [CAM] 摄像头未检测到，等待重连...
[2026-07-12 10:40:40] [CAM] 摄像头捕获器已释放
[2026-07-12 10:40:40] [CAM] 摄像头未检测到，等待重连...
[2026-07-12 10:40:40] [CAM] 摄像头捕获器已释放
[2026-07-12 10:40:40] [CAM] 摄像头未检测到，等待重连...
[2026-07-12 10:40:41] [CAM] 摄像头捕获器已释放
[2026-07-12 10:40:41] [CAM] 摄像头未检测到，等待重连...
[2026-07-12 10:40:41] [CAM] 摄像头捕获器已释放
[2026-07-12 10:40:41] [CAM] 摄像头未检测到，等待重连...
[2026-07-12 10:40:42] [CAM] 摄像头捕获器已释放
[2026-07-12 10:40:42] [CAM] 摄像头未检测到，等待重连...
[2026-07-12 10:40:42] [CAM] 摄像头捕获器已释放
[2026-07-12 10:40:42] [CAM] 摄像头未检测到，等待重连...
[2026-07-12 10:40:43] [CAM] 摄像头捕获器已释放
[2026-07-12 10:40:43] [CAM] 摄像头未检测到，等待重连...
[2026-07-12 10:40:43] [CAM] 摄像头捕获器已释放
[2026-07-12 10:40:43] [CAM] 摄像头未检测到，等待重连...
[2026-07-12 10:40:44] [CAM] 摄像头捕获器已释放
[2026-07-12 10:40:44] [CAM] 摄像头未检测到，等待重连...
[2026-07-12 10:40:44] [CAM] 摄像头捕获器已释放
[2026-07-12 10:40:44] [CAM] 摄像头未检测到，等待重连...
[2026-07-12 10:40:45] [CAM] 摄像头捕获器已释放
[2026-07-12 10:40:45] [CAM] 摄像头未检测到，等待重连...
[2026-07-12 10:40:45] [CAM] 摄像头捕获器已释放
[2026-07-12 10:40:45] [CAM] 摄像头未检测到，等待重连...
[2026-07-12 10:40:46] [CAM] 摄像头捕获器已释放
[2026-07-12 10:40:46] [CAM] 摄像头未检测到，等待重连...
[2026-07-12 10:40:46] [CAM] 摄像头捕获器已释放
[2026-07-12 10:40:46] [CAM] 摄像头未检测到，等待重连...
[2026-07-12 10:40:47] [CAM] 摄像头捕获器已释放
[2026-07-12 10:40:47] [CAM] 摄像头未检测到，等待重连...
[2026-07-12 10:40:47] [CAM] 摄像头捕获器已释放
[2026-07-12 10:40:47] [CAM] 摄像头未检测到，等待重连...
[2026-07-12 10:40:48] [CAM] 摄像头捕获器已释放
[2026-07-12 10:40:48] [CAM] 摄像头未检测到，等待重连...
[2026-07-12 10:40:48] [CAM] 摄像头捕获器已释放
[2026-07-12 10:40:48] [CAM] 摄像头未检测到，等待重连...
[2026-07-12 10:40:49] [CAM] 摄像头捕获器已释放
[2026-07-12 10:40:49] [CAM] 摄像头未检测到，等待重连...
[2026-07-12 10:40:49] [CAM] 摄像头捕获器已释放
[2026-07-12 10:40:49] [CAM] 摄像头未检测到，等待重连...
[2026-07-12 10:40:50] [CAM] 摄像头捕获器已释放
[2026-07-12 10:40:50] [CAM] 摄像头未检测到，等待重连...
[2026-07-12 10:40:50] [CAM] 摄像头捕获器已释放
[2026-07-12 10:40:50] [CAM] 摄像头未检测到，等待重连...
[2026-07-12 10:40:51] [CAM] 摄像头捕获器已释放
[2026-07-12 10:40:51] [CAM] 摄像头未检测到，等待重连...
[2026-07-12 10:40:51] [CAM] 摄像头捕获器已释放
[2026-07-12 10:40:51] [CAM] 摄像头未检测到，等待重连...
[2026-07-12 10:40:52] [CAM] 摄像头捕获器已释放
[2026-07-12 10:40:52] [CAM] 摄像头未检测到，等待重连...
[2026-07-12 10:40:52] [CAM] 摄像头捕获器已释放
[2026-07-12 10:40:52] [CAM] 摄像头未检测到，等待重连...
[2026-07-12 10:40:53] [CAM] 摄像头捕获器已释放
[2026-07-12 10:40:53] [CAM] 摄像头未检测到，等待重连...
[2026-07-12 10:40:53] [CAM] 摄像头捕获器已释放
[2026-07-12 10:40:53] [CAM] 摄像头未检测到，等待重连...
[2026-07-12 10:40:54] [CAM] 摄像头捕获器已释放
[2026-07-12 10:40:54] [CAM] 摄像头未检测到，等待重连...
[2026-07-12 10:40:54] [CAM] 摄像头捕获器已释放
[2026-07-12 10:40:54] [CAM] 摄像头未检测到，等待重连...
[2026-07-12 10:40:55] [CAM] 摄像头捕获器已释放
[2026-07-12 10:40:55] [CAM] 摄像头未检测到，等待重连...
[2026-07-12 10:40:55] [CAM] 摄像头捕获器已释放
[2026-07-12 10:40:55] [CAM] 摄像头未检测到，等待重连...
[2026-07-12 10:40:56] [CAM] 摄像头捕获器已释放
[2026-07-12 10:40:56] [CAM] 摄像头未检测到，等待重连...
[2026-07-12 10:40:56] [CAM] 摄像头捕获器已释放
[2026-07-12 10:40:56] [CAM] 摄像头未检测到，等待重连...
[2026-07-12 10:40:57] [CAM] 摄像头捕获器已释放
[2026-07-12 10:40:57] [CAM] 摄像头未检测到，等待重连...
[2026-07-12 10:40:57] [CAM] 摄像头捕获器已释放
[2026-07-12 10:40:57] [CAM] 摄像头未检测到，等待重连...
[2026-07-12 10:40:58] [CAM] 摄像头捕获器已释放
[2026-07-12 10:40:58] [CAM] 摄像头未检测到，等待重连...
[2026-07-12 10:40:58] [CAM] 摄像头捕获器已释放
[2026-07-12 10:40:58] [CAM] 摄像头未检测到，等待重连...
[2026-07-12 10:40:59] [CAM] 摄像头捕获器已释放
[2026-07-12 10:40:59] [CAM] 摄像头未检测到，等待重连...
[2026-07-12 10:40:59] [CAM] 摄像头捕获器已释放
[2026-07-12 10:40:59] [CAM] 摄像头未检测到，等待重连...
[2026-07-12 10:41:00] [CAM] 摄像头捕获器已释放
[2026-07-12 10:41:00] [CAM] 摄像头未检测到，等待重连...
[2026-07-12 10:41:00] [CAM] 摄像头捕获器已释放
[2026-07-12 10:41:00] [CAM] 摄像头未检测到，等待重连...
[2026-07-12 10:41:01] [CAM] 摄像头捕获器已释放
[2026-07-12 10:41:01] [CAM] 摄像头未检测到，等待重连...
[2026-07-12 10:41:01] [CAM] 摄像头捕获器已释放
[2026-07-12 10:41:01] [CAM] 摄像头未检测到，等待重连...
[2026-07-12 10:41:02] [CAM] 摄像头捕获器已释放
[2026-07-12 10:41:02] [CAM] 摄像头未检测到，等待重连...
[2026-07-12 10:41:02] [CAM] 摄像头捕获器已释放
[2026-07-12 10:41:02] [CAM] 摄像头未检测到，等待重连...
[2026-07-12 10:41:03] [CAM] 摄像头捕获器已释放
[2026-07-12 10:41:03] [CAM] 摄像头未检测到，等待重连...
[2026-07-12 10:41:03] [CAM] 摄像头捕获器已释放
[2026-07-12 10:41:03] [CAM] 摄像头未检测到，等待重连...
[2026-07-12 10:41:04] [CAM] 摄像头捕获器已释放
[2026-07-12 10:41:04] [CAM] 摄像头未检测到，等待重连...
[2026-07-12 10:41:04] [CAM] 摄像头捕获器已释放
[2026-07-12 10:41:04] [CAM] 摄像头未检测到，等待重连...
[2026-07-12 10:41:05] [CAM] 摄像头捕获器已释放
[2026-07-12 10:41:05] [CAM] 摄像头未检测到，等待重连...
[2026-07-12 10:41:05] [CAM] 摄像头捕获器已释放
[2026-07-12 10:41:05] [CAM] 摄像头未检测到，等待重连...
[2026-07-12 10:41:06] [CAM] 摄像头捕获器已释放
[2026-07-12 10:41:06] [CAM] 摄像头未检测到，等待重连...
[2026-07-12 10:41:06] [CAM] 摄像头捕获器已释放
[2026-07-12 10:41:06] [CAM] 摄像头未检测到，等待重连...
[2026-07-12 10:41:07] [CAM] 摄像头捕获器已释放
[2026-07-12 10:41:07] [CAM] 摄像头未检测到，等待重连...
[2026-07-12 10:41:07] [CAM] 摄像头捕获器已释放
[2026-07-12 10:41:07] [CAM] 摄像头未检测到，等待重连...
[2026-07-12 10:41:08] [CAM] 摄像头捕获器已释放
[2026-07-12 10:41:08] [CAM] 摄像头未检测到，等待重连...
[2026-07-12 10:41:08] [CAM] 摄像头捕获器已释放
[2026-07-12 10:41:08] [CAM] 摄像头未检测到，等待重连...
[2026-07-12 10:41:09] [CAM] 摄像头捕获器已释放
[2026-07-12 10:41:09] [CAM] 摄像头未检测到，等待重连...
[2026-07-12 10:41:09] [CAM] 摄像头捕获器已释放
[2026-07-12 10:41:09] [CAM] 摄像头未检测到，等待重连...
[2026-07-12 10:41:10] [CAM] 摄像头捕获器已释放
[2026-07-12 10:41:10] [CAM] 摄像头未检测到，等待重连...
[2026-07-12 10:41:10] [CAM] 摄像头捕获器已释放
[2026-07-12 10:41:10] [CAM] 摄像头未检测到，等待重连...
[2026-07-12 10:41:11] [CAM] 摄像头捕获器已释放
[2026-07-12 10:41:11] [CAM] 摄像头未检测到，等待重连...
[2026-07-12 10:41:11] [CAM] 摄像头捕获器已释放
[2026-07-12 10:41:11] [CAM] 摄像头未检测到，等待重连...
[2026-07-12 10:41:12] [CAM] 摄像头捕获器已释放
[2026-07-12 10:41:12] [CAM] 摄像头未检测到，等待重连...
[2026-07-12 10:41:12] [CAM] 摄像头捕获器已释放
[2026-07-12 10:41:12] [CAM] 摄像头未检测到，等待重连...
[2026-07-12 10:41:13] [CAM] 摄像头捕获器已释放
[2026-07-12 10:41:13] [CAM] 摄像头未检测到，等待重连...
[2026-07-12 10:41:13] [CAM] 摄像头捕获器已释放
[2026-07-12 10:41:13] [CAM] 摄像头未检测到，等待重连...
[2026-07-12 10:41:14] [CAM] 摄像头捕获器已释放
[2026-07-12 10:41:14] [CAM] 摄像头未检测到，等待重连...
[2026-07-12 10:41:14] [CAM] 摄像头捕获器已释放
[2026-07-12 10:41:14] [CAM] 摄像头未检测到，等待重连...
[2026-07-12 10:41:15] [CAM] 摄像头捕获器已释放
[2026-07-12 10:41:15] [CAM] 摄像头未检测到，等待重连...
[2026-07-12 10:41:15] [CAM] 摄像头捕获器已释放
[2026-07-12 10:41:15] [CAM] 摄像头未检测到，等待重连...
[2026-07-12 10:41:16] [CAM] 摄像头捕获器已释放
[2026-07-12 10:41:16] [CAM] 摄像头未检测到，等待重连...
[2026-07-12 10:41:16] [CAM] 摄像头捕获器已释放
[2026-07-12 10:41:16] [CAM] 摄像头未检测到，等待重连...
[2026-07-12 10:41:17] [CAM] 摄像头捕获器已释放
[2026-07-12 10:41:17] [CAM] 摄像头未检测到，等待重连...
[2026-07-12 10:41:17] [ERROR] 网络断开，无法访问外网
[2026-07-12 10:41:17] [CAM] 摄像头捕获器已释放
[2026-07-12 10:41:17] [CAM] 摄像头未检测到，等待重连...
[2026-07-12 10:41:18] [CAM] 摄像头捕获器已释放
[2026-07-12 10:41:18] [CAM] 摄像头未检测到，等待重连...
[2026-07-12 10:41:18] [NET] 网络已恢复连通
[2026-07-12 10:41:18] [CAM] 摄像头捕获器已释放
[2026-07-12 10:41:18] [CAM] 摄像头未检测到，等待重连...
[2026-07-12 10:41:19] [CAM] 摄像头捕获器已释放
[2026-07-12 10:41:19] [CAM] 摄像头未检测到，等待重连...
[2026-07-12 10:41:19] [CAM] 摄像头捕获器已释放
[2026-07-12 10:41:19] [CAM] 摄像头未检测到，等待重连...
[2026-07-12 10:41:20] [CAM] 摄像头捕获器已释放
[2026-07-12 10:41:20] [CAM] 摄像头未检测到，等待重连...
[2026-07-12 10:41:20] [CAM] 摄像头捕获器已释放
[2026-07-12 10:41:20] [CAM] 摄像头未检测到，等待重连...
[2026-07-12 10:41:21] [CAM] 摄像头捕获器已释放
[2026-07-12 10:41:21] [CAM] 摄像头未检测到，等待重连...
[2026-07-12 10:41:21] [CAM] 摄像头捕获器已释放
[2026-07-12 10:41:21] [CAM] 摄像头未检测到，等待重连...
[2026-07-12 10:41:22] [CAM] 摄像头捕获器已释放
[2026-07-12 10:41:22] [CAM] 摄像头未检测到，等待重连...
[2026-07-12 10:41:22] [CAM] 摄像头捕获器已释放
[2026-07-12 10:41:22] [CAM] 摄像头未检测到，等待重连...
[2026-07-12 10:41:23] [CAM] 摄像头捕获器已释放
[2026-07-12 10:41:23] [CAM] 摄像头未检测到，等待重连...
[2026-07-12 10:41:23] [CAM] 摄像头捕获器已释放
[2026-07-12 10:41:23] [CAM] 摄像头未检测到，等待重连...
[2026-07-12 10:41:24] [CAM] 摄像头捕获器已释放
[2026-07-12 10:41:24] [CAM] 摄像头未检测到，等待重连...
[2026-07-12 10:41:24] [CAM] 摄像头捕获器已释放
[2026-07-12 10:41:24] [CAM] 摄像头未检测到，等待重连...
[2026-07-12 10:41:25] [CAM] 摄像头捕获器已释放
[2026-07-12 10:41:25] [CAM] 摄像头未检测到，等待重连...
[2026-07-12 10:41:25] [CAM] 摄像头捕获器已释放
[2026-07-12 10:41:25] [CAM] 摄像头未检测到，等待重连...
[2026-07-12 10:41:26] [CAM] 摄像头捕获器已释放
[2026-07-12 10:41:26] [CAM] 摄像头未检测到，等待重连...
[2026-07-12 10:41:26] [CAM] 摄像头捕获器已释放
[2026-07-12 10:41:26] [CAM] 摄像头未检测到，等待重连...
[2026-07-12 10:41:27] [CAM] 摄像头捕获器已释放
[2026-07-12 10:41:27] [CAM] 摄像头未检测到，等待重连...
[2026-07-12 10:41:27] [CAM] 摄像头捕获器已释放
[2026-07-12 10:41:27] [CAM] 摄像头未检测到，等待重连...
[2026-07-12 10:41:28] [CAM] 摄像头捕获器已释放
[2026-07-12 10:41:28] [CAM] 摄像头未检测到，等待重连...
[2026-07-12 10:41:28] [CAM] 摄像头捕获器已释放
[2026-07-12 10:41:28] [CAM] 摄像头未检测到，等待重连...
[2026-07-12 10:41:29] [CAM] 摄像头捕获器已释放
[2026-07-12 10:41:29] [CAM] 摄像头未检测到，等待重连...
[2026-07-12 10:41:29] [CAM] 摄像头捕获器已释放
[2026-07-12 10:41:29] [CAM] 摄像头未检测到，等待重连...
[2026-07-12 10:41:30] [CAM] 摄像头捕获器已释放
[2026-07-12 10:41:30] [CAM] 摄像头未检测到，等待重连...
[2026-07-12 10:41:30] [CAM] 摄像头捕获器已释放
[2026-07-12 10:41:30] [CAM] 摄像头未检测到，等待重连...
[2026-07-12 10:41:31] [CAM] 摄像头捕获器已释放
[2026-07-12 10:41:31] [CAM] 摄像头未检测到，等待重连...
[2026-07-12 10:41:31] [CAM] 摄像头捕获器已释放
[2026-07-12 10:41:31] [CAM] 摄像头未检测到，等待重连...
[2026-07-12 10:41:32] [CAM] 摄像头捕获器已释放
[2026-07-12 10:41:32] [CAM] 摄像头未检测到，等待重连...
[2026-07-12 10:41:32] [CAM] 摄像头捕获器已释放
[2026-07-12 10:41:32] [CAM] 摄像头未检测到，等待重连...
[2026-07-12 10:41:33] [CAM] 摄像头捕获器已释放
[2026-07-12 10:41:33] [CAM] 摄像头未检测到，等待重连...
[2026-07-12 10:41:33] [CAM] 摄像头捕获器已释放
[2026-07-12 10:41:33] [CAM] 摄像头未检测到，等待重连...
[2026-07-12 10:41:34] [CAM] 摄像头捕获器已释放
[2026-07-12 10:41:34] [CAM] 摄像头未检测到，等待重连...
[2026-07-12 10:41:34] [CAM] 摄像头捕获器已释放
[2026-07-12 10:41:34] [CAM] 摄像头未检测到，等待重连...
[2026-07-12 10:41:35] [CAM] 摄像头捕获器已释放
[2026-07-12 10:41:35] [CAM] 摄像头未检测到，等待重连...
[2026-07-12 10:41:35] [CAM] 摄像头捕获器已释放
[2026-07-12 10:41:35] [CAM] 摄像头未检测到，等待重连...
[2026-07-12 10:41:36] [CAM] 摄像头捕获器已释放
[2026-07-12 10:41:36] [CAM] 摄像头未检测到，等待重连...
[2026-07-12 10:41:36] [CAM] 摄像头捕获器已释放
[2026-07-12 10:41:36] [CAM] 摄像头未检测到，等待重连...
[2026-07-12 10:41:37] [CAM] 摄像头捕获器已释放
[2026-07-12 10:41:37] [CAM] 摄像头未检测到，等待重连...
[2026-07-12 10:41:37] [CAM] 摄像头捕获器已释放
[2026-07-12 10:41:37] [CAM] 摄像头未检测到，等待重连...
[2026-07-12 10:41:38] [CAM] 摄像头捕获器已释放
[2026-07-12 10:41:38] [CAM] 摄像头未检测到，等待重连...
[2026-07-12 10:41:38] [CAM] 摄像头捕获器已释放
[2026-07-12 10:41:38] [CAM] 摄像头未检测到，等待重连...
[2026-07-12 10:41:39] [CAM] 摄像头捕获器已释放
[2026-07-12 10:41:39] [CAM] 摄像头未检测到，等待重连...
[2026-07-12 10:41:39] [CAM] 摄像头捕获器已释放
[2026-07-12 10:41:39] [CAM] 摄像头未检测到，等待重连...
[2026-07-12 10:41:40] [CAM] 摄像头捕获器已释放
[2026-07-12 10:41:40] [CAM] 摄像头未检测到，等待重连...
[2026-07-12 10:41:40] [CAM] 摄像头捕获器已释放
[2026-07-12 10:41:40] [CAM] 摄像头未检测到，等待重连...
[2026-07-12 10:41:41] [CAM] 摄像头捕获器已释放
[2026-07-12 10:41:41] [CAM] 摄像头未检测到，等待重连...
[2026-07-12 10:41:41] [CAM] 摄像头捕获器已释放
[2026-07-12 10:41:41] [CAM] 摄像头未检测到，等待重连...
[2026-07-12 10:41:42] [CAM] 摄像头捕获器已释放
[2026-07-12 10:41:42] [CAM] 摄像头未检测到，等待重连...
[2026-07-12 10:41:42] [CAM] 摄像头捕获器已释放
[2026-07-12 10:41:42] [CAM] 摄像头未检测到，等待重连...
[2026-07-12 10:41:43] [CAM] 摄像头捕获器已释放
[2026-07-12 10:41:43] [CAM] 摄像头未检测到，等待重连...
[2026-07-12 10:41:43] [CAM] 摄像头捕获器已释放
[2026-07-12 10:41:43] [CAM] 摄像头未检测到，等待重连...
[2026-07-12 10:41:44] [CAM] 摄像头捕获器已释放
[2026-07-12 10:41:44] [CAM] 摄像头未检测到，等待重连...
[2026-07-12 10:41:44] [CAM] 摄像头捕获器已释放
[2026-07-12 10:41:44] [CAM] 摄像头未检测到，等待重连...
[2026-07-12 10:41:45] [CAM] 摄像头捕获器已释放
[2026-07-12 10:41:45] [CAM] 摄像头未检测到，等待重连...
[2026-07-12 10:41:45] [CAM] 摄像头捕获器已释放
[2026-07-12 10:41:45] [CAM] 摄像头未检测到，等待重连...
[2026-07-12 10:41:46] [CAM] 摄像头捕获器已释放
[2026-07-12 10:41:46] [CAM] 摄像头未检测到，等待重连...
[2026-07-12 10:41:46] [CAM] 摄像头捕获器已释放
[2026-07-12 10:41:46] [CAM] 摄像头未检测到，等待重连...
[2026-07-12 10:41:47] [CAM] 摄像头捕获器已释放
[2026-07-12 10:41:47] [CAM] 摄像头未检测到，等待重连...
[2026-07-12 10:41:47] [CAM] 摄像头捕获器已释放
[2026-07-12 10:41:47] [CAM] 摄像头未检测到，等待重连...
[2026-07-12 10:41:48] [CAM] 摄像头捕获器已释放
[2026-07-12 10:41:48] [CAM] 摄像头未检测到，等待重连...
[2026-07-12 10:41:48] [CAM] 摄像头捕获器已释放
[2026-07-12 10:41:48] [CAM] 摄像头未检测到，等待重连...
[2026-07-12 10:41:49] [CAM] 摄像头捕获器已释放
[2026-07-12 10:41:49] [CAM] 摄像头未检测到，等待重连...
[2026-07-12 10:41:49] [CAM] 摄像头捕获器已释放
[2026-07-12 10:41:49] [CAM] 摄像头未检测到，等待重连...
[2026-07-12 10:41:50] [CAM] 摄像头捕获器已释放
[2026-07-12 10:41:50] [CAM] 摄像头未检测到，等待重连...
[2026-07-12 10:41:50] [CAM] 摄像头捕获器已释放
[2026-07-12 10:41:50] [CAM] 摄像头未检测到，等待重连...
[2026-07-12 10:41:51] [CAM] 摄像头捕获器已释放
[2026-07-12 10:41:51] [CAM] 摄像头未检测到，等待重连...
[2026-07-12 10:41:51] [CAM] 摄像头捕获器已释放
[2026-07-12 10:41:51] [CAM] 摄像头未检测到，等待重连...
[2026-07-12 10:41:52] [CAM] 摄像头捕获器已释放
[2026-07-12 10:41:52] [CAM] 摄像头未检测到，等待重连...
[2026-07-12 10:41:52] [CAM] 摄像头捕获器已释放
[2026-07-12 10:41:52] [CAM] 摄像头未检测到，等待重连...
[2026-07-12 10:41:53] [CAM] 摄像头捕获器已释放
[2026-07-12 10:41:53] [CAM] 摄像头未检测到，等待重连...
[2026-07-12 10:41:53] [CAM] 摄像头捕获器已释放
[2026-07-12 10:41:53] [CAM] 摄像头未检测到，等待重连...
[2026-07-12 10:41:54] [CAM] 摄像头捕获器已释放
[2026-07-12 10:41:54] [CAM] 摄像头未检测到，等待重连...
[2026-07-12 10:41:54] [CAM] 摄像头捕获器已释放
[2026-07-12 10:41:54] [CAM] 摄像头未检测到，等待重连...
[2026-07-12 10:41:55] [CAM] 摄像头捕获器已释放
[2026-07-12 10:41:55] [CAM] 摄像头未检测到，等待重连...
[2026-07-12 10:41:55] [CAM] 摄像头捕获器已释放
[2026-07-12 10:41:55] [CAM] 摄像头未检测到，等待重连...
[2026-07-12 10:41:56] [CAM] 摄像头捕获器已释放
[2026-07-12 10:41:56] [CAM] 摄像头未检测到，等待重连...
[2026-07-12 10:41:56] [CAM] 摄像头捕获器已释放
[2026-07-12 10:41:56] [CAM] 摄像头未检测到，等待重连...
[2026-07-12 10:41:57] [CAM] 摄像头捕获器已释放
[2026-07-12 10:41:57] [CAM] 摄像头未检测到，等待重连...
[2026-07-12 10:41:57] [CAM] 摄像头捕获器已释放
[2026-07-12 10:41:57] [CAM] 摄像头未检测到，等待重连...
[2026-07-12 10:41:58] [CAM] 摄像头捕获器已释放
[2026-07-12 10:41:58] [CAM] 摄像头未检测到，等待重连...
[2026-07-12 10:41:58] [CAM] 摄像头捕获器已释放
[2026-07-12 10:41:58] [CAM] 摄像头未检测到，等待重连...
[2026-07-12 10:41:59] [CAM] 摄像头捕获器已释放
[2026-07-12 10:41:59] [CAM] 摄像头未检测到，等待重连...
[2026-07-12 10:41:59] [CAM] 摄像头捕获器已释放
[2026-07-12 10:41:59] [CAM] 摄像头未检测到，等待重连...
[2026-07-12 10:42:00] [CAM] 摄像头捕获器已释放
[2026-07-12 10:42:00] [CAM] 摄像头未检测到，等待重连...
[2026-07-12 10:42:00] [CAM] 摄像头捕获器已释放
[2026-07-12 10:42:00] [CAM] 摄像头未检测到，等待重连...
[2026-07-12 10:42:01] [CAM] 摄像头捕获器已释放
[2026-07-12 10:42:01] [CAM] 摄像头未检测到，等待重连...
[2026-07-12 10:42:01] [CAM] 摄像头捕获器已释放
[2026-07-12 10:42:01] [CAM] 摄像头未检测到，等待重连...
[2026-07-12 10:42:02] [CAM] 摄像头捕获器已释放
[2026-07-12 10:42:02] [CAM] 摄像头未检测到，等待重连...
[2026-07-12 10:42:02] [CAM] 摄像头捕获器已释放
[2026-07-12 10:42:02] [CAM] 摄像头未检测到，等待重连...
[2026-07-12 10:42:03] [CAM] 摄像头捕获器已释放
[2026-07-12 10:42:03] [CAM] 摄像头未检测到，等待重连...
[2026-07-12 10:42:03] [CAM] 摄像头捕获器已释放
[2026-07-12 10:42:03] [CAM] 摄像头未检测到，等待重连...
[2026-07-12 10:42:04] [CAM] 摄像头捕获器已释放
[2026-07-12 10:42:04] [CAM] 摄像头未检测到，等待重连...
[2026-07-12 10:42:04] [CAM] 摄像头捕获器已释放
[2026-07-12 10:42:04] [CAM] 摄像头未检测到，等待重连...
[2026-07-12 10:42:05] [CAM] 摄像头捕获器已释放
[2026-07-12 10:42:05] [CAM] 摄像头未检测到，等待重连...
[2026-07-12 10:42:05] [CAM] 摄像头捕获器已释放
[2026-07-12 10:42:05] [CAM] 摄像头未检测到，等待重连...
[2026-07-12 10:42:06] [CAM] 摄像头捕获器已释放
[2026-07-12 10:42:06] [CAM] 摄像头未检测到，等待重连...
[2026-07-12 10:42:06] [CAM] 摄像头捕获器已释放
[2026-07-12 10:42:06] [CAM] 摄像头未检测到，等待重连...
[2026-07-12 10:42:07] [CAM] 摄像头捕获器已释放
[2026-07-12 10:42:07] [CAM] 摄像头未检测到，等待重连...
[2026-07-12 10:42:07] [CAM] 摄像头捕获器已释放
[2026-07-12 10:42:07] [CAM] 摄像头未检测到，等待重连...
[2026-07-12 10:42:08] [CAM] 摄像头捕获器已释放
[2026-07-12 10:42:08] [CAM] 摄像头未检测到，等待重连...
[2026-07-12 10:42:08] [CAM] 摄像头捕获器已释放
[2026-07-12 10:42:08] [CAM] 摄像头未检测到，等待重连...
[2026-07-12 10:42:09] [CAM] 摄像头捕获器已释放
[2026-07-12 10:42:09] [CAM] 摄像头未检测到，等待重连...
[2026-07-12 10:42:09] [CAM] 摄像头捕获器已释放
[2026-07-12 10:42:09] [CAM] 摄像头未检测到，等待重连...
[2026-07-12 10:42:10] [CAM] 摄像头捕获器已释放
[2026-07-12 10:42:10] [CAM] 摄像头未检测到，等待重连...
[2026-07-12 10:42:10] [CAM] 摄像头捕获器已释放
[2026-07-12 10:42:10] [CAM] 摄像头未检测到，等待重连...
[2026-07-12 10:42:11] [CAM] 摄像头捕获器已释放
[2026-07-12 10:42:11] [CAM] 摄像头未检测到，等待重连...
[2026-07-12 10:42:11] [CAM] 摄像头捕获器已释放
[2026-07-12 10:42:11] [CAM] 摄像头未检测到，等待重连...
[2026-07-12 10:42:12] [CAM] 摄像头捕获器已释放
[2026-07-12 10:42:12] [CAM] 摄像头未检测到，等待重连...
[2026-07-12 10:42:12] [CAM] 摄像头捕获器已释放
[2026-07-12 10:42:12] [CAM] 摄像头未检测到，等待重连...
[2026-07-12 10:42:13] [CAM] 摄像头捕获器已释放
[2026-07-12 10:42:13] [CAM] 摄像头未检测到，等待重连...
[2026-07-12 10:42:13] [CAM] 摄像头捕获器已释放
[2026-07-12 10:42:13] [CAM] 摄像头未检测到，等待重连...
[2026-07-12 10:42:14] [CAM] 摄像头捕获器已释放
[2026-07-12 10:42:14] [CAM] 摄像头未检测到，等待重连...
[2026-07-12 10:42:14] [CAM] 摄像头捕获器已释放
[2026-07-12 10:42:14] [CAM] 摄像头未检测到，等待重连...
[2026-07-12 10:42:15] [CAM] 摄像头捕获器已释放
[2026-07-12 10:42:15] [CAM] 摄像头未检测到，等待重连...
[2026-07-12 10:42:15] [CAM] 摄像头捕获器已释放
[2026-07-12 10:42:15] [CAM] 摄像头未检测到，等待重连...
[2026-07-12 10:42:16] [CAM] 摄像头捕获器已释放
[2026-07-12 10:42:16] [CAM] 摄像头未检测到，等待重连...
[2026-07-12 10:42:16] [CAM] 摄像头捕获器已释放
[2026-07-12 10:42:16] [CAM] 摄像头未检测到，等待重连...
[2026-07-12 10:42:17] [CAM] 摄像头捕获器已释放
[2026-07-12 10:42:17] [CAM] 摄像头未检测到，等待重连...
[2026-07-12 10:42:17] [CAM] 摄像头捕获器已释放
[2026-07-12 10:42:17] [CAM] 摄像头未检测到，等待重连...
[2026-07-12 10:42:18] [CAM] 摄像头捕获器已释放
[2026-07-12 10:42:18] [CAM] 摄像头未检测到，等待重连...
[2026-07-12 10:42:18] [CAM] 摄像头捕获器已释放
[2026-07-12 10:42:18] [CAM] 摄像头未检测到，等待重连...
[2026-07-12 10:42:19] [CAM] 摄像头捕获器已释放
[2026-07-12 10:42:19] [CAM] 摄像头未检测到，等待重连...
[2026-07-12 10:42:19] [CAM] 摄像头捕获器已释放
[2026-07-12 10:42:19] [CAM] 摄像头未检测到，等待重连...
[2026-07-12 10:42:20] [CAM] 摄像头捕获器已释放
[2026-07-12 10:42:20] [CAM] 摄像头未检测到，等待重连...
[2026-07-12 10:42:20] [CAM] 摄像头捕获器已释放
[2026-07-12 10:42:20] [CAM] 摄像头未检测到，等待重连...
[2026-07-12 10:42:21] [CAM] 摄像头捕获器已释放
[2026-07-12 10:42:21] [CAM] 摄像头未检测到，等待重连...
[2026-07-12 10:42:21] [CAM] 摄像头捕获器已释放
[2026-07-12 10:42:21] [CAM] 摄像头未检测到，等待重连...
[2026-07-12 10:42:22] [CAM] 摄像头捕获器已释放
[2026-07-12 10:42:22] [CAM] 摄像头未检测到，等待重连...
[2026-07-12 10:42:22] [CAM] 摄像头捕获器已释放
[2026-07-12 10:42:22] [CAM] 摄像头未检测到，等待重连...
[2026-07-12 10:42:23] [CAM] 摄像头捕获器已释放
[2026-07-12 10:42:23] [CAM] 摄像头未检测到，等待重连...
[2026-07-12 10:42:23] [CAM] 摄像头捕获器已释放
[2026-07-12 10:42:23] [CAM] 摄像头未检测到，等待重连...
[2026-07-12 10:42:24] [CAM] 摄像头捕获器已释放
[2026-07-12 10:42:24] [CAM] 摄像头未检测到，等待重连...
[2026-07-12 10:42:24] [CAM] 摄像头捕获器已释放
[2026-07-12 10:42:24] [CAM] 摄像头未检测到，等待重连...
[2026-07-12 10:42:25] [CAM] 摄像头捕获器已释放
[2026-07-12 10:42:25] [CAM] 摄像头未检测到，等待重连...
[2026-07-12 10:42:25] [CAM] 摄像头捕获器已释放
[2026-07-12 10:42:25] [CAM] 摄像头未检测到，等待重连...
[2026-07-12 10:42:26] [CAM] 摄像头捕获器已释放
[2026-07-12 10:42:26] [CAM] 摄像头未检测到，等待重连...
[2026-07-12 10:42:26] [CAM] 摄像头捕获器已释放
[2026-07-12 10:42:26] [CAM] 摄像头未检测到，等待重连...
[2026-07-12 10:42:27] [CAM] 摄像头捕获器已释放
[2026-07-12 10:42:27] [CAM] 摄像头未检测到，等待重连...
[2026-07-12 10:42:27] [CAM] 摄像头捕获器已释放
[2026-07-12 10:42:27] [CAM] 摄像头未检测到，等待重连...
[2026-07-12 10:42:28] [CAM] 摄像头捕获器已释放
[2026-07-12 10:42:28] [CAM] 摄像头未检测到，等待重连...
[2026-07-12 10:42:28] [CAM] 摄像头捕获器已释放
[2026-07-12 10:42:28] [CAM] 摄像头未检测到，等待重连...
[2026-07-12 10:42:29] [CAM] 摄像头捕获器已释放
[2026-07-12 10:42:29] [CAM] 摄像头未检测到，等待重连...
[2026-07-12 10:42:29] [CAM] 摄像头捕获器已释放
[2026-07-12 10:42:29] [CAM] 摄像头未检测到，等待重连...
[2026-07-12 10:42:30] [CAM] 摄像头捕获器已释放
[2026-07-12 10:42:30] [CAM] 摄像头未检测到，等待重连...
[2026-07-12 10:42:30] [CAM] 摄像头捕获器已释放
[2026-07-12 10:42:30] [CAM] 摄像头未检测到，等待重连...
[2026-07-12 10:42:31] [CAM] 摄像头捕获器已释放
[2026-07-12 10:42:31] [CAM] 摄像头未检测到，等待重连...
[2026-07-12 10:42:31] [CAM] 摄像头捕获器已释放
[2026-07-12 10:42:31] [CAM] 摄像头未检测到，等待重连...
[2026-07-12 10:42:32] [CAM] 摄像头捕获器已释放
[2026-07-12 10:42:32] [CAM] 摄像头未检测到，等待重连...
[2026-07-12 10:42:32] [CAM] 摄像头捕获器已释放
[2026-07-12 10:42:32] [CAM] 摄像头未检测到，等待重连...
[2026-07-12 10:42:33] [CAM] 摄像头捕获器已释放
[2026-07-12 10:42:33] [CAM] 摄像头未检测到，等待重连...
[2026-07-12 10:42:33] [CAM] 摄像头捕获器已释放
[2026-07-12 10:42:33] [CAM] 摄像头未检测到，等待重连...
[2026-07-12 10:42:34] [CAM] 摄像头捕获器已释放
[2026-07-12 10:42:34] [CAM] 摄像头未检测到，等待重连...
[2026-07-12 10:42:34] [CAM] 摄像头捕获器已释放
[2026-07-12 10:42:34] [CAM] 摄像头未检测到，等待重连...
[2026-07-12 10:42:35] [CAM] 摄像头捕获器已释放
[2026-07-12 10:42:35] [CAM] 摄像头未检测到，等待重连...
[2026-07-12 10:42:35] [CAM] 摄像头捕获器已释放
[2026-07-12 10:42:35] [CAM] 摄像头未检测到，等待重连...
[2026-07-12 10:42:36] [CAM] 摄像头捕获器已释放
[2026-07-12 10:42:36] [CAM] 摄像头未检测到，等待重连...
[2026-07-12 10:42:36] [CAM] 摄像头捕获器已释放
[2026-07-12 10:42:36] [CAM] 摄像头未检测到，等待重连...
[2026-07-12 10:42:37] [CAM] 摄像头捕获器已释放
[2026-07-12 10:42:37] [CAM] 摄像头未检测到，等待重连...
[2026-07-12 10:42:37] [CAM] 摄像头捕获器已释放
[2026-07-12 10:42:37] [CAM] 摄像头未检测到，等待重连...
[2026-07-12 10:42:38] [CAM] 摄像头捕获器已释放
[2026-07-12 10:42:38] [CAM] 摄像头未检测到，等待重连...
[2026-07-12 10:42:38] [CAM] 摄像头捕获器已释放
[2026-07-12 10:42:38] [CAM] 摄像头未检测到，等待重连...
[2026-07-12 10:42:39] [CAM] 摄像头捕获器已释放
[2026-07-12 10:42:39] [CAM] 摄像头未检测到，等待重连...
[2026-07-12 10:42:39] [CAM] 摄像头捕获器已释放
[2026-07-12 10:42:39] [CAM] 摄像头未检测到，等待重连...
[2026-07-12 10:42:40] [CAM] 摄像头捕获器已释放
[2026-07-12 10:42:40] [CAM] 摄像头未检测到，等待重连...
[2026-07-12 10:42:40] [CAM] 摄像头捕获器已释放
[2026-07-12 10:42:40] [CAM] 摄像头未检测到，等待重连...
[2026-07-12 10:42:41] [CAM] 摄像头捕获器已释放
[2026-07-12 10:42:41] [CAM] 摄像头未检测到，等待重连...
[2026-07-12 10:42:41] [CAM] 摄像头捕获器已释放
[2026-07-12 10:42:41] [CAM] 摄像头未检测到，等待重连...
[2026-07-12 10:42:42] [CAM] 摄像头捕获器已释放
[2026-07-12 10:42:42] [CAM] 摄像头未检测到，等待重连...
[2026-07-12 10:42:42] [CAM] 摄像头捕获器已释放
[2026-07-12 10:42:42] [CAM] 摄像头未检测到，等待重连...
[2026-07-12 10:42:43] [CAM] 摄像头捕获器已释放
[2026-07-12 10:42:43] [CAM] 摄像头未检测到，等待重连...
[2026-07-12 10:42:43] [CAM] 摄像头捕获器已释放
[2026-07-12 10:42:43] [CAM] 摄像头未检测到，等待重连...
[2026-07-12 10:42:44] [CAM] 摄像头捕获器已释放
[2026-07-12 10:42:44] [CAM] 摄像头未检测到，等待重连...
[2026-07-12 10:42:44] [CAM] 摄像头捕获器已释放
[2026-07-12 10:42:44] [CAM] 摄像头未检测到，等待重连...
[2026-07-12 10:42:45] [CAM] 摄像头捕获器已释放
[2026-07-12 10:42:45] [CAM] 摄像头未检测到，等待重连...
[2026-07-12 10:42:45] [CAM] 摄像头捕获器已释放
[2026-07-12 10:42:45] [CAM] 摄像头未检测到，等待重连...
[2026-07-12 10:42:46] [CAM] 摄像头捕获器已释放
[2026-07-12 10:42:46] [CAM] 摄像头未检测到，等待重连...
[2026-07-12 10:42:46] [CAM] 摄像头捕获器已释放
[2026-07-12 10:42:46] [CAM] 摄像头未检测到，等待重连...
[2026-07-12 10:42:47] [CAM] 摄像头捕获器已释放
[2026-07-12 10:42:47] [CAM] 摄像头未检测到，等待重连...
[2026-07-12 10:42:47] [CAM] 摄像头捕获器已释放
[2026-07-12 10:42:47] [CAM] 摄像头未检测到，等待重连...
[2026-07-12 10:42:48] [CAM] 摄像头捕获器已释放
[2026-07-12 10:42:48] [CAM] 摄像头未检测到，等待重连...
[2026-07-12 10:42:48] [CAM] 摄像头捕获器已释放
[2026-07-12 10:42:48] [CAM] 摄像头未检测到，等待重连...
[2026-07-12 10:42:49] [CAM] 摄像头捕获器已释放
[2026-07-12 10:42:49] [CAM] 摄像头未检测到，等待重连...
[2026-07-12 10:42:49] [CAM] 摄像头捕获器已释放
[2026-07-12 10:42:49] [CAM] 摄像头未检测到，等待重连...
[2026-07-12 10:42:50] [CAM] 摄像头捕获器已释放
[2026-07-12 10:42:50] [CAM] 摄像头未检测到，等待重连...
[2026-07-12 10:42:50] [CAM] 摄像头捕获器已释放
[2026-07-12 10:42:50] [CAM] 摄像头未检测到，等待重连...
[2026-07-12 10:42:51] [CAM] 摄像头捕获器已释放
[2026-07-12 10:42:51] [CAM] 摄像头未检测到，等待重连...
[2026-07-12 10:42:51] [CAM] 摄像头捕获器已释放
[2026-07-12 10:42:51] [CAM] 摄像头未检测到，等待重连...
[2026-07-12 10:42:52] [CAM] 摄像头捕获器已释放
[2026-07-12 10:42:52] [CAM] 摄像头未检测到，等待重连...
[2026-07-12 10:42:52] [CAM] 摄像头捕获器已释放
[2026-07-12 10:42:52] [CAM] 摄像头未检测到，等待重连...
[2026-07-12 10:42:53] [CAM] 摄像头捕获器已释放
[2026-07-12 10:42:53] [CAM] 摄像头未检测到，等待重连...
[2026-07-12 10:42:53] [CAM] 摄像头捕获器已释放
[2026-07-12 10:42:53] [CAM] 摄像头未检测到，等待重连...
[2026-07-12 10:42:54] [CAM] 摄像头捕获器已释放
[2026-07-12 10:42:54] [CAM] 摄像头未检测到，等待重连...
[2026-07-12 10:42:54] [CAM] 摄像头捕获器已释放
[2026-07-12 10:42:54] [CAM] 摄像头未检测到，等待重连...
[2026-07-12 10:42:55] [CAM] 摄像头捕获器已释放
[2026-07-12 10:42:55] [CAM] 摄像头未检测到，等待重连...
[2026-07-12 10:42:55] [CAM] 摄像头捕获器已释放
[2026-07-12 10:42:55] [CAM] 摄像头未检测到，等待重连...
[2026-07-12 10:42:56] [CAM] 摄像头捕获器已释放
[2026-07-12 10:42:56] [CAM] 摄像头未检测到，等待重连...
[2026-07-12 10:42:56] [CAM] 摄像头捕获器已释放
[2026-07-12 10:42:56] [CAM] 摄像头未检测到，等待重连...
[2026-07-12 10:42:57] [CAM] 摄像头捕获器已释放
[2026-07-12 10:42:57] [CAM] 摄像头未检测到，等待重连...
[2026-07-12 10:42:57] [CAM] 摄像头捕获器已释放
[2026-07-12 10:42:57] [CAM] 摄像头未检测到，等待重连...
[2026-07-12 10:42:58] [CAM] 摄像头捕获器已释放
[2026-07-12 10:42:58] [CAM] 摄像头未检测到，等待重连...
[2026-07-12 10:42:58] [CAM] 摄像头捕获器已释放
[2026-07-12 10:42:58] [CAM] 摄像头未检测到，等待重连...
[2026-07-12 10:42:59] [CAM] 摄像头捕获器已释放
[2026-07-12 10:42:59] [CAM] 摄像头未检测到，等待重连...
[2026-07-12 10:42:59] [CAM] 摄像头捕获器已释放
[2026-07-12 10:42:59] [CAM] 摄像头未检测到，等待重连...
[2026-07-12 10:43:00] [CAM] 摄像头捕获器已释放
[2026-07-12 10:43:00] [CAM] 摄像头未检测到，等待重连...
[2026-07-12 10:43:00] [CAM] 摄像头捕获器已释放
[2026-07-12 10:43:00] [CAM] 摄像头未检测到，等待重连...
[2026-07-12 10:43:01] [CAM] 摄像头捕获器已释放
[2026-07-12 10:43:01] [CAM] 摄像头未检测到，等待重连...
[2026-07-12 10:43:01] [CAM] 摄像头捕获器已释放
[2026-07-12 10:43:01] [CAM] 摄像头未检测到，等待重连...
[2026-07-12 10:43:02] [CAM] 摄像头捕获器已释放
[2026-07-12 10:43:02] [CAM] 摄像头未检测到，等待重连...
[2026-07-12 10:43:02] [CAM] 摄像头捕获器已释放
[2026-07-12 10:43:02] [CAM] 摄像头未检测到，等待重连...
[2026-07-12 10:43:03] [CAM] 摄像头捕获器已释放
[2026-07-12 10:43:03] [CAM] 摄像头未检测到，等待重连...
[2026-07-12 10:43:03] [CAM] 摄像头捕获器已释放
[2026-07-12 10:43:03] [CAM] 摄像头未检测到，等待重连...
[2026-07-12 10:43:04] [CAM] 摄像头捕获器已释放
[2026-07-12 10:43:04] [CAM] 摄像头未检测到，等待重连...
[2026-07-12 10:43:04] [CAM] 摄像头捕获器已释放
[2026-07-12 10:43:04] [CAM] 摄像头未检测到，等待重连...
[2026-07-12 10:43:05] [CAM] 摄像头捕获器已释放
[2026-07-12 10:43:05] [CAM] 摄像头未检测到，等待重连...
[2026-07-12 10:43:05] [CAM] 摄像头捕获器已释放
[2026-07-12 10:43:05] [CAM] 摄像头未检测到，等待重连...
[2026-07-12 10:43:06] [CAM] 摄像头捕获器已释放
[2026-07-12 10:43:06] [CAM] 摄像头未检测到，等待重连...
[2026-07-12 10:43:06] [CAM] 摄像头捕获器已释放
[2026-07-12 10:43:06] [CAM] 摄像头未检测到，等待重连...
[2026-07-12 10:43:07] [CAM] 摄像头捕获器已释放
[2026-07-12 10:43:07] [CAM] 摄像头未检测到，等待重连...
[2026-07-12 10:43:07] [CAM] 摄像头捕获器已释放
[2026-07-12 10:43:07] [CAM] 摄像头未检测到，等待重连...
[2026-07-12 10:43:08] [CAM] 摄像头捕获器已释放
[2026-07-12 10:43:08] [CAM] 摄像头未检测到，等待重连...
[2026-07-12 10:43:08] [CAM] 摄像头捕获器已释放
[2026-07-12 10:43:08] [CAM] 摄像头未检测到，等待重连...
[2026-07-12 10:43:09] [CAM] 摄像头捕获器已释放
[2026-07-12 10:43:09] [CAM] 摄像头未检测到，等待重连...
[2026-07-12 10:43:09] [CAM] 摄像头捕获器已释放
[2026-07-12 10:43:09] [CAM] 摄像头未检测到，等待重连...
[2026-07-12 10:43:10] [CAM] 摄像头捕获器已释放
[2026-07-12 10:43:10] [CAM] 摄像头未检测到，等待重连...
[2026-07-12 10:43:10] [CAM] 摄像头捕获器已释放
[2026-07-12 10:43:10] [CAM] 摄像头未检测到，等待重连...
[2026-07-12 10:43:11] [CAM] 摄像头捕获器已释放
[2026-07-12 10:43:11] [CAM] 摄像头未检测到，等待重连...
[2026-07-12 10:43:11] [CAM] 摄像头捕获器已释放
[2026-07-12 10:43:11] [CAM] 摄像头未检测到，等待重连...
[2026-07-12 10:43:12] [CAM] 摄像头捕获器已释放
[2026-07-12 10:43:12] [CAM] 摄像头未检测到，等待重连...
[2026-07-12 10:43:12] [CAM] 摄像头捕获器已释放
[2026-07-12 10:43:12] [CAM] 摄像头未检测到，等待重连...
[2026-07-12 10:43:13] [CAM] 摄像头捕获器已释放
[2026-07-12 10:43:13] [CAM] 摄像头未检测到，等待重连...
[2026-07-12 10:43:13] [CAM] 摄像头捕获器已释放
[2026-07-12 10:43:13] [CAM] 摄像头未检测到，等待重连...
[2026-07-12 10:43:14] [CAM] 摄像头捕获器已释放
[2026-07-12 10:43:14] [CAM] 摄像头未检测到，等待重连...
[2026-07-12 10:43:14] [CAM] 摄像头捕获器已释放
[2026-07-12 10:43:14] [CAM] 摄像头未检测到，等待重连...
[2026-07-12 10:43:15] [CAM] 摄像头捕获器已释放
[2026-07-12 10:43:15] [CAM] 摄像头未检测到，等待重连...
[2026-07-12 10:43:15] [CAM] 摄像头捕获器已释放
[2026-07-12 10:43:15] [CAM] 摄像头未检测到，等待重连...
[2026-07-12 10:43:16] [CAM] 摄像头捕获器已释放
[2026-07-12 10:43:16] [CAM] 摄像头未检测到，等待重连...
[2026-07-12 10:43:16] [CAM] 摄像头捕获器已释放
[2026-07-12 10:43:16] [CAM] 摄像头未检测到，等待重连...
[2026-07-12 10:43:17] [CAM] 摄像头捕获器已释放
[2026-07-12 10:43:17] [CAM] 摄像头未检测到，等待重连...
[2026-07-12 10:43:17] [CAM] 摄像头捕获器已释放
[2026-07-12 10:43:17] [CAM] 摄像头未检测到，等待重连...
[2026-07-12 10:43:18] [CAM] 摄像头捕获器已释放
[2026-07-12 10:43:18] [CAM] 摄像头未检测到，等待重连...
[2026-07-12 10:43:18] [CAM] 摄像头捕获器已释放
[2026-07-12 10:43:18] [CAM] 摄像头未检测到，等待重连...
[2026-07-12 10:43:19] [CAM] 摄像头捕获器已释放
[2026-07-12 10:43:19] [CAM] 摄像头未检测到，等待重连...
[2026-07-12 10:43:19] [CAM] 摄像头捕获器已释放
[2026-07-12 10:43:19] [CAM] 摄像头未检测到，等待重连...
[2026-07-12 10:43:20] [CAM] 摄像头捕获器已释放
[2026-07-12 10:43:20] [CAM] 摄像头未检测到，等待重连...
[2026-07-12 10:43:20] [CAM] 摄像头捕获器已释放
[2026-07-12 10:43:20] [CAM] 摄像头未检测到，等待重连...
[2026-07-12 10:43:21] [CAM] 摄像头捕获器已释放
[2026-07-12 10:43:21] [CAM] 摄像头未检测到，等待重连...
[2026-07-12 10:43:21] [CAM] 摄像头捕获器已释放
[2026-07-12 10:43:21] [CAM] 摄像头未检测到，等待重连...
[2026-07-12 10:43:22] [CAM] 摄像头捕获器已释放
[2026-07-12 10:43:22] [CAM] 摄像头未检测到，等待重连...
[2026-07-12 10:43:22] [CAM] 摄像头捕获器已释放
[2026-07-12 10:43:22] [CAM] 摄像头未检测到，等待重连...
[2026-07-12 10:43:23] [CAM] 摄像头捕获器已释放
[2026-07-12 10:43:23] [CAM] 摄像头未检测到，等待重连...
[2026-07-12 10:43:23] [CAM] 摄像头捕获器已释放
[2026-07-12 10:43:23] [CAM] 摄像头未检测到，等待重连...
[2026-07-12 10:43:24] [CAM] 摄像头捕获器已释放
[2026-07-12 10:43:24] [CAM] 摄像头未检测到，等待重连...
[2026-07-12 10:43:24] [CAM] 摄像头捕获器已释放
[2026-07-12 10:43:24] [CAM] 摄像头未检测到，等待重连...
[2026-07-12 10:43:25] [CAM] 摄像头捕获器已释放
[2026-07-12 10:43:25] [CAM] 摄像头未检测到，等待重连...
[2026-07-12 10:43:25] [CAM] 摄像头捕获器已释放
[2026-07-12 10:43:25] [CAM] 摄像头未检测到，等待重连...
[2026-07-12 10:43:26] [CAM] 摄像头捕获器已释放
[2026-07-12 10:43:26] [CAM] 摄像头未检测到，等待重连...
[2026-07-12 10:43:26] [CAM] 摄像头捕获器已释放
[2026-07-12 10:43:26] [CAM] 摄像头未检测到，等待重连...
[2026-07-12 10:43:27] [CAM] 摄像头捕获器已释放
[2026-07-12 10:43:27] [CAM] 摄像头未检测到，等待重连...
[2026-07-12 10:43:27] [CAM] 摄像头捕获器已释放
[2026-07-12 10:43:27] [CAM] 摄像头未检测到，等待重连...
[2026-07-12 10:43:28] [CAM] 摄像头捕获器已释放
[2026-07-12 10:43:28] [CAM] 摄像头未检测到，等待重连...
[2026-07-12 10:43:28] [CAM] 摄像头捕获器已释放
[2026-07-12 10:43:28] [CAM] 摄像头未检测到，等待重连...
[2026-07-12 10:43:29] [CAM] 摄像头捕获器已释放
[2026-07-12 10:43:29] [CAM] 摄像头未检测到，等待重连...
[2026-07-12 10:43:29] [CAM] 摄像头捕获器已释放
[2026-07-12 10:43:29] [CAM] 摄像头未检测到，等待重连...
[2026-07-12 10:43:30] [CAM] 摄像头捕获器已释放
[2026-07-12 10:43:30] [CAM] 摄像头未检测到，等待重连...
[2026-07-12 10:43:30] [CAM] 摄像头捕获器已释放
[2026-07-12 10:43:30] [CAM] 摄像头未检测到，等待重连...
[2026-07-12 10:43:31] [CAM] 摄像头捕获器已释放
[2026-07-12 10:43:31] [CAM] 摄像头未检测到，等待重连...
[2026-07-12 10:43:31] [CAM] 摄像头捕获器已释放
[2026-07-12 10:43:31] [CAM] 摄像头未检测到，等待重连...
[2026-07-12 10:43:32] [CAM] 摄像头捕获器已释放
[2026-07-12 10:43:32] [CAM] 摄像头未检测到，等待重连...
[2026-07-12 10:43:32] [CAM] 摄像头捕获器已释放
[2026-07-12 10:43:32] [CAM] 摄像头未检测到，等待重连...
[2026-07-12 10:43:33] [CAM] 摄像头捕获器已释放
[2026-07-12 10:43:33] [CAM] 摄像头未检测到，等待重连...
[2026-07-12 10:43:33] [CAM] 摄像头捕获器已释放
[2026-07-12 10:43:33] [CAM] 摄像头未检测到，等待重连...
[2026-07-12 10:43:34] [CAM] 摄像头捕获器已释放
[2026-07-12 10:43:34] [CAM] 摄像头未检测到，等待重连...
[2026-07-12 10:43:34] [CAM] 摄像头捕获器已释放
[2026-07-12 10:43:34] [CAM] 摄像头未检测到，等待重连...
[2026-07-12 10:43:35] [CAM] 摄像头捕获器已释放
[2026-07-12 10:43:35] [CAM] 摄像头未检测到，等待重连...
[2026-07-12 10:43:35] [CAM] 摄像头捕获器已释放
[2026-07-12 10:43:35] [CAM] 摄像头未检测到，等待重连...
[2026-07-12 10:43:36] [CAM] 摄像头捕获器已释放
[2026-07-12 10:43:36] [CAM] 摄像头未检测到，等待重连...
[2026-07-12 10:43:36] [CAM] 摄像头捕获器已释放
[2026-07-12 10:43:36] [CAM] 摄像头未检测到，等待重连...
[2026-07-12 10:43:37] [CAM] 摄像头捕获器已释放
[2026-07-12 10:43:37] [CAM] 摄像头未检测到，等待重连...
[2026-07-12 10:43:37] [CAM] 摄像头捕获器已释放
[2026-07-12 10:43:37] [CAM] 摄像头未检测到，等待重连...
[2026-07-12 10:43:38] [CAM] 摄像头捕获器已释放
[2026-07-12 10:43:38] [CAM] 摄像头未检测到，等待重连...
[2026-07-12 10:43:38] [CAM] 摄像头捕获器已释放
[2026-07-12 10:43:38] [CAM] 摄像头未检测到，等待重连...
[2026-07-12 10:43:39] [CAM] 摄像头捕获器已释放
[2026-07-12 10:43:39] [CAM] 摄像头未检测到，等待重连...
[2026-07-12 10:43:39] [CAM] 摄像头捕获器已释放
[2026-07-12 10:43:39] [CAM] 摄像头未检测到，等待重连...
[2026-07-12 10:43:40] [CAM] 摄像头捕获器已释放
[2026-07-12 10:43:40] [CAM] 摄像头未检测到，等待重连...
[2026-07-12 10:43:40] [CAM] 摄像头捕获器已释放
[2026-07-12 10:43:40] [CAM] 摄像头未检测到，等待重连...
[2026-07-12 10:43:41] [CAM] 摄像头捕获器已释放
[2026-07-12 10:43:41] [CAM] 摄像头未检测到，等待重连...
[2026-07-12 10:43:41] [CAM] 摄像头捕获器已释放
[2026-07-12 10:43:41] [CAM] 摄像头未检测到，等待重连...
[2026-07-12 10:43:42] [CAM] 摄像头捕获器已释放
[2026-07-12 10:43:42] [CAM] 摄像头未检测到，等待重连...
[2026-07-12 10:43:42] [CAM] 摄像头捕获器已释放
[2026-07-12 10:43:42] [CAM] 摄像头未检测到，等待重连...
[2026-07-12 10:43:43] [CAM] 摄像头捕获器已释放
[2026-07-12 10:43:43] [CAM] 摄像头未检测到，等待重连...
[2026-07-12 10:43:43] [CAM] 摄像头捕获器已释放
[2026-07-12 10:43:43] [CAM] 摄像头未检测到，等待重连...
[2026-07-12 10:43:44] [CAM] 摄像头捕获器已释放
[2026-07-12 10:43:44] [CAM] 摄像头未检测到，等待重连...
[2026-07-12 10:43:44] [CAM] 摄像头捕获器已释放
[2026-07-12 10:43:44] [CAM] 摄像头未检测到，等待重连...
[2026-07-12 10:43:45] [CAM] 摄像头捕获器已释放
[2026-07-12 10:43:45] [CAM] 摄像头未检测到，等待重连...
[2026-07-12 10:43:45] [CAM] 摄像头捕获器已释放
[2026-07-12 10:43:45] [CAM] 摄像头未检测到，等待重连...
[2026-07-12 10:43:46] [CAM] 摄像头捕获器已释放
[2026-07-12 10:43:46] [CAM] 摄像头未检测到，等待重连...
[2026-07-12 10:43:46] [CAM] 摄像头捕获器已释放
[2026-07-12 10:43:46] [CAM] 摄像头未检测到，等待重连...
[2026-07-12 10:43:47] [CAM] 摄像头捕获器已释放
[2026-07-12 10:43:47] [CAM] 摄像头未检测到，等待重连...
[2026-07-12 10:43:47] [CAM] 摄像头捕获器已释放
[2026-07-12 10:43:47] [CAM] 摄像头未检测到，等待重连...
[2026-07-12 10:43:48] [CAM] 摄像头捕获器已释放
[2026-07-12 10:43:48] [CAM] 摄像头未检测到，等待重连...
[2026-07-12 10:43:48] [CAM] 摄像头捕获器已释放
[2026-07-12 10:43:48] [CAM] 摄像头未检测到，等待重连...
[2026-07-12 10:43:49] [CAM] 摄像头捕获器已释放
[2026-07-12 10:43:49] [CAM] 摄像头未检测到，等待重连...
[2026-07-12 10:43:49] [CAM] 摄像头捕获器已释放
[2026-07-12 10:43:49] [CAM] 摄像头未检测到，等待重连...
[2026-07-12 10:43:50] [CAM] 摄像头捕获器已释放
[2026-07-12 10:43:50] [CAM] 摄像头未检测到，等待重连...
[2026-07-12 10:43:50] [CAM] 摄像头捕获器已释放
[2026-07-12 10:43:50] [CAM] 摄像头未检测到，等待重连...
[2026-07-12 10:43:51] [CAM] 摄像头捕获器已释放
[2026-07-12 10:43:51] [CAM] 摄像头未检测到，等待重连...
[2026-07-12 10:43:51] [CAM] 摄像头捕获器已释放
[2026-07-12 10:43:51] [CAM] 摄像头未检测到，等待重连...
[2026-07-12 10:43:52] [CAM] 摄像头捕获器已释放
[2026-07-12 10:43:52] [CAM] 摄像头未检测到，等待重连...
[2026-07-12 10:43:52] [CAM] 摄像头捕获器已释放
[2026-07-12 10:43:52] [CAM] 摄像头未检测到，等待重连...
[2026-07-12 10:43:53] [CAM] 摄像头捕获器已释放
[2026-07-12 10:43:53] [CAM] 摄像头未检测到，等待重连...
[2026-07-12 10:43:53] [CAM] 摄像头捕获器已释放
[2026-07-12 10:43:53] [CAM] 摄像头未检测到，等待重连...
[2026-07-12 10:43:54] [CAM] 摄像头捕获器已释放
[2026-07-12 10:43:54] [CAM] 摄像头未检测到，等待重连...
[2026-07-12 10:43:54] [CAM] 摄像头捕获器已释放
[2026-07-12 10:43:54] [CAM] 摄像头未检测到，等待重连...
[2026-07-12 10:43:55] [CAM] 摄像头捕获器已释放
[2026-07-12 10:43:55] [CAM] 摄像头未检测到，等待重连...
[2026-07-12 10:43:55] [CAM] 摄像头捕获器已释放
[2026-07-12 10:43:55] [CAM] 摄像头未检测到，等待重连...
[2026-07-12 10:43:56] [CAM] 摄像头捕获器已释放
[2026-07-12 10:43:56] [CAM] 摄像头未检测到，等待重连...
[2026-07-12 10:43:56] [CAM] 摄像头捕获器已释放
[2026-07-12 10:43:56] [CAM] 摄像头未检测到，等待重连...
[2026-07-12 10:43:57] [CAM] 摄像头捕获器已释放
[2026-07-12 10:43:57] [CAM] 摄像头未检测到，等待重连...
[2026-07-12 10:43:57] [CAM] 摄像头捕获器已释放
[2026-07-12 10:43:57] [CAM] 摄像头未检测到，等待重连...
[2026-07-12 10:43:58] [CAM] 摄像头捕获器已释放
[2026-07-12 10:43:58] [CAM] 摄像头未检测到，等待重连...
[2026-07-12 10:43:58] [CAM] 摄像头捕获器已释放
[2026-07-12 10:43:58] [CAM] 摄像头未检测到，等待重连...
[2026-07-12 10:43:59] [CAM] 摄像头捕获器已释放
[2026-07-12 10:43:59] [CAM] 摄像头未检测到，等待重连...
[2026-07-12 10:43:59] [CAM] 摄像头捕获器已释放
[2026-07-12 10:43:59] [CAM] 摄像头未检测到，等待重连...
[2026-07-12 10:44:00] [CAM] 摄像头捕获器已释放
[2026-07-12 10:44:00] [CAM] 摄像头未检测到，等待重连...
[2026-07-12 10:44:00] [CAM] 摄像头捕获器已释放
[2026-07-12 10:44:00] [CAM] 摄像头未检测到，等待重连...
[2026-07-12 10:44:01] [CAM] 摄像头捕获器已释放
[2026-07-12 10:44:01] [CAM] 摄像头未检测到，等待重连...
[2026-07-12 10:44:01] [CAM] 摄像头捕获器已释放
[2026-07-12 10:44:01] [CAM] 摄像头未检测到，等待重连...
[2026-07-12 10:44:02] [CAM] 摄像头捕获器已释放
[2026-07-12 10:44:02] [CAM] 摄像头未检测到，等待重连...
[2026-07-12 10:44:02] [CAM] 摄像头捕获器已释放
[2026-07-12 10:44:02] [CAM] 摄像头未检测到，等待重连...
[2026-07-12 10:44:03] [CAM] 摄像头捕获器已释放
[2026-07-12 10:44:03] [CAM] 摄像头未检测到，等待重连...
[2026-07-12 10:44:03] [CAM] 摄像头捕获器已释放
[2026-07-12 10:44:03] [CAM] 摄像头未检测到，等待重连...
[2026-07-12 10:44:04] [CAM] 摄像头捕获器已释放
[2026-07-12 10:44:04] [CAM] 摄像头未检测到，等待重连...
[2026-07-12 10:44:04] [CAM] 摄像头捕获器已释放
[2026-07-12 10:44:04] [CAM] 摄像头未检测到，等待重连...
[2026-07-12 10:44:05] [CAM] 摄像头捕获器已释放
[2026-07-12 10:44:05] [CAM] 摄像头未检测到，等待重连...
[2026-07-12 10:44:05] [CAM] 摄像头捕获器已释放
[2026-07-12 10:44:05] [CAM] 摄像头未检测到，等待重连...
[2026-07-12 10:44:06] [CAM] 摄像头捕获器已释放
[2026-07-12 10:44:06] [CAM] 摄像头未检测到，等待重连...
[2026-07-12 10:44:06] [CAM] 摄像头捕获器已释放
[2026-07-12 10:44:06] [CAM] 摄像头未检测到，等待重连...
[2026-07-12 10:44:07] [CAM] 摄像头捕获器已释放
[2026-07-12 10:44:07] [CAM] 摄像头未检测到，等待重连...
[2026-07-12 10:44:07] [CAM] 摄像头捕获器已释放
[2026-07-12 10:44:07] [CAM] 摄像头未检测到，等待重连...
[2026-07-12 10:44:08] [CAM] 摄像头捕获器已释放
[2026-07-12 10:44:08] [CAM] 摄像头未检测到，等待重连...
[2026-07-12 10:44:08] [CAM] 摄像头捕获器已释放
[2026-07-12 10:44:08] [CAM] 摄像头未检测到，等待重连...
[2026-07-12 10:44:09] [CAM] 摄像头捕获器已释放
[2026-07-12 10:44:09] [CAM] 摄像头未检测到，等待重连...
[2026-07-12 10:44:09] [CAM] 摄像头捕获器已释放
[2026-07-12 10:44:09] [CAM] 摄像头未检测到，等待重连...
[2026-07-12 10:44:10] [CAM] 摄像头捕获器已释放
[2026-07-12 10:44:10] [CAM] 摄像头未检测到，等待重连...
[2026-07-12 10:44:10] [CAM] 摄像头捕获器已释放
[2026-07-12 10:44:10] [CAM] 摄像头未检测到，等待重连...
[2026-07-12 10:44:11] [CAM] 摄像头捕获器已释放
[2026-07-12 10:44:11] [CAM] 摄像头未检测到，等待重连...
[2026-07-12 10:44:11] [CAM] 摄像头捕获器已释放
[2026-07-12 10:44:11] [CAM] 摄像头未检测到，等待重连...
[2026-07-12 10:44:12] [CAM] 摄像头捕获器已释放
[2026-07-12 10:44:12] [CAM] 摄像头未检测到，等待重连...
[2026-07-12 10:44:12] [CAM] 摄像头捕获器已释放
[2026-07-12 10:44:12] [CAM] 摄像头未检测到，等待重连...
[2026-07-12 10:44:13] [CAM] 摄像头捕获器已释放
[2026-07-12 10:44:13] [CAM] 摄像头未检测到，等待重连...
[2026-07-12 10:44:13] [CAM] 摄像头捕获器已释放
[2026-07-12 10:44:13] [CAM] 摄像头未检测到，等待重连...
[2026-07-12 10:44:14] [CAM] 摄像头捕获器已释放
[2026-07-12 10:44:14] [CAM] 摄像头未检测到，等待重连...
[2026-07-12 10:44:14] [CAM] 摄像头捕获器已释放
[2026-07-12 10:44:14] [CAM] 摄像头未检测到，等待重连...
[2026-07-12 10:44:15] [CAM] 摄像头捕获器已释放
[2026-07-12 10:44:15] [CAM] 摄像头未检测到，等待重连...
[2026-07-12 10:44:15] [CAM] 摄像头捕获器已释放
[2026-07-12 10:44:15] [CAM] 摄像头未检测到，等待重连...
[2026-07-12 10:44:16] [CAM] 摄像头捕获器已释放
[2026-07-12 10:44:16] [CAM] 摄像头未检测到，等待重连...
[2026-07-12 10:44:16] [CAM] 摄像头捕获器已释放
[2026-07-12 10:44:16] [CAM] 摄像头未检测到，等待重连...
[2026-07-12 10:44:17] [CAM] 摄像头捕获器已释放
[2026-07-12 10:44:17] [CAM] 摄像头未检测到，等待重连...
[2026-07-12 10:44:17] [CAM] 摄像头捕获器已释放
[2026-07-12 10:44:17] [CAM] 摄像头未检测到，等待重连...
[2026-07-12 10:44:18] [CAM] 摄像头捕获器已释放
[2026-07-12 10:44:18] [CAM] 摄像头未检测到，等待重连...
[2026-07-12 10:44:18] [CAM] 摄像头捕获器已释放
[2026-07-12 10:44:18] [CAM] 摄像头未检测到，等待重连...
[2026-07-12 10:44:19] [CAM] 摄像头捕获器已释放
[2026-07-12 10:44:19] [CAM] 摄像头未检测到，等待重连...
[2026-07-12 10:44:19] [CAM] 摄像头捕获器已释放
[2026-07-12 10:44:19] [CAM] 摄像头未检测到，等待重连...
[2026-07-12 10:44:20] [CAM] 摄像头捕获器已释放
[2026-07-12 10:44:20] [CAM] 摄像头未检测到，等待重连...
[2026-07-12 10:44:20] [CAM] 摄像头捕获器已释放
[2026-07-12 10:44:20] [CAM] 摄像头未检测到，等待重连...
[2026-07-12 10:44:21] [CAM] 摄像头捕获器已释放
[2026-07-12 10:44:21] [CAM] 摄像头未检测到，等待重连...
[2026-07-12 10:44:21] [CAM] 摄像头捕获器已释放
[2026-07-12 10:44:21] [CAM] 摄像头未检测到，等待重连...
[2026-07-12 10:44:22] [CAM] 摄像头捕获器已释放
[2026-07-12 10:44:22] [CAM] 摄像头未检测到，等待重连...
[2026-07-12 10:44:22] [CAM] 摄像头捕获器已释放
[2026-07-12 10:44:22] [CAM] 摄像头未检测到，等待重连...
[2026-07-12 10:44:23] [CAM] 摄像头捕获器已释放
[2026-07-12 10:44:23] [CAM] 摄像头未检测到，等待重连...
[2026-07-12 10:44:23] [CAM] 摄像头捕获器已释放
[2026-07-12 10:44:23] [CAM] 摄像头未检测到，等待重连...
[2026-07-12 10:44:24] [CAM] 摄像头捕获器已释放
[2026-07-12 10:44:24] [CAM] 摄像头未检测到，等待重连...
[2026-07-12 10:44:24] [CAM] 摄像头捕获器已释放
[2026-07-12 10:44:24] [CAM] 摄像头未检测到，等待重连...
[2026-07-12 10:44:25] [CAM] 摄像头捕获器已释放
[2026-07-12 10:44:25] [CAM] 摄像头未检测到，等待重连...
[2026-07-12 10:44:25] [CAM] 摄像头捕获器已释放
[2026-07-12 10:44:25] [CAM] 摄像头未检测到，等待重连...
[2026-07-12 10:44:26] [CAM] 摄像头捕获器已释放
[2026-07-12 10:44:26] [CAM] 摄像头未检测到，等待重连...
[2026-07-12 10:44:26] [CAM] 摄像头捕获器已释放
[2026-07-12 10:44:26] [CAM] 摄像头未检测到，等待重连...
[2026-07-12 10:44:27] [CAM] 摄像头捕获器已释放
[2026-07-12 10:44:27] [CAM] 摄像头未检测到，等待重连...
[2026-07-12 10:44:27] [CAM] 摄像头捕获器已释放
[2026-07-12 10:44:27] [CAM] 摄像头未检测到，等待重连...
[2026-07-12 10:44:28] [CAM] 摄像头捕获器已释放
[2026-07-12 10:44:28] [CAM] 摄像头未检测到，等待重连...
[2026-07-12 10:44:28] [CAM] 摄像头捕获器已释放
[2026-07-12 10:44:28] [CAM] 摄像头未检测到，等待重连...
[2026-07-12 10:44:29] [CAM] 摄像头捕获器已释放
[2026-07-12 10:44:29] [CAM] 摄像头未检测到，等待重连...
[2026-07-12 10:44:29] [CAM] 摄像头捕获器已释放
[2026-07-12 10:44:29] [CAM] 摄像头未检测到，等待重连...
[2026-07-12 10:44:30] [CAM] 摄像头捕获器已释放
[2026-07-12 10:44:30] [CAM] 摄像头未检测到，等待重连...
[2026-07-12 10:44:30] [CAM] 摄像头捕获器已释放
[2026-07-12 10:44:30] [CAM] 摄像头未检测到，等待重连...
[2026-07-12 10:44:31] [CAM] 摄像头捕获器已释放
[2026-07-12 10:44:31] [CAM] 摄像头未检测到，等待重连...
[2026-07-12 10:44:31] [CAM] 摄像头捕获器已释放
[2026-07-12 10:44:31] [CAM] 摄像头未检测到，等待重连...
[2026-07-12 10:44:32] [CAM] 摄像头捕获器已释放
[2026-07-12 10:44:32] [CAM] 摄像头未检测到，等待重连...
[2026-07-12 10:44:32] [CAM] 摄像头捕获器已释放
[2026-07-12 10:44:32] [CAM] 摄像头未检测到，等待重连...
[2026-07-12 10:44:33] [CAM] 摄像头捕获器已释放
[2026-07-12 10:44:33] [CAM] 摄像头未检测到，等待重连...
[2026-07-12 10:44:33] [CAM] 摄像头捕获器已释放
[2026-07-12 10:44:33] [CAM] 摄像头未检测到，等待重连...
[2026-07-12 10:44:34] [CAM] 摄像头捕获器已释放
[2026-07-12 10:44:34] [CAM] 摄像头未检测到，等待重连...
[2026-07-12 10:44:34] [CAM] 摄像头捕获器已释放
[2026-07-12 10:44:34] [CAM] 摄像头未检测到，等待重连...
[2026-07-12 10:44:35] [CAM] 摄像头捕获器已释放
[2026-07-12 10:44:35] [CAM] 摄像头未检测到，等待重连...
[2026-07-12 10:44:35] [CAM] 摄像头捕获器已释放
[2026-07-12 10:44:35] [CAM] 摄像头未检测到，等待重连...
[2026-07-12 10:44:36] [CAM] 摄像头捕获器已释放
[2026-07-12 10:44:36] [CAM] 摄像头未检测到，等待重连...
[2026-07-12 10:44:36] [CAM] 摄像头捕获器已释放
[2026-07-12 10:44:36] [CAM] 摄像头未检测到，等待重连...
[2026-07-12 10:44:37] [CAM] 摄像头捕获器已释放
[2026-07-12 10:44:37] [CAM] 摄像头未检测到，等待重连...
[2026-07-12 10:44:37] [CAM] 摄像头捕获器已释放
[2026-07-12 10:44:37] [CAM] 摄像头未检测到，等待重连...
[2026-07-12 10:44:38] [CAM] 摄像头捕获器已释放
[2026-07-12 10:44:38] [CAM] 摄像头未检测到，等待重连...
[2026-07-12 10:44:38] [CAM] 摄像头捕获器已释放
[2026-07-12 10:44:38] [CAM] 摄像头未检测到，等待重连...
[2026-07-12 10:44:39] [CAM] 摄像头捕获器已释放
[2026-07-12 10:44:39] [CAM] 摄像头未检测到，等待重连...
[2026-07-12 10:44:39] [CAM] 摄像头捕获器已释放
[2026-07-12 10:44:39] [CAM] 摄像头未检测到，等待重连...
[2026-07-12 10:44:40] [CAM] 摄像头捕获器已释放
[2026-07-12 10:44:40] [CAM] 摄像头未检测到，等待重连...
[2026-07-12 10:44:40] [CAM] 摄像头捕获器已释放
[2026-07-12 10:44:40] [CAM] 摄像头未检测到，等待重连...
[2026-07-12 10:44:41] [CAM] 摄像头捕获器已释放
[2026-07-12 10:44:41] [CAM] 摄像头未检测到，等待重连...
[2026-07-12 10:44:41] [CAM] 摄像头捕获器已释放
[2026-07-12 10:44:41] [CAM] 摄像头未检测到，等待重连...
[2026-07-12 10:44:42] [CAM] 摄像头捕获器已释放
[2026-07-12 10:44:42] [CAM] 摄像头未检测到，等待重连...
[2026-07-12 10:44:42] [CAM] 摄像头捕获器已释放
[2026-07-12 10:44:42] [CAM] 摄像头未检测到，等待重连...
[2026-07-12 10:44:43] [CAM] 摄像头捕获器已释放
[2026-07-12 10:44:43] [CAM] 摄像头未检测到，等待重连...
[2026-07-12 10:44:43] [CAM] 摄像头捕获器已释放
[2026-07-12 10:44:43] [CAM] 摄像头未检测到，等待重连...
[2026-07-12 10:44:44] [CAM] 摄像头捕获器已释放
[2026-07-12 10:44:44] [CAM] 摄像头未检测到，等待重连...
[2026-07-12 10:44:44] [CAM] 摄像头捕获器已释放
[2026-07-12 10:44:44] [CAM] 摄像头未检测到，等待重连...
[2026-07-12 10:44:45] [CAM] 摄像头捕获器已释放
[2026-07-12 10:44:45] [CAM] 摄像头未检测到，等待重连...
[2026-07-12 10:44:45] [CAM] 摄像头捕获器已释放
[2026-07-12 10:44:45] [CAM] 摄像头未检测到，等待重连...
[2026-07-12 10:44:46] [CAM] 摄像头捕获器已释放
[2026-07-12 10:44:46] [CAM] 摄像头未检测到，等待重连...
[2026-07-12 10:44:46] [CAM] 摄像头捕获器已释放
[2026-07-12 10:44:46] [CAM] 摄像头未检测到，等待重连...
[2026-07-12 10:44:47] [CAM] 摄像头捕获器已释放
[2026-07-12 10:44:47] [CAM] 摄像头未检测到，等待重连...
[2026-07-12 10:44:47] [CAM] 摄像头捕获器已释放
[2026-07-12 10:44:47] [CAM] 摄像头未检测到，等待重连...
[2026-07-12 10:44:48] [CAM] 摄像头捕获器已释放
[2026-07-12 10:44:48] [CAM] 摄像头未检测到，等待重连...
[2026-07-12 10:44:48] [CAM] 摄像头捕获器已释放
[2026-07-12 10:44:48] [CAM] 摄像头未检测到，等待重连...
[2026-07-12 10:44:49] [CAM] 摄像头捕获器已释放
[2026-07-12 10:44:49] [CAM] 摄像头未检测到，等待重连...
[2026-07-12 10:44:49] [CAM] 摄像头捕获器已释放
[2026-07-12 10:44:49] [CAM] 摄像头未检测到，等待重连...
[2026-07-12 10:44:50] [CAM] 摄像头捕获器已释放
[2026-07-12 10:44:50] [CAM] 摄像头未检测到，等待重连...
[2026-07-12 10:44:50] [CAM] 摄像头捕获器已释放
[2026-07-12 10:44:50] [CAM] 摄像头未检测到，等待重连...
[2026-07-12 10:44:51] [CAM] 摄像头捕获器已释放
[2026-07-12 10:44:51] [CAM] 摄像头未检测到，等待重连...
[2026-07-12 10:44:51] [CAM] 摄像头捕获器已释放
[2026-07-12 10:44:51] [CAM] 摄像头未检测到，等待重连...
[2026-07-12 10:44:52] [CAM] 摄像头捕获器已释放
[2026-07-12 10:44:52] [CAM] 摄像头未检测到，等待重连...
[2026-07-12 10:44:52] [CAM] 摄像头捕获器已释放
[2026-07-12 10:44:52] [CAM] 摄像头未检测到，等待重连...
[2026-07-12 10:44:53] [CAM] 摄像头捕获器已释放
[2026-07-12 10:44:53] [CAM] 摄像头未检测到，等待重连...
[2026-07-12 10:44:53] [CAM] 摄像头捕获器已释放
[2026-07-12 10:44:53] [CAM] 摄像头未检测到，等待重连...
[2026-07-12 10:44:54] [CAM] 摄像头捕获器已释放
[2026-07-12 10:44:54] [CAM] 摄像头未检测到，等待重连...
[2026-07-12 10:44:54] [CAM] 摄像头捕获器已释放
[2026-07-12 10:44:54] [CAM] 摄像头未检测到，等待重连...
[2026-07-12 10:44:55] [CAM] 摄像头捕获器已释放
[2026-07-12 10:44:55] [CAM] 摄像头未检测到，等待重连...
[2026-07-12 10:44:55] [CAM] 摄像头捕获器已释放
[2026-07-12 10:44:55] [CAM] 摄像头未检测到，等待重连...
[2026-07-12 10:44:56] [CAM] 摄像头捕获器已释放
[2026-07-12 10:44:56] [CAM] 摄像头未检测到，等待重连...
[2026-07-12 10:44:56] [CAM] 摄像头捕获器已释放
[2026-07-12 10:44:56] [CAM] 摄像头未检测到，等待重连...
[2026-07-12 10:44:57] [CAM] 摄像头捕获器已释放
[2026-07-12 10:44:57] [CAM] 摄像头未检测到，等待重连...
[2026-07-12 10:44:57] [CAM] 摄像头捕获器已释放
[2026-07-12 10:44:57] [CAM] 摄像头未检测到，等待重连...
[2026-07-12 10:44:58] [CAM] 摄像头捕获器已释放
[2026-07-12 10:44:58] [CAM] 摄像头未检测到，等待重连...
[2026-07-12 10:44:58] [CAM] 摄像头捕获器已释放
[2026-07-12 10:44:58] [CAM] 摄像头未检测到，等待重连...
[2026-07-12 10:44:59] [CAM] 摄像头捕获器已释放
[2026-07-12 10:44:59] [CAM] 摄像头未检测到，等待重连...
[2026-07-12 10:44:59] [CAM] 摄像头捕获器已释放
[2026-07-12 10:44:59] [CAM] 摄像头未检测到，等待重连...
[2026-07-12 10:45:00] [CAM] 摄像头捕获器已释放
[2026-07-12 10:45:00] [CAM] 摄像头未检测到，等待重连...
[2026-07-12 10:45:00] [CAM] 摄像头捕获器已释放
[2026-07-12 10:45:00] [CAM] 摄像头未检测到，等待重连...
[2026-07-12 10:45:01] [CAM] 摄像头捕获器已释放
[2026-07-12 10:45:01] [CAM] 摄像头未检测到，等待重连...
[2026-07-12 10:45:01] [CAM] 摄像头捕获器已释放
[2026-07-12 10:45:01] [CAM] 摄像头未检测到，等待重连...
[2026-07-12 10:45:02] [CAM] 摄像头捕获器已释放
[2026-07-12 10:45:02] [CAM] 摄像头未检测到，等待重连...
[2026-07-12 10:45:02] [CAM] 摄像头捕获器已释放
[2026-07-12 10:45:02] [CAM] 摄像头未检测到，等待重连...
[2026-07-12 10:45:03] [CAM] 摄像头捕获器已释放
[2026-07-12 10:45:03] [CAM] 摄像头未检测到，等待重连...
[2026-07-12 10:45:03] [CAM] 摄像头捕获器已释放
[2026-07-12 10:45:03] [CAM] 摄像头未检测到，等待重连...
[2026-07-12 10:45:04] [CAM] 摄像头捕获器已释放
[2026-07-12 10:45:04] [CAM] 摄像头未检测到，等待重连...
[2026-07-12 10:45:04] [CAM] 摄像头捕获器已释放
[2026-07-12 10:45:04] [CAM] 摄像头未检测到，等待重连...
[2026-07-12 10:45:05] [CAM] 摄像头捕获器已释放
[2026-07-12 10:45:05] [CAM] 摄像头未检测到，等待重连...
[2026-07-12 10:45:05] [CAM] 摄像头捕获器已释放
[2026-07-12 10:45:05] [CAM] 摄像头未检测到，等待重连...
[2026-07-12 10:45:06] [CAM] 摄像头捕获器已释放
[2026-07-12 10:45:06] [CAM] 摄像头未检测到，等待重连...
[2026-07-12 10:45:06] [CAM] 摄像头捕获器已释放
[2026-07-12 10:45:06] [CAM] 摄像头未检测到，等待重连...
[2026-07-12 10:45:07] [CAM] 摄像头捕获器已释放
[2026-07-12 10:45:07] [CAM] 摄像头未检测到，等待重连...
[2026-07-12 10:45:07] [CAM] 摄像头捕获器已释放
[2026-07-12 10:45:07] [CAM] 摄像头未检测到，等待重连...
[2026-07-12 10:45:08] [CAM] 摄像头捕获器已释放
[2026-07-12 10:45:08] [CAM] 摄像头未检测到，等待重连...
[2026-07-12 10:45:08] [CAM] 摄像头捕获器已释放
[2026-07-12 10:45:08] [CAM] 摄像头未检测到，等待重连...
[2026-07-12 10:45:09] [CAM] 摄像头捕获器已释放
[2026-07-12 10:45:09] [CAM] 摄像头未检测到，等待重连...
[2026-07-12 10:45:09] [CAM] 摄像头捕获器已释放
[2026-07-12 10:45:09] [CAM] 摄像头未检测到，等待重连...
[2026-07-12 10:45:10] [CAM] 摄像头捕获器已释放
[2026-07-12 10:45:10] [CAM] 摄像头未检测到，等待重连...
[2026-07-12 10:45:10] [CAM] 摄像头捕获器已释放
[2026-07-12 10:45:10] [CAM] 摄像头未检测到，等待重连...
[2026-07-12 10:45:11] [CAM] 摄像头捕获器已释放
[2026-07-12 10:45:11] [CAM] 摄像头未检测到，等待重连...
[2026-07-12 10:45:11] [CAM] 摄像头捕获器已释放
[2026-07-12 10:45:11] [CAM] 摄像头未检测到，等待重连...
[2026-07-12 10:45:12] [CAM] 摄像头捕获器已释放
[2026-07-12 10:45:12] [CAM] 摄像头未检测到，等待重连...
[2026-07-12 10:45:12] [CAM] 摄像头捕获器已释放
[2026-07-12 10:45:12] [CAM] 摄像头未检测到，等待重连...
[2026-07-12 10:45:13] [CAM] 摄像头捕获器已释放
[2026-07-12 10:45:13] [CAM] 摄像头未检测到，等待重连...
[2026-07-12 10:45:13] [CAM] 摄像头捕获器已释放
[2026-07-12 10:45:13] [CAM] 摄像头未检测到，等待重连...
[2026-07-12 10:45:14] [CAM] 摄像头捕获器已释放
[2026-07-12 10:45:14] [CAM] 摄像头未检测到，等待重连...
[2026-07-12 10:45:14] [CAM] 摄像头捕获器已释放
[2026-07-12 10:45:14] [CAM] 摄像头未检测到，等待重连...
[2026-07-12 10:45:15] [CAM] 摄像头捕获器已释放
[2026-07-12 10:45:15] [CAM] 摄像头未检测到，等待重连...
[2026-07-12 10:45:15] [CAM] 摄像头捕获器已释放
[2026-07-12 10:45:15] [CAM] 摄像头未检测到，等待重连...
[2026-07-12 10:45:16] [CAM] 摄像头捕获器已释放
[2026-07-12 10:45:16] [CAM] 摄像头未检测到，等待重连...
[2026-07-12 10:45:16] [CAM] 摄像头捕获器已释放
[2026-07-12 10:45:16] [CAM] 摄像头未检测到，等待重连...
[2026-07-12 10:45:17] [CAM] 摄像头捕获器已释放
[2026-07-12 10:45:17] [CAM] 摄像头未检测到，等待重连...
[2026-07-12 10:45:17] [CAM] 摄像头捕获器已释放
[2026-07-12 10:45:17] [CAM] 摄像头未检测到，等待重连...
[2026-07-12 10:45:18] [CAM] 摄像头捕获器已释放
[2026-07-12 10:45:18] [CAM] 摄像头未检测到，等待重连...
[2026-07-12 10:45:18] [CAM] 摄像头捕获器已释放
[2026-07-12 10:45:19] [CAM] 摄像头未检测到，等待重连...
[2026-07-12 10:45:19] [CAM] 摄像头捕获器已释放
[2026-07-12 10:45:19] [CAM] 摄像头未检测到，等待重连...
[2026-07-12 10:45:20] [CAM] 摄像头捕获器已释放
[2026-07-12 10:45:20] [CAM] 摄像头未检测到，等待重连...
[2026-07-12 10:45:20] [CAM] 摄像头捕获器已释放
[2026-07-12 10:45:20] [CAM] 摄像头未检测到，等待重连...
[2026-07-12 10:45:21] [CAM] 摄像头捕获器已释放
[2026-07-12 10:45:21] [CAM] 摄像头未检测到，等待重连...
[2026-07-12 10:45:21] [CAM] 摄像头捕获器已释放
[2026-07-12 10:45:21] [CAM] 摄像头未检测到，等待重连...
[2026-07-12 10:45:22] [CAM] 摄像头捕获器已释放
[2026-07-12 10:45:22] [CAM] 摄像头未检测到，等待重连...
[2026-07-12 10:45:22] [CAM] 摄像头捕获器已释放
[2026-07-12 10:45:22] [CAM] 摄像头未检测到，等待重连...
[2026-07-12 10:45:23] [CAM] 摄像头捕获器已释放
[2026-07-12 10:45:23] [CAM] 摄像头未检测到，等待重连...
[2026-07-12 10:45:23] [CAM] 摄像头捕获器已释放
[2026-07-12 10:45:23] [CAM] 摄像头未检测到，等待重连...
[2026-07-12 10:45:24] [CAM] 摄像头捕获器已释放
[2026-07-12 10:45:24] [CAM] 摄像头未检测到，等待重连...
[2026-07-12 10:45:24] [CAM] 摄像头捕获器已释放
[2026-07-12 10:45:24] [CAM] 摄像头未检测到，等待重连...
[2026-07-12 10:45:25] [CAM] 摄像头捕获器已释放
[2026-07-12 10:45:25] [CAM] 摄像头未检测到，等待重连...
[2026-07-12 10:45:25] [CAM] 摄像头捕获器已释放
[2026-07-12 10:45:25] [CAM] 摄像头未检测到，等待重连...
[2026-07-12 10:45:26] [CAM] 摄像头捕获器已释放
[2026-07-12 10:45:26] [CAM] 摄像头未检测到，等待重连...
[2026-07-12 10:45:26] [CAM] 摄像头捕获器已释放
[2026-07-12 10:45:26] [CAM] 摄像头未检测到，等待重连...
[2026-07-12 10:45:27] [CAM] 摄像头捕获器已释放
[2026-07-12 10:45:27] [CAM] 摄像头未检测到，等待重连...
[2026-07-12 10:45:27] [CAM] 摄像头捕获器已释放
[2026-07-12 10:45:27] [CAM] 摄像头未检测到，等待重连...
[2026-07-12 10:45:28] [CAM] 摄像头捕获器已释放
[2026-07-12 10:45:28] [CAM] 摄像头未检测到，等待重连...
[2026-07-12 10:45:28] [CAM] 摄像头捕获器已释放
[2026-07-12 10:45:28] [CAM] 摄像头未检测到，等待重连...
[2026-07-12 10:45:29] [CAM] 摄像头捕获器已释放
[2026-07-12 10:45:29] [CAM] 摄像头未检测到，等待重连...
[2026-07-12 10:45:29] [CAM] 摄像头捕获器已释放
[2026-07-12 10:45:29] [CAM] 摄像头未检测到，等待重连...
[2026-07-12 10:45:30] [CAM] 摄像头捕获器已释放
[2026-07-12 10:45:30] [CAM] 摄像头未检测到，等待重连...
[2026-07-12 10:45:30] [CAM] 摄像头捕获器已释放
[2026-07-12 10:45:30] [CAM] 摄像头未检测到，等待重连...
[2026-07-12 10:45:31] [CAM] 摄像头捕获器已释放
[2026-07-12 10:45:31] [CAM] 摄像头未检测到，等待重连...
[2026-07-12 10:45:31] [CAM] 摄像头捕获器已释放
[2026-07-12 10:45:31] [CAM] 摄像头未检测到，等待重连...
[2026-07-12 10:45:32] [CAM] 摄像头捕获器已释放
[2026-07-12 10:45:32] [CAM] 摄像头未检测到，等待重连...
[2026-07-12 10:45:32] [CAM] 摄像头捕获器已释放
[2026-07-12 10:45:32] [CAM] 摄像头未检测到，等待重连...
[2026-07-12 10:45:33] [CAM] 摄像头捕获器已释放
[2026-07-12 10:45:33] [CAM] 摄像头未检测到，等待重连...
[2026-07-12 10:45:33] [CAM] 摄像头捕获器已释放
[2026-07-12 10:45:33] [CAM] 摄像头未检测到，等待重连...
[2026-07-12 10:45:34] [CAM] 摄像头捕获器已释放
[2026-07-12 10:45:34] [CAM] 摄像头未检测到，等待重连...
[2026-07-12 10:45:34] [CAM] 摄像头捕获器已释放
[2026-07-12 10:45:34] [CAM] 摄像头未检测到，等待重连...
[2026-07-12 10:45:35] [CAM] 摄像头捕获器已释放
[2026-07-12 10:45:35] [CAM] 摄像头未检测到，等待重连...
[2026-07-12 10:45:35] [CAM] 摄像头捕获器已释放
[2026-07-12 10:45:35] [CAM] 摄像头未检测到，等待重连...
[2026-07-12 10:45:36] [CAM] 摄像头捕获器已释放
[2026-07-12 10:45:36] [CAM] 摄像头未检测到，等待重连...
[2026-07-12 10:45:36] [CAM] 摄像头捕获器已释放
[2026-07-12 10:45:36] [CAM] 摄像头未检测到，等待重连...
[2026-07-12 10:45:37] [CAM] 摄像头捕获器已释放
[2026-07-12 10:45:37] [CAM] 摄像头未检测到，等待重连...
[2026-07-12 10:45:37] [CAM] 摄像头捕获器已释放
[2026-07-12 10:45:37] [CAM] 摄像头未检测到，等待重连...
[2026-07-12 10:45:38] [CAM] 摄像头捕获器已释放
[2026-07-12 10:45:38] [CAM] 摄像头未检测到，等待重连...
[2026-07-12 10:45:38] [CAM] 摄像头捕获器已释放
[2026-07-12 10:45:38] [CAM] 摄像头未检测到，等待重连...
[2026-07-12 10:45:39] [CAM] 摄像头捕获器已释放
[2026-07-12 10:45:39] [CAM] 摄像头未检测到，等待重连...
[2026-07-12 10:45:39] [CAM] 摄像头捕获器已释放
[2026-07-12 10:45:39] [CAM] 摄像头未检测到，等待重连...
[2026-07-12 10:45:40] [CAM] 摄像头捕获器已释放
[2026-07-12 10:45:40] [CAM] 摄像头未检测到，等待重连...
[2026-07-12 10:45:40] [CAM] 摄像头捕获器已释放
[2026-07-12 10:45:40] [CAM] 摄像头未检测到，等待重连...
[2026-07-12 10:45:41] [CAM] 摄像头捕获器已释放
[2026-07-12 10:45:41] [CAM] 摄像头未检测到，等待重连...
[2026-07-12 10:45:41] [CAM] 摄像头捕获器已释放
[2026-07-12 10:45:41] [CAM] 摄像头未检测到，等待重连...
[2026-07-12 10:45:42] [CAM] 摄像头捕获器已释放
[2026-07-12 10:45:42] [CAM] 摄像头未检测到，等待重连...
[2026-07-12 10:45:42] [CAM] 摄像头捕获器已释放
[2026-07-12 10:45:42] [CAM] 摄像头未检测到，等待重连...
[2026-07-12 10:45:43] [CAM] 摄像头捕获器已释放
[2026-07-12 10:45:43] [CAM] 摄像头未检测到，等待重连...
[2026-07-12 10:45:43] [CAM] 摄像头捕获器已释放
[2026-07-12 10:45:43] [CAM] 摄像头未检测到，等待重连...
[2026-07-12 10:45:44] [CAM] 摄像头捕获器已释放
[2026-07-12 10:45:44] [CAM] 摄像头未检测到，等待重连...
[2026-07-12 10:45:44] [CAM] 摄像头捕获器已释放
[2026-07-12 10:45:44] [CAM] 摄像头未检测到，等待重连...
[2026-07-12 10:45:45] [CAM] 摄像头捕获器已释放
[2026-07-12 10:45:45] [CAM] 摄像头未检测到，等待重连...
[2026-07-12 10:45:45] [CAM] 摄像头捕获器已释放
[2026-07-12 10:45:45] [CAM] 摄像头未检测到，等待重连...
[2026-07-12 10:45:46] [CAM] 摄像头捕获器已释放
[2026-07-12 10:45:46] [CAM] 摄像头未检测到，等待重连...
[2026-07-12 10:45:46] [CAM] 摄像头捕获器已释放
[2026-07-12 10:45:46] [CAM] 摄像头未检测到，等待重连...
[2026-07-12 10:45:47] [CAM] 摄像头捕获器已释放
[2026-07-12 10:45:47] [CAM] 摄像头未检测到，等待重连...
[2026-07-12 10:45:47] [CAM] 摄像头捕获器已释放
[2026-07-12 10:45:47] [CAM] 摄像头未检测到，等待重连...
[2026-07-12 10:45:48] [CAM] 摄像头捕获器已释放
[2026-07-12 10:45:48] [CAM] 摄像头未检测到，等待重连...
[2026-07-12 10:45:48] [CAM] 摄像头捕获器已释放
[2026-07-12 10:45:48] [CAM] 摄像头未检测到，等待重连...
[2026-07-12 10:45:49] [CAM] 摄像头捕获器已释放
[2026-07-12 10:45:49] [CAM] 摄像头未检测到，等待重连...
[2026-07-12 10:45:49] [CAM] 摄像头捕获器已释放
[2026-07-12 10:45:49] [CAM] 摄像头未检测到，等待重连...
[2026-07-12 10:45:50] [CAM] 摄像头捕获器已释放
[2026-07-12 10:45:50] [CAM] 摄像头未检测到，等待重连...
[2026-07-12 10:45:50] [CAM] 摄像头捕获器已释放
[2026-07-12 10:45:50] [CAM] 摄像头未检测到，等待重连...
[2026-07-12 10:45:51] [CAM] 摄像头捕获器已释放
[2026-07-12 10:45:51] [CAM] 摄像头未检测到，等待重连...
[2026-07-12 10:45:51] [CAM] 摄像头捕获器已释放
[2026-07-12 10:45:51] [CAM] 摄像头未检测到，等待重连...
[2026-07-12 10:45:52] [CAM] 摄像头捕获器已释放
[2026-07-12 10:45:52] [CAM] 摄像头未检测到，等待重连...
[2026-07-12 10:45:52] [CAM] 摄像头捕获器已释放
[2026-07-12 10:45:52] [CAM] 摄像头未检测到，等待重连...
[2026-07-12 10:45:53] [CAM] 摄像头捕获器已释放
[2026-07-12 10:45:53] [CAM] 摄像头未检测到，等待重连...
[2026-07-12 10:45:53] [CAM] 摄像头捕获器已释放
[2026-07-12 10:45:53] [CAM] 摄像头未检测到，等待重连...
[2026-07-12 10:45:54] [CAM] 摄像头捕获器已释放
[2026-07-12 10:45:54] [CAM] 摄像头未检测到，等待重连...
[2026-07-12 10:45:54] [CAM] 摄像头捕获器已释放
[2026-07-12 10:45:54] [CAM] 摄像头未检测到，等待重连...
[2026-07-12 10:45:55] [CAM] 摄像头捕获器已释放
[2026-07-12 10:45:55] [CAM] 摄像头未检测到，等待重连...
[2026-07-12 10:45:55] [CAM] 摄像头捕获器已释放
[2026-07-12 10:45:55] [CAM] 摄像头未检测到，等待重连...
[2026-07-12 10:45:56] [CAM] 摄像头捕获器已释放
[2026-07-12 10:45:56] [CAM] 摄像头未检测到，等待重连...
[2026-07-12 10:45:56] [CAM] 摄像头捕获器已释放
[2026-07-12 10:45:56] [CAM] 摄像头未检测到，等待重连...
[2026-07-12 10:45:57] [CAM] 摄像头捕获器已释放
[2026-07-12 10:45:57] [CAM] 摄像头未检测到，等待重连...
[2026-07-12 10:45:57] [CAM] 摄像头捕获器已释放
[2026-07-12 10:45:57] [CAM] 摄像头未检测到，等待重连...
[2026-07-12 10:45:58] [CAM] 摄像头捕获器已释放
[2026-07-12 10:45:58] [CAM] 摄像头未检测到，等待重连...
[2026-07-12 10:45:58] [CAM] 摄像头捕获器已释放
[2026-07-12 10:45:58] [CAM] 摄像头未检测到，等待重连...
[2026-07-12 10:45:59] [CAM] 摄像头捕获器已释放
[2026-07-12 10:45:59] [CAM] 摄像头未检测到，等待重连...
[2026-07-12 10:45:59] [CAM] 摄像头捕获器已释放
[2026-07-12 10:45:59] [CAM] 摄像头未检测到，等待重连...
[2026-07-12 10:46:00] [CAM] 摄像头捕获器已释放
[2026-07-12 10:46:00] [CAM] 摄像头未检测到，等待重连...
[2026-07-12 10:46:00] [CAM] 摄像头捕获器已释放
[2026-07-12 10:46:00] [CAM] 摄像头未检测到，等待重连...
[2026-07-12 10:46:01] [CAM] 摄像头捕获器已释放
[2026-07-12 10:46:01] [CAM] 摄像头未检测到，等待重连...
[2026-07-12 10:46:01] [CAM] 摄像头捕获器已释放
[2026-07-12 10:46:01] [CAM] 摄像头未检测到，等待重连...
[2026-07-12 10:46:02] [CAM] 摄像头捕获器已释放
[2026-07-12 10:46:02] [CAM] 摄像头未检测到，等待重连...
[2026-07-12 10:46:02] [CAM] 摄像头捕获器已释放
[2026-07-12 10:46:02] [CAM] 摄像头未检测到，等待重连...
[2026-07-12 10:46:03] [CAM] 摄像头捕获器已释放
[2026-07-12 10:46:03] [CAM] 摄像头未检测到，等待重连...
[2026-07-12 10:46:03] [CAM] 摄像头捕获器已释放
[2026-07-12 10:46:03] [CAM] 摄像头未检测到，等待重连...
[2026-07-12 10:46:04] [CAM] 摄像头捕获器已释放
[2026-07-12 10:46:04] [CAM] 摄像头未检测到，等待重连...
[2026-07-12 10:46:04] [CAM] 摄像头捕获器已释放
[2026-07-12 10:46:04] [CAM] 摄像头未检测到，等待重连...
[2026-07-12 10:46:05] [CAM] 摄像头捕获器已释放
[2026-07-12 10:46:05] [CAM] 摄像头未检测到，等待重连...
[2026-07-12 10:46:05] [CAM] 摄像头捕获器已释放
[2026-07-12 10:46:05] [CAM] 摄像头未检测到，等待重连...
[2026-07-12 10:46:06] [CAM] 摄像头捕获器已释放
[2026-07-12 10:46:06] [CAM] 摄像头未检测到，等待重连...
[2026-07-12 10:46:06] [CAM] 摄像头捕获器已释放
[2026-07-12 10:46:06] [CAM] 摄像头未检测到，等待重连...
[2026-07-12 10:46:07] [CAM] 摄像头捕获器已释放
[2026-07-12 10:46:07] [CAM] 摄像头未检测到，等待重连...
[2026-07-12 10:46:07] [CAM] 摄像头捕获器已释放
[2026-07-12 10:46:07] [CAM] 摄像头未检测到，等待重连...
[2026-07-12 10:46:08] [CAM] 摄像头捕获器已释放
[2026-07-12 10:46:08] [CAM] 摄像头未检测到，等待重连...
[2026-07-12 10:46:08] [CAM] 摄像头捕获器已释放
[2026-07-12 10:46:08] [CAM] 摄像头未检测到，等待重连...
[2026-07-12 10:46:09] [CAM] 摄像头捕获器已释放
[2026-07-12 10:46:09] [CAM] 摄像头未检测到，等待重连...
[2026-07-12 10:46:09] [CAM] 摄像头捕获器已释放
[2026-07-12 10:46:09] [CAM] 摄像头未检测到，等待重连...
[2026-07-12 10:46:10] [CAM] 摄像头捕获器已释放
[2026-07-12 10:46:10] [CAM] 摄像头未检测到，等待重连...
[2026-07-12 10:46:10] [CAM] 摄像头捕获器已释放
[2026-07-12 10:46:10] [CAM] 摄像头未检测到，等待重连...
[2026-07-12 10:46:11] [CAM] 摄像头捕获器已释放
[2026-07-12 10:46:11] [CAM] 摄像头未检测到，等待重连...
[2026-07-12 10:46:11] [CAM] 摄像头捕获器已释放
[2026-07-12 10:46:11] [CAM] 摄像头未检测到，等待重连...
[2026-07-12 10:46:12] [CAM] 摄像头捕获器已释放
[2026-07-12 10:46:12] [CAM] 摄像头未检测到，等待重连...
[2026-07-12 10:46:12] [CAM] 摄像头捕获器已释放
[2026-07-12 10:46:12] [CAM] 摄像头未检测到，等待重连...
[2026-07-12 10:46:13] [CAM] 摄像头捕获器已释放
[2026-07-12 10:46:13] [CAM] 摄像头未检测到，等待重连...
[2026-07-12 10:46:13] [CAM] 摄像头捕获器已释放
[2026-07-12 10:46:13] [CAM] 摄像头未检测到，等待重连...
[2026-07-12 10:46:14] [CAM] 摄像头捕获器已释放
[2026-07-12 10:46:14] [CAM] 摄像头未检测到，等待重连...
[2026-07-12 10:46:14] [CAM] 摄像头捕获器已释放
[2026-07-12 10:46:14] [CAM] 摄像头未检测到，等待重连...
[2026-07-12 10:46:15] [CAM] 摄像头捕获器已释放
[2026-07-12 10:46:15] [CAM] 摄像头未检测到，等待重连...
[2026-07-12 10:46:15] [CAM] 摄像头捕获器已释放
[2026-07-12 10:46:15] [CAM] 摄像头未检测到，等待重连...
[2026-07-12 10:46:16] [CAM] 摄像头捕获器已释放
[2026-07-12 10:46:16] [CAM] 摄像头未检测到，等待重连...
[2026-07-12 10:46:16] [CAM] 摄像头捕获器已释放
[2026-07-12 10:46:16] [CAM] 摄像头未检测到，等待重连...
[2026-07-12 10:46:17] [CAM] 摄像头捕获器已释放
[2026-07-12 10:46:17] [CAM] 摄像头未检测到，等待重连...
[2026-07-12 10:46:17] [CAM] 摄像头捕获器已释放
[2026-07-12 10:46:17] [CAM] 摄像头未检测到，等待重连...
[2026-07-12 10:46:18] [CAM] 摄像头捕获器已释放
[2026-07-12 10:46:18] [CAM] 摄像头未检测到，等待重连...
[2026-07-12 10:46:18] [CAM] 摄像头捕获器已释放
[2026-07-12 10:46:18] [CAM] 摄像头未检测到，等待重连...
[2026-07-12 10:46:19] [CAM] 摄像头捕获器已释放
[2026-07-12 10:46:19] [CAM] 摄像头未检测到，等待重连...
[2026-07-12 10:46:19] [CAM] 摄像头捕获器已释放
[2026-07-12 10:46:19] [CAM] 摄像头未检测到，等待重连...
[2026-07-12 10:46:20] [CAM] 摄像头捕获器已释放
[2026-07-12 10:46:20] [CAM] 摄像头未检测到，等待重连...
[2026-07-12 10:46:20] [CAM] 摄像头捕获器已释放
[2026-07-12 10:46:20] [CAM] 摄像头未检测到，等待重连...
[2026-07-12 10:46:21] [CAM] 摄像头捕获器已释放
[2026-07-12 10:46:21] [CAM] 摄像头未检测到，等待重连...
[2026-07-12 10:46:21] [CAM] 摄像头捕获器已释放
[2026-07-12 10:46:21] [CAM] 摄像头未检测到，等待重连...
[2026-07-12 10:46:22] [CAM] 摄像头捕获器已释放
[2026-07-12 10:46:22] [CAM] 摄像头未检测到，等待重连...
[2026-07-12 10:46:22] [CAM] 摄像头捕获器已释放
[2026-07-12 10:46:22] [CAM] 摄像头未检测到，等待重连...
[2026-07-12 10:46:23] [CAM] 摄像头捕获器已释放
[2026-07-12 10:46:23] [CAM] 摄像头未检测到，等待重连...
[2026-07-12 10:46:23] [CAM] 摄像头捕获器已释放
[2026-07-12 10:46:23] [CAM] 摄像头未检测到，等待重连...
[2026-07-12 10:46:24] [CAM] 摄像头捕获器已释放
[2026-07-12 10:46:24] [CAM] 摄像头未检测到，等待重连...
[2026-07-12 10:46:24] [CAM] 摄像头捕获器已释放
[2026-07-12 10:46:24] [CAM] 摄像头未检测到，等待重连...
[2026-07-12 10:46:25] [CAM] 摄像头捕获器已释放
[2026-07-12 10:46:25] [CAM] 摄像头未检测到，等待重连...
[2026-07-12 10:46:25] [CAM] 摄像头捕获器已释放
[2026-07-12 10:46:25] [CAM] 摄像头未检测到，等待重连...
[2026-07-12 10:46:26] [CAM] 摄像头捕获器已释放
[2026-07-12 10:46:26] [CAM] 摄像头未检测到，等待重连...
[2026-07-12 10:46:26] [CAM] 摄像头捕获器已释放
[2026-07-12 10:46:26] [CAM] 摄像头未检测到，等待重连...
[2026-07-12 10:46:27] [CAM] 摄像头捕获器已释放
[2026-07-12 10:46:27] [CAM] 摄像头未检测到，等待重连...
[2026-07-12 10:46:27] [CAM] 摄像头捕获器已释放
[2026-07-12 10:46:27] [CAM] 摄像头未检测到，等待重连...
[2026-07-12 10:46:28] [CAM] 摄像头捕获器已释放
[2026-07-12 10:46:28] [CAM] 摄像头未检测到，等待重连...
[2026-07-12 10:46:28] [CAM] 摄像头捕获器已释放
[2026-07-12 10:46:28] [CAM] 摄像头未检测到，等待重连...
[2026-07-12 10:46:29] [CAM] 摄像头捕获器已释放
[2026-07-12 10:46:29] [CAM] 摄像头未检测到，等待重连...
[2026-07-12 10:46:29] [CAM] 摄像头捕获器已释放
[2026-07-12 10:46:29] [CAM] 摄像头未检测到，等待重连...
[2026-07-12 10:46:30] [CAM] 摄像头捕获器已释放
[2026-07-12 10:46:30] [CAM] 摄像头未检测到，等待重连...
[2026-07-12 10:46:30] [CAM] 摄像头捕获器已释放
[2026-07-12 10:46:30] [CAM] 摄像头未检测到，等待重连...
[2026-07-12 10:46:31] [CAM] 摄像头捕获器已释放
[2026-07-12 10:46:31] [CAM] 摄像头未检测到，等待重连...
[2026-07-12 10:46:31] [CAM] 摄像头捕获器已释放
[2026-07-12 10:46:31] [CAM] 摄像头未检测到，等待重连...
[2026-07-12 10:46:32] [CAM] 摄像头捕获器已释放
[2026-07-12 10:46:32] [CAM] 摄像头未检测到，等待重连...
[2026-07-12 10:46:32] [CAM] 摄像头捕获器已释放
[2026-07-12 10:46:32] [CAM] 摄像头未检测到，等待重连...
[2026-07-12 10:46:33] [CAM] 摄像头捕获器已释放
[2026-07-12 10:46:33] [CAM] 摄像头未检测到，等待重连...
[2026-07-12 10:46:33] [CAM] 摄像头捕获器已释放
[2026-07-12 10:46:33] [CAM] 摄像头未检测到，等待重连...
[2026-07-12 10:46:34] [CAM] 摄像头捕获器已释放
[2026-07-12 10:46:34] [CAM] 摄像头未检测到，等待重连...
[2026-07-12 10:46:34] [CAM] 摄像头捕获器已释放
[2026-07-12 10:46:34] [CAM] 摄像头未检测到，等待重连...
[2026-07-12 10:46:35] [CAM] 摄像头捕获器已释放
[2026-07-12 10:46:35] [CAM] 摄像头未检测到，等待重连...
[2026-07-12 10:46:35] [CAM] 摄像头捕获器已释放
[2026-07-12 10:46:35] [CAM] 摄像头未检测到，等待重连...
[2026-07-12 10:46:36] [CAM] 摄像头捕获器已释放
[2026-07-12 10:46:36] [CAM] 摄像头未检测到，等待重连...
[2026-07-12 10:46:36] [CAM] 摄像头捕获器已释放
[2026-07-12 10:46:36] [CAM] 摄像头未检测到，等待重连...
[2026-07-12 10:46:37] [CAM] 摄像头捕获器已释放
[2026-07-12 10:46:37] [CAM] 摄像头未检测到，等待重连...
[2026-07-12 10:46:37] [CAM] 摄像头捕获器已释放
[2026-07-12 10:46:37] [CAM] 摄像头未检测到，等待重连...
[2026-07-12 10:46:38] [CAM] 摄像头捕获器已释放
[2026-07-12 10:46:38] [CAM] 摄像头未检测到，等待重连...
[2026-07-12 10:46:38] [CAM] 摄像头捕获器已释放
[2026-07-12 10:46:38] [CAM] 摄像头未检测到，等待重连...
[2026-07-12 10:46:39] [CAM] 摄像头捕获器已释放
[2026-07-12 10:46:39] [CAM] 摄像头未检测到，等待重连...
[2026-07-12 10:46:39] [CAM] 摄像头捕获器已释放
[2026-07-12 10:46:39] [CAM] 摄像头未检测到，等待重连...
[2026-07-12 10:46:40] [CAM] 摄像头捕获器已释放
[2026-07-12 10:46:40] [CAM] 摄像头未检测到，等待重连...
[2026-07-12 10:46:40] [CAM] 摄像头捕获器已释放
[2026-07-12 10:46:40] [CAM] 摄像头未检测到，等待重连...
[2026-07-12 10:46:41] [CAM] 摄像头捕获器已释放
[2026-07-12 10:46:41] [CAM] 摄像头未检测到，等待重连...
[2026-07-12 10:46:41] [CAM] 摄像头捕获器已释放
[2026-07-12 10:46:41] [CAM] 摄像头未检测到，等待重连...
[2026-07-12 10:46:42] [CAM] 摄像头捕获器已释放
[2026-07-12 10:46:42] [CAM] 摄像头未检测到，等待重连...
[2026-07-12 10:46:42] [CAM] 摄像头捕获器已释放
[2026-07-12 10:46:42] [CAM] 摄像头未检测到，等待重连...
[2026-07-12 10:46:43] [CAM] 摄像头捕获器已释放
[2026-07-12 10:46:43] [CAM] 摄像头未检测到，等待重连...
[2026-07-12 10:46:43] [CAM] 摄像头捕获器已释放
[2026-07-12 10:46:43] [CAM] 摄像头未检测到，等待重连...
[2026-07-12 10:46:44] [CAM] 摄像头捕获器已释放
[2026-07-12 10:46:44] [CAM] 摄像头未检测到，等待重连...
[2026-07-12 10:46:44] [CAM] 摄像头捕获器已释放
[2026-07-12 10:46:44] [CAM] 摄像头未检测到，等待重连...
[2026-07-12 10:46:45] [CAM] 摄像头捕获器已释放
[2026-07-12 10:46:45] [CAM] 摄像头未检测到，等待重连...
[2026-07-12 10:46:45] [ERROR] 网络断开，无法访问外网
[2026-07-12 10:46:45] [CAM] 摄像头捕获器已释放
[2026-07-12 10:46:45] [CAM] 摄像头未检测到，等待重连...
[2026-07-12 10:46:46] [CAM] 摄像头捕获器已释放
[2026-07-12 10:46:46] [CAM] 摄像头未检测到，等待重连...
[2026-07-12 10:46:46] [NET] 网络已恢复连通
[2026-07-12 10:46:46] [CAM] 摄像头捕获器已释放
[2026-07-12 10:46:46] [CAM] 摄像头未检测到，等待重连...
[2026-07-12 10:46:47] [CAM] 摄像头捕获器已释放
[2026-07-12 10:46:47] [CAM] 摄像头未检测到，等待重连...
[2026-07-12 10:46:47] [CAM] 摄像头捕获器已释放
[2026-07-12 10:46:47] [CAM] 摄像头未检测到，等待重连...
[2026-07-12 10:46:48] [CAM] 摄像头捕获器已释放
[2026-07-12 10:46:48] [CAM] 摄像头未检测到，等待重连...
[2026-07-12 10:46:48] [CAM] 摄像头捕获器已释放
[2026-07-12 10:46:48] [CAM] 摄像头未检测到，等待重连...
[2026-07-12 10:46:49] [CAM] 摄像头捕获器已释放
[2026-07-12 10:46:49] [CAM] 摄像头未检测到，等待重连...
[2026-07-12 10:46:49] [CAM] 摄像头捕获器已释放
[2026-07-12 10:46:49] [CAM] 摄像头未检测到，等待重连...
[2026-07-12 10:46:50] [CAM] 摄像头捕获器已释放
[2026-07-12 10:46:50] [CAM] 摄像头未检测到，等待重连...
[2026-07-12 10:46:50] [CAM] 摄像头捕获器已释放
[2026-07-12 10:46:50] [CAM] 摄像头未检测到，等待重连...
[2026-07-12 10:46:51] [CAM] 摄像头捕获器已释放
[2026-07-12 10:46:51] [CAM] 摄像头未检测到，等待重连...
[2026-07-12 10:46:51] [CAM] 摄像头捕获器已释放
[2026-07-12 10:46:51] [CAM] 摄像头未检测到，等待重连...
[2026-07-12 10:46:52] [CAM] 摄像头捕获器已释放
[2026-07-12 10:46:52] [CAM] 摄像头未检测到，等待重连...
[2026-07-12 10:46:52] [CAM] 摄像头捕获器已释放
[2026-07-12 10:46:52] [CAM] 摄像头未检测到，等待重连...
[2026-07-12 10:46:53] [CAM] 摄像头捕获器已释放
[2026-07-12 10:46:53] [CAM] 摄像头未检测到，等待重连...
[2026-07-12 10:46:53] [CAM] 摄像头捕获器已释放
[2026-07-12 10:46:53] [CAM] 摄像头未检测到，等待重连...
[2026-07-12 10:46:54] [CAM] 摄像头捕获器已释放
[2026-07-12 10:46:54] [CAM] 摄像头未检测到，等待重连...
[2026-07-12 10:46:54] [CAM] 摄像头捕获器已释放
[2026-07-12 10:46:54] [CAM] 摄像头未检测到，等待重连...
[2026-07-12 10:46:55] [CAM] 摄像头捕获器已释放
[2026-07-12 10:46:55] [CAM] 摄像头未检测到，等待重连...
[2026-07-12 10:46:55] [CAM] 摄像头捕获器已释放
[2026-07-12 10:46:55] [CAM] 摄像头未检测到，等待重连...
[2026-07-12 10:46:56] [CAM] 摄像头捕获器已释放
[2026-07-12 10:46:56] [CAM] 摄像头未检测到，等待重连...
[2026-07-12 10:46:56] [CAM] 摄像头捕获器已释放
[2026-07-12 10:46:56] [CAM] 摄像头未检测到，等待重连...
[2026-07-12 10:46:57] [CAM] 摄像头捕获器已释放
[2026-07-12 10:46:57] [CAM] 摄像头未检测到，等待重连...
[2026-07-12 10:46:57] [CAM] 摄像头捕获器已释放
[2026-07-12 10:46:57] [CAM] 摄像头未检测到，等待重连...
[2026-07-12 10:46:58] [CAM] 摄像头捕获器已释放
[2026-07-12 10:46:58] [CAM] 摄像头未检测到，等待重连...
[2026-07-12 10:46:58] [CAM] 摄像头捕获器已释放
[2026-07-12 10:46:58] [CAM] 摄像头未检测到，等待重连...
[2026-07-12 10:46:59] [CAM] 摄像头捕获器已释放
[2026-07-12 10:46:59] [CAM] 摄像头未检测到，等待重连...
[2026-07-12 10:46:59] [CAM] 摄像头捕获器已释放
[2026-07-12 10:46:59] [CAM] 摄像头未检测到，等待重连...
[2026-07-12 10:47:00] [CAM] 摄像头捕获器已释放
[2026-07-12 10:47:00] [CAM] 摄像头未检测到，等待重连...
[2026-07-12 10:47:00] [CAM] 摄像头捕获器已释放
[2026-07-12 10:47:00] [CAM] 摄像头未检测到，等待重连...
[2026-07-12 10:47:01] [CAM] 摄像头捕获器已释放
[2026-07-12 10:47:01] [CAM] 摄像头未检测到，等待重连...
[2026-07-12 10:47:01] [CAM] 摄像头捕获器已释放
[2026-07-12 10:47:01] [CAM] 摄像头未检测到，等待重连...
[2026-07-12 10:47:02] [CAM] 摄像头捕获器已释放
[2026-07-12 10:47:02] [CAM] 摄像头未检测到，等待重连...
[2026-07-12 10:47:02] [CAM] 摄像头捕获器已释放
[2026-07-12 10:47:02] [CAM] 摄像头未检测到，等待重连...
[2026-07-12 10:47:03] [CAM] 摄像头捕获器已释放
[2026-07-12 10:47:03] [CAM] 摄像头未检测到，等待重连...
[2026-07-12 10:47:03] [CAM] 摄像头捕获器已释放
[2026-07-12 10:47:03] [CAM] 摄像头未检测到，等待重连...
[2026-07-12 10:47:04] [CAM] 摄像头捕获器已释放
[2026-07-12 10:47:04] [CAM] 摄像头未检测到，等待重连...
[2026-07-12 10:47:04] [CAM] 摄像头捕获器已释放
[2026-07-12 10:47:04] [CAM] 摄像头未检测到，等待重连...
[2026-07-12 10:47:05] [CAM] 摄像头捕获器已释放
[2026-07-12 10:47:05] [CAM] 摄像头未检测到，等待重连...
[2026-07-12 10:47:05] [CAM] 摄像头捕获器已释放
[2026-07-12 10:47:05] [CAM] 摄像头未检测到，等待重连...
[2026-07-12 10:47:06] [CAM] 摄像头捕获器已释放
[2026-07-12 10:47:06] [CAM] 摄像头未检测到，等待重连...
[2026-07-12 10:47:06] [CAM] 摄像头捕获器已释放
[2026-07-12 10:47:06] [CAM] 摄像头未检测到，等待重连...
[2026-07-12 10:47:07] [CAM] 摄像头捕获器已释放
[2026-07-12 10:47:07] [CAM] 摄像头未检测到，等待重连...
[2026-07-12 10:47:07] [CAM] 摄像头捕获器已释放
[2026-07-12 10:47:07] [CAM] 摄像头未检测到，等待重连...
[2026-07-12 10:47:08] [CAM] 摄像头捕获器已释放
[2026-07-12 10:47:08] [CAM] 摄像头未检测到，等待重连...
[2026-07-12 10:47:08] [CAM] 摄像头捕获器已释放
[2026-07-12 10:47:08] [CAM] 摄像头未检测到，等待重连...
[2026-07-12 10:47:09] [CAM] 摄像头捕获器已释放
[2026-07-12 10:47:09] [CAM] 摄像头未检测到，等待重连...
[2026-07-12 10:47:09] [CAM] 摄像头捕获器已释放
[2026-07-12 10:47:09] [CAM] 摄像头未检测到，等待重连...
[2026-07-12 10:47:10] [CAM] 摄像头捕获器已释放
[2026-07-12 10:47:10] [CAM] 摄像头未检测到，等待重连...
[2026-07-12 10:47:10] [CAM] 摄像头捕获器已释放
[2026-07-12 10:47:10] [CAM] 摄像头未检测到，等待重连...
[2026-07-12 10:47:11] [CAM] 摄像头捕获器已释放
[2026-07-12 10:47:11] [CAM] 摄像头未检测到，等待重连...
[2026-07-12 10:47:11] [CAM] 摄像头捕获器已释放
[2026-07-12 10:47:11] [CAM] 摄像头未检测到，等待重连...
[2026-07-12 10:47:12] [CAM] 摄像头捕获器已释放
[2026-07-12 10:47:12] [CAM] 摄像头未检测到，等待重连...
[2026-07-12 10:47:12] [CAM] 摄像头捕获器已释放
[2026-07-12 10:47:12] [CAM] 摄像头未检测到，等待重连...
[2026-07-12 10:47:13] [CAM] 摄像头捕获器已释放
[2026-07-12 10:47:13] [CAM] 摄像头未检测到，等待重连...
[2026-07-12 10:47:13] [CAM] 摄像头捕获器已释放
[2026-07-12 10:47:13] [CAM] 摄像头未检测到，等待重连...
[2026-07-12 10:47:14] [CAM] 摄像头捕获器已释放
[2026-07-12 10:47:14] [CAM] 摄像头未检测到，等待重连...
[2026-07-12 10:47:14] [CAM] 摄像头捕获器已释放
[2026-07-12 10:47:14] [CAM] 摄像头未检测到，等待重连...
[2026-07-12 10:47:15] [CAM] 摄像头捕获器已释放
[2026-07-12 10:47:15] [CAM] 摄像头未检测到，等待重连...
[2026-07-12 10:47:15] [CAM] 摄像头捕获器已释放
[2026-07-12 10:47:15] [CAM] 摄像头未检测到，等待重连...
[2026-07-12 10:47:16] [CAM] 摄像头捕获器已释放
[2026-07-12 10:47:16] [CAM] 摄像头未检测到，等待重连...
[2026-07-12 10:47:16] [CAM] 摄像头捕获器已释放
[2026-07-12 10:47:16] [CAM] 摄像头未检测到，等待重连...
[2026-07-12 10:47:17] [CAM] 摄像头捕获器已释放
[2026-07-12 10:47:17] [CAM] 摄像头未检测到，等待重连...
[2026-07-12 10:47:17] [CAM] 摄像头捕获器已释放
[2026-07-12 10:47:17] [CAM] 摄像头未检测到，等待重连...
[2026-07-12 10:47:18] [CAM] 摄像头捕获器已释放
[2026-07-12 10:47:18] [CAM] 摄像头未检测到，等待重连...
[2026-07-12 10:47:18] [CAM] 摄像头捕获器已释放
[2026-07-12 10:47:18] [CAM] 摄像头未检测到，等待重连...
[2026-07-12 10:47:19] [CAM] 摄像头捕获器已释放
[2026-07-12 10:47:19] [CAM] 摄像头未检测到，等待重连...
[2026-07-12 10:47:19] [CAM] 摄像头捕获器已释放
[2026-07-12 10:47:19] [CAM] 摄像头未检测到，等待重连...
[2026-07-12 10:47:20] [CAM] 摄像头捕获器已释放
[2026-07-12 10:47:20] [CAM] 摄像头未检测到，等待重连...
[2026-07-12 10:47:20] [CAM] 摄像头捕获器已释放
[2026-07-12 10:47:20] [CAM] 摄像头未检测到，等待重连...
[2026-07-12 10:47:21] [CAM] 摄像头捕获器已释放
[2026-07-12 10:47:21] [CAM] 摄像头未检测到，等待重连...
[2026-07-12 10:47:21] [CAM] 摄像头捕获器已释放
[2026-07-12 10:47:21] [CAM] 摄像头未检测到，等待重连...
[2026-07-12 10:47:22] [CAM] 摄像头捕获器已释放
[2026-07-12 10:47:22] [CAM] 摄像头未检测到，等待重连...
[2026-07-12 10:47:22] [CAM] 摄像头捕获器已释放
[2026-07-12 10:47:22] [CAM] 摄像头未检测到，等待重连...
[2026-07-12 10:47:23] [CAM] 摄像头捕获器已释放
[2026-07-12 10:47:23] [CAM] 摄像头未检测到，等待重连...
[2026-07-12 10:47:23] [CAM] 摄像头捕获器已释放
[2026-07-12 10:47:23] [CAM] 摄像头未检测到，等待重连...
[2026-07-12 10:47:24] [CAM] 摄像头捕获器已释放
[2026-07-12 10:47:24] [CAM] 摄像头未检测到，等待重连...
[2026-07-12 10:47:24] [CAM] 摄像头捕获器已释放
[2026-07-12 10:47:24] [CAM] 摄像头未检测到，等待重连...
[2026-07-12 10:47:25] [CAM] 摄像头捕获器已释放
[2026-07-12 10:47:25] [CAM] 摄像头未检测到，等待重连...
[2026-07-12 10:47:25] [CAM] 摄像头捕获器已释放
[2026-07-12 10:47:25] [CAM] 摄像头未检测到，等待重连...
[2026-07-12 10:47:26] [CAM] 摄像头捕获器已释放
[2026-07-12 10:47:26] [CAM] 摄像头未检测到，等待重连...
[2026-07-12 10:47:26] [CAM] 摄像头捕获器已释放
[2026-07-12 10:47:26] [CAM] 摄像头未检测到，等待重连...
[2026-07-12 10:47:27] [CAM] 摄像头捕获器已释放
[2026-07-12 10:47:27] [CAM] 摄像头未检测到，等待重连...
[2026-07-12 10:47:27] [CAM] 摄像头捕获器已释放
[2026-07-12 10:47:27] [CAM] 摄像头未检测到，等待重连...
[2026-07-12 10:47:28] [CAM] 摄像头捕获器已释放
[2026-07-12 10:47:28] [CAM] 摄像头未检测到，等待重连...
[2026-07-12 10:47:28] [CAM] 摄像头捕获器已释放
[2026-07-12 10:47:28] [CAM] 摄像头未检测到，等待重连...
[2026-07-12 10:47:29] [CAM] 摄像头捕获器已释放
[2026-07-12 10:47:29] [CAM] 摄像头未检测到，等待重连...
[2026-07-12 10:47:29] [CAM] 摄像头捕获器已释放
[2026-07-12 10:47:29] [CAM] 摄像头未检测到，等待重连...
[2026-07-12 10:47:30] [CAM] 摄像头捕获器已释放
[2026-07-12 10:47:30] [CAM] 摄像头未检测到，等待重连...
[2026-07-12 10:47:30] [CAM] 摄像头捕获器已释放
[2026-07-12 10:47:30] [CAM] 摄像头未检测到，等待重连...
[2026-07-12 10:47:31] [CAM] 摄像头捕获器已释放
[2026-07-12 10:47:31] [CAM] 摄像头未检测到，等待重连...
[2026-07-12 10:47:31] [CAM] 摄像头捕获器已释放
[2026-07-12 10:47:31] [CAM] 摄像头未检测到，等待重连...
[2026-07-12 10:47:32] [CAM] 摄像头捕获器已释放
[2026-07-12 10:47:32] [CAM] 摄像头未检测到，等待重连...
[2026-07-12 10:47:32] [CAM] 摄像头捕获器已释放
[2026-07-12 10:47:32] [CAM] 摄像头未检测到，等待重连...
[2026-07-12 10:47:33] [CAM] 摄像头捕获器已释放
[2026-07-12 10:47:33] [CAM] 摄像头未检测到，等待重连...
[2026-07-12 10:47:33] [CAM] 摄像头捕获器已释放
[2026-07-12 10:47:33] [CAM] 摄像头未检测到，等待重连...
[2026-07-12 10:47:34] [CAM] 摄像头捕获器已释放
[2026-07-12 10:47:34] [CAM] 摄像头未检测到，等待重连...
[2026-07-12 10:47:34] [CAM] 摄像头捕获器已释放
[2026-07-12 10:47:34] [CAM] 摄像头未检测到，等待重连...
[2026-07-12 10:47:35] [CAM] 摄像头捕获器已释放
[2026-07-12 10:47:35] [CAM] 摄像头未检测到，等待重连...
[2026-07-12 10:47:35] [CAM] 摄像头捕获器已释放
[2026-07-12 10:47:35] [CAM] 摄像头未检测到，等待重连...
[2026-07-12 10:47:36] [CAM] 摄像头捕获器已释放
[2026-07-12 10:47:36] [CAM] 摄像头未检测到，等待重连...
[2026-07-12 10:47:36] [CAM] 摄像头捕获器已释放
[2026-07-12 10:47:36] [CAM] 摄像头未检测到，等待重连...
[2026-07-12 10:47:37] [CAM] 摄像头捕获器已释放
[2026-07-12 10:47:37] [CAM] 摄像头未检测到，等待重连...
[2026-07-12 10:47:37] [CAM] 摄像头捕获器已释放
[2026-07-12 10:47:37] [CAM] 摄像头未检测到，等待重连...
[2026-07-12 10:47:38] [CAM] 摄像头捕获器已释放
[2026-07-12 10:47:38] [CAM] 摄像头未检测到，等待重连...
[2026-07-12 10:47:38] [CAM] 摄像头捕获器已释放
[2026-07-12 10:47:38] [CAM] 摄像头未检测到，等待重连...
[2026-07-12 10:47:39] [CAM] 摄像头捕获器已释放
[2026-07-12 10:47:39] [CAM] 摄像头未检测到，等待重连...
[2026-07-12 10:47:39] [CAM] 摄像头捕获器已释放
[2026-07-12 10:47:39] [CAM] 摄像头未检测到，等待重连...
[2026-07-12 10:47:40] [CAM] 摄像头捕获器已释放
[2026-07-12 10:47:40] [CAM] 摄像头未检测到，等待重连...
[2026-07-12 10:47:40] [CAM] 摄像头捕获器已释放
[2026-07-12 10:47:40] [CAM] 摄像头未检测到，等待重连...
[2026-07-12 10:47:41] [CAM] 摄像头捕获器已释放
[2026-07-12 10:47:41] [CAM] 摄像头未检测到，等待重连...
[2026-07-12 10:47:41] [CAM] 摄像头捕获器已释放
[2026-07-12 10:47:41] [CAM] 摄像头未检测到，等待重连...
[2026-07-12 10:47:42] [CAM] 摄像头捕获器已释放
[2026-07-12 10:47:42] [CAM] 摄像头未检测到，等待重连...
[2026-07-12 10:47:42] [CAM] 摄像头捕获器已释放
[2026-07-12 10:47:42] [CAM] 摄像头未检测到，等待重连...
[2026-07-12 10:47:43] [CAM] 摄像头捕获器已释放
[2026-07-12 10:47:43] [CAM] 摄像头未检测到，等待重连...
[2026-07-12 10:47:43] [CAM] 摄像头捕获器已释放
[2026-07-12 10:47:43] [CAM] 摄像头未检测到，等待重连...
[2026-07-12 10:47:44] [CAM] 摄像头捕获器已释放
[2026-07-12 10:47:44] [CAM] 摄像头未检测到，等待重连...
[2026-07-12 10:47:44] [CAM] 摄像头捕获器已释放
[2026-07-12 10:47:44] [CAM] 摄像头未检测到，等待重连...
[2026-07-12 10:47:45] [CAM] 摄像头捕获器已释放
[2026-07-12 10:47:45] [CAM] 摄像头未检测到，等待重连...
[2026-07-12 10:47:45] [CAM] 摄像头捕获器已释放
[2026-07-12 10:47:45] [CAM] 摄像头未检测到，等待重连...
[2026-07-12 10:47:46] [CAM] 摄像头捕获器已释放
[2026-07-12 10:47:46] [CAM] 摄像头未检测到，等待重连...
[2026-07-12 10:47:46] [CAM] 摄像头捕获器已释放
[2026-07-12 10:47:46] [CAM] 摄像头未检测到，等待重连...
[2026-07-12 10:47:47] [CAM] 摄像头捕获器已释放
[2026-07-12 10:47:47] [CAM] 摄像头未检测到，等待重连...
[2026-07-12 10:47:47] [CAM] 摄像头捕获器已释放
[2026-07-12 10:47:47] [CAM] 摄像头未检测到，等待重连...
[2026-07-12 10:47:48] [CAM] 摄像头捕获器已释放
[2026-07-12 10:47:48] [CAM] 摄像头未检测到，等待重连...
[2026-07-12 10:47:48] [CAM] 摄像头捕获器已释放
[2026-07-12 10:47:48] [CAM] 摄像头未检测到，等待重连...
[2026-07-12 10:47:49] [CAM] 摄像头捕获器已释放
[2026-07-12 10:47:49] [CAM] 摄像头未检测到，等待重连...
[2026-07-12 10:47:49] [CAM] 摄像头捕获器已释放
[2026-07-12 10:47:49] [CAM] 摄像头未检测到，等待重连...
[2026-07-12 10:47:50] [CAM] 摄像头捕获器已释放
[2026-07-12 10:47:50] [CAM] 摄像头未检测到，等待重连...
[2026-07-12 10:47:50] [CAM] 摄像头捕获器已释放
[2026-07-12 10:47:50] [CAM] 摄像头未检测到，等待重连...
[2026-07-12 10:47:51] [CAM] 摄像头捕获器已释放
[2026-07-12 10:47:51] [CAM] 摄像头未检测到，等待重连...
[2026-07-12 10:47:51] [CAM] 摄像头捕获器已释放
[2026-07-12 10:47:51] [CAM] 摄像头未检测到，等待重连...
[2026-07-12 10:47:52] [CAM] 摄像头捕获器已释放
[2026-07-12 10:47:52] [CAM] 摄像头未检测到，等待重连...
[2026-07-12 10:47:52] [CAM] 摄像头捕获器已释放
[2026-07-12 10:47:52] [CAM] 摄像头未检测到，等待重连...
[2026-07-12 10:47:53] [CAM] 摄像头捕获器已释放
[2026-07-12 10:47:53] [CAM] 摄像头未检测到，等待重连...
[2026-07-12 10:47:53] [CAM] 摄像头捕获器已释放
[2026-07-12 10:47:53] [CAM] 摄像头未检测到，等待重连...
[2026-07-12 10:47:54] [CAM] 摄像头捕获器已释放
[2026-07-12 10:47:54] [CAM] 摄像头未检测到，等待重连...
[2026-07-12 10:47:54] [CAM] 摄像头捕获器已释放
[2026-07-12 10:47:54] [CAM] 摄像头未检测到，等待重连...
[2026-07-12 10:47:55] [CAM] 摄像头捕获器已释放
[2026-07-12 10:47:55] [CAM] 摄像头未检测到，等待重连...
[2026-07-12 10:47:55] [CAM] 摄像头捕获器已释放
[2026-07-12 10:47:55] [CAM] 摄像头未检测到，等待重连...
[2026-07-12 10:47:56] [CAM] 摄像头捕获器已释放
[2026-07-12 10:47:56] [CAM] 摄像头未检测到，等待重连...
[2026-07-12 10:47:56] [CAM] 摄像头捕获器已释放
[2026-07-12 10:47:56] [CAM] 摄像头未检测到，等待重连...
[2026-07-12 10:47:57] [CAM] 摄像头捕获器已释放
[2026-07-12 10:47:57] [CAM] 摄像头未检测到，等待重连...
[2026-07-12 10:47:57] [CAM] 摄像头捕获器已释放
[2026-07-12 10:47:57] [CAM] 摄像头未检测到，等待重连...
[2026-07-12 10:47:58] [CAM] 摄像头捕获器已释放
[2026-07-12 10:47:58] [CAM] 摄像头未检测到，等待重连...
[2026-07-12 10:47:58] [CAM] 摄像头捕获器已释放
[2026-07-12 10:47:58] [CAM] 摄像头未检测到，等待重连...
[2026-07-12 10:47:59] [CAM] 摄像头捕获器已释放
[2026-07-12 10:47:59] [CAM] 摄像头未检测到，等待重连...
[2026-07-12 10:47:59] [CAM] 摄像头捕获器已释放
[2026-07-12 10:47:59] [CAM] 摄像头未检测到，等待重连...
[2026-07-12 10:48:00] [CAM] 摄像头捕获器已释放
[2026-07-12 10:48:00] [CAM] 摄像头未检测到，等待重连...
[2026-07-12 10:48:00] [CAM] 摄像头捕获器已释放
[2026-07-12 10:48:00] [CAM] 摄像头未检测到，等待重连...
[2026-07-12 10:48:01] [CAM] 摄像头捕获器已释放
[2026-07-12 10:48:01] [CAM] 摄像头未检测到，等待重连...
[2026-07-12 10:48:01] [CAM] 摄像头捕获器已释放
[2026-07-12 10:48:01] [CAM] 摄像头未检测到，等待重连...
[2026-07-12 10:48:02] [CAM] 摄像头捕获器已释放
[2026-07-12 10:48:02] [CAM] 摄像头未检测到，等待重连...
[2026-07-12 10:48:02] [CAM] 摄像头捕获器已释放
[2026-07-12 10:48:02] [CAM] 摄像头未检测到，等待重连...
[2026-07-12 10:48:03] [CAM] 摄像头捕获器已释放
[2026-07-12 10:48:03] [CAM] 摄像头未检测到，等待重连...
[2026-07-12 10:48:03] [CAM] 摄像头捕获器已释放
[2026-07-12 10:48:03] [CAM] 摄像头未检测到，等待重连...
[2026-07-12 10:48:04] [CAM] 摄像头捕获器已释放
[2026-07-12 10:48:04] [CAM] 摄像头未检测到，等待重连...
[2026-07-12 10:48:04] [CAM] 摄像头捕获器已释放
[2026-07-12 10:48:04] [CAM] 摄像头未检测到，等待重连...
[2026-07-12 10:48:05] [CAM] 摄像头捕获器已释放
[2026-07-12 10:48:05] [CAM] 摄像头未检测到，等待重连...
[2026-07-12 10:48:05] [CAM] 摄像头捕获器已释放
[2026-07-12 10:48:05] [CAM] 摄像头未检测到，等待重连...
[2026-07-12 10:48:06] [CAM] 摄像头捕获器已释放
[2026-07-12 10:48:06] [CAM] 摄像头未检测到，等待重连...
[2026-07-12 10:48:06] [CAM] 摄像头捕获器已释放
[2026-07-12 10:48:06] [CAM] 摄像头未检测到，等待重连...
[2026-07-12 10:48:07] [CAM] 摄像头捕获器已释放
[2026-07-12 10:48:07] [CAM] 摄像头未检测到，等待重连...
[2026-07-12 10:48:07] [CAM] 摄像头捕获器已释放
[2026-07-12 10:48:07] [CAM] 摄像头未检测到，等待重连...
[2026-07-12 10:48:08] [CAM] 摄像头捕获器已释放
[2026-07-12 10:48:08] [CAM] 摄像头未检测到，等待重连...
[2026-07-12 10:48:08] [CAM] 摄像头捕获器已释放
[2026-07-12 10:48:08] [CAM] 摄像头未检测到，等待重连...
[2026-07-12 10:48:09] [CAM] 摄像头捕获器已释放
[2026-07-12 10:48:09] [CAM] 摄像头未检测到，等待重连...
[2026-07-12 10:48:09] [CAM] 摄像头捕获器已释放
[2026-07-12 10:48:09] [CAM] 摄像头未检测到，等待重连...
[2026-07-12 10:48:10] [CAM] 摄像头捕获器已释放
[2026-07-12 10:48:10] [CAM] 摄像头未检测到，等待重连...
[2026-07-12 10:48:10] [CAM] 摄像头捕获器已释放
[2026-07-12 10:48:10] [CAM] 摄像头未检测到，等待重连...
[2026-07-12 10:48:11] [CAM] 摄像头捕获器已释放
[2026-07-12 10:48:11] [CAM] 摄像头未检测到，等待重连...
[2026-07-12 10:48:11] [CAM] 摄像头捕获器已释放
[2026-07-12 10:48:11] [CAM] 摄像头未检测到，等待重连...
[2026-07-12 10:48:12] [CAM] 摄像头捕获器已释放
[2026-07-12 10:48:12] [CAM] 摄像头未检测到，等待重连...
[2026-07-12 10:48:12] [CAM] 摄像头捕获器已释放
[2026-07-12 10:48:12] [CAM] 摄像头未检测到，等待重连...
[2026-07-12 10:48:13] [CAM] 摄像头捕获器已释放
[2026-07-12 10:48:13] [CAM] 摄像头未检测到，等待重连...
[2026-07-12 10:48:13] [CAM] 摄像头捕获器已释放
[2026-07-12 10:48:13] [CAM] 摄像头未检测到，等待重连...
[2026-07-12 10:48:14] [CAM] 摄像头捕获器已释放
[2026-07-12 10:48:14] [CAM] 摄像头未检测到，等待重连...
[2026-07-12 10:48:14] [CAM] 摄像头捕获器已释放
[2026-07-12 10:48:14] [CAM] 摄像头未检测到，等待重连...
[2026-07-12 10:48:15] [CAM] 摄像头捕获器已释放
[2026-07-12 10:48:15] [CAM] 摄像头未检测到，等待重连...
[2026-07-12 10:48:15] [CAM] 摄像头捕获器已释放
[2026-07-12 10:48:15] [CAM] 摄像头未检测到，等待重连...
[2026-07-12 10:48:16] [CAM] 摄像头捕获器已释放
[2026-07-12 10:48:16] [CAM] 摄像头未检测到，等待重连...
[2026-07-12 10:48:16] [CAM] 摄像头捕获器已释放
[2026-07-12 10:48:16] [CAM] 摄像头未检测到，等待重连...
[2026-07-12 10:48:17] [CAM] 摄像头捕获器已释放
[2026-07-12 10:48:17] [CAM] 摄像头未检测到，等待重连...
[2026-07-12 10:48:17] [CAM] 摄像头捕获器已释放
[2026-07-12 10:48:17] [CAM] 摄像头未检测到，等待重连...
[2026-07-12 10:48:18] [CAM] 摄像头捕获器已释放
[2026-07-12 10:48:18] [CAM] 摄像头未检测到，等待重连...
[2026-07-12 10:48:18] [CAM] 摄像头捕获器已释放
[2026-07-12 10:48:18] [CAM] 摄像头未检测到，等待重连...
[2026-07-12 10:48:19] [CAM] 摄像头捕获器已释放
[2026-07-12 10:48:19] [CAM] 摄像头未检测到，等待重连...
[2026-07-12 10:48:19] [CAM] 摄像头捕获器已释放
[2026-07-12 10:48:19] [CAM] 摄像头未检测到，等待重连...
[2026-07-12 10:48:20] [CAM] 摄像头捕获器已释放
[2026-07-12 10:48:20] [CAM] 摄像头未检测到，等待重连...
[2026-07-12 10:48:20] [CAM] 摄像头捕获器已释放
[2026-07-12 10:48:20] [CAM] 摄像头未检测到，等待重连...
[2026-07-12 10:48:21] [CAM] 摄像头捕获器已释放
[2026-07-12 10:48:21] [CAM] 摄像头未检测到，等待重连...
[2026-07-12 10:48:21] [CAM] 摄像头捕获器已释放
[2026-07-12 10:48:21] [CAM] 摄像头未检测到，等待重连...
[2026-07-12 10:48:22] [CAM] 摄像头捕获器已释放
[2026-07-12 10:48:22] [CAM] 摄像头未检测到，等待重连...
[2026-07-12 10:48:22] [CAM] 摄像头捕获器已释放
[2026-07-12 10:48:22] [CAM] 摄像头未检测到，等待重连...
[2026-07-12 10:48:23] [CAM] 摄像头捕获器已释放
[2026-07-12 10:48:23] [CAM] 摄像头未检测到，等待重连...
[2026-07-12 10:48:23] [CAM] 摄像头捕获器已释放
[2026-07-12 10:48:23] [CAM] 摄像头未检测到，等待重连...
[2026-07-12 10:48:24] [CAM] 摄像头捕获器已释放
[2026-07-12 10:48:24] [CAM] 摄像头未检测到，等待重连...
[2026-07-12 10:48:24] [CAM] 摄像头捕获器已释放
[2026-07-12 10:48:24] [CAM] 摄像头未检测到，等待重连...
[2026-07-12 10:48:25] [CAM] 摄像头捕获器已释放
[2026-07-12 10:48:25] [CAM] 摄像头未检测到，等待重连...
[2026-07-12 10:48:25] [CAM] 摄像头捕获器已释放
[2026-07-12 10:48:25] [CAM] 摄像头未检测到，等待重连...
[2026-07-12 10:48:26] [CAM] 摄像头捕获器已释放
[2026-07-12 10:48:26] [CAM] 摄像头未检测到，等待重连...
[2026-07-12 10:48:26] [CAM] 摄像头捕获器已释放
[2026-07-12 10:48:26] [CAM] 摄像头未检测到，等待重连...
[2026-07-12 10:48:27] [CAM] 摄像头捕获器已释放
[2026-07-12 10:48:27] [CAM] 摄像头未检测到，等待重连...
[2026-07-12 10:48:27] [CAM] 摄像头捕获器已释放
[2026-07-12 10:48:27] [CAM] 摄像头未检测到，等待重连...
[2026-07-12 10:48:28] [CAM] 摄像头捕获器已释放
[2026-07-12 10:48:28] [CAM] 摄像头未检测到，等待重连...
[2026-07-12 10:48:28] [CAM] 摄像头捕获器已释放
[2026-07-12 10:48:28] [CAM] 摄像头未检测到，等待重连...
[2026-07-12 10:48:29] [CAM] 摄像头捕获器已释放
[2026-07-12 10:48:29] [CAM] 摄像头未检测到，等待重连...
[2026-07-12 10:48:29] [CAM] 摄像头捕获器已释放
[2026-07-12 10:48:29] [CAM] 摄像头未检测到，等待重连...
[2026-07-12 10:48:30] [CAM] 摄像头捕获器已释放
[2026-07-12 10:48:30] [CAM] 摄像头未检测到，等待重连...
[2026-07-12 10:48:30] [CAM] 摄像头捕获器已释放
[2026-07-12 10:48:30] [CAM] 摄像头未检测到，等待重连...
[2026-07-12 10:48:31] [CAM] 摄像头捕获器已释放
[2026-07-12 10:48:31] [CAM] 摄像头未检测到，等待重连...
[2026-07-12 10:48:31] [CAM] 摄像头捕获器已释放
[2026-07-12 10:48:31] [CAM] 摄像头未检测到，等待重连...
[2026-07-12 10:48:32] [CAM] 摄像头捕获器已释放
[2026-07-12 10:48:32] [CAM] 摄像头未检测到，等待重连...
[2026-07-12 10:48:32] [CAM] 摄像头捕获器已释放
[2026-07-12 10:48:32] [CAM] 摄像头未检测到，等待重连...
[2026-07-12 10:48:33] [CAM] 摄像头捕获器已释放
[2026-07-12 10:48:33] [CAM] 摄像头未检测到，等待重连...
[2026-07-12 10:48:33] [CAM] 摄像头捕获器已释放
[2026-07-12 10:48:33] [CAM] 摄像头未检测到，等待重连...
[2026-07-12 10:48:34] [CAM] 摄像头捕获器已释放
[2026-07-12 10:48:34] [CAM] 摄像头未检测到，等待重连...
[2026-07-12 10:48:34] [CAM] 摄像头捕获器已释放
[2026-07-12 10:48:34] [CAM] 摄像头未检测到，等待重连...
[2026-07-12 10:48:35] [CAM] 摄像头捕获器已释放
[2026-07-12 10:48:35] [CAM] 摄像头未检测到，等待重连...
[2026-07-12 10:48:35] [CAM] 摄像头捕获器已释放
[2026-07-12 10:48:35] [CAM] 摄像头未检测到，等待重连...
[2026-07-12 10:48:36] [CAM] 摄像头捕获器已释放
[2026-07-12 10:48:36] [CAM] 摄像头未检测到，等待重连...
[2026-07-12 10:48:36] [CAM] 摄像头捕获器已释放
[2026-07-12 10:48:36] [CAM] 摄像头未检测到，等待重连...
[2026-07-12 10:48:37] [CAM] 摄像头捕获器已释放
[2026-07-12 10:48:37] [CAM] 摄像头未检测到，等待重连...
[2026-07-12 10:48:37] [CAM] 摄像头捕获器已释放
[2026-07-12 10:48:37] [CAM] 摄像头未检测到，等待重连...
[2026-07-12 10:48:38] [CAM] 摄像头捕获器已释放
[2026-07-12 10:48:38] [CAM] 摄像头未检测到，等待重连...
[2026-07-12 10:48:38] [CAM] 摄像头捕获器已释放
[2026-07-12 10:48:38] [CAM] 摄像头未检测到，等待重连...
[2026-07-12 10:48:39] [CAM] 摄像头捕获器已释放
[2026-07-12 10:48:39] [CAM] 摄像头未检测到，等待重连...
[2026-07-12 10:48:39] [CAM] 摄像头捕获器已释放
[2026-07-12 10:48:39] [CAM] 摄像头未检测到，等待重连...
[2026-07-12 10:48:40] [CAM] 摄像头捕获器已释放
[2026-07-12 10:48:40] [CAM] 摄像头未检测到，等待重连...
[2026-07-12 10:48:40] [CAM] 摄像头捕获器已释放
[2026-07-12 10:48:40] [CAM] 摄像头未检测到，等待重连...
[2026-07-12 10:48:41] [CAM] 摄像头捕获器已释放
[2026-07-12 10:48:41] [CAM] 摄像头未检测到，等待重连...
[2026-07-12 10:48:41] [CAM] 摄像头捕获器已释放
[2026-07-12 10:48:41] [CAM] 摄像头未检测到，等待重连...
[2026-07-12 10:48:42] [CAM] 摄像头捕获器已释放
[2026-07-12 10:48:42] [CAM] 摄像头未检测到，等待重连...
[2026-07-12 10:48:42] [CAM] 摄像头捕获器已释放
[2026-07-12 10:48:42] [CAM] 摄像头未检测到，等待重连...
[2026-07-12 10:48:43] [CAM] 摄像头捕获器已释放
[2026-07-12 10:48:43] [CAM] 摄像头未检测到，等待重连...
[2026-07-12 10:48:43] [CAM] 摄像头捕获器已释放
[2026-07-12 10:48:43] [CAM] 摄像头未检测到，等待重连...
[2026-07-12 10:48:44] [CAM] 摄像头捕获器已释放
[2026-07-12 10:48:44] [CAM] 摄像头未检测到，等待重连...
[2026-07-12 10:48:44] [CAM] 摄像头捕获器已释放
[2026-07-12 10:48:44] [CAM] 摄像头未检测到，等待重连...
[2026-07-12 10:48:45] [CAM] 摄像头捕获器已释放
[2026-07-12 10:48:45] [CAM] 摄像头未检测到，等待重连...
[2026-07-12 10:48:45] [CAM] 摄像头捕获器已释放
[2026-07-12 10:48:45] [CAM] 摄像头未检测到，等待重连...
[2026-07-12 10:48:46] [CAM] 摄像头捕获器已释放
[2026-07-12 10:48:46] [CAM] 摄像头未检测到，等待重连...
[2026-07-12 10:48:46] [CAM] 摄像头捕获器已释放
[2026-07-12 10:48:46] [CAM] 摄像头未检测到，等待重连...
[2026-07-12 10:48:47] [CAM] 摄像头捕获器已释放
[2026-07-12 10:48:47] [CAM] 摄像头未检测到，等待重连...
[2026-07-12 10:48:47] [CAM] 摄像头捕获器已释放
[2026-07-12 10:48:47] [CAM] 摄像头未检测到，等待重连...
[2026-07-12 10:48:48] [CAM] 摄像头捕获器已释放
[2026-07-12 10:48:48] [CAM] 摄像头未检测到，等待重连...
[2026-07-12 10:48:48] [CAM] 摄像头捕获器已释放
[2026-07-12 10:48:48] [CAM] 摄像头未检测到，等待重连...
[2026-07-12 10:48:49] [CAM] 摄像头捕获器已释放
[2026-07-12 10:48:49] [CAM] 摄像头未检测到，等待重连...
[2026-07-12 10:48:49] [CAM] 摄像头捕获器已释放
[2026-07-12 10:48:49] [CAM] 摄像头未检测到，等待重连...
[2026-07-12 10:48:50] [CAM] 摄像头捕获器已释放
[2026-07-12 10:48:50] [CAM] 摄像头未检测到，等待重连...
[2026-07-12 10:48:50] [CAM] 摄像头捕获器已释放
[2026-07-12 10:48:50] [CAM] 摄像头未检测到，等待重连...
[2026-07-12 10:48:51] [CAM] 摄像头捕获器已释放
[2026-07-12 10:48:51] [CAM] 摄像头未检测到，等待重连...
[2026-07-12 10:48:51] [CAM] 摄像头捕获器已释放
[2026-07-12 10:48:51] [CAM] 摄像头未检测到，等待重连...
[2026-07-12 10:48:52] [CAM] 摄像头捕获器已释放
[2026-07-12 10:48:52] [CAM] 摄像头未检测到，等待重连...
[2026-07-12 10:48:52] [CAM] 摄像头捕获器已释放
[2026-07-12 10:48:52] [CAM] 摄像头未检测到，等待重连...
[2026-07-12 10:48:53] [CAM] 摄像头捕获器已释放
[2026-07-12 10:48:53] [CAM] 摄像头未检测到，等待重连...
[2026-07-12 10:48:53] [CAM] 摄像头捕获器已释放
[2026-07-12 10:48:53] [CAM] 摄像头未检测到，等待重连...
[2026-07-12 10:48:54] [CAM] 摄像头捕获器已释放
[2026-07-12 10:48:54] [CAM] 摄像头未检测到，等待重连...
[2026-07-12 10:48:54] [CAM] 摄像头捕获器已释放
[2026-07-12 10:48:54] [CAM] 摄像头未检测到，等待重连...
[2026-07-12 10:48:55] [CAM] 摄像头捕获器已释放
[2026-07-12 10:48:55] [CAM] 摄像头未检测到，等待重连...
[2026-07-12 10:48:55] [CAM] 摄像头捕获器已释放
[2026-07-12 10:48:55] [CAM] 摄像头未检测到，等待重连...
[2026-07-12 10:48:56] [CAM] 摄像头捕获器已释放
[2026-07-12 10:48:56] [CAM] 摄像头未检测到，等待重连...
[2026-07-12 10:48:56] [CAM] 摄像头捕获器已释放
[2026-07-12 10:48:56] [CAM] 摄像头未检测到，等待重连...
[2026-07-12 10:48:57] [CAM] 摄像头捕获器已释放
[2026-07-12 10:48:57] [CAM] 摄像头未检测到，等待重连...
[2026-07-12 10:48:57] [CAM] 摄像头捕获器已释放
[2026-07-12 10:48:57] [CAM] 摄像头未检测到，等待重连...
[2026-07-12 10:48:58] [CAM] 摄像头捕获器已释放
[2026-07-12 10:48:58] [CAM] 摄像头未检测到，等待重连...
[2026-07-12 10:48:58] [CAM] 摄像头捕获器已释放
[2026-07-12 10:48:58] [CAM] 摄像头未检测到，等待重连...
[2026-07-12 10:48:59] [CAM] 摄像头捕获器已释放
[2026-07-12 10:48:59] [CAM] 摄像头未检测到，等待重连...
[2026-07-12 10:48:59] [CAM] 摄像头捕获器已释放
[2026-07-12 10:48:59] [CAM] 摄像头未检测到，等待重连...
[2026-07-12 10:49:00] [CAM] 摄像头捕获器已释放
[2026-07-12 10:49:00] [CAM] 摄像头未检测到，等待重连...
[2026-07-12 10:49:00] [CAM] 摄像头捕获器已释放
[2026-07-12 10:49:00] [CAM] 摄像头未检测到，等待重连...
[2026-07-12 10:49:01] [CAM] 摄像头捕获器已释放
[2026-07-12 10:49:01] [CAM] 摄像头未检测到，等待重连...
[2026-07-12 10:49:01] [CAM] 摄像头捕获器已释放
[2026-07-12 10:49:01] [CAM] 摄像头未检测到，等待重连...
[2026-07-12 10:49:02] [CAM] 摄像头捕获器已释放
[2026-07-12 10:49:02] [CAM] 摄像头未检测到，等待重连...
[2026-07-12 10:49:02] [CAM] 摄像头捕获器已释放
[2026-07-12 10:49:02] [CAM] 摄像头未检测到，等待重连...
[2026-07-12 10:49:03] [CAM] 摄像头捕获器已释放
[2026-07-12 10:49:03] [CAM] 摄像头未检测到，等待重连...
[2026-07-12 10:49:03] [CAM] 摄像头捕获器已释放
[2026-07-12 10:49:03] [CAM] 摄像头未检测到，等待重连...
[2026-07-12 10:49:04] [CAM] 摄像头捕获器已释放
[2026-07-12 10:49:04] [CAM] 摄像头未检测到，等待重连...
[2026-07-12 10:49:04] [CAM] 摄像头捕获器已释放
[2026-07-12 10:49:04] [CAM] 摄像头未检测到，等待重连...
[2026-07-12 10:49:05] [CAM] 摄像头捕获器已释放
[2026-07-12 10:49:05] [CAM] 摄像头未检测到，等待重连...
[2026-07-12 10:49:05] [CAM] 摄像头捕获器已释放
[2026-07-12 10:49:05] [CAM] 摄像头未检测到，等待重连...
[2026-07-12 10:49:06] [CAM] 摄像头捕获器已释放
[2026-07-12 10:49:06] [CAM] 摄像头未检测到，等待重连...
[2026-07-12 10:49:06] [CAM] 摄像头捕获器已释放
[2026-07-12 10:49:06] [CAM] 摄像头未检测到，等待重连...
[2026-07-12 10:49:07] [CAM] 摄像头捕获器已释放
[2026-07-12 10:49:07] [CAM] 摄像头未检测到，等待重连...
[2026-07-12 10:49:07] [CAM] 摄像头捕获器已释放
[2026-07-12 10:49:07] [CAM] 摄像头未检测到，等待重连...
[2026-07-12 10:49:08] [CAM] 摄像头捕获器已释放
[2026-07-12 10:49:08] [CAM] 摄像头未检测到，等待重连...
[2026-07-12 10:49:08] [CAM] 摄像头捕获器已释放
[2026-07-12 10:49:08] [CAM] 摄像头未检测到，等待重连...
[2026-07-12 10:49:09] [CAM] 摄像头捕获器已释放
[2026-07-12 10:49:09] [CAM] 摄像头未检测到，等待重连...
[2026-07-12 10:49:09] [CAM] 摄像头捕获器已释放
[2026-07-12 10:49:09] [CAM] 摄像头未检测到，等待重连...
[2026-07-12 10:49:10] [CAM] 摄像头捕获器已释放
[2026-07-12 10:49:10] [CAM] 摄像头未检测到，等待重连...
[2026-07-12 10:49:10] [CAM] 摄像头捕获器已释放
[2026-07-12 10:49:10] [CAM] 摄像头未检测到，等待重连...
[2026-07-12 10:49:11] [CAM] 摄像头捕获器已释放
[2026-07-12 10:49:11] [CAM] 摄像头未检测到，等待重连...
[2026-07-12 10:49:11] [CAM] 摄像头捕获器已释放
[2026-07-12 10:49:11] [CAM] 摄像头未检测到，等待重连...
[2026-07-12 10:49:12] [CAM] 摄像头捕获器已释放
[2026-07-12 10:49:12] [CAM] 摄像头未检测到，等待重连...
[2026-07-12 10:49:12] [CAM] 摄像头捕获器已释放
[2026-07-12 10:49:12] [CAM] 摄像头未检测到，等待重连...
[2026-07-12 10:49:13] [CAM] 摄像头捕获器已释放
[2026-07-12 10:49:13] [CAM] 摄像头未检测到，等待重连...
[2026-07-12 10:49:13] [CAM] 摄像头捕获器已释放
[2026-07-12 10:49:13] [CAM] 摄像头未检测到，等待重连...
[2026-07-12 10:49:14] [CAM] 摄像头捕获器已释放
[2026-07-12 10:49:14] [CAM] 摄像头未检测到，等待重连...
[2026-07-12 10:49:14] [CAM] 摄像头捕获器已释放
[2026-07-12 10:49:14] [CAM] 摄像头未检测到，等待重连...
[2026-07-12 10:49:15] [CAM] 摄像头捕获器已释放
[2026-07-12 10:49:15] [CAM] 摄像头未检测到，等待重连...
[2026-07-12 10:49:15] [CAM] 摄像头捕获器已释放
[2026-07-12 10:49:15] [CAM] 摄像头未检测到，等待重连...
[2026-07-12 10:49:16] [CAM] 摄像头捕获器已释放
[2026-07-12 10:49:16] [CAM] 摄像头未检测到，等待重连...
[2026-07-12 10:49:16] [CAM] 摄像头捕获器已释放
[2026-07-12 10:49:16] [CAM] 摄像头未检测到，等待重连...
[2026-07-12 10:49:17] [CAM] 摄像头捕获器已释放
[2026-07-12 10:49:17] [CAM] 摄像头未检测到，等待重连...
[2026-07-12 10:49:17] [CAM] 摄像头捕获器已释放
[2026-07-12 10:49:17] [CAM] 摄像头未检测到，等待重连...
[2026-07-12 10:49:18] [CAM] 摄像头捕获器已释放
[2026-07-12 10:49:18] [CAM] 摄像头未检测到，等待重连...
[2026-07-12 10:49:18] [CAM] 摄像头捕获器已释放
[2026-07-12 10:49:18] [CAM] 摄像头未检测到，等待重连...
[2026-07-12 10:49:19] [CAM] 摄像头捕获器已释放
[2026-07-12 10:49:19] [CAM] 摄像头未检测到，等待重连...
[2026-07-12 10:49:19] [CAM] 摄像头捕获器已释放
[2026-07-12 10:49:19] [CAM] 摄像头未检测到，等待重连...
[2026-07-12 10:49:20] [CAM] 摄像头捕获器已释放
[2026-07-12 10:49:20] [CAM] 摄像头未检测到，等待重连...
[2026-07-12 10:49:20] [CAM] 摄像头捕获器已释放
[2026-07-12 10:49:20] [CAM] 摄像头未检测到，等待重连...
[2026-07-12 10:49:21] [CAM] 摄像头捕获器已释放
[2026-07-12 10:49:21] [CAM] 摄像头未检测到，等待重连...
[2026-07-12 10:49:21] [CAM] 摄像头捕获器已释放
[2026-07-12 10:49:21] [CAM] 摄像头未检测到，等待重连...
[2026-07-12 10:49:22] [CAM] 摄像头捕获器已释放
[2026-07-12 10:49:22] [CAM] 摄像头未检测到，等待重连...
[2026-07-12 10:49:22] [CAM] 摄像头捕获器已释放
[2026-07-12 10:49:22] [CAM] 摄像头未检测到，等待重连...
[2026-07-12 10:49:23] [CAM] 摄像头捕获器已释放
[2026-07-12 10:49:23] [CAM] 摄像头未检测到，等待重连...
[2026-07-12 10:49:23] [CAM] 摄像头捕获器已释放
[2026-07-12 10:49:23] [CAM] 摄像头未检测到，等待重连...
[2026-07-12 10:49:24] [CAM] 摄像头捕获器已释放
[2026-07-12 10:49:24] [CAM] 摄像头未检测到，等待重连...
[2026-07-12 10:49:24] [CAM] 摄像头捕获器已释放
[2026-07-12 10:49:24] [CAM] 摄像头未检测到，等待重连...
[2026-07-12 10:49:25] [CAM] 摄像头捕获器已释放
[2026-07-12 10:49:25] [CAM] 摄像头未检测到，等待重连...
[2026-07-12 10:49:25] [CAM] 摄像头捕获器已释放
[2026-07-12 10:49:25] [CAM] 摄像头未检测到，等待重连...
[2026-07-12 10:49:26] [CAM] 摄像头捕获器已释放
[2026-07-12 10:49:26] [CAM] 摄像头未检测到，等待重连...
[2026-07-12 10:49:26] [CAM] 摄像头捕获器已释放
[2026-07-12 10:49:26] [CAM] 摄像头未检测到，等待重连...
[2026-07-12 10:49:27] [CAM] 摄像头捕获器已释放
[2026-07-12 10:49:27] [CAM] 摄像头未检测到，等待重连...
[2026-07-12 10:49:27] [CAM] 摄像头捕获器已释放
[2026-07-12 10:49:27] [CAM] 摄像头未检测到，等待重连...
[2026-07-12 10:49:28] [CAM] 摄像头捕获器已释放
[2026-07-12 10:49:28] [CAM] 摄像头未检测到，等待重连...
[2026-07-12 10:49:28] [CAM] 摄像头捕获器已释放
[2026-07-12 10:49:28] [CAM] 摄像头未检测到，等待重连...
[2026-07-12 10:49:29] [CAM] 摄像头捕获器已释放
[2026-07-12 10:49:29] [CAM] 摄像头未检测到，等待重连...
[2026-07-12 10:49:29] [CAM] 摄像头捕获器已释放
[2026-07-12 10:49:29] [CAM] 摄像头未检测到，等待重连...
[2026-07-12 10:49:30] [CAM] 摄像头捕获器已释放
[2026-07-12 10:49:30] [CAM] 摄像头未检测到，等待重连...
[2026-07-12 10:49:30] [CAM] 摄像头捕获器已释放
[2026-07-12 10:49:30] [CAM] 摄像头未检测到，等待重连...
[2026-07-12 10:49:31] [CAM] 摄像头捕获器已释放
[2026-07-12 10:49:31] [CAM] 摄像头未检测到，等待重连...
[2026-07-12 10:49:31] [ERROR] 网络断开，无法访问外网
[2026-07-12 10:49:31] [CAM] 摄像头捕获器已释放
[2026-07-12 10:49:31] [CAM] 摄像头未检测到，等待重连...
[2026-07-12 10:49:32] [CAM] 摄像头捕获器已释放
[2026-07-12 10:49:32] [CAM] 摄像头未检测到，等待重连...
[2026-07-12 10:49:32] [NET] 网络已恢复连通
[2026-07-12 10:49:32] [CAM] 摄像头捕获器已释放
[2026-07-12 10:49:32] [CAM] 摄像头未检测到，等待重连...
[2026-07-12 10:49:33] [CAM] 摄像头捕获器已释放
[2026-07-12 10:49:33] [CAM] 摄像头未检测到，等待重连...
[2026-07-12 10:49:33] [CAM] 摄像头捕获器已释放
[2026-07-12 10:49:33] [CAM] 摄像头未检测到，等待重连...
[2026-07-12 10:49:34] [CAM] 摄像头捕获器已释放
[2026-07-12 10:49:34] [CAM] 摄像头未检测到，等待重连...
[2026-07-12 10:49:34] [CAM] 摄像头捕获器已释放
[2026-07-12 10:49:34] [CAM] 摄像头未检测到，等待重连...
[2026-07-12 10:49:35] [CAM] 摄像头捕获器已释放
[2026-07-12 10:49:35] [CAM] 摄像头未检测到，等待重连...
[2026-07-12 10:49:35] [CAM] 摄像头捕获器已释放
[2026-07-12 10:49:35] [CAM] 摄像头未检测到，等待重连...
[2026-07-12 10:49:36] [CAM] 摄像头捕获器已释放
[2026-07-12 10:49:36] [CAM] 摄像头未检测到，等待重连...
[2026-07-12 10:49:36] [CAM] 摄像头捕获器已释放
[2026-07-12 10:49:36] [CAM] 摄像头未检测到，等待重连...
[2026-07-12 10:49:37] [CAM] 摄像头捕获器已释放
[2026-07-12 10:49:37] [CAM] 摄像头未检测到，等待重连...
[2026-07-12 10:49:37] [CAM] 摄像头捕获器已释放
[2026-07-12 10:49:37] [CAM] 摄像头未检测到，等待重连...
[2026-07-12 10:49:38] [CAM] 摄像头捕获器已释放
[2026-07-12 10:49:38] [CAM] 摄像头未检测到，等待重连...
[2026-07-12 10:49:38] [CAM] 摄像头捕获器已释放
[2026-07-12 10:49:38] [CAM] 摄像头未检测到，等待重连...
[2026-07-12 10:49:39] [CAM] 摄像头捕获器已释放
[2026-07-12 10:49:39] [CAM] 摄像头未检测到，等待重连...
[2026-07-12 10:49:39] [CAM] 摄像头捕获器已释放
[2026-07-12 10:49:39] [CAM] 摄像头未检测到，等待重连...
[2026-07-12 10:49:40] [CAM] 摄像头捕获器已释放
[2026-07-12 10:49:40] [CAM] 摄像头未检测到，等待重连...
[2026-07-12 10:49:40] [CAM] 摄像头捕获器已释放
[2026-07-12 10:49:40] [CAM] 摄像头未检测到，等待重连...
[2026-07-12 10:49:41] [CAM] 摄像头捕获器已释放
[2026-07-12 10:49:41] [CAM] 摄像头未检测到，等待重连...
[2026-07-12 10:49:41] [CAM] 摄像头捕获器已释放
[2026-07-12 10:49:41] [CAM] 摄像头未检测到，等待重连...
[2026-07-12 10:49:42] [CAM] 摄像头捕获器已释放
[2026-07-12 10:49:42] [CAM] 摄像头未检测到，等待重连...
[2026-07-12 10:49:42] [CAM] 摄像头捕获器已释放
[2026-07-12 10:49:42] [CAM] 摄像头未检测到，等待重连...
[2026-07-12 10:49:43] [CAM] 摄像头捕获器已释放
[2026-07-12 10:49:43] [CAM] 摄像头未检测到，等待重连...
[2026-07-12 10:49:43] [CAM] 摄像头捕获器已释放
[2026-07-12 10:49:43] [CAM] 摄像头未检测到，等待重连...
[2026-07-12 10:49:44] [CAM] 摄像头捕获器已释放
[2026-07-12 10:49:44] [CAM] 摄像头未检测到，等待重连...
[2026-07-12 10:49:44] [CAM] 摄像头捕获器已释放
[2026-07-12 10:49:44] [CAM] 摄像头未检测到，等待重连...
[2026-07-12 10:49:45] [CAM] 摄像头捕获器已释放
[2026-07-12 10:49:45] [CAM] 摄像头未检测到，等待重连...
[2026-07-12 10:49:45] [CAM] 摄像头捕获器已释放
[2026-07-12 10:49:45] [CAM] 摄像头未检测到，等待重连...
[2026-07-12 10:49:46] [CAM] 摄像头捕获器已释放
[2026-07-12 10:49:46] [CAM] 摄像头未检测到，等待重连...
[2026-07-12 10:49:46] [CAM] 摄像头捕获器已释放
[2026-07-12 10:49:46] [CAM] 摄像头未检测到，等待重连...
[2026-07-12 10:49:47] [CAM] 摄像头捕获器已释放
[2026-07-12 10:49:47] [CAM] 摄像头未检测到，等待重连...
[2026-07-12 10:49:47] [ERROR] 网络断开，无法访问外网
[2026-07-12 10:49:47] [CAM] 摄像头捕获器已释放
[2026-07-12 10:49:47] [CAM] 摄像头未检测到，等待重连...
[2026-07-12 10:49:48] [CAM] 摄像头捕获器已释放
[2026-07-12 10:49:48] [CAM] 摄像头未检测到，等待重连...
[2026-07-12 10:49:48] [NET] 网络已恢复连通
[2026-07-12 10:49:48] [CAM] 摄像头捕获器已释放
[2026-07-12 10:49:48] [CAM] 摄像头未检测到，等待重连...
[2026-07-12 10:49:49] [CAM] 摄像头捕获器已释放
[2026-07-12 10:49:49] [CAM] 摄像头未检测到，等待重连...
[2026-07-12 10:49:49] [CAM] 摄像头捕获器已释放
[2026-07-12 10:49:49] [CAM] 摄像头未检测到，等待重连...
[2026-07-12 10:49:50] [CAM] 摄像头捕获器已释放
[2026-07-12 10:49:50] [CAM] 摄像头未检测到，等待重连...
[2026-07-12 10:49:50] [CAM] 摄像头捕获器已释放
[2026-07-12 10:49:50] [CAM] 摄像头未检测到，等待重连...
[2026-07-12 10:49:51] [CAM] 摄像头捕获器已释放
[2026-07-12 10:49:51] [CAM] 摄像头未检测到，等待重连...
[2026-07-12 10:49:51] [CAM] 摄像头捕获器已释放
[2026-07-12 10:49:51] [CAM] 摄像头未检测到，等待重连...
[2026-07-12 10:49:52] [CAM] 摄像头捕获器已释放
[2026-07-12 10:49:52] [CAM] 摄像头未检测到，等待重连...
[2026-07-12 10:49:52] [CAM] 摄像头捕获器已释放
[2026-07-12 10:49:52] [CAM] 摄像头未检测到，等待重连...
[2026-07-12 10:49:53] [CAM] 摄像头捕获器已释放
[2026-07-12 10:49:53] [CAM] 摄像头未检测到，等待重连...
[2026-07-12 10:49:53] [CAM] 摄像头捕获器已释放
[2026-07-12 10:49:53] [CAM] 摄像头未检测到，等待重连...
[2026-07-12 10:49:54] [CAM] 摄像头捕获器已释放
[2026-07-12 10:49:54] [CAM] 摄像头未检测到，等待重连...
[2026-07-12 10:49:54] [CAM] 摄像头捕获器已释放
[2026-07-12 10:49:54] [CAM] 摄像头未检测到，等待重连...
[2026-07-12 10:49:55] [CAM] 摄像头捕获器已释放
[2026-07-12 10:49:55] [CAM] 摄像头未检测到，等待重连...
[2026-07-12 10:49:55] [CAM] 摄像头捕获器已释放
[2026-07-12 10:49:55] [CAM] 摄像头未检测到，等待重连...
[2026-07-12 10:49:56] [CAM] 摄像头捕获器已释放
[2026-07-12 10:49:56] [CAM] 摄像头未检测到，等待重连...
[2026-07-12 10:49:56] [CAM] 摄像头捕获器已释放
[2026-07-12 10:49:56] [CAM] 摄像头未检测到，等待重连...
[2026-07-12 10:49:57] [CAM] 摄像头捕获器已释放
[2026-07-12 10:49:57] [CAM] 摄像头未检测到，等待重连...
[2026-07-12 10:49:57] [CAM] 摄像头捕获器已释放
[2026-07-12 10:49:57] [CAM] 摄像头未检测到，等待重连...
[2026-07-12 10:49:58] [CAM] 摄像头捕获器已释放
[2026-07-12 10:49:58] [CAM] 摄像头未检测到，等待重连...
[2026-07-12 10:49:58] [CAM] 摄像头捕获器已释放
[2026-07-12 10:49:58] [CAM] 摄像头未检测到，等待重连...
[2026-07-12 10:49:59] [CAM] 摄像头捕获器已释放
[2026-07-12 10:49:59] [CAM] 摄像头未检测到，等待重连...
[2026-07-12 10:49:59] [CAM] 摄像头捕获器已释放
[2026-07-12 10:49:59] [CAM] 摄像头未检测到，等待重连...
[2026-07-12 10:50:00] [CAM] 摄像头捕获器已释放
[2026-07-12 10:50:00] [CAM] 摄像头未检测到，等待重连...
[2026-07-12 10:50:00] [CAM] 摄像头捕获器已释放
[2026-07-12 10:50:00] [CAM] 摄像头未检测到，等待重连...
[2026-07-12 10:50:01] [CAM] 摄像头捕获器已释放
[2026-07-12 10:50:01] [CAM] 摄像头未检测到，等待重连...
[2026-07-12 10:50:01] [CAM] 摄像头捕获器已释放
[2026-07-12 10:50:01] [CAM] 摄像头未检测到，等待重连...
[2026-07-12 10:50:02] [CAM] 摄像头捕获器已释放
[2026-07-12 10:50:02] [CAM] 摄像头未检测到，等待重连...
[2026-07-12 10:50:02] [CAM] 摄像头捕获器已释放
[2026-07-12 10:50:02] [CAM] 摄像头未检测到，等待重连...
[2026-07-12 10:50:03] [CAM] 摄像头捕获器已释放
[2026-07-12 10:50:03] [CAM] 摄像头未检测到，等待重连...
[2026-07-12 10:50:03] [CAM] 摄像头捕获器已释放
[2026-07-12 10:50:03] [CAM] 摄像头未检测到，等待重连...
[2026-07-12 10:50:04] [CAM] 摄像头捕获器已释放
[2026-07-12 10:50:04] [CAM] 摄像头未检测到，等待重连...
[2026-07-12 10:50:04] [CAM] 摄像头捕获器已释放
[2026-07-12 10:50:04] [CAM] 摄像头未检测到，等待重连...
[2026-07-12 10:50:05] [CAM] 摄像头捕获器已释放
[2026-07-12 10:50:05] [CAM] 摄像头未检测到，等待重连...
[2026-07-12 10:50:05] [CAM] 摄像头捕获器已释放
[2026-07-12 10:50:05] [CAM] 摄像头未检测到，等待重连...
[2026-07-12 10:50:06] [CAM] 摄像头捕获器已释放
[2026-07-12 10:50:06] [CAM] 摄像头未检测到，等待重连...
[2026-07-12 10:50:06] [CAM] 摄像头捕获器已释放
[2026-07-12 10:50:06] [CAM] 摄像头未检测到，等待重连...
[2026-07-12 10:50:07] [CAM] 摄像头捕获器已释放
[2026-07-12 10:50:07] [CAM] 摄像头未检测到，等待重连...
[2026-07-12 10:50:07] [CAM] 摄像头捕获器已释放
[2026-07-12 10:50:07] [CAM] 摄像头未检测到，等待重连...
[2026-07-12 10:50:08] [CAM] 摄像头捕获器已释放
[2026-07-12 10:50:08] [CAM] 摄像头未检测到，等待重连...
[2026-07-12 10:50:08] [CAM] 摄像头捕获器已释放
[2026-07-12 10:50:08] [CAM] 摄像头未检测到，等待重连...
[2026-07-12 10:50:09] [CAM] 摄像头捕获器已释放
[2026-07-12 10:50:09] [CAM] 摄像头未检测到，等待重连...
[2026-07-12 10:50:09] [CAM] 摄像头捕获器已释放
[2026-07-12 10:50:09] [CAM] 摄像头未检测到，等待重连...
[2026-07-12 10:50:10] [CAM] 摄像头捕获器已释放
[2026-07-12 10:50:10] [CAM] 摄像头未检测到，等待重连...
[2026-07-12 10:50:10] [CAM] 摄像头捕获器已释放
[2026-07-12 10:50:10] [CAM] 摄像头未检测到，等待重连...
[2026-07-12 10:50:11] [CAM] 摄像头捕获器已释放
[2026-07-12 10:50:11] [CAM] 摄像头未检测到，等待重连...
[2026-07-12 10:50:11] [CAM] 摄像头捕获器已释放
[2026-07-12 10:50:11] [CAM] 摄像头未检测到，等待重连...
[2026-07-12 10:50:12] [CAM] 摄像头捕获器已释放
[2026-07-12 10:50:12] [CAM] 摄像头未检测到，等待重连...
[2026-07-12 10:50:12] [CAM] 摄像头捕获器已释放
[2026-07-12 10:50:12] [CAM] 摄像头未检测到，等待重连...
[2026-07-12 10:50:13] [CAM] 摄像头捕获器已释放
[2026-07-12 10:50:13] [CAM] 摄像头未检测到，等待重连...
[2026-07-12 10:50:13] [CAM] 摄像头捕获器已释放
[2026-07-12 10:50:13] [CAM] 摄像头未检测到，等待重连...
[2026-07-12 10:50:14] [CAM] 摄像头捕获器已释放
[2026-07-12 10:50:14] [CAM] 摄像头未检测到，等待重连...
[2026-07-12 10:50:14] [CAM] 摄像头捕获器已释放
[2026-07-12 10:50:14] [CAM] 摄像头未检测到，等待重连...
[2026-07-12 10:50:15] [CAM] 摄像头捕获器已释放
[2026-07-12 10:50:15] [CAM] 摄像头未检测到，等待重连...
[2026-07-12 10:50:15] [CAM] 摄像头捕获器已释放
[2026-07-12 10:50:15] [CAM] 摄像头未检测到，等待重连...
[2026-07-12 10:50:16] [CAM] 摄像头捕获器已释放
[2026-07-12 10:50:16] [CAM] 摄像头未检测到，等待重连...
[2026-07-12 10:50:16] [CAM] 摄像头捕获器已释放
[2026-07-12 10:50:16] [CAM] 摄像头未检测到，等待重连...
[2026-07-12 10:50:17] [CAM] 摄像头捕获器已释放
[2026-07-12 10:50:17] [CAM] 摄像头未检测到，等待重连...
[2026-07-12 10:50:17] [CAM] 摄像头捕获器已释放
[2026-07-12 10:50:17] [CAM] 摄像头未检测到，等待重连...
[2026-07-12 10:50:18] [CAM] 摄像头捕获器已释放
[2026-07-12 10:50:18] [CAM] 摄像头未检测到，等待重连...
[2026-07-12 10:50:18] [CAM] 摄像头捕获器已释放
[2026-07-12 10:50:18] [CAM] 摄像头未检测到，等待重连...
[2026-07-12 10:50:19] [CAM] 摄像头捕获器已释放
[2026-07-12 10:50:19] [CAM] 摄像头未检测到，等待重连...
[2026-07-12 10:50:19] [CAM] 摄像头捕获器已释放
[2026-07-12 10:50:19] [CAM] 摄像头未检测到，等待重连...
[2026-07-12 10:50:20] [CAM] 摄像头捕获器已释放
[2026-07-12 10:50:20] [CAM] 摄像头未检测到，等待重连...
[2026-07-12 10:50:20] [CAM] 摄像头捕获器已释放
[2026-07-12 10:50:20] [CAM] 摄像头未检测到，等待重连...
[2026-07-12 10:50:21] [CAM] 摄像头捕获器已释放
[2026-07-12 10:50:21] [CAM] 摄像头未检测到，等待重连...
[2026-07-12 10:50:21] [CAM] 摄像头捕获器已释放
[2026-07-12 10:50:21] [CAM] 摄像头未检测到，等待重连...
[2026-07-12 10:50:22] [CAM] 摄像头捕获器已释放
[2026-07-12 10:50:22] [CAM] 摄像头未检测到，等待重连...
[2026-07-12 10:50:22] [CAM] 摄像头捕获器已释放
[2026-07-12 10:50:22] [CAM] 摄像头未检测到，等待重连...
[2026-07-12 10:50:23] [CAM] 摄像头捕获器已释放
[2026-07-12 10:50:23] [CAM] 摄像头未检测到，等待重连...
[2026-07-12 10:50:23] [CAM] 摄像头捕获器已释放
[2026-07-12 10:50:23] [CAM] 摄像头未检测到，等待重连...
[2026-07-12 10:50:24] [CAM] 摄像头捕获器已释放
[2026-07-12 10:50:24] [CAM] 摄像头未检测到，等待重连...
[2026-07-12 10:50:24] [CAM] 摄像头捕获器已释放
[2026-07-12 10:50:24] [CAM] 摄像头未检测到，等待重连...
[2026-07-12 10:50:25] [CAM] 摄像头捕获器已释放
[2026-07-12 10:50:25] [CAM] 摄像头未检测到，等待重连...
[2026-07-12 10:50:25] [CAM] 摄像头捕获器已释放
[2026-07-12 10:50:25] [CAM] 摄像头未检测到，等待重连...
[2026-07-12 10:50:26] [CAM] 摄像头捕获器已释放
[2026-07-12 10:50:26] [CAM] 摄像头未检测到，等待重连...
[2026-07-12 10:50:26] [CAM] 摄像头捕获器已释放
[2026-07-12 10:50:26] [CAM] 摄像头未检测到，等待重连...
[2026-07-12 10:50:27] [CAM] 摄像头捕获器已释放
[2026-07-12 10:50:27] [CAM] 摄像头未检测到，等待重连...
[2026-07-12 10:50:27] [CAM] 摄像头捕获器已释放
[2026-07-12 10:50:27] [CAM] 摄像头未检测到，等待重连...
[2026-07-12 10:50:28] [CAM] 摄像头捕获器已释放
[2026-07-12 10:50:28] [CAM] 摄像头未检测到，等待重连...
[2026-07-12 10:50:28] [CAM] 摄像头捕获器已释放
[2026-07-12 10:50:28] [CAM] 摄像头未检测到，等待重连...
[2026-07-12 10:50:29] [CAM] 摄像头捕获器已释放
[2026-07-12 10:50:29] [CAM] 摄像头未检测到，等待重连...
[2026-07-12 10:50:29] [CAM] 摄像头捕获器已释放
[2026-07-12 10:50:29] [CAM] 摄像头未检测到，等待重连...
[2026-07-12 10:50:30] [CAM] 摄像头捕获器已释放
[2026-07-12 10:50:30] [CAM] 摄像头未检测到，等待重连...
[2026-07-12 10:50:30] [CAM] 摄像头捕获器已释放
[2026-07-12 10:50:30] [CAM] 摄像头未检测到，等待重连...
[2026-07-12 10:50:31] [CAM] 摄像头捕获器已释放
[2026-07-12 10:50:31] [CAM] 摄像头未检测到，等待重连...
[2026-07-12 10:50:31] [CAM] 摄像头捕获器已释放
[2026-07-12 10:50:31] [CAM] 摄像头未检测到，等待重连...
[2026-07-12 10:50:32] [CAM] 摄像头捕获器已释放
[2026-07-12 10:50:32] [CAM] 摄像头未检测到，等待重连...
[2026-07-12 10:50:32] [CAM] 摄像头捕获器已释放
[2026-07-12 10:50:32] [CAM] 摄像头未检测到，等待重连...
[2026-07-12 10:50:33] [CAM] 摄像头捕获器已释放
[2026-07-12 10:50:33] [CAM] 摄像头未检测到，等待重连...
[2026-07-12 10:50:33] [CAM] 摄像头捕获器已释放
[2026-07-12 10:50:33] [CAM] 摄像头未检测到，等待重连...
[2026-07-12 10:50:34] [CAM] 摄像头捕获器已释放
[2026-07-12 10:50:34] [CAM] 摄像头未检测到，等待重连...
[2026-07-12 10:50:34] [CAM] 摄像头捕获器已释放
[2026-07-12 10:50:34] [CAM] 摄像头未检测到，等待重连...
[2026-07-12 10:50:35] [CAM] 摄像头捕获器已释放
[2026-07-12 10:50:35] [CAM] 摄像头未检测到，等待重连...
[2026-07-12 10:50:35] [CAM] 摄像头捕获器已释放
[2026-07-12 10:50:36] [CAM] 摄像头未检测到，等待重连...
[2026-07-12 10:50:36] [CAM] 摄像头捕获器已释放
[2026-07-12 10:50:36] [CAM] 摄像头未检测到，等待重连...
[2026-07-12 10:50:37] [CAM] 摄像头捕获器已释放
[2026-07-12 10:50:37] [CAM] 摄像头未检测到，等待重连...
[2026-07-12 10:50:37] [CAM] 摄像头捕获器已释放
[2026-07-12 10:50:37] [CAM] 摄像头未检测到，等待重连...
[2026-07-12 10:50:38] [CAM] 摄像头捕获器已释放
[2026-07-12 10:50:38] [CAM] 摄像头未检测到，等待重连...
[2026-07-12 10:50:38] [CAM] 摄像头捕获器已释放
[2026-07-12 10:50:38] [CAM] 摄像头未检测到，等待重连...
[2026-07-12 10:50:39] [CAM] 摄像头捕获器已释放
[2026-07-12 10:50:39] [CAM] 摄像头未检测到，等待重连...
[2026-07-12 10:50:39] [CAM] 摄像头捕获器已释放
[2026-07-12 10:50:39] [CAM] 摄像头未检测到，等待重连...
[2026-07-12 10:50:40] [CAM] 摄像头捕获器已释放
[2026-07-12 10:50:40] [CAM] 摄像头未检测到，等待重连...
[2026-07-12 10:50:40] [CAM] 摄像头捕获器已释放
[2026-07-12 10:50:40] [CAM] 摄像头未检测到，等待重连...
[2026-07-12 10:50:41] [CAM] 摄像头捕获器已释放
[2026-07-12 10:50:41] [CAM] 摄像头未检测到，等待重连...
[2026-07-12 10:50:41] [CAM] 摄像头捕获器已释放
[2026-07-12 10:50:41] [CAM] 摄像头未检测到，等待重连...
[2026-07-12 10:50:42] [CAM] 摄像头捕获器已释放
[2026-07-12 10:50:42] [CAM] 摄像头未检测到，等待重连...
[2026-07-12 10:50:42] [CAM] 摄像头捕获器已释放
[2026-07-12 10:50:42] [CAM] 摄像头未检测到，等待重连...
[2026-07-12 10:50:43] [CAM] 摄像头捕获器已释放
[2026-07-12 10:50:43] [CAM] 摄像头未检测到，等待重连...
[2026-07-12 10:50:43] [CAM] 摄像头捕获器已释放
[2026-07-12 10:50:43] [CAM] 摄像头未检测到，等待重连...
[2026-07-12 10:50:44] [CAM] 摄像头捕获器已释放
[2026-07-12 10:50:44] [CAM] 摄像头未检测到，等待重连...
[2026-07-12 10:50:44] [CAM] 摄像头捕获器已释放
[2026-07-12 10:50:44] [CAM] 摄像头未检测到，等待重连...
[2026-07-12 10:50:45] [CAM] 摄像头捕获器已释放
[2026-07-12 10:50:45] [CAM] 摄像头未检测到，等待重连...
[2026-07-12 10:50:45] [CAM] 摄像头捕获器已释放
[2026-07-12 10:50:45] [CAM] 摄像头未检测到，等待重连...
[2026-07-12 10:50:46] [CAM] 摄像头捕获器已释放
[2026-07-12 10:50:46] [CAM] 摄像头未检测到，等待重连...
[2026-07-12 10:50:46] [CAM] 摄像头捕获器已释放
[2026-07-12 10:50:46] [CAM] 摄像头未检测到，等待重连...
[2026-07-12 10:50:47] [CAM] 摄像头捕获器已释放
[2026-07-12 10:50:47] [CAM] 摄像头未检测到，等待重连...
[2026-07-12 10:50:47] [CAM] 摄像头捕获器已释放
[2026-07-12 10:50:47] [CAM] 摄像头未检测到，等待重连...
[2026-07-12 10:50:48] [CAM] 摄像头捕获器已释放
[2026-07-12 10:50:48] [CAM] 摄像头未检测到，等待重连...
[2026-07-12 10:50:48] [CAM] 摄像头捕获器已释放
[2026-07-12 10:50:48] [CAM] 摄像头未检测到，等待重连...
[2026-07-12 10:50:49] [CAM] 摄像头捕获器已释放
[2026-07-12 10:50:49] [CAM] 摄像头未检测到，等待重连...
[2026-07-12 10:50:49] [CAM] 摄像头捕获器已释放
[2026-07-12 10:50:49] [CAM] 摄像头未检测到，等待重连...
[2026-07-12 10:50:50] [CAM] 摄像头捕获器已释放
[2026-07-12 10:50:50] [CAM] 摄像头未检测到，等待重连...
[2026-07-12 10:50:50] [CAM] 摄像头捕获器已释放
[2026-07-12 10:50:50] [CAM] 摄像头未检测到，等待重连...
[2026-07-12 10:50:51] [CAM] 摄像头捕获器已释放
[2026-07-12 10:50:51] [CAM] 摄像头未检测到，等待重连...
[2026-07-12 10:50:51] [CAM] 摄像头捕获器已释放
[2026-07-12 10:50:51] [CAM] 摄像头未检测到，等待重连...
[2026-07-12 10:50:52] [CAM] 摄像头捕获器已释放
[2026-07-12 10:50:52] [CAM] 摄像头未检测到，等待重连...
[2026-07-12 10:50:52] [CAM] 摄像头捕获器已释放
[2026-07-12 10:50:52] [CAM] 摄像头未检测到，等待重连...
[2026-07-12 10:50:53] [CAM] 摄像头捕获器已释放
[2026-07-12 10:50:53] [CAM] 摄像头未检测到，等待重连...
[2026-07-12 10:50:53] [CAM] 摄像头捕获器已释放
[2026-07-12 10:50:53] [CAM] 摄像头未检测到，等待重连...
[2026-07-12 10:50:54] [CAM] 摄像头捕获器已释放
[2026-07-12 10:50:54] [CAM] 摄像头未检测到，等待重连...
[2026-07-12 10:50:54] [CAM] 摄像头捕获器已释放
[2026-07-12 10:50:54] [CAM] 摄像头未检测到，等待重连...
[2026-07-12 10:50:55] [CAM] 摄像头捕获器已释放
[2026-07-12 10:50:55] [CAM] 摄像头未检测到，等待重连...
[2026-07-12 10:50:55] [CAM] 摄像头捕获器已释放
[2026-07-12 10:50:55] [CAM] 摄像头未检测到，等待重连...
[2026-07-12 10:50:56] [CAM] 摄像头捕获器已释放
[2026-07-12 10:50:56] [CAM] 摄像头未检测到，等待重连...
[2026-07-12 10:50:56] [CAM] 摄像头捕获器已释放
[2026-07-12 10:50:56] [CAM] 摄像头未检测到，等待重连...
[2026-07-12 10:50:57] [CAM] 摄像头捕获器已释放
[2026-07-12 10:50:57] [CAM] 摄像头未检测到，等待重连...
[2026-07-12 10:50:57] [CAM] 摄像头捕获器已释放
[2026-07-12 10:50:57] [CAM] 摄像头未检测到，等待重连...
[2026-07-12 10:50:58] [CAM] 摄像头捕获器已释放
[2026-07-12 10:50:58] [CAM] 摄像头未检测到，等待重连...
[2026-07-12 10:50:58] [CAM] 摄像头捕获器已释放
[2026-07-12 10:50:58] [CAM] 摄像头未检测到，等待重连...
[2026-07-12 10:50:59] [CAM] 摄像头捕获器已释放
[2026-07-12 10:50:59] [CAM] 摄像头未检测到，等待重连...
[2026-07-12 10:50:59] [CAM] 摄像头捕获器已释放
[2026-07-12 10:50:59] [CAM] 摄像头未检测到，等待重连...
[2026-07-12 10:51:00] [CAM] 摄像头捕获器已释放
[2026-07-12 10:51:00] [CAM] 摄像头未检测到，等待重连...
[2026-07-12 10:51:00] [CAM] 摄像头捕获器已释放
[2026-07-12 10:51:00] [CAM] 摄像头未检测到，等待重连...
[2026-07-12 10:51:01] [CAM] 摄像头捕获器已释放
[2026-07-12 10:51:01] [CAM] 摄像头未检测到，等待重连...
[2026-07-12 10:51:01] [CAM] 摄像头捕获器已释放
[2026-07-12 10:51:01] [CAM] 摄像头未检测到，等待重连...
[2026-07-12 10:51:02] [CAM] 摄像头捕获器已释放
[2026-07-12 10:51:02] [CAM] 摄像头未检测到，等待重连...
[2026-07-12 10:51:02] [CAM] 摄像头捕获器已释放
[2026-07-12 10:51:02] [CAM] 摄像头未检测到，等待重连...
[2026-07-12 10:51:03] [CAM] 摄像头捕获器已释放
[2026-07-12 10:51:03] [CAM] 摄像头未检测到，等待重连...
[2026-07-12 10:51:03] [CAM] 摄像头捕获器已释放
[2026-07-12 10:51:03] [CAM] 摄像头未检测到，等待重连...
[2026-07-12 10:51:04] [CAM] 摄像头捕获器已释放
[2026-07-12 10:51:04] [CAM] 摄像头未检测到，等待重连...
[2026-07-12 10:51:04] [CAM] 摄像头捕获器已释放
[2026-07-12 10:51:04] [CAM] 摄像头未检测到，等待重连...
[2026-07-12 10:51:05] [CAM] 摄像头捕获器已释放
[2026-07-12 10:51:05] [CAM] 摄像头未检测到，等待重连...
[2026-07-12 10:51:05] [CAM] 摄像头捕获器已释放
[2026-07-12 10:51:05] [CAM] 摄像头未检测到，等待重连...
[2026-07-12 10:51:06] [CAM] 摄像头捕获器已释放
[2026-07-12 10:51:06] [CAM] 摄像头未检测到，等待重连...
[2026-07-12 10:51:06] [CAM] 摄像头捕获器已释放
[2026-07-12 10:51:06] [CAM] 摄像头未检测到，等待重连...
[2026-07-12 10:51:07] [CAM] 摄像头捕获器已释放
[2026-07-12 10:51:07] [CAM] 摄像头未检测到，等待重连...
[2026-07-12 10:51:07] [CAM] 摄像头捕获器已释放
[2026-07-12 10:51:07] [CAM] 摄像头未检测到，等待重连...
[2026-07-12 10:51:08] [CAM] 摄像头捕获器已释放
[2026-07-12 10:51:08] [CAM] 摄像头未检测到，等待重连...
[2026-07-12 10:51:08] [CAM] 摄像头捕获器已释放
[2026-07-12 10:51:08] [CAM] 摄像头未检测到，等待重连...
[2026-07-12 10:51:09] [CAM] 摄像头捕获器已释放
[2026-07-12 10:51:09] [CAM] 摄像头未检测到，等待重连...
[2026-07-12 10:51:09] [CAM] 摄像头捕获器已释放
[2026-07-12 10:51:09] [CAM] 摄像头未检测到，等待重连...
[2026-07-12 10:51:10] [CAM] 摄像头捕获器已释放
[2026-07-12 10:51:10] [CAM] 摄像头未检测到，等待重连...
[2026-07-12 10:51:10] [CAM] 摄像头捕获器已释放
[2026-07-12 10:51:10] [CAM] 摄像头未检测到，等待重连...
[2026-07-12 10:51:11] [CAM] 摄像头捕获器已释放
[2026-07-12 10:51:11] [CAM] 摄像头未检测到，等待重连...
[2026-07-12 10:51:11] [CAM] 摄像头捕获器已释放
[2026-07-12 10:51:11] [CAM] 摄像头未检测到，等待重连...
[2026-07-12 10:51:12] [CAM] 摄像头捕获器已释放
[2026-07-12 10:51:12] [CAM] 摄像头未检测到，等待重连...
[2026-07-12 10:51:12] [CAM] 摄像头捕获器已释放
[2026-07-12 10:51:12] [CAM] 摄像头未检测到，等待重连...
[2026-07-12 10:51:13] [CAM] 摄像头捕获器已释放
[2026-07-12 10:51:13] [CAM] 摄像头未检测到，等待重连...
[2026-07-12 10:51:13] [CAM] 摄像头捕获器已释放
[2026-07-12 10:51:13] [CAM] 摄像头未检测到，等待重连...
[2026-07-12 10:51:14] [CAM] 摄像头捕获器已释放
[2026-07-12 10:51:14] [CAM] 摄像头未检测到，等待重连...
[2026-07-12 10:51:14] [CAM] 摄像头捕获器已释放
[2026-07-12 10:51:14] [CAM] 摄像头未检测到，等待重连...
[2026-07-12 10:51:15] [CAM] 摄像头捕获器已释放
[2026-07-12 10:51:15] [CAM] 摄像头未检测到，等待重连...
[2026-07-12 10:51:15] [CAM] 摄像头捕获器已释放
[2026-07-12 10:51:15] [CAM] 摄像头未检测到，等待重连...
[2026-07-12 10:51:16] [CAM] 摄像头捕获器已释放
[2026-07-12 10:51:16] [CAM] 摄像头未检测到，等待重连...
[2026-07-12 10:51:16] [CAM] 摄像头捕获器已释放
[2026-07-12 10:51:16] [CAM] 摄像头未检测到，等待重连...
[2026-07-12 10:51:17] [CAM] 摄像头捕获器已释放
[2026-07-12 10:51:17] [CAM] 摄像头未检测到，等待重连...
[2026-07-12 10:51:17] [CAM] 摄像头捕获器已释放
[2026-07-12 10:51:17] [CAM] 摄像头未检测到，等待重连...
[2026-07-12 10:51:18] [CAM] 摄像头捕获器已释放
[2026-07-12 10:51:18] [CAM] 摄像头未检测到，等待重连...
[2026-07-12 10:51:18] [CAM] 摄像头捕获器已释放
[2026-07-12 10:51:18] [CAM] 摄像头未检测到，等待重连...
[2026-07-12 10:51:19] [CAM] 摄像头捕获器已释放
[2026-07-12 10:51:19] [CAM] 摄像头未检测到，等待重连...
[2026-07-12 10:51:19] [CAM] 摄像头捕获器已释放
[2026-07-12 10:51:19] [CAM] 摄像头未检测到，等待重连...
[2026-07-12 10:51:20] [CAM] 摄像头捕获器已释放
[2026-07-12 10:51:20] [CAM] 摄像头未检测到，等待重连...
[2026-07-12 10:51:20] [CAM] 摄像头捕获器已释放
[2026-07-12 10:51:20] [CAM] 摄像头未检测到，等待重连...
[2026-07-12 10:51:21] [CAM] 摄像头捕获器已释放
[2026-07-12 10:51:21] [CAM] 摄像头未检测到，等待重连...
[2026-07-12 10:51:21] [CAM] 摄像头捕获器已释放
[2026-07-12 10:51:21] [CAM] 摄像头未检测到，等待重连...
[2026-07-12 10:51:22] [CAM] 摄像头捕获器已释放
[2026-07-12 10:51:22] [CAM] 摄像头未检测到，等待重连...
[2026-07-12 10:51:22] [CAM] 摄像头捕获器已释放
[2026-07-12 10:51:22] [CAM] 摄像头未检测到，等待重连...
[2026-07-12 10:51:23] [CAM] 摄像头捕获器已释放
[2026-07-12 10:51:23] [CAM] 摄像头未检测到，等待重连...
[2026-07-12 10:51:23] [CAM] 摄像头捕获器已释放
[2026-07-12 10:51:23] [CAM] 摄像头未检测到，等待重连...
[2026-07-12 10:51:24] [CAM] 摄像头捕获器已释放
[2026-07-12 10:51:24] [CAM] 摄像头未检测到，等待重连...
[2026-07-12 10:51:24] [CAM] 摄像头捕获器已释放
[2026-07-12 10:51:24] [CAM] 摄像头未检测到，等待重连...
[2026-07-12 10:51:25] [CAM] 摄像头捕获器已释放
[2026-07-12 10:51:25] [CAM] 摄像头未检测到，等待重连...
[2026-07-12 10:51:25] [CAM] 摄像头捕获器已释放
[2026-07-12 10:51:25] [CAM] 摄像头未检测到，等待重连...
[2026-07-12 10:51:26] [CAM] 摄像头捕获器已释放
[2026-07-12 10:51:26] [CAM] 摄像头未检测到，等待重连...
[2026-07-12 10:51:26] [CAM] 摄像头捕获器已释放
[2026-07-12 10:51:26] [CAM] 摄像头未检测到，等待重连...
[2026-07-12 10:51:27] [CAM] 摄像头捕获器已释放
[2026-07-12 10:51:27] [CAM] 摄像头未检测到，等待重连...
[2026-07-12 10:51:27] [CAM] 摄像头捕获器已释放
[2026-07-12 10:51:27] [CAM] 摄像头未检测到，等待重连...
[2026-07-12 10:51:28] [CAM] 摄像头捕获器已释放
[2026-07-12 10:51:28] [CAM] 摄像头未检测到，等待重连...
[2026-07-12 10:51:28] [CAM] 摄像头捕获器已释放
[2026-07-12 10:51:28] [CAM] 摄像头未检测到，等待重连...
[2026-07-12 10:51:29] [CAM] 摄像头捕获器已释放
[2026-07-12 10:51:29] [CAM] 摄像头未检测到，等待重连...
[2026-07-12 10:51:29] [CAM] 摄像头捕获器已释放
[2026-07-12 10:51:29] [CAM] 摄像头未检测到，等待重连...
[2026-07-12 10:51:30] [CAM] 摄像头捕获器已释放
[2026-07-12 10:51:30] [CAM] 摄像头未检测到，等待重连...
[2026-07-12 10:51:30] [CAM] 摄像头捕获器已释放
[2026-07-12 10:51:30] [CAM] 摄像头未检测到，等待重连...
[2026-07-12 10:51:31] [CAM] 摄像头捕获器已释放
[2026-07-12 10:51:31] [CAM] 摄像头未检测到，等待重连...
[2026-07-12 10:51:31] [CAM] 摄像头捕获器已释放
[2026-07-12 10:51:31] [CAM] 摄像头未检测到，等待重连...
[2026-07-12 10:51:32] [CAM] 摄像头捕获器已释放
[2026-07-12 10:51:32] [CAM] 摄像头未检测到，等待重连...
[2026-07-12 10:51:32] [CAM] 摄像头捕获器已释放
[2026-07-12 10:51:32] [CAM] 摄像头未检测到，等待重连...
[2026-07-12 10:51:33] [CAM] 摄像头捕获器已释放
[2026-07-12 10:51:33] [CAM] 摄像头未检测到，等待重连...
[2026-07-12 10:51:33] [CAM] 摄像头捕获器已释放
[2026-07-12 10:51:33] [CAM] 摄像头未检测到，等待重连...
[2026-07-12 10:51:34] [CAM] 摄像头捕获器已释放
[2026-07-12 10:51:34] [CAM] 摄像头未检测到，等待重连...
[2026-07-12 10:51:34] [CAM] 摄像头捕获器已释放
[2026-07-12 10:51:34] [CAM] 摄像头未检测到，等待重连...
[2026-07-12 10:51:35] [CAM] 摄像头捕获器已释放
[2026-07-12 10:51:35] [CAM] 摄像头未检测到，等待重连...
[2026-07-12 10:51:35] [CAM] 摄像头捕获器已释放
[2026-07-12 10:51:35] [CAM] 摄像头未检测到，等待重连...
[2026-07-12 10:51:36] [CAM] 摄像头捕获器已释放
[2026-07-12 10:51:36] [CAM] 摄像头未检测到，等待重连...
[2026-07-12 10:51:36] [CAM] 摄像头捕获器已释放
[2026-07-12 10:51:36] [CAM] 摄像头未检测到，等待重连...
[2026-07-12 10:51:37] [CAM] 摄像头捕获器已释放
[2026-07-12 10:51:37] [CAM] 摄像头未检测到，等待重连...
[2026-07-12 10:51:37] [CAM] 摄像头捕获器已释放
[2026-07-12 10:51:37] [CAM] 摄像头未检测到，等待重连...
[2026-07-12 10:51:38] [CAM] 摄像头捕获器已释放
[2026-07-12 10:51:38] [CAM] 摄像头未检测到，等待重连...
[2026-07-12 10:51:38] [CAM] 摄像头捕获器已释放
[2026-07-12 10:51:38] [CAM] 摄像头未检测到，等待重连...
[2026-07-12 10:51:39] [CAM] 摄像头捕获器已释放
[2026-07-12 10:51:39] [CAM] 摄像头未检测到，等待重连...
[2026-07-12 10:51:39] [CAM] 摄像头捕获器已释放
[2026-07-12 10:51:39] [CAM] 摄像头未检测到，等待重连...
[2026-07-12 10:51:40] [CAM] 摄像头捕获器已释放
[2026-07-12 10:51:40] [CAM] 摄像头未检测到，等待重连...
[2026-07-12 10:51:40] [CAM] 摄像头捕获器已释放
[2026-07-12 10:51:40] [CAM] 摄像头未检测到，等待重连...
[2026-07-12 10:51:41] [CAM] 摄像头捕获器已释放
[2026-07-12 10:51:41] [CAM] 摄像头未检测到，等待重连...
[2026-07-12 10:51:41] [CAM] 摄像头捕获器已释放
[2026-07-12 10:51:41] [CAM] 摄像头未检测到，等待重连...
[2026-07-12 10:51:42] [CAM] 摄像头捕获器已释放
[2026-07-12 10:51:42] [CAM] 摄像头未检测到，等待重连...
[2026-07-12 10:51:42] [CAM] 摄像头捕获器已释放
[2026-07-12 10:51:42] [CAM] 摄像头未检测到，等待重连...
[2026-07-12 10:51:43] [CAM] 摄像头捕获器已释放
[2026-07-12 10:51:43] [CAM] 摄像头未检测到，等待重连...
[2026-07-12 10:51:43] [CAM] 摄像头捕获器已释放
[2026-07-12 10:51:43] [CAM] 摄像头未检测到，等待重连...
[2026-07-12 10:51:44] [CAM] 摄像头捕获器已释放
[2026-07-12 10:51:44] [CAM] 摄像头未检测到，等待重连...
[2026-07-12 10:51:44] [CAM] 摄像头捕获器已释放
[2026-07-12 10:51:44] [CAM] 摄像头未检测到，等待重连...
[2026-07-12 10:51:45] [CAM] 摄像头捕获器已释放
[2026-07-12 10:51:45] [CAM] 摄像头未检测到，等待重连...
[2026-07-12 10:51:45] [CAM] 摄像头捕获器已释放
[2026-07-12 10:51:45] [CAM] 摄像头未检测到，等待重连...
[2026-07-12 10:51:46] [CAM] 摄像头捕获器已释放
[2026-07-12 10:51:46] [CAM] 摄像头未检测到，等待重连...
[2026-07-12 10:51:46] [CAM] 摄像头捕获器已释放
[2026-07-12 10:51:46] [CAM] 摄像头未检测到，等待重连...
[2026-07-12 10:51:47] [CAM] 摄像头捕获器已释放
[2026-07-12 10:51:47] [CAM] 摄像头未检测到，等待重连...
[2026-07-12 10:51:47] [CAM] 摄像头捕获器已释放
[2026-07-12 10:51:47] [CAM] 摄像头未检测到，等待重连...
[2026-07-12 10:51:48] [CAM] 摄像头捕获器已释放
[2026-07-12 10:51:48] [CAM] 摄像头未检测到，等待重连...
[2026-07-12 10:51:48] [CAM] 摄像头捕获器已释放
[2026-07-12 10:51:48] [CAM] 摄像头未检测到，等待重连...
[2026-07-12 10:51:49] [CAM] 摄像头捕获器已释放
[2026-07-12 10:51:49] [CAM] 摄像头未检测到，等待重连...
[2026-07-12 10:51:49] [CAM] 摄像头捕获器已释放
[2026-07-12 10:51:49] [CAM] 摄像头未检测到，等待重连...
[2026-07-12 10:51:50] [CAM] 摄像头捕获器已释放
[2026-07-12 10:51:50] [CAM] 摄像头未检测到，等待重连...
[2026-07-12 10:51:50] [CAM] 摄像头捕获器已释放
[2026-07-12 10:51:50] [CAM] 摄像头未检测到，等待重连...
[2026-07-12 10:51:51] [CAM] 摄像头捕获器已释放
[2026-07-12 10:51:51] [CAM] 摄像头未检测到，等待重连...
[2026-07-12 10:51:51] [CAM] 摄像头捕获器已释放
[2026-07-12 10:51:51] [CAM] 摄像头未检测到，等待重连...
[2026-07-12 10:51:52] [CAM] 摄像头捕获器已释放
[2026-07-12 10:51:52] [CAM] 摄像头未检测到，等待重连...
[2026-07-12 10:51:52] [CAM] 摄像头捕获器已释放
[2026-07-12 10:51:52] [CAM] 摄像头未检测到，等待重连...
[2026-07-12 10:51:53] [CAM] 摄像头捕获器已释放
[2026-07-12 10:51:53] [CAM] 摄像头未检测到，等待重连...
[2026-07-12 10:51:53] [CAM] 摄像头捕获器已释放
[2026-07-12 10:51:53] [CAM] 摄像头未检测到，等待重连...
[2026-07-12 10:51:54] [CAM] 摄像头捕获器已释放
[2026-07-12 10:51:54] [CAM] 摄像头未检测到，等待重连...
[2026-07-12 10:51:54] [CAM] 摄像头捕获器已释放
[2026-07-12 10:51:54] [CAM] 摄像头未检测到，等待重连...
[2026-07-12 10:51:55] [CAM] 摄像头捕获器已释放
[2026-07-12 10:51:55] [CAM] 摄像头未检测到，等待重连...
[2026-07-12 10:51:55] [CAM] 摄像头捕获器已释放
[2026-07-12 10:51:55] [CAM] 摄像头未检测到，等待重连...
[2026-07-12 10:51:56] [CAM] 摄像头捕获器已释放
[2026-07-12 10:51:56] [CAM] 摄像头未检测到，等待重连...
[2026-07-12 10:51:56] [CAM] 摄像头捕获器已释放
[2026-07-12 10:51:56] [CAM] 摄像头未检测到，等待重连...
[2026-07-12 10:51:57] [CAM] 摄像头捕获器已释放
[2026-07-12 10:51:57] [CAM] 摄像头未检测到，等待重连...
[2026-07-12 10:51:57] [CAM] 摄像头捕获器已释放
[2026-07-12 10:51:57] [CAM] 摄像头未检测到，等待重连...
[2026-07-12 10:51:58] [CAM] 摄像头捕获器已释放
[2026-07-12 10:51:58] [CAM] 摄像头未检测到，等待重连...
[2026-07-12 10:51:58] [CAM] 摄像头捕获器已释放
[2026-07-12 10:51:58] [CAM] 摄像头未检测到，等待重连...
[2026-07-12 10:51:59] [CAM] 摄像头捕获器已释放
[2026-07-12 10:51:59] [CAM] 摄像头未检测到，等待重连...
[2026-07-12 10:51:59] [CAM] 摄像头捕获器已释放
[2026-07-12 10:51:59] [CAM] 摄像头未检测到，等待重连...
[2026-07-12 10:52:00] [CAM] 摄像头捕获器已释放
[2026-07-12 10:52:00] [CAM] 摄像头未检测到，等待重连...
[2026-07-12 10:52:00] [CAM] 摄像头捕获器已释放
[2026-07-12 10:52:00] [CAM] 摄像头未检测到，等待重连...
[2026-07-12 10:52:01] [CAM] 摄像头捕获器已释放
[2026-07-12 10:52:01] [CAM] 摄像头未检测到，等待重连...
[2026-07-12 10:52:01] [CAM] 摄像头捕获器已释放
[2026-07-12 10:52:01] [CAM] 摄像头未检测到，等待重连...
[2026-07-12 10:52:02] [CAM] 摄像头捕获器已释放
[2026-07-12 10:52:02] [CAM] 摄像头未检测到，等待重连...
[2026-07-12 10:52:02] [CAM] 摄像头捕获器已释放
[2026-07-12 10:52:02] [CAM] 摄像头未检测到，等待重连...
[2026-07-12 10:52:03] [CAM] 摄像头捕获器已释放
[2026-07-12 10:52:03] [CAM] 摄像头未检测到，等待重连...
[2026-07-12 10:52:03] [CAM] 摄像头捕获器已释放
[2026-07-12 10:52:03] [CAM] 摄像头未检测到，等待重连...
[2026-07-12 10:52:04] [CAM] 摄像头捕获器已释放
[2026-07-12 10:52:04] [CAM] 摄像头未检测到，等待重连...
[2026-07-12 10:52:04] [CAM] 摄像头捕获器已释放
[2026-07-12 10:52:04] [CAM] 摄像头未检测到，等待重连...
[2026-07-12 10:52:05] [CAM] 摄像头捕获器已释放
[2026-07-12 10:52:05] [CAM] 摄像头未检测到，等待重连...
[2026-07-12 10:52:05] [CAM] 摄像头捕获器已释放
[2026-07-12 10:52:05] [CAM] 摄像头未检测到，等待重连...
[2026-07-12 10:52:06] [CAM] 摄像头捕获器已释放
[2026-07-12 10:52:06] [CAM] 摄像头未检测到，等待重连...
[2026-07-12 10:52:06] [CAM] 摄像头捕获器已释放
[2026-07-12 10:52:06] [CAM] 摄像头未检测到，等待重连...
[2026-07-12 10:52:07] [CAM] 摄像头捕获器已释放
[2026-07-12 10:52:07] [CAM] 摄像头未检测到，等待重连...
[2026-07-12 10:52:07] [CAM] 摄像头捕获器已释放
[2026-07-12 10:52:07] [CAM] 摄像头未检测到，等待重连...
[2026-07-12 10:52:08] [CAM] 摄像头捕获器已释放
[2026-07-12 10:52:08] [CAM] 摄像头未检测到，等待重连...
[2026-07-12 10:52:08] [CAM] 摄像头捕获器已释放
[2026-07-12 10:52:08] [CAM] 摄像头未检测到，等待重连...
[2026-07-12 10:52:09] [CAM] 摄像头捕获器已释放
[2026-07-12 10:52:09] [CAM] 摄像头未检测到，等待重连...
[2026-07-12 10:52:09] [CAM] 摄像头捕获器已释放
[2026-07-12 10:52:09] [CAM] 摄像头未检测到，等待重连...
[2026-07-12 10:52:10] [CAM] 摄像头捕获器已释放
[2026-07-12 10:52:10] [CAM] 摄像头未检测到，等待重连...
[2026-07-12 10:52:10] [CAM] 摄像头捕获器已释放
[2026-07-12 10:52:10] [CAM] 摄像头未检测到，等待重连...
[2026-07-12 10:52:11] [CAM] 摄像头捕获器已释放
[2026-07-12 10:52:11] [CAM] 摄像头未检测到，等待重连...
[2026-07-12 10:52:11] [CAM] 摄像头捕获器已释放
[2026-07-12 10:52:11] [CAM] 摄像头未检测到，等待重连...
[2026-07-12 10:52:12] [CAM] 摄像头捕获器已释放
[2026-07-12 10:52:12] [CAM] 摄像头未检测到，等待重连...
[2026-07-12 10:52:12] [CAM] 摄像头捕获器已释放
[2026-07-12 10:52:12] [CAM] 摄像头未检测到，等待重连...
[2026-07-12 10:52:13] [CAM] 摄像头捕获器已释放
[2026-07-12 10:52:13] [CAM] 摄像头未检测到，等待重连...
[2026-07-12 10:52:13] [CAM] 摄像头捕获器已释放
[2026-07-12 10:52:13] [CAM] 摄像头未检测到，等待重连...
[2026-07-12 10:52:14] [CAM] 摄像头捕获器已释放
[2026-07-12 10:52:14] [CAM] 摄像头未检测到，等待重连...
[2026-07-12 10:52:14] [CAM] 摄像头捕获器已释放
[2026-07-12 10:52:14] [CAM] 摄像头未检测到，等待重连...
[2026-07-12 10:52:15] [CAM] 摄像头捕获器已释放
[2026-07-12 10:52:15] [CAM] 摄像头未检测到，等待重连...
[2026-07-12 10:52:15] [CAM] 摄像头捕获器已释放
[2026-07-12 10:52:15] [CAM] 摄像头未检测到，等待重连...
[2026-07-12 10:52:16] [CAM] 摄像头捕获器已释放
[2026-07-12 10:52:16] [CAM] 摄像头未检测到，等待重连...
[2026-07-12 10:52:16] [CAM] 摄像头捕获器已释放
[2026-07-12 10:52:16] [CAM] 摄像头未检测到，等待重连...
[2026-07-12 10:52:17] [CAM] 摄像头捕获器已释放
[2026-07-12 10:52:17] [CAM] 摄像头未检测到，等待重连...
[2026-07-12 10:52:17] [CAM] 摄像头捕获器已释放
[2026-07-12 10:52:17] [CAM] 摄像头未检测到，等待重连...
[2026-07-12 10:52:18] [CAM] 摄像头捕获器已释放
[2026-07-12 10:52:18] [CAM] 摄像头未检测到，等待重连...
[2026-07-12 10:52:18] [CAM] 摄像头捕获器已释放
[2026-07-12 10:52:18] [CAM] 摄像头未检测到，等待重连...
[2026-07-12 10:52:19] [CAM] 摄像头捕获器已释放
[2026-07-12 10:52:19] [CAM] 摄像头未检测到，等待重连...
[2026-07-12 10:52:19] [CAM] 摄像头捕获器已释放
[2026-07-12 10:52:19] [CAM] 摄像头未检测到，等待重连...
[2026-07-12 10:52:20] [CAM] 摄像头捕获器已释放
[2026-07-12 10:52:20] [CAM] 摄像头未检测到，等待重连...
[2026-07-12 10:52:20] [CAM] 摄像头捕获器已释放
[2026-07-12 10:52:20] [CAM] 摄像头未检测到，等待重连...
[2026-07-12 10:52:21] [CAM] 摄像头捕获器已释放
[2026-07-12 10:52:21] [CAM] 摄像头未检测到，等待重连...
[2026-07-12 10:52:21] [CAM] 摄像头捕获器已释放
[2026-07-12 10:52:21] [CAM] 摄像头未检测到，等待重连...
[2026-07-12 10:52:22] [CAM] 摄像头捕获器已释放
[2026-07-12 10:52:22] [CAM] 摄像头未检测到，等待重连...
[2026-07-12 10:52:22] [CAM] 摄像头捕获器已释放
[2026-07-12 10:52:22] [CAM] 摄像头未检测到，等待重连...
[2026-07-12 10:52:23] [CAM] 摄像头捕获器已释放
[2026-07-12 10:52:23] [CAM] 摄像头未检测到，等待重连...
[2026-07-12 10:52:23] [CAM] 摄像头捕获器已释放
[2026-07-12 10:52:23] [CAM] 摄像头未检测到，等待重连...
[2026-07-12 10:52:24] [CAM] 摄像头捕获器已释放
[2026-07-12 10:52:24] [CAM] 摄像头未检测到，等待重连...
[2026-07-12 10:52:24] [CAM] 摄像头捕获器已释放
[2026-07-12 10:52:24] [CAM] 摄像头未检测到，等待重连...
[2026-07-12 10:52:25] [CAM] 摄像头捕获器已释放
[2026-07-12 10:52:25] [CAM] 摄像头未检测到，等待重连...
[2026-07-12 10:52:25] [CAM] 摄像头捕获器已释放
[2026-07-12 10:52:25] [CAM] 摄像头未检测到，等待重连...
[2026-07-12 10:52:26] [CAM] 摄像头捕获器已释放
[2026-07-12 10:52:26] [CAM] 摄像头未检测到，等待重连...
[2026-07-12 10:52:26] [CAM] 摄像头捕获器已释放
[2026-07-12 10:52:26] [CAM] 摄像头未检测到，等待重连...
[2026-07-12 10:52:27] [CAM] 摄像头捕获器已释放
[2026-07-12 10:52:27] [CAM] 摄像头未检测到，等待重连...
[2026-07-12 10:52:27] [CAM] 摄像头捕获器已释放
[2026-07-12 10:52:27] [CAM] 摄像头未检测到，等待重连...
[2026-07-12 10:52:28] [CAM] 摄像头捕获器已释放
[2026-07-12 10:52:28] [CAM] 摄像头未检测到，等待重连...
[2026-07-12 10:52:28] [CAM] 摄像头捕获器已释放
[2026-07-12 10:52:28] [CAM] 摄像头未检测到，等待重连...
[2026-07-12 10:52:29] [CAM] 摄像头捕获器已释放
[2026-07-12 10:52:29] [CAM] 摄像头未检测到，等待重连...
[2026-07-12 10:52:29] [CAM] 摄像头捕获器已释放
[2026-07-12 10:52:29] [CAM] 摄像头未检测到，等待重连...
[2026-07-12 10:52:30] [CAM] 摄像头捕获器已释放
[2026-07-12 10:52:30] [CAM] 摄像头未检测到，等待重连...
[2026-07-12 10:52:30] [CAM] 摄像头捕获器已释放
[2026-07-12 10:52:30] [CAM] 摄像头未检测到，等待重连...
[2026-07-12 10:52:31] [CAM] 摄像头捕获器已释放
[2026-07-12 10:52:31] [CAM] 摄像头未检测到，等待重连...
[2026-07-12 10:52:31] [CAM] 摄像头捕获器已释放
[2026-07-12 10:52:31] [CAM] 摄像头未检测到，等待重连...
[2026-07-12 10:52:32] [CAM] 摄像头捕获器已释放
[2026-07-12 10:52:32] [CAM] 摄像头未检测到，等待重连...
[2026-07-12 10:52:32] [CAM] 摄像头捕获器已释放
[2026-07-12 10:52:32] [CAM] 摄像头未检测到，等待重连...
[2026-07-12 10:52:33] [CAM] 摄像头捕获器已释放
[2026-07-12 10:52:33] [CAM] 摄像头未检测到，等待重连...
[2026-07-12 10:52:33] [CAM] 摄像头捕获器已释放
[2026-07-12 10:52:33] [CAM] 摄像头未检测到，等待重连...
[2026-07-12 10:52:34] [CAM] 摄像头捕获器已释放
[2026-07-12 10:52:34] [CAM] 摄像头未检测到，等待重连...
[2026-07-12 10:52:34] [CAM] 摄像头捕获器已释放
[2026-07-12 10:52:34] [CAM] 摄像头未检测到，等待重连...
[2026-07-12 10:52:35] [CAM] 摄像头捕获器已释放
[2026-07-12 10:52:35] [CAM] 摄像头未检测到，等待重连...
[2026-07-12 10:52:35] [CAM] 摄像头捕获器已释放
[2026-07-12 10:52:35] [CAM] 摄像头未检测到，等待重连...
[2026-07-12 10:52:36] [CAM] 摄像头捕获器已释放
[2026-07-12 10:52:36] [CAM] 摄像头未检测到，等待重连...
[2026-07-12 10:52:36] [CAM] 摄像头捕获器已释放
[2026-07-12 10:52:36] [CAM] 摄像头未检测到，等待重连...
[2026-07-12 10:52:37] [CAM] 摄像头捕获器已释放
[2026-07-12 10:52:37] [CAM] 摄像头未检测到，等待重连...
[2026-07-12 10:52:37] [CAM] 摄像头捕获器已释放
[2026-07-12 10:52:37] [CAM] 摄像头未检测到，等待重连...
[2026-07-12 10:52:38] [CAM] 摄像头捕获器已释放
[2026-07-12 10:52:38] [CAM] 摄像头未检测到，等待重连...
[2026-07-12 10:52:38] [CAM] 摄像头捕获器已释放
[2026-07-12 10:52:38] [CAM] 摄像头未检测到，等待重连...
[2026-07-12 10:52:39] [CAM] 摄像头捕获器已释放
[2026-07-12 10:52:39] [CAM] 摄像头未检测到，等待重连...
[2026-07-12 10:52:39] [CAM] 摄像头捕获器已释放
[2026-07-12 10:52:39] [CAM] 摄像头未检测到，等待重连...
[2026-07-12 10:52:40] [CAM] 摄像头捕获器已释放
[2026-07-12 10:52:40] [CAM] 摄像头未检测到，等待重连...
[2026-07-12 10:52:40] [CAM] 摄像头捕获器已释放
[2026-07-12 10:52:40] [CAM] 摄像头未检测到，等待重连...
[2026-07-12 10:52:41] [CAM] 摄像头捕获器已释放
[2026-07-12 10:52:41] [CAM] 摄像头未检测到，等待重连...
[2026-07-12 10:52:41] [CAM] 摄像头捕获器已释放
[2026-07-12 10:52:41] [CAM] 摄像头未检测到，等待重连...
[2026-07-12 10:52:42] [CAM] 摄像头捕获器已释放
[2026-07-12 10:52:42] [CAM] 摄像头未检测到，等待重连...
[2026-07-12 10:52:42] [CAM] 摄像头捕获器已释放
[2026-07-12 10:52:42] [CAM] 摄像头未检测到，等待重连...
[2026-07-12 10:52:43] [CAM] 摄像头捕获器已释放
[2026-07-12 10:52:43] [CAM] 摄像头未检测到，等待重连...
[2026-07-12 10:52:43] [CAM] 摄像头捕获器已释放
[2026-07-12 10:52:43] [CAM] 摄像头未检测到，等待重连...
[2026-07-12 10:52:44] [CAM] 摄像头捕获器已释放
[2026-07-12 10:52:44] [CAM] 摄像头未检测到，等待重连...
[2026-07-12 10:52:44] [CAM] 摄像头捕获器已释放
[2026-07-12 10:52:44] [CAM] 摄像头未检测到，等待重连...
[2026-07-12 10:52:45] [CAM] 摄像头捕获器已释放
[2026-07-12 10:52:45] [CAM] 摄像头未检测到，等待重连...
[2026-07-12 10:52:45] [CAM] 摄像头捕获器已释放
[2026-07-12 10:52:45] [CAM] 摄像头未检测到，等待重连...
[2026-07-12 10:52:46] [CAM] 摄像头捕获器已释放
[2026-07-12 10:52:46] [CAM] 摄像头未检测到，等待重连...
[2026-07-12 10:52:46] [CAM] 摄像头捕获器已释放
[2026-07-12 10:52:46] [CAM] 摄像头未检测到，等待重连...
[2026-07-12 10:52:47] [CAM] 摄像头捕获器已释放
[2026-07-12 10:52:47] [CAM] 摄像头未检测到，等待重连...
[2026-07-12 10:52:47] [CAM] 摄像头捕获器已释放
[2026-07-12 10:52:47] [CAM] 摄像头未检测到，等待重连...
[2026-07-12 10:52:48] [CAM] 摄像头捕获器已释放
[2026-07-12 10:52:48] [CAM] 摄像头未检测到，等待重连...
[2026-07-12 10:52:48] [CAM] 摄像头捕获器已释放
[2026-07-12 10:52:48] [CAM] 摄像头未检测到，等待重连...
[2026-07-12 10:52:49] [CAM] 摄像头捕获器已释放
[2026-07-12 10:52:49] [CAM] 摄像头未检测到，等待重连...
[2026-07-12 10:52:49] [CAM] 摄像头捕获器已释放
[2026-07-12 10:52:49] [CAM] 摄像头未检测到，等待重连...
[2026-07-12 10:52:50] [CAM] 摄像头捕获器已释放
[2026-07-12 10:52:50] [CAM] 摄像头未检测到，等待重连...
[2026-07-12 10:52:50] [CAM] 摄像头捕获器已释放
[2026-07-12 10:52:50] [CAM] 摄像头未检测到，等待重连...
[2026-07-12 10:52:51] [CAM] 摄像头捕获器已释放
[2026-07-12 10:52:51] [CAM] 摄像头未检测到，等待重连...
[2026-07-12 10:52:51] [CAM] 摄像头捕获器已释放
[2026-07-12 10:52:51] [CAM] 摄像头未检测到，等待重连...
[2026-07-12 10:52:52] [CAM] 摄像头捕获器已释放
[2026-07-12 10:52:52] [CAM] 摄像头未检测到，等待重连...
[2026-07-12 10:52:52] [CAM] 摄像头捕获器已释放
[2026-07-12 10:52:52] [CAM] 摄像头未检测到，等待重连...
[2026-07-12 10:52:53] [CAM] 摄像头捕获器已释放
[2026-07-12 10:52:53] [CAM] 摄像头未检测到，等待重连...
[2026-07-12 10:52:53] [CAM] 摄像头捕获器已释放
[2026-07-12 10:52:53] [CAM] 摄像头未检测到，等待重连...
[2026-07-12 10:52:54] [CAM] 摄像头捕获器已释放
[2026-07-12 10:52:54] [CAM] 摄像头未检测到，等待重连...
[2026-07-12 10:52:54] [CAM] 摄像头捕获器已释放
[2026-07-12 10:52:54] [CAM] 摄像头未检测到，等待重连...
[2026-07-12 10:52:55] [CAM] 摄像头捕获器已释放
[2026-07-12 10:52:55] [CAM] 摄像头未检测到，等待重连...
[2026-07-12 10:52:55] [CAM] 摄像头捕获器已释放
[2026-07-12 10:52:55] [CAM] 摄像头未检测到，等待重连...
[2026-07-12 10:52:56] [CAM] 摄像头捕获器已释放
[2026-07-12 10:52:56] [CAM] 摄像头未检测到，等待重连...
[2026-07-12 10:52:56] [CAM] 摄像头捕获器已释放
[2026-07-12 10:52:56] [CAM] 摄像头未检测到，等待重连...
[2026-07-12 10:52:57] [CAM] 摄像头捕获器已释放
[2026-07-12 10:52:57] [CAM] 摄像头未检测到，等待重连...
[2026-07-12 10:52:57] [CAM] 摄像头捕获器已释放
[2026-07-12 10:52:57] [CAM] 摄像头未检测到，等待重连...
[2026-07-12 10:52:58] [CAM] 摄像头捕获器已释放
[2026-07-12 10:52:58] [CAM] 摄像头未检测到，等待重连...
[2026-07-12 10:52:58] [CAM] 摄像头捕获器已释放
[2026-07-12 10:52:58] [CAM] 摄像头未检测到，等待重连...
[2026-07-12 10:52:59] [CAM] 摄像头捕获器已释放
[2026-07-12 10:52:59] [CAM] 摄像头未检测到，等待重连...
[2026-07-12 10:52:59] [CAM] 摄像头捕获器已释放
[2026-07-12 10:52:59] [CAM] 摄像头未检测到，等待重连...
[2026-07-12 10:53:00] [CAM] 摄像头捕获器已释放
[2026-07-12 10:53:00] [CAM] 摄像头未检测到，等待重连...
[2026-07-12 10:53:00] [CAM] 摄像头捕获器已释放
[2026-07-12 10:53:00] [CAM] 摄像头未检测到，等待重连...
[2026-07-12 10:53:01] [CAM] 摄像头捕获器已释放
[2026-07-12 10:53:01] [CAM] 摄像头未检测到，等待重连...
[2026-07-12 10:53:01] [CAM] 摄像头捕获器已释放
[2026-07-12 10:53:01] [CAM] 摄像头未检测到，等待重连...
[2026-07-12 10:53:02] [CAM] 摄像头捕获器已释放
[2026-07-12 10:53:02] [CAM] 摄像头未检测到，等待重连...
[2026-07-12 10:53:02] [CAM] 摄像头捕获器已释放
[2026-07-12 10:53:02] [CAM] 摄像头未检测到，等待重连...
[2026-07-12 10:53:03] [CAM] 摄像头捕获器已释放
[2026-07-12 10:53:03] [CAM] 摄像头未检测到，等待重连...
[2026-07-12 10:53:03] [CAM] 摄像头捕获器已释放
[2026-07-12 10:53:03] [CAM] 摄像头未检测到，等待重连...
[2026-07-12 10:53:04] [CAM] 摄像头捕获器已释放
[2026-07-12 10:53:04] [CAM] 摄像头未检测到，等待重连...
[2026-07-12 10:53:04] [CAM] 摄像头捕获器已释放
[2026-07-12 10:53:04] [CAM] 摄像头未检测到，等待重连...
[2026-07-12 10:53:05] [CAM] 摄像头捕获器已释放
[2026-07-12 10:53:05] [CAM] 摄像头未检测到，等待重连...
[2026-07-12 10:53:05] [CAM] 摄像头捕获器已释放
[2026-07-12 10:53:05] [CAM] 摄像头未检测到，等待重连...
[2026-07-12 10:53:06] [CAM] 摄像头捕获器已释放
[2026-07-12 10:53:06] [CAM] 摄像头未检测到，等待重连...
[2026-07-12 10:53:06] [CAM] 摄像头捕获器已释放
[2026-07-12 10:53:06] [CAM] 摄像头未检测到，等待重连...
[2026-07-12 10:53:07] [CAM] 摄像头捕获器已释放
[2026-07-12 10:53:07] [CAM] 摄像头未检测到，等待重连...
[2026-07-12 10:53:07] [CAM] 摄像头捕获器已释放
[2026-07-12 10:53:07] [CAM] 摄像头未检测到，等待重连...
[2026-07-12 10:53:08] [CAM] 摄像头捕获器已释放
[2026-07-12 10:53:08] [CAM] 摄像头未检测到，等待重连...
[2026-07-12 10:53:08] [CAM] 摄像头捕获器已释放
[2026-07-12 10:53:08] [CAM] 摄像头未检测到，等待重连...
[2026-07-12 10:53:09] [CAM] 摄像头捕获器已释放
[2026-07-12 10:53:09] [CAM] 摄像头未检测到，等待重连...
[2026-07-12 10:53:09] [CAM] 摄像头捕获器已释放
[2026-07-12 10:53:09] [CAM] 摄像头未检测到，等待重连...
[2026-07-12 10:53:10] [CAM] 摄像头捕获器已释放
[2026-07-12 10:53:10] [CAM] 摄像头未检测到，等待重连...
[2026-07-12 10:53:10] [CAM] 摄像头捕获器已释放
[2026-07-12 10:53:10] [CAM] 摄像头未检测到，等待重连...
[2026-07-12 10:53:11] [CAM] 摄像头捕获器已释放
[2026-07-12 10:53:11] [CAM] 摄像头未检测到，等待重连...
[2026-07-12 10:53:11] [CAM] 摄像头捕获器已释放
[2026-07-12 10:53:11] [CAM] 摄像头未检测到，等待重连...
[2026-07-12 10:53:12] [CAM] 摄像头捕获器已释放
[2026-07-12 10:53:12] [CAM] 摄像头未检测到，等待重连...
[2026-07-12 10:53:12] [CAM] 摄像头捕获器已释放
[2026-07-12 10:53:12] [CAM] 摄像头未检测到，等待重连...
[2026-07-12 10:53:13] [CAM] 摄像头捕获器已释放
[2026-07-12 10:53:13] [CAM] 摄像头未检测到，等待重连...
[2026-07-12 10:53:13] [CAM] 摄像头捕获器已释放
[2026-07-12 10:53:13] [CAM] 摄像头未检测到，等待重连...
[2026-07-12 10:53:14] [CAM] 摄像头捕获器已释放
[2026-07-12 10:53:14] [CAM] 摄像头未检测到，等待重连...
[2026-07-12 10:53:14] [CAM] 摄像头捕获器已释放
[2026-07-12 10:53:14] [CAM] 摄像头未检测到，等待重连...
[2026-07-12 10:53:15] [CAM] 摄像头捕获器已释放
[2026-07-12 10:53:15] [CAM] 摄像头未检测到，等待重连...
[2026-07-12 10:53:15] [CAM] 摄像头捕获器已释放
[2026-07-12 10:53:15] [CAM] 摄像头未检测到，等待重连...
[2026-07-12 10:53:16] [CAM] 摄像头捕获器已释放
[2026-07-12 10:53:16] [CAM] 摄像头未检测到，等待重连...
[2026-07-12 10:53:16] [CAM] 摄像头捕获器已释放
[2026-07-12 10:53:16] [CAM] 摄像头未检测到，等待重连...
[2026-07-12 10:53:17] [CAM] 摄像头捕获器已释放
[2026-07-12 10:53:17] [CAM] 摄像头未检测到，等待重连...
[2026-07-12 10:53:17] [CAM] 摄像头捕获器已释放
[2026-07-12 10:53:17] [CAM] 摄像头未检测到，等待重连...
[2026-07-12 10:53:18] [CAM] 摄像头捕获器已释放
[2026-07-12 10:53:18] [CAM] 摄像头未检测到，等待重连...
[2026-07-12 10:53:18] [CAM] 摄像头捕获器已释放
[2026-07-12 10:53:18] [CAM] 摄像头未检测到，等待重连...
[2026-07-12 10:53:19] [CAM] 摄像头捕获器已释放
[2026-07-12 10:53:19] [CAM] 摄像头未检测到，等待重连...
[2026-07-12 10:53:19] [CAM] 摄像头捕获器已释放
[2026-07-12 10:53:19] [CAM] 摄像头未检测到，等待重连...
[2026-07-12 10:53:20] [CAM] 摄像头捕获器已释放
[2026-07-12 10:53:20] [CAM] 摄像头未检测到，等待重连...
[2026-07-12 10:53:20] [CAM] 摄像头捕获器已释放
[2026-07-12 10:53:20] [CAM] 摄像头未检测到，等待重连...
[2026-07-12 10:53:21] [CAM] 摄像头捕获器已释放
[2026-07-12 10:53:21] [CAM] 摄像头未检测到，等待重连...
[2026-07-12 10:53:21] [CAM] 摄像头捕获器已释放
[2026-07-12 10:53:21] [CAM] 摄像头未检测到，等待重连...
[2026-07-12 10:53:22] [CAM] 摄像头捕获器已释放
[2026-07-12 10:53:22] [CAM] 摄像头未检测到，等待重连...
[2026-07-12 10:53:22] [CAM] 摄像头捕获器已释放
[2026-07-12 10:53:22] [CAM] 摄像头未检测到，等待重连...
[2026-07-12 10:53:23] [CAM] 摄像头捕获器已释放
[2026-07-12 10:53:23] [CAM] 摄像头未检测到，等待重连...
[2026-07-12 10:53:23] [CAM] 摄像头捕获器已释放
[2026-07-12 10:53:23] [CAM] 摄像头未检测到，等待重连...
[2026-07-12 10:53:24] [CAM] 摄像头捕获器已释放
[2026-07-12 10:53:24] [CAM] 摄像头未检测到，等待重连...
[2026-07-12 10:53:24] [CAM] 摄像头捕获器已释放
[2026-07-12 10:53:24] [CAM] 摄像头未检测到，等待重连...
[2026-07-12 10:53:25] [CAM] 摄像头捕获器已释放
[2026-07-12 10:53:25] [CAM] 摄像头未检测到，等待重连...
[2026-07-12 10:53:25] [CAM] 摄像头捕获器已释放
[2026-07-12 10:53:25] [CAM] 摄像头未检测到，等待重连...
[2026-07-12 10:53:26] [CAM] 摄像头捕获器已释放
[2026-07-12 10:53:26] [CAM] 摄像头未检测到，等待重连...
[2026-07-12 10:53:26] [CAM] 摄像头捕获器已释放
[2026-07-12 10:53:26] [CAM] 摄像头未检测到，等待重连...
[2026-07-12 10:53:27] [CAM] 摄像头捕获器已释放
[2026-07-12 10:53:27] [CAM] 摄像头未检测到，等待重连...
[2026-07-12 10:53:27] [CAM] 摄像头捕获器已释放
[2026-07-12 10:53:27] [CAM] 摄像头未检测到，等待重连...
[2026-07-12 10:53:28] [CAM] 摄像头捕获器已释放
[2026-07-12 10:53:28] [CAM] 摄像头未检测到，等待重连...
[2026-07-12 10:53:28] [CAM] 摄像头捕获器已释放
[2026-07-12 10:53:28] [CAM] 摄像头未检测到，等待重连...
[2026-07-12 10:53:29] [CAM] 摄像头捕获器已释放
[2026-07-12 10:53:29] [CAM] 摄像头未检测到，等待重连...
[2026-07-12 10:53:29] [CAM] 摄像头捕获器已释放
[2026-07-12 10:53:29] [CAM] 摄像头未检测到，等待重连...
[2026-07-12 10:53:30] [CAM] 摄像头捕获器已释放
[2026-07-12 10:53:30] [CAM] 摄像头未检测到，等待重连...
[2026-07-12 10:53:30] [CAM] 摄像头捕获器已释放
[2026-07-12 10:53:30] [CAM] 摄像头未检测到，等待重连...
[2026-07-12 10:53:31] [CAM] 摄像头捕获器已释放
[2026-07-12 10:53:31] [CAM] 摄像头未检测到，等待重连...
[2026-07-12 10:53:31] [CAM] 摄像头捕获器已释放
[2026-07-12 10:53:31] [CAM] 摄像头未检测到，等待重连...
[2026-07-12 10:53:32] [CAM] 摄像头捕获器已释放
[2026-07-12 10:53:32] [CAM] 摄像头未检测到，等待重连...
[2026-07-12 10:53:32] [CAM] 摄像头捕获器已释放
[2026-07-12 10:53:32] [CAM] 摄像头未检测到，等待重连...
[2026-07-12 10:53:33] [CAM] 摄像头捕获器已释放
[2026-07-12 10:53:33] [CAM] 摄像头未检测到，等待重连...
[2026-07-12 10:53:33] [CAM] 摄像头捕获器已释放
[2026-07-12 10:53:33] [CAM] 摄像头未检测到，等待重连...
[2026-07-12 10:53:34] [CAM] 摄像头捕获器已释放
[2026-07-12 10:53:34] [CAM] 摄像头未检测到，等待重连...
[2026-07-12 10:53:34] [CAM] 摄像头捕获器已释放
[2026-07-12 10:53:34] [CAM] 摄像头未检测到，等待重连...
[2026-07-12 10:53:35] [CAM] 摄像头捕获器已释放
[2026-07-12 10:53:35] [CAM] 摄像头未检测到，等待重连...
[2026-07-12 10:53:35] [CAM] 摄像头捕获器已释放
[2026-07-12 10:53:35] [CAM] 摄像头未检测到，等待重连...
[2026-07-12 10:53:36] [CAM] 摄像头捕获器已释放
[2026-07-12 10:53:36] [CAM] 摄像头未检测到，等待重连...
[2026-07-12 10:53:36] [CAM] 摄像头捕获器已释放
[2026-07-12 10:53:36] [CAM] 摄像头未检测到，等待重连...
[2026-07-12 10:53:37] [CAM] 摄像头捕获器已释放
[2026-07-12 10:53:37] [CAM] 摄像头未检测到，等待重连...
[2026-07-12 10:53:37] [CAM] 摄像头捕获器已释放
[2026-07-12 10:53:37] [CAM] 摄像头未检测到，等待重连...
[2026-07-12 10:53:38] [CAM] 摄像头捕获器已释放
[2026-07-12 10:53:38] [CAM] 摄像头未检测到，等待重连...
[2026-07-12 10:53:38] [CAM] 摄像头捕获器已释放
[2026-07-12 10:53:38] [CAM] 摄像头未检测到，等待重连...
[2026-07-12 10:53:39] [CAM] 摄像头捕获器已释放
[2026-07-12 10:53:39] [CAM] 摄像头未检测到，等待重连...
[2026-07-12 10:53:39] [CAM] 摄像头捕获器已释放
[2026-07-12 10:53:39] [CAM] 摄像头未检测到，等待重连...
[2026-07-12 10:53:40] [CAM] 摄像头捕获器已释放
[2026-07-12 10:53:40] [CAM] 摄像头未检测到，等待重连...
[2026-07-12 10:53:40] [CAM] 摄像头捕获器已释放
[2026-07-12 10:53:40] [CAM] 摄像头未检测到，等待重连...
[2026-07-12 10:53:41] [CAM] 摄像头捕获器已释放
[2026-07-12 10:53:41] [CAM] 摄像头未检测到，等待重连...
[2026-07-12 10:53:41] [CAM] 摄像头捕获器已释放
[2026-07-12 10:53:41] [CAM] 摄像头未检测到，等待重连...
[2026-07-12 10:53:42] [CAM] 摄像头捕获器已释放
[2026-07-12 10:53:42] [CAM] 摄像头未检测到，等待重连...
[2026-07-12 10:53:42] [CAM] 摄像头捕获器已释放
[2026-07-12 10:53:42] [CAM] 摄像头未检测到，等待重连...
[2026-07-12 10:53:43] [CAM] 摄像头捕获器已释放
[2026-07-12 10:53:43] [CAM] 摄像头未检测到，等待重连...
[2026-07-12 10:53:43] [CAM] 摄像头捕获器已释放
[2026-07-12 10:53:43] [CAM] 摄像头未检测到，等待重连...
[2026-07-12 10:53:44] [CAM] 摄像头捕获器已释放
[2026-07-12 10:53:44] [CAM] 摄像头未检测到，等待重连...
[2026-07-12 10:53:44] [CAM] 摄像头捕获器已释放
[2026-07-12 10:53:44] [CAM] 摄像头未检测到，等待重连...
[2026-07-12 10:53:45] [CAM] 摄像头捕获器已释放
[2026-07-12 10:53:45] [CAM] 摄像头未检测到，等待重连...
[2026-07-12 10:53:45] [CAM] 摄像头捕获器已释放
[2026-07-12 10:53:45] [CAM] 摄像头未检测到，等待重连...
[2026-07-12 10:53:46] [CAM] 摄像头捕获器已释放
[2026-07-12 10:53:46] [CAM] 摄像头未检测到，等待重连...
[2026-07-12 10:53:46] [CAM] 摄像头捕获器已释放
[2026-07-12 10:53:46] [CAM] 摄像头未检测到，等待重连...
[2026-07-12 10:53:47] [CAM] 摄像头捕获器已释放
[2026-07-12 10:53:47] [CAM] 摄像头未检测到，等待重连...
[2026-07-12 10:53:47] [CAM] 摄像头捕获器已释放
[2026-07-12 10:53:47] [CAM] 摄像头未检测到，等待重连...
[2026-07-12 10:53:48] [CAM] 摄像头捕获器已释放
[2026-07-12 10:53:48] [CAM] 摄像头未检测到，等待重连...
[2026-07-12 10:53:48] [CAM] 摄像头捕获器已释放
[2026-07-12 10:53:48] [CAM] 摄像头未检测到，等待重连...
[2026-07-12 10:53:49] [CAM] 摄像头捕获器已释放
[2026-07-12 10:53:49] [CAM] 摄像头未检测到，等待重连...
[2026-07-12 10:53:49] [CAM] 摄像头捕获器已释放
[2026-07-12 10:53:49] [CAM] 摄像头未检测到，等待重连...
[2026-07-12 10:53:50] [CAM] 摄像头捕获器已释放
[2026-07-12 10:53:50] [CAM] 摄像头未检测到，等待重连...
[2026-07-12 10:53:50] [CAM] 摄像头捕获器已释放
[2026-07-12 10:53:50] [CAM] 摄像头未检测到，等待重连...
[2026-07-12 10:53:51] [CAM] 摄像头捕获器已释放
[2026-07-12 10:53:51] [CAM] 摄像头未检测到，等待重连...
[2026-07-12 10:53:51] [CAM] 摄像头捕获器已释放
[2026-07-12 10:53:51] [CAM] 摄像头未检测到，等待重连...
[2026-07-12 10:53:52] [CAM] 摄像头捕获器已释放
[2026-07-12 10:53:52] [CAM] 摄像头未检测到，等待重连...
[2026-07-12 10:53:52] [CAM] 摄像头捕获器已释放
[2026-07-12 10:53:52] [CAM] 摄像头未检测到，等待重连...
[2026-07-12 10:53:53] [CAM] 摄像头捕获器已释放
[2026-07-12 10:53:53] [CAM] 摄像头未检测到，等待重连...
[2026-07-12 10:53:53] [CAM] 摄像头捕获器已释放
[2026-07-12 10:53:53] [CAM] 摄像头未检测到，等待重连...
[2026-07-12 10:53:54] [CAM] 摄像头捕获器已释放
[2026-07-12 10:53:54] [CAM] 摄像头未检测到，等待重连...
[2026-07-12 10:53:54] [CAM] 摄像头捕获器已释放
[2026-07-12 10:53:54] [CAM] 摄像头未检测到，等待重连...
[2026-07-12 10:53:55] [CAM] 摄像头捕获器已释放
[2026-07-12 10:53:55] [CAM] 摄像头未检测到，等待重连...
[2026-07-12 10:53:55] [CAM] 摄像头捕获器已释放
[2026-07-12 10:53:55] [CAM] 摄像头未检测到，等待重连...
[2026-07-12 10:53:56] [CAM] 摄像头捕获器已释放
[2026-07-12 10:53:56] [CAM] 摄像头未检测到，等待重连...
[2026-07-12 10:53:56] [CAM] 摄像头捕获器已释放
[2026-07-12 10:53:56] [CAM] 摄像头未检测到，等待重连...
[2026-07-12 10:53:57] [CAM] 摄像头捕获器已释放
[2026-07-12 10:53:57] [CAM] 摄像头未检测到，等待重连...
[2026-07-12 10:53:57] [ERROR] 网络断开，无法访问外网
[2026-07-12 10:53:57] [CAM] 摄像头捕获器已释放
[2026-07-12 10:53:57] [CAM] 摄像头未检测到，等待重连...
[2026-07-12 10:53:58] [CAM] 摄像头捕获器已释放
[2026-07-12 10:53:58] [CAM] 摄像头未检测到，等待重连...
[2026-07-12 10:53:58] [NET] 网络已恢复连通
[2026-07-12 10:53:58] [CAM] 摄像头捕获器已释放
[2026-07-12 10:53:58] [CAM] 摄像头未检测到，等待重连...
[2026-07-12 10:53:59] [CAM] 摄像头捕获器已释放
[2026-07-12 10:53:59] [CAM] 摄像头未检测到，等待重连...
[2026-07-12 10:53:59] [CAM] 摄像头捕获器已释放
[2026-07-12 10:53:59] [CAM] 摄像头未检测到，等待重连...
[2026-07-12 10:54:00] [CAM] 摄像头捕获器已释放
[2026-07-12 10:54:00] [CAM] 摄像头未检测到，等待重连...
[2026-07-12 10:54:00] [CAM] 摄像头捕获器已释放
[2026-07-12 10:54:00] [CAM] 摄像头未检测到，等待重连...
[2026-07-12 10:54:01] [CAM] 摄像头捕获器已释放
[2026-07-12 10:54:01] [CAM] 摄像头未检测到，等待重连...
[2026-07-12 10:54:01] [CAM] 摄像头捕获器已释放
[2026-07-12 10:54:01] [CAM] 摄像头未检测到，等待重连...
[2026-07-12 10:54:02] [CAM] 摄像头捕获器已释放
[2026-07-12 10:54:02] [CAM] 摄像头未检测到，等待重连...
[2026-07-12 10:54:02] [CAM] 摄像头捕获器已释放
[2026-07-12 10:54:02] [CAM] 摄像头未检测到，等待重连...
[2026-07-12 10:54:03] [CAM] 摄像头捕获器已释放
[2026-07-12 10:54:03] [CAM] 摄像头未检测到，等待重连...
[2026-07-12 10:54:03] [CAM] 摄像头捕获器已释放
[2026-07-12 10:54:03] [CAM] 摄像头未检测到，等待重连...
[2026-07-12 10:54:04] [CAM] 摄像头捕获器已释放
[2026-07-12 10:54:04] [CAM] 摄像头未检测到，等待重连...
[2026-07-12 10:54:04] [CAM] 摄像头捕获器已释放
[2026-07-12 10:54:04] [CAM] 摄像头未检测到，等待重连...
[2026-07-12 10:54:05] [CAM] 摄像头捕获器已释放
[2026-07-12 10:54:05] [CAM] 摄像头未检测到，等待重连...
[2026-07-12 10:54:05] [CAM] 摄像头捕获器已释放
[2026-07-12 10:54:05] [CAM] 摄像头未检测到，等待重连...
[2026-07-12 10:54:06] [CAM] 摄像头捕获器已释放
[2026-07-12 10:54:06] [CAM] 摄像头未检测到，等待重连...
[2026-07-12 10:54:06] [CAM] 摄像头捕获器已释放
[2026-07-12 10:54:06] [CAM] 摄像头未检测到，等待重连...
[2026-07-12 10:54:07] [CAM] 摄像头捕获器已释放
[2026-07-12 10:54:07] [CAM] 摄像头未检测到，等待重连...
[2026-07-12 10:54:07] [CAM] 摄像头捕获器已释放
[2026-07-12 10:54:07] [CAM] 摄像头未检测到，等待重连...
[2026-07-12 10:54:08] [CAM] 摄像头捕获器已释放
[2026-07-12 10:54:08] [CAM] 摄像头未检测到，等待重连...
[2026-07-12 10:54:08] [CAM] 摄像头捕获器已释放
[2026-07-12 10:54:08] [CAM] 摄像头未检测到，等待重连...
[2026-07-12 10:54:09] [CAM] 摄像头捕获器已释放
[2026-07-12 10:54:09] [CAM] 摄像头未检测到，等待重连...
[2026-07-12 10:54:09] [CAM] 摄像头捕获器已释放
[2026-07-12 10:54:09] [CAM] 摄像头未检测到，等待重连...
[2026-07-12 10:54:10] [CAM] 摄像头捕获器已释放
[2026-07-12 10:54:10] [CAM] 摄像头未检测到，等待重连...
[2026-07-12 10:54:10] [CAM] 摄像头捕获器已释放
[2026-07-12 10:54:10] [CAM] 摄像头未检测到，等待重连...
[2026-07-12 10:54:11] [CAM] 摄像头捕获器已释放
[2026-07-12 10:54:11] [CAM] 摄像头未检测到，等待重连...
[2026-07-12 10:54:11] [CAM] 摄像头捕获器已释放
[2026-07-12 10:54:11] [CAM] 摄像头未检测到，等待重连...
[2026-07-12 10:54:12] [CAM] 摄像头捕获器已释放
[2026-07-12 10:54:12] [CAM] 摄像头未检测到，等待重连...
[2026-07-12 10:54:12] [CAM] 摄像头捕获器已释放
[2026-07-12 10:54:12] [CAM] 摄像头未检测到，等待重连...
[2026-07-12 10:54:13] [CAM] 摄像头捕获器已释放
[2026-07-12 10:54:13] [CAM] 摄像头未检测到，等待重连...
[2026-07-12 10:54:13] [CAM] 摄像头捕获器已释放
[2026-07-12 10:54:13] [CAM] 摄像头未检测到，等待重连...
[2026-07-12 10:54:14] [CAM] 摄像头捕获器已释放
[2026-07-12 10:54:14] [CAM] 摄像头未检测到，等待重连...
[2026-07-12 10:54:14] [CAM] 摄像头捕获器已释放
[2026-07-12 10:54:14] [CAM] 摄像头未检测到，等待重连...
[2026-07-12 10:54:15] [CAM] 摄像头捕获器已释放
[2026-07-12 10:54:15] [CAM] 摄像头未检测到，等待重连...
[2026-07-12 10:54:15] [CAM] 摄像头捕获器已释放
[2026-07-12 10:54:15] [CAM] 摄像头未检测到，等待重连...
[2026-07-12 10:54:16] [CAM] 摄像头捕获器已释放
[2026-07-12 10:54:16] [CAM] 摄像头未检测到，等待重连...
[2026-07-12 10:54:16] [CAM] 摄像头捕获器已释放
[2026-07-12 10:54:16] [CAM] 摄像头未检测到，等待重连...
[2026-07-12 10:54:17] [CAM] 摄像头捕获器已释放
[2026-07-12 10:54:17] [CAM] 摄像头未检测到，等待重连...
[2026-07-12 10:54:17] [CAM] 摄像头捕获器已释放
[2026-07-12 10:54:17] [CAM] 摄像头未检测到，等待重连...
[2026-07-12 10:54:18] [CAM] 摄像头捕获器已释放
[2026-07-12 10:54:18] [CAM] 摄像头未检测到，等待重连...
[2026-07-12 10:54:18] [CAM] 摄像头捕获器已释放
[2026-07-12 10:54:18] [CAM] 摄像头未检测到，等待重连...
[2026-07-12 10:54:19] [CAM] 摄像头捕获器已释放
[2026-07-12 10:54:19] [CAM] 摄像头未检测到，等待重连...
[2026-07-12 10:54:19] [CAM] 摄像头捕获器已释放
[2026-07-12 10:54:19] [CAM] 摄像头未检测到，等待重连...
[2026-07-12 10:54:20] [CAM] 摄像头捕获器已释放
[2026-07-12 10:54:20] [CAM] 摄像头未检测到，等待重连...
[2026-07-12 10:54:20] [CAM] 摄像头捕获器已释放
[2026-07-12 10:54:20] [CAM] 摄像头未检测到，等待重连...
[2026-07-12 10:54:21] [CAM] 摄像头捕获器已释放
[2026-07-12 10:54:21] [CAM] 摄像头未检测到，等待重连...
[2026-07-12 10:54:21] [CAM] 摄像头捕获器已释放
[2026-07-12 10:54:21] [CAM] 摄像头未检测到，等待重连...
[2026-07-12 10:54:22] [CAM] 摄像头捕获器已释放
[2026-07-12 10:54:22] [CAM] 摄像头未检测到，等待重连...
[2026-07-12 10:54:22] [CAM] 摄像头捕获器已释放
[2026-07-12 10:54:22] [CAM] 摄像头未检测到，等待重连...
[2026-07-12 10:54:23] [CAM] 摄像头捕获器已释放
[2026-07-12 10:54:23] [CAM] 摄像头未检测到，等待重连...
[2026-07-12 10:54:23] [CAM] 摄像头捕获器已释放
[2026-07-12 10:54:23] [CAM] 摄像头未检测到，等待重连...
[2026-07-12 10:54:24] [CAM] 摄像头捕获器已释放
[2026-07-12 10:54:24] [CAM] 摄像头未检测到，等待重连...
[2026-07-12 10:54:24] [CAM] 摄像头捕获器已释放
[2026-07-12 10:54:24] [CAM] 摄像头未检测到，等待重连...
[2026-07-12 10:54:25] [CAM] 摄像头捕获器已释放
[2026-07-12 10:54:25] [CAM] 摄像头未检测到，等待重连...
[2026-07-12 10:54:25] [CAM] 摄像头捕获器已释放
[2026-07-12 10:54:25] [CAM] 摄像头未检测到，等待重连...
[2026-07-12 10:54:26] [CAM] 摄像头捕获器已释放
[2026-07-12 10:54:26] [CAM] 摄像头未检测到，等待重连...
[2026-07-12 10:54:26] [CAM] 摄像头捕获器已释放
[2026-07-12 10:54:26] [CAM] 摄像头未检测到，等待重连...
[2026-07-12 10:54:27] [CAM] 摄像头捕获器已释放
[2026-07-12 10:54:27] [CAM] 摄像头未检测到，等待重连...
[2026-07-12 10:54:27] [CAM] 摄像头捕获器已释放
[2026-07-12 10:54:27] [CAM] 摄像头未检测到，等待重连...
[2026-07-12 10:54:28] [CAM] 摄像头捕获器已释放
[2026-07-12 10:54:28] [CAM] 摄像头未检测到，等待重连...
[2026-07-12 10:54:28] [CAM] 摄像头捕获器已释放
[2026-07-12 10:54:28] [CAM] 摄像头未检测到，等待重连...
[2026-07-12 10:54:29] [CAM] 摄像头捕获器已释放
[2026-07-12 10:54:29] [CAM] 摄像头未检测到，等待重连...
[2026-07-12 10:54:29] [CAM] 摄像头捕获器已释放
[2026-07-12 10:54:29] [CAM] 摄像头未检测到，等待重连...
[2026-07-12 10:54:30] [CAM] 摄像头捕获器已释放
[2026-07-12 10:54:30] [CAM] 摄像头未检测到，等待重连...
[2026-07-12 10:54:30] [CAM] 摄像头捕获器已释放
[2026-07-12 10:54:30] [CAM] 摄像头未检测到，等待重连...
[2026-07-12 10:54:31] [CAM] 摄像头捕获器已释放
[2026-07-12 10:54:31] [CAM] 摄像头未检测到，等待重连...
[2026-07-12 10:54:31] [CAM] 摄像头捕获器已释放
[2026-07-12 10:54:31] [CAM] 摄像头未检测到，等待重连...
[2026-07-12 10:54:32] [CAM] 摄像头捕获器已释放
[2026-07-12 10:54:32] [CAM] 摄像头未检测到，等待重连...
[2026-07-12 10:54:32] [CAM] 摄像头捕获器已释放
[2026-07-12 10:54:32] [CAM] 摄像头未检测到，等待重连...
[2026-07-12 10:54:33] [CAM] 摄像头捕获器已释放
[2026-07-12 10:54:33] [CAM] 摄像头未检测到，等待重连...
[2026-07-12 10:54:33] [CAM] 摄像头捕获器已释放
[2026-07-12 10:54:33] [CAM] 摄像头未检测到，等待重连...
[2026-07-12 10:54:34] [CAM] 摄像头捕获器已释放
[2026-07-12 10:54:34] [CAM] 摄像头未检测到，等待重连...
[2026-07-12 10:54:34] [CAM] 摄像头捕获器已释放
[2026-07-12 10:54:34] [CAM] 摄像头未检测到，等待重连...
[2026-07-12 10:54:35] [CAM] 摄像头捕获器已释放
[2026-07-12 10:54:35] [CAM] 摄像头未检测到，等待重连...
[2026-07-12 10:54:35] [CAM] 摄像头捕获器已释放
[2026-07-12 10:54:35] [CAM] 摄像头未检测到，等待重连...
[2026-07-12 10:54:36] [CAM] 摄像头捕获器已释放
[2026-07-12 10:54:36] [CAM] 摄像头未检测到，等待重连...
[2026-07-12 10:54:36] [CAM] 摄像头捕获器已释放
[2026-07-12 10:54:36] [CAM] 摄像头未检测到，等待重连...
[2026-07-12 10:54:37] [CAM] 摄像头捕获器已释放
[2026-07-12 10:54:37] [CAM] 摄像头未检测到，等待重连...
[2026-07-12 10:54:37] [CAM] 摄像头捕获器已释放
[2026-07-12 10:54:37] [CAM] 摄像头未检测到，等待重连...
[2026-07-12 10:54:38] [CAM] 摄像头捕获器已释放
[2026-07-12 10:54:38] [CAM] 摄像头未检测到，等待重连...
[2026-07-12 10:54:38] [CAM] 摄像头捕获器已释放
[2026-07-12 10:54:38] [CAM] 摄像头未检测到，等待重连...
[2026-07-12 10:54:39] [CAM] 摄像头捕获器已释放
[2026-07-12 10:54:39] [CAM] 摄像头未检测到，等待重连...
[2026-07-12 10:54:39] [CAM] 摄像头捕获器已释放
[2026-07-12 10:54:39] [CAM] 摄像头未检测到，等待重连...
[2026-07-12 10:54:40] [CAM] 摄像头捕获器已释放
[2026-07-12 10:54:40] [CAM] 摄像头未检测到，等待重连...
[2026-07-12 10:54:40] [CAM] 摄像头捕获器已释放
[2026-07-12 10:54:40] [CAM] 摄像头未检测到，等待重连...
[2026-07-12 10:54:41] [CAM] 摄像头捕获器已释放
[2026-07-12 10:54:41] [CAM] 摄像头未检测到，等待重连...
[2026-07-12 10:54:41] [CAM] 摄像头捕获器已释放
[2026-07-12 10:54:41] [CAM] 摄像头未检测到，等待重连...
[2026-07-12 10:54:42] [CAM] 摄像头捕获器已释放
[2026-07-12 10:54:42] [CAM] 摄像头未检测到，等待重连...
[2026-07-12 10:54:42] [CAM] 摄像头捕获器已释放
[2026-07-12 10:54:42] [CAM] 摄像头未检测到，等待重连...
[2026-07-12 10:54:43] [CAM] 摄像头捕获器已释放
[2026-07-12 10:54:43] [CAM] 摄像头未检测到，等待重连...
[2026-07-12 10:54:43] [CAM] 摄像头捕获器已释放
[2026-07-12 10:54:43] [CAM] 摄像头未检测到，等待重连...
[2026-07-12 10:54:44] [CAM] 摄像头捕获器已释放
[2026-07-12 10:54:44] [CAM] 摄像头未检测到，等待重连...
[2026-07-12 10:54:44] [CAM] 摄像头捕获器已释放
[2026-07-12 10:54:44] [CAM] 摄像头未检测到，等待重连...
[2026-07-12 10:54:45] [CAM] 摄像头捕获器已释放
[2026-07-12 10:54:45] [CAM] 摄像头未检测到，等待重连...
[2026-07-12 10:54:45] [CAM] 摄像头捕获器已释放
[2026-07-12 10:54:45] [CAM] 摄像头未检测到，等待重连...
[2026-07-12 10:54:46] [CAM] 摄像头捕获器已释放
[2026-07-12 10:54:46] [CAM] 摄像头未检测到，等待重连...
[2026-07-12 10:54:46] [CAM] 摄像头捕获器已释放
[2026-07-12 10:54:46] [CAM] 摄像头未检测到，等待重连...
[2026-07-12 10:54:47] [CAM] 摄像头捕获器已释放
[2026-07-12 10:54:47] [CAM] 摄像头未检测到，等待重连...
[2026-07-12 10:54:47] [CAM] 摄像头捕获器已释放
[2026-07-12 10:54:47] [CAM] 摄像头未检测到，等待重连...
[2026-07-12 10:54:48] [CAM] 摄像头捕获器已释放
[2026-07-12 10:54:48] [CAM] 摄像头未检测到，等待重连...
[2026-07-12 10:54:48] [CAM] 摄像头捕获器已释放
[2026-07-12 10:54:48] [CAM] 摄像头未检测到，等待重连...
[2026-07-12 10:54:49] [CAM] 摄像头捕获器已释放
[2026-07-12 10:54:49] [CAM] 摄像头未检测到，等待重连...
[2026-07-12 10:54:49] [CAM] 摄像头捕获器已释放
[2026-07-12 10:54:49] [CAM] 摄像头未检测到，等待重连...
[2026-07-12 10:54:50] [CAM] 摄像头捕获器已释放
[2026-07-12 10:54:50] [CAM] 摄像头未检测到，等待重连...
[2026-07-12 10:54:50] [CAM] 摄像头捕获器已释放
[2026-07-12 10:54:50] [CAM] 摄像头未检测到，等待重连...
[2026-07-12 10:54:51] [CAM] 摄像头捕获器已释放
[2026-07-12 10:54:51] [CAM] 摄像头未检测到，等待重连...
[2026-07-12 10:54:51] [CAM] 摄像头捕获器已释放
[2026-07-12 10:54:51] [CAM] 摄像头未检测到，等待重连...
[2026-07-12 10:54:52] [CAM] 摄像头捕获器已释放
[2026-07-12 10:54:52] [CAM] 摄像头未检测到，等待重连...
[2026-07-12 10:54:52] [CAM] 摄像头捕获器已释放
[2026-07-12 10:54:52] [CAM] 摄像头未检测到，等待重连...
[2026-07-12 10:54:53] [CAM] 摄像头捕获器已释放
[2026-07-12 10:54:53] [CAM] 摄像头未检测到，等待重连...
[2026-07-12 10:54:53] [CAM] 摄像头捕获器已释放
[2026-07-12 10:54:53] [CAM] 摄像头未检测到，等待重连...
[2026-07-12 10:54:54] [CAM] 摄像头捕获器已释放
[2026-07-12 10:54:54] [CAM] 摄像头未检测到，等待重连...
[2026-07-12 10:54:54] [CAM] 摄像头捕获器已释放
[2026-07-12 10:54:54] [CAM] 摄像头未检测到，等待重连...
[2026-07-12 10:54:55] [CAM] 摄像头捕获器已释放
[2026-07-12 10:54:55] [CAM] 摄像头未检测到，等待重连...
[2026-07-12 10:54:55] [CAM] 摄像头捕获器已释放
[2026-07-12 10:54:55] [CAM] 摄像头未检测到，等待重连...
[2026-07-12 10:54:56] [CAM] 摄像头捕获器已释放
[2026-07-12 10:54:56] [CAM] 摄像头未检测到，等待重连...
[2026-07-12 10:54:56] [CAM] 摄像头捕获器已释放
[2026-07-12 10:54:56] [CAM] 摄像头未检测到，等待重连...
[2026-07-12 10:54:57] [CAM] 摄像头捕获器已释放
[2026-07-12 10:54:57] [CAM] 摄像头未检测到，等待重连...
[2026-07-12 10:54:57] [CAM] 摄像头捕获器已释放
[2026-07-12 10:54:57] [CAM] 摄像头未检测到，等待重连...
[2026-07-12 10:54:58] [CAM] 摄像头捕获器已释放
[2026-07-12 10:54:58] [CAM] 摄像头未检测到，等待重连...
[2026-07-12 10:54:58] [CAM] 摄像头捕获器已释放
[2026-07-12 10:54:58] [CAM] 摄像头未检测到，等待重连...
[2026-07-12 10:54:59] [CAM] 摄像头捕获器已释放
[2026-07-12 10:54:59] [CAM] 摄像头未检测到，等待重连...
[2026-07-12 10:54:59] [CAM] 摄像头捕获器已释放
[2026-07-12 10:54:59] [CAM] 摄像头未检测到，等待重连...
[2026-07-12 10:55:00] [CAM] 摄像头捕获器已释放
[2026-07-12 10:55:00] [CAM] 摄像头未检测到，等待重连...
[2026-07-12 10:55:00] [CAM] 摄像头捕获器已释放
[2026-07-12 10:55:00] [CAM] 摄像头未检测到，等待重连...
[2026-07-12 10:55:01] [CAM] 摄像头捕获器已释放
[2026-07-12 10:55:01] [CAM] 摄像头未检测到，等待重连...
[2026-07-12 10:55:01] [CAM] 摄像头捕获器已释放
[2026-07-12 10:55:01] [CAM] 摄像头未检测到，等待重连...
[2026-07-12 10:55:02] [CAM] 摄像头捕获器已释放
[2026-07-12 10:55:02] [CAM] 摄像头未检测到，等待重连...
[2026-07-12 10:55:02] [CAM] 摄像头捕获器已释放
[2026-07-12 10:55:02] [CAM] 摄像头未检测到，等待重连...
[2026-07-12 10:55:03] [CAM] 摄像头捕获器已释放
[2026-07-12 10:55:03] [CAM] 摄像头未检测到，等待重连...
[2026-07-12 10:55:03] [CAM] 摄像头捕获器已释放
[2026-07-12 10:55:03] [CAM] 摄像头未检测到，等待重连...
[2026-07-12 10:55:04] [CAM] 摄像头捕获器已释放
[2026-07-12 10:55:04] [CAM] 摄像头未检测到，等待重连...
[2026-07-12 10:55:04] [CAM] 摄像头捕获器已释放
[2026-07-12 10:55:04] [CAM] 摄像头未检测到，等待重连...
[2026-07-12 10:55:05] [CAM] 摄像头捕获器已释放
[2026-07-12 10:55:05] [CAM] 摄像头未检测到，等待重连...
[2026-07-12 10:55:05] [CAM] 摄像头捕获器已释放
[2026-07-12 10:55:05] [CAM] 摄像头未检测到，等待重连...
[2026-07-12 10:55:06] [CAM] 摄像头捕获器已释放
[2026-07-12 10:55:06] [CAM] 摄像头未检测到，等待重连...
[2026-07-12 10:55:06] [CAM] 摄像头捕获器已释放
[2026-07-12 10:55:06] [CAM] 摄像头未检测到，等待重连...
[2026-07-12 10:55:07] [CAM] 摄像头捕获器已释放
[2026-07-12 10:55:07] [CAM] 摄像头未检测到，等待重连...
[2026-07-12 10:55:07] [CAM] 摄像头捕获器已释放
[2026-07-12 10:55:07] [CAM] 摄像头未检测到，等待重连...
[2026-07-12 10:55:08] [CAM] 摄像头捕获器已释放
[2026-07-12 10:55:08] [CAM] 摄像头未检测到，等待重连...
[2026-07-12 10:55:08] [CAM] 摄像头捕获器已释放
[2026-07-12 10:55:08] [CAM] 摄像头未检测到，等待重连...
[2026-07-12 10:55:09] [CAM] 摄像头捕获器已释放
[2026-07-12 10:55:09] [CAM] 摄像头未检测到，等待重连...
[2026-07-12 10:55:09] [CAM] 摄像头捕获器已释放
[2026-07-12 10:55:09] [CAM] 摄像头未检测到，等待重连...
[2026-07-12 10:55:10] [CAM] 摄像头捕获器已释放
[2026-07-12 10:55:10] [CAM] 摄像头未检测到，等待重连...
[2026-07-12 10:55:10] [CAM] 摄像头捕获器已释放
[2026-07-12 10:55:10] [CAM] 摄像头未检测到，等待重连...
[2026-07-12 10:55:11] [CAM] 摄像头捕获器已释放
[2026-07-12 10:55:11] [CAM] 摄像头未检测到，等待重连...
[2026-07-12 10:55:11] [CAM] 摄像头捕获器已释放
[2026-07-12 10:55:11] [CAM] 摄像头未检测到，等待重连...
[2026-07-12 10:55:12] [CAM] 摄像头捕获器已释放
[2026-07-12 10:55:12] [CAM] 摄像头未检测到，等待重连...
[2026-07-12 10:55:12] [CAM] 摄像头捕获器已释放
[2026-07-12 10:55:12] [CAM] 摄像头未检测到，等待重连...
[2026-07-12 10:55:13] [CAM] 摄像头捕获器已释放
[2026-07-12 10:55:13] [CAM] 摄像头未检测到，等待重连...
[2026-07-12 10:55:13] [CAM] 摄像头捕获器已释放
[2026-07-12 10:55:13] [CAM] 摄像头未检测到，等待重连...
[2026-07-12 10:55:14] [CAM] 摄像头捕获器已释放
[2026-07-12 10:55:14] [CAM] 摄像头未检测到，等待重连...
[2026-07-12 10:55:14] [CAM] 摄像头捕获器已释放
[2026-07-12 10:55:14] [CAM] 摄像头未检测到，等待重连...
[2026-07-12 10:55:15] [CAM] 摄像头捕获器已释放
[2026-07-12 10:55:15] [CAM] 摄像头未检测到，等待重连...
[2026-07-12 10:55:15] [CAM] 摄像头捕获器已释放
[2026-07-12 10:55:15] [CAM] 摄像头未检测到，等待重连...
[2026-07-12 10:55:16] [CAM] 摄像头捕获器已释放
[2026-07-12 10:55:16] [CAM] 摄像头未检测到，等待重连...
[2026-07-12 10:55:16] [CAM] 摄像头捕获器已释放
[2026-07-12 10:55:16] [CAM] 摄像头未检测到，等待重连...
[2026-07-12 10:55:17] [CAM] 摄像头捕获器已释放
[2026-07-12 10:55:17] [CAM] 摄像头未检测到，等待重连...
[2026-07-12 10:55:17] [CAM] 摄像头捕获器已释放
[2026-07-12 10:55:17] [CAM] 摄像头未检测到，等待重连...
[2026-07-12 10:55:18] [CAM] 摄像头捕获器已释放
[2026-07-12 10:55:18] [CAM] 摄像头未检测到，等待重连...
[2026-07-12 10:55:18] [CAM] 摄像头捕获器已释放
[2026-07-12 10:55:18] [CAM] 摄像头未检测到，等待重连...
[2026-07-12 10:55:19] [CAM] 摄像头捕获器已释放
[2026-07-12 10:55:19] [CAM] 摄像头未检测到，等待重连...
[2026-07-12 10:55:19] [CAM] 摄像头捕获器已释放
[2026-07-12 10:55:19] [CAM] 摄像头未检测到，等待重连...
[2026-07-12 10:55:20] [CAM] 摄像头捕获器已释放
[2026-07-12 10:55:20] [CAM] 摄像头未检测到，等待重连...
[2026-07-12 10:55:20] [CAM] 摄像头捕获器已释放
[2026-07-12 10:55:20] [CAM] 摄像头未检测到，等待重连...
[2026-07-12 10:55:21] [CAM] 摄像头捕获器已释放
[2026-07-12 10:55:21] [CAM] 摄像头未检测到，等待重连...
[2026-07-12 10:55:21] [CAM] 摄像头捕获器已释放
[2026-07-12 10:55:21] [CAM] 摄像头未检测到，等待重连...
[2026-07-12 10:55:22] [CAM] 摄像头捕获器已释放
[2026-07-12 10:55:22] [CAM] 摄像头未检测到，等待重连...
[2026-07-12 10:55:22] [CAM] 摄像头捕获器已释放
[2026-07-12 10:55:22] [CAM] 摄像头未检测到，等待重连...
[2026-07-12 10:55:23] [CAM] 摄像头捕获器已释放
[2026-07-12 10:55:23] [CAM] 摄像头未检测到，等待重连...
[2026-07-12 10:55:23] [CAM] 摄像头捕获器已释放
[2026-07-12 10:55:23] [CAM] 摄像头未检测到，等待重连...
[2026-07-12 10:55:24] [CAM] 摄像头捕获器已释放
[2026-07-12 10:55:24] [CAM] 摄像头未检测到，等待重连...
[2026-07-12 10:55:24] [CAM] 摄像头捕获器已释放
[2026-07-12 10:55:24] [CAM] 摄像头未检测到，等待重连...
[2026-07-12 10:55:25] [CAM] 摄像头捕获器已释放
[2026-07-12 10:55:25] [CAM] 摄像头未检测到，等待重连...
[2026-07-12 10:55:25] [CAM] 摄像头捕获器已释放
[2026-07-12 10:55:25] [CAM] 摄像头未检测到，等待重连...
[2026-07-12 10:55:26] [CAM] 摄像头捕获器已释放
[2026-07-12 10:55:26] [CAM] 摄像头未检测到，等待重连...
[2026-07-12 10:55:26] [CAM] 摄像头捕获器已释放
[2026-07-12 10:55:26] [CAM] 摄像头未检测到，等待重连...
[2026-07-12 10:55:27] [CAM] 摄像头捕获器已释放
[2026-07-12 10:55:27] [CAM] 摄像头未检测到，等待重连...
[2026-07-12 10:55:27] [CAM] 摄像头捕获器已释放
[2026-07-12 10:55:27] [CAM] 摄像头未检测到，等待重连...
[2026-07-12 10:55:28] [CAM] 摄像头捕获器已释放
[2026-07-12 10:55:28] [CAM] 摄像头未检测到，等待重连...
[2026-07-12 10:55:28] [CAM] 摄像头捕获器已释放
[2026-07-12 10:55:28] [CAM] 摄像头未检测到，等待重连...
[2026-07-12 10:55:29] [CAM] 摄像头捕获器已释放
[2026-07-12 10:55:29] [CAM] 摄像头未检测到，等待重连...
[2026-07-12 10:55:29] [CAM] 摄像头捕获器已释放
[2026-07-12 10:55:29] [CAM] 摄像头未检测到，等待重连...
[2026-07-12 10:55:30] [CAM] 摄像头捕获器已释放
[2026-07-12 10:55:30] [CAM] 摄像头未检测到，等待重连...
[2026-07-12 10:55:30] [CAM] 摄像头捕获器已释放
[2026-07-12 10:55:30] [CAM] 摄像头未检测到，等待重连...
[2026-07-12 10:55:31] [CAM] 摄像头捕获器已释放
[2026-07-12 10:55:31] [CAM] 摄像头未检测到，等待重连...
[2026-07-12 10:55:31] [CAM] 摄像头捕获器已释放
[2026-07-12 10:55:31] [CAM] 摄像头未检测到，等待重连...
[2026-07-12 10:55:32] [CAM] 摄像头捕获器已释放
[2026-07-12 10:55:32] [CAM] 摄像头未检测到，等待重连...
[2026-07-12 10:55:32] [CAM] 摄像头捕获器已释放
[2026-07-12 10:55:32] [CAM] 摄像头未检测到，等待重连...
[2026-07-12 10:55:33] [CAM] 摄像头捕获器已释放
[2026-07-12 10:55:33] [CAM] 摄像头未检测到，等待重连...
[2026-07-12 10:55:33] [CAM] 摄像头捕获器已释放
[2026-07-12 10:55:33] [CAM] 摄像头未检测到，等待重连...
[2026-07-12 10:55:34] [CAM] 摄像头捕获器已释放
[2026-07-12 10:55:34] [CAM] 摄像头未检测到，等待重连...
[2026-07-12 10:55:34] [CAM] 摄像头捕获器已释放
[2026-07-12 10:55:34] [CAM] 摄像头未检测到，等待重连...
[2026-07-12 10:55:35] [CAM] 摄像头捕获器已释放
[2026-07-12 10:55:35] [CAM] 摄像头未检测到，等待重连...
[2026-07-12 10:55:35] [CAM] 摄像头捕获器已释放
[2026-07-12 10:55:35] [CAM] 摄像头未检测到，等待重连...
[2026-07-12 10:55:36] [CAM] 摄像头捕获器已释放
[2026-07-12 10:55:36] [CAM] 摄像头未检测到，等待重连...
[2026-07-12 10:55:36] [CAM] 摄像头捕获器已释放
[2026-07-12 10:55:36] [CAM] 摄像头未检测到，等待重连...
[2026-07-12 10:55:37] [CAM] 摄像头捕获器已释放
[2026-07-12 10:55:37] [CAM] 摄像头未检测到，等待重连...
[2026-07-12 10:55:38] [CAM] 摄像头捕获器已释放
[2026-07-12 10:55:38] [CAM] 摄像头未检测到，等待重连...
[2026-07-12 10:55:38] [CAM] 摄像头捕获器已释放
[2026-07-12 10:55:38] [CAM] 摄像头未检测到，等待重连...
[2026-07-12 10:55:39] [CAM] 摄像头捕获器已释放
[2026-07-12 10:55:39] [CAM] 摄像头未检测到，等待重连...
[2026-07-12 10:55:39] [CAM] 摄像头捕获器已释放
[2026-07-12 10:55:39] [CAM] 摄像头未检测到，等待重连...
[2026-07-12 10:55:40] [CAM] 摄像头捕获器已释放
[2026-07-12 10:55:40] [CAM] 摄像头未检测到，等待重连...
[2026-07-12 10:55:40] [CAM] 摄像头捕获器已释放
[2026-07-12 10:55:40] [CAM] 摄像头未检测到，等待重连...
[2026-07-12 10:55:41] [CAM] 摄像头捕获器已释放
[2026-07-12 10:55:41] [CAM] 摄像头未检测到，等待重连...
[2026-07-12 10:55:41] [CAM] 摄像头捕获器已释放
[2026-07-12 10:55:41] [CAM] 摄像头未检测到，等待重连...
[2026-07-12 10:55:42] [CAM] 摄像头捕获器已释放
[2026-07-12 10:55:42] [CAM] 摄像头未检测到，等待重连...
[2026-07-12 10:55:42] [CAM] 摄像头捕获器已释放
[2026-07-12 10:55:42] [CAM] 摄像头未检测到，等待重连...
[2026-07-12 10:55:43] [CAM] 摄像头捕获器已释放
[2026-07-12 10:55:43] [CAM] 摄像头未检测到，等待重连...
[2026-07-12 10:55:43] [CAM] 摄像头捕获器已释放
[2026-07-12 10:55:43] [CAM] 摄像头未检测到，等待重连...
[2026-07-12 10:55:44] [CAM] 摄像头捕获器已释放
[2026-07-12 10:55:44] [CAM] 摄像头未检测到，等待重连...
[2026-07-12 10:55:44] [CAM] 摄像头捕获器已释放
[2026-07-12 10:55:44] [CAM] 摄像头未检测到，等待重连...
[2026-07-12 10:55:45] [CAM] 摄像头捕获器已释放
[2026-07-12 10:55:45] [CAM] 摄像头未检测到，等待重连...
[2026-07-12 10:55:45] [CAM] 摄像头捕获器已释放
[2026-07-12 10:55:45] [CAM] 摄像头未检测到，等待重连...
[2026-07-12 10:55:46] [CAM] 摄像头捕获器已释放
[2026-07-12 10:55:46] [CAM] 摄像头未检测到，等待重连...
[2026-07-12 10:55:46] [CAM] 摄像头捕获器已释放
[2026-07-12 10:55:46] [CAM] 摄像头未检测到，等待重连...
[2026-07-12 10:55:47] [CAM] 摄像头捕获器已释放
[2026-07-12 10:55:47] [CAM] 摄像头未检测到，等待重连...
[2026-07-12 10:55:47] [CAM] 摄像头捕获器已释放
[2026-07-12 10:55:47] [CAM] 摄像头未检测到，等待重连...
[2026-07-12 10:55:48] [CAM] 摄像头捕获器已释放
[2026-07-12 10:55:48] [CAM] 摄像头未检测到，等待重连...
[2026-07-12 10:55:48] [CAM] 摄像头捕获器已释放
[2026-07-12 10:55:48] [CAM] 摄像头未检测到，等待重连...
[2026-07-12 10:55:49] [CAM] 摄像头捕获器已释放
[2026-07-12 10:55:49] [CAM] 摄像头未检测到，等待重连...
[2026-07-12 10:55:49] [CAM] 摄像头捕获器已释放
[2026-07-12 10:55:49] [CAM] 摄像头未检测到，等待重连...
[2026-07-12 10:55:50] [CAM] 摄像头捕获器已释放
[2026-07-12 10:55:50] [CAM] 摄像头未检测到，等待重连...
[2026-07-12 10:55:50] [CAM] 摄像头捕获器已释放
[2026-07-12 10:55:50] [CAM] 摄像头未检测到，等待重连...
[2026-07-12 10:55:51] [CAM] 摄像头捕获器已释放
[2026-07-12 10:55:51] [CAM] 摄像头未检测到，等待重连...
[2026-07-12 10:55:51] [CAM] 摄像头捕获器已释放
[2026-07-12 10:55:51] [CAM] 摄像头未检测到，等待重连...
[2026-07-12 10:55:52] [CAM] 摄像头捕获器已释放
[2026-07-12 10:55:52] [CAM] 摄像头未检测到，等待重连...
[2026-07-12 10:55:52] [CAM] 摄像头捕获器已释放
[2026-07-12 10:55:52] [CAM] 摄像头未检测到，等待重连...
[2026-07-12 10:55:53] [CAM] 摄像头捕获器已释放
[2026-07-12 10:55:53] [CAM] 摄像头未检测到，等待重连...
[2026-07-12 10:55:53] [CAM] 摄像头捕获器已释放
[2026-07-12 10:55:53] [CAM] 摄像头未检测到，等待重连...
[2026-07-12 10:55:54] [CAM] 摄像头捕获器已释放
[2026-07-12 10:55:54] [CAM] 摄像头未检测到，等待重连...
[2026-07-12 10:55:54] [CAM] 摄像头捕获器已释放
[2026-07-12 10:55:54] [CAM] 摄像头未检测到，等待重连...
[2026-07-12 10:55:55] [CAM] 摄像头捕获器已释放
[2026-07-12 10:55:55] [CAM] 摄像头未检测到，等待重连...
[2026-07-12 10:55:55] [CAM] 摄像头捕获器已释放
[2026-07-12 10:55:55] [CAM] 摄像头未检测到，等待重连...
[2026-07-12 10:55:56] [CAM] 摄像头捕获器已释放
[2026-07-12 10:55:56] [CAM] 摄像头未检测到，等待重连...
[2026-07-12 10:55:56] [CAM] 摄像头捕获器已释放
[2026-07-12 10:55:56] [CAM] 摄像头未检测到，等待重连...
[2026-07-12 10:55:57] [CAM] 摄像头捕获器已释放
[2026-07-12 10:55:57] [CAM] 摄像头未检测到，等待重连...
[2026-07-12 10:55:57] [ERROR] 网络断开，无法访问外网
[2026-07-12 10:55:57] [CAM] 摄像头捕获器已释放
[2026-07-12 10:55:57] [CAM] 摄像头未检测到，等待重连...
[2026-07-12 10:55:58] [CAM] 摄像头捕获器已释放
[2026-07-12 10:55:58] [CAM] 摄像头未检测到，等待重连...
[2026-07-12 10:55:58] [CAM] 摄像头捕获器已释放
[2026-07-12 10:55:58] [CAM] 摄像头未检测到，等待重连...
[2026-07-12 10:55:58] [NET] 网络已恢复连通
[2026-07-12 10:55:59] [CAM] 摄像头捕获器已释放
[2026-07-12 10:55:59] [CAM] 摄像头未检测到，等待重连...
[2026-07-12 10:55:59] [CAM] 摄像头捕获器已释放
[2026-07-12 10:55:59] [CAM] 摄像头未检测到，等待重连...
[2026-07-12 10:56:00] [CAM] 摄像头捕获器已释放
[2026-07-12 10:56:00] [CAM] 摄像头未检测到，等待重连...
[2026-07-12 10:56:00] [CAM] 摄像头捕获器已释放
[2026-07-12 10:56:00] [CAM] 摄像头未检测到，等待重连...
[2026-07-12 10:56:01] [CAM] 摄像头捕获器已释放
[2026-07-12 10:56:01] [CAM] 摄像头未检测到，等待重连...
[2026-07-12 10:56:01] [CAM] 摄像头捕获器已释放
[2026-07-12 10:56:01] [CAM] 摄像头未检测到，等待重连...
[2026-07-12 10:56:02] [CAM] 摄像头捕获器已释放
[2026-07-12 10:56:02] [CAM] 摄像头未检测到，等待重连...
[2026-07-12 10:56:02] [CAM] 摄像头捕获器已释放
[2026-07-12 10:56:02] [CAM] 摄像头未检测到，等待重连...
[2026-07-12 10:56:03] [CAM] 摄像头捕获器已释放
[2026-07-12 10:56:03] [CAM] 摄像头未检测到，等待重连...
[2026-07-12 10:56:03] [CAM] 摄像头捕获器已释放
[2026-07-12 10:56:03] [CAM] 摄像头未检测到，等待重连...
[2026-07-12 10:56:04] [CAM] 摄像头捕获器已释放
[2026-07-12 10:56:04] [CAM] 摄像头未检测到，等待重连...
[2026-07-12 10:56:04] [CAM] 摄像头捕获器已释放
[2026-07-12 10:56:04] [CAM] 摄像头未检测到，等待重连...
[2026-07-12 10:56:05] [CAM] 摄像头捕获器已释放
[2026-07-12 10:56:05] [CAM] 摄像头未检测到，等待重连...
[2026-07-12 10:56:05] [CAM] 摄像头捕获器已释放
[2026-07-12 10:56:05] [CAM] 摄像头未检测到，等待重连...
[2026-07-12 10:56:06] [CAM] 摄像头捕获器已释放
[2026-07-12 10:56:06] [CAM] 摄像头未检测到，等待重连...
[2026-07-12 10:56:06] [CAM] 摄像头捕获器已释放
[2026-07-12 10:56:06] [CAM] 摄像头未检测到，等待重连...
[2026-07-12 10:56:07] [CAM] 摄像头捕获器已释放
[2026-07-12 10:56:07] [CAM] 摄像头未检测到，等待重连...
[2026-07-12 10:56:07] [CAM] 摄像头捕获器已释放
[2026-07-12 10:56:07] [CAM] 摄像头未检测到，等待重连...
[2026-07-12 10:56:08] [CAM] 摄像头捕获器已释放
[2026-07-12 10:56:08] [CAM] 摄像头未检测到，等待重连...
[2026-07-12 10:56:08] [CAM] 摄像头捕获器已释放
[2026-07-12 10:56:08] [CAM] 摄像头未检测到，等待重连...
[2026-07-12 10:56:09] [CAM] 摄像头捕获器已释放
[2026-07-12 10:56:09] [CAM] 摄像头未检测到，等待重连...
[2026-07-12 10:56:09] [CAM] 摄像头捕获器已释放
[2026-07-12 10:56:09] [CAM] 摄像头未检测到，等待重连...
[2026-07-12 10:56:10] [CAM] 摄像头捕获器已释放
[2026-07-12 10:56:10] [CAM] 摄像头未检测到，等待重连...
[2026-07-12 10:56:10] [CAM] 摄像头捕获器已释放
[2026-07-12 10:56:10] [CAM] 摄像头未检测到，等待重连...
[2026-07-12 10:56:11] [CAM] 摄像头捕获器已释放
[2026-07-12 10:56:11] [CAM] 摄像头未检测到，等待重连...
[2026-07-12 10:56:11] [CAM] 摄像头捕获器已释放
[2026-07-12 10:56:11] [CAM] 摄像头未检测到，等待重连...
[2026-07-12 10:56:12] [CAM] 摄像头捕获器已释放
[2026-07-12 10:56:12] [CAM] 摄像头未检测到，等待重连...
[2026-07-12 10:56:12] [CAM] 摄像头捕获器已释放
[2026-07-12 10:56:12] [CAM] 摄像头未检测到，等待重连...
[2026-07-12 10:56:13] [CAM] 摄像头捕获器已释放
[2026-07-12 10:56:13] [CAM] 摄像头未检测到，等待重连...
[2026-07-12 10:56:13] [CAM] 摄像头捕获器已释放
[2026-07-12 10:56:13] [CAM] 摄像头未检测到，等待重连...
[2026-07-12 10:56:14] [CAM] 摄像头捕获器已释放
[2026-07-12 10:56:14] [CAM] 摄像头未检测到，等待重连...
[2026-07-12 10:56:14] [CAM] 摄像头捕获器已释放
[2026-07-12 10:56:14] [CAM] 摄像头未检测到，等待重连...
[2026-07-12 10:56:15] [CAM] 摄像头捕获器已释放
[2026-07-12 10:56:15] [CAM] 摄像头未检测到，等待重连...
[2026-07-12 10:56:15] [CAM] 摄像头捕获器已释放
[2026-07-12 10:56:15] [CAM] 摄像头未检测到，等待重连...
[2026-07-12 10:56:16] [CAM] 摄像头捕获器已释放
[2026-07-12 10:56:16] [CAM] 摄像头未检测到，等待重连...
[2026-07-12 10:56:16] [CAM] 摄像头捕获器已释放
[2026-07-12 10:56:16] [CAM] 摄像头未检测到，等待重连...
[2026-07-12 10:56:17] [CAM] 摄像头捕获器已释放
[2026-07-12 10:56:17] [CAM] 摄像头未检测到，等待重连...
[2026-07-12 10:56:17] [CAM] 摄像头捕获器已释放
[2026-07-12 10:56:17] [CAM] 摄像头未检测到，等待重连...
[2026-07-12 10:56:18] [CAM] 摄像头捕获器已释放
[2026-07-12 10:56:18] [CAM] 摄像头未检测到，等待重连...
[2026-07-12 10:56:18] [CAM] 摄像头捕获器已释放
[2026-07-12 10:56:18] [CAM] 摄像头未检测到，等待重连...
[2026-07-12 10:56:19] [CAM] 摄像头捕获器已释放
[2026-07-12 10:56:19] [CAM] 摄像头未检测到，等待重连...
[2026-07-12 10:56:19] [CAM] 摄像头捕获器已释放
[2026-07-12 10:56:19] [CAM] 摄像头未检测到，等待重连...
[2026-07-12 10:56:20] [CAM] 摄像头捕获器已释放
[2026-07-12 10:56:20] [CAM] 摄像头未检测到，等待重连...
[2026-07-12 10:56:20] [CAM] 摄像头捕获器已释放
[2026-07-12 10:56:20] [CAM] 摄像头未检测到，等待重连...
[2026-07-12 10:56:21] [CAM] 摄像头捕获器已释放
[2026-07-12 10:56:21] [CAM] 摄像头未检测到，等待重连...
[2026-07-12 10:56:21] [CAM] 摄像头捕获器已释放
[2026-07-12 10:56:21] [CAM] 摄像头未检测到，等待重连...
[2026-07-12 10:56:22] [CAM] 摄像头捕获器已释放
[2026-07-12 10:56:22] [CAM] 摄像头未检测到，等待重连...
[2026-07-12 10:56:22] [CAM] 摄像头捕获器已释放
[2026-07-12 10:56:22] [CAM] 摄像头未检测到，等待重连...
[2026-07-12 10:56:23] [CAM] 摄像头捕获器已释放
[2026-07-12 10:56:23] [CAM] 摄像头未检测到，等待重连...
[2026-07-12 10:56:23] [CAM] 摄像头捕获器已释放
[2026-07-12 10:56:23] [CAM] 摄像头未检测到，等待重连...
[2026-07-12 10:56:24] [CAM] 摄像头捕获器已释放
[2026-07-12 10:56:24] [CAM] 摄像头未检测到，等待重连...
[2026-07-12 10:56:24] [CAM] 摄像头捕获器已释放
[2026-07-12 10:56:24] [CAM] 摄像头未检测到，等待重连...
[2026-07-12 10:56:25] [CAM] 摄像头捕获器已释放
[2026-07-12 10:56:25] [CAM] 摄像头未检测到，等待重连...
[2026-07-12 10:56:25] [CAM] 摄像头捕获器已释放
[2026-07-12 10:56:25] [CAM] 摄像头未检测到，等待重连...
[2026-07-12 10:56:26] [CAM] 摄像头捕获器已释放
[2026-07-12 10:56:26] [CAM] 摄像头未检测到，等待重连...
[2026-07-12 10:56:26] [CAM] 摄像头捕获器已释放
[2026-07-12 10:56:26] [CAM] 摄像头未检测到，等待重连...
[2026-07-12 10:56:27] [CAM] 摄像头捕获器已释放
[2026-07-12 10:56:27] [CAM] 摄像头未检测到，等待重连...
[2026-07-12 10:56:27] [CAM] 摄像头捕获器已释放
[2026-07-12 10:56:27] [CAM] 摄像头未检测到，等待重连...
[2026-07-12 10:56:28] [CAM] 摄像头捕获器已释放
[2026-07-12 10:56:28] [CAM] 摄像头未检测到，等待重连...
[2026-07-12 10:56:28] [CAM] 摄像头捕获器已释放
[2026-07-12 10:56:28] [CAM] 摄像头未检测到，等待重连...
[2026-07-12 10:56:29] [CAM] 摄像头捕获器已释放
[2026-07-12 10:56:29] [CAM] 摄像头未检测到，等待重连...
[2026-07-12 10:56:29] [CAM] 摄像头捕获器已释放
[2026-07-12 10:56:29] [CAM] 摄像头未检测到，等待重连...
[2026-07-12 10:56:30] [CAM] 摄像头捕获器已释放
[2026-07-12 10:56:30] [CAM] 摄像头未检测到，等待重连...
[2026-07-12 10:56:30] [CAM] 摄像头捕获器已释放
[2026-07-12 10:56:30] [CAM] 摄像头未检测到，等待重连...
[2026-07-12 10:56:31] [CAM] 摄像头捕获器已释放
[2026-07-12 10:56:31] [CAM] 摄像头未检测到，等待重连...
[2026-07-12 10:56:31] [CAM] 摄像头捕获器已释放
[2026-07-12 10:56:31] [CAM] 摄像头未检测到，等待重连...
[2026-07-12 10:56:32] [CAM] 摄像头捕获器已释放
[2026-07-12 10:56:32] [CAM] 摄像头未检测到，等待重连...
[2026-07-12 10:56:32] [CAM] 摄像头捕获器已释放
[2026-07-12 10:56:32] [CAM] 摄像头未检测到，等待重连...
[2026-07-12 10:56:33] [CAM] 摄像头捕获器已释放
[2026-07-12 10:56:33] [CAM] 摄像头未检测到，等待重连...
[2026-07-12 10:56:33] [CAM] 摄像头捕获器已释放
[2026-07-12 10:56:33] [CAM] 摄像头未检测到，等待重连...
[2026-07-12 10:56:34] [CAM] 摄像头捕获器已释放
[2026-07-12 10:56:34] [CAM] 摄像头未检测到，等待重连...
[2026-07-12 10:56:34] [CAM] 摄像头捕获器已释放
[2026-07-12 10:56:34] [CAM] 摄像头未检测到，等待重连...
[2026-07-12 10:56:35] [CAM] 摄像头捕获器已释放
[2026-07-12 10:56:35] [CAM] 摄像头未检测到，等待重连...
[2026-07-12 10:56:35] [CAM] 摄像头捕获器已释放
[2026-07-12 10:56:35] [CAM] 摄像头未检测到，等待重连...
[2026-07-12 10:56:36] [CAM] 摄像头捕获器已释放
[2026-07-12 10:56:36] [CAM] 摄像头未检测到，等待重连...
[2026-07-12 10:56:36] [CAM] 摄像头捕获器已释放
[2026-07-12 10:56:36] [CAM] 摄像头未检测到，等待重连...
[2026-07-12 10:56:37] [CAM] 摄像头捕获器已释放
[2026-07-12 10:56:37] [CAM] 摄像头未检测到，等待重连...
[2026-07-12 10:56:37] [CAM] 摄像头捕获器已释放
[2026-07-12 10:56:37] [CAM] 摄像头未检测到，等待重连...
[2026-07-12 10:56:38] [CAM] 摄像头捕获器已释放
[2026-07-12 10:56:38] [CAM] 摄像头未检测到，等待重连...
[2026-07-12 10:56:38] [CAM] 摄像头捕获器已释放
[2026-07-12 10:56:38] [CAM] 摄像头未检测到，等待重连...
[2026-07-12 10:56:39] [CAM] 摄像头捕获器已释放
[2026-07-12 10:56:39] [CAM] 摄像头未检测到，等待重连...
[2026-07-12 10:56:39] [CAM] 摄像头捕获器已释放
[2026-07-12 10:56:39] [CAM] 摄像头未检测到，等待重连...
[2026-07-12 10:56:40] [CAM] 摄像头捕获器已释放
[2026-07-12 10:56:40] [CAM] 摄像头未检测到，等待重连...
[2026-07-12 10:56:40] [CAM] 摄像头捕获器已释放
[2026-07-12 10:56:40] [CAM] 摄像头未检测到，等待重连...
[2026-07-12 10:56:41] [CAM] 摄像头捕获器已释放
[2026-07-12 10:56:41] [CAM] 摄像头未检测到，等待重连...
[2026-07-12 10:56:41] [CAM] 摄像头捕获器已释放
[2026-07-12 10:56:41] [CAM] 摄像头未检测到，等待重连...
[2026-07-12 10:56:42] [CAM] 摄像头捕获器已释放
[2026-07-12 10:56:42] [CAM] 摄像头未检测到，等待重连...
[2026-07-12 10:56:42] [CAM] 摄像头捕获器已释放
[2026-07-12 10:56:42] [CAM] 摄像头未检测到，等待重连...
[2026-07-12 10:56:43] [CAM] 摄像头捕获器已释放
[2026-07-12 10:56:43] [CAM] 摄像头未检测到，等待重连...
[2026-07-12 10:56:43] [CAM] 摄像头捕获器已释放
[2026-07-12 10:56:43] [CAM] 摄像头未检测到，等待重连...
[2026-07-12 10:56:44] [CAM] 摄像头捕获器已释放
[2026-07-12 10:56:44] [CAM] 摄像头未检测到，等待重连...
[2026-07-12 10:56:44] [CAM] 摄像头捕获器已释放
[2026-07-12 10:56:44] [CAM] 摄像头未检测到，等待重连...
[2026-07-12 10:56:45] [CAM] 摄像头捕获器已释放
[2026-07-12 10:56:45] [CAM] 摄像头未检测到，等待重连...
[2026-07-12 10:56:45] [CAM] 摄像头捕获器已释放
[2026-07-12 10:56:45] [CAM] 摄像头未检测到，等待重连...
[2026-07-12 10:56:46] [CAM] 摄像头捕获器已释放
[2026-07-12 10:56:46] [CAM] 摄像头未检测到，等待重连...
[2026-07-12 10:56:46] [CAM] 摄像头捕获器已释放
[2026-07-12 10:56:46] [CAM] 摄像头未检测到，等待重连...
[2026-07-12 10:56:47] [CAM] 摄像头捕获器已释放
[2026-07-12 10:56:47] [CAM] 摄像头未检测到，等待重连...
[2026-07-12 10:56:47] [CAM] 摄像头捕获器已释放
[2026-07-12 10:56:47] [CAM] 摄像头未检测到，等待重连...
[2026-07-12 10:56:48] [CAM] 摄像头捕获器已释放
[2026-07-12 10:56:48] [CAM] 摄像头未检测到，等待重连...
[2026-07-12 10:56:48] [CAM] 摄像头捕获器已释放
[2026-07-12 10:56:48] [CAM] 摄像头未检测到，等待重连...
[2026-07-12 10:56:49] [CAM] 摄像头捕获器已释放
[2026-07-12 10:56:49] [CAM] 摄像头未检测到，等待重连...
[2026-07-12 10:56:49] [CAM] 摄像头捕获器已释放
[2026-07-12 10:56:49] [CAM] 摄像头未检测到，等待重连...
[2026-07-12 10:56:50] [CAM] 摄像头捕获器已释放
[2026-07-12 10:56:50] [CAM] 摄像头未检测到，等待重连...
[2026-07-12 10:56:50] [CAM] 摄像头捕获器已释放
[2026-07-12 10:56:50] [CAM] 摄像头未检测到，等待重连...
[2026-07-12 10:56:51] [CAM] 摄像头捕获器已释放
[2026-07-12 10:56:51] [CAM] 摄像头未检测到，等待重连...
[2026-07-12 10:56:51] [CAM] 摄像头捕获器已释放
[2026-07-12 10:56:51] [CAM] 摄像头未检测到，等待重连...
[2026-07-12 10:56:52] [CAM] 摄像头捕获器已释放
[2026-07-12 10:56:52] [CAM] 摄像头未检测到，等待重连...
[2026-07-12 10:56:52] [CAM] 摄像头捕获器已释放
[2026-07-12 10:56:52] [CAM] 摄像头未检测到，等待重连...
[2026-07-12 10:56:53] [CAM] 摄像头捕获器已释放
[2026-07-12 10:56:53] [CAM] 摄像头未检测到，等待重连...
[2026-07-12 10:56:53] [CAM] 摄像头捕获器已释放
[2026-07-12 10:56:53] [CAM] 摄像头未检测到，等待重连...
[2026-07-12 10:56:54] [CAM] 摄像头捕获器已释放
[2026-07-12 10:56:54] [CAM] 摄像头未检测到，等待重连...
[2026-07-12 10:56:54] [CAM] 摄像头捕获器已释放
[2026-07-12 10:56:54] [CAM] 摄像头未检测到，等待重连...
[2026-07-12 10:56:55] [CAM] 摄像头捕获器已释放
[2026-07-12 10:56:55] [CAM] 摄像头未检测到，等待重连...
[2026-07-12 10:56:55] [CAM] 摄像头捕获器已释放
[2026-07-12 10:56:55] [CAM] 摄像头未检测到，等待重连...
[2026-07-12 10:56:56] [CAM] 摄像头捕获器已释放
[2026-07-12 10:56:56] [CAM] 摄像头未检测到，等待重连...
[2026-07-12 10:56:56] [CAM] 摄像头捕获器已释放
[2026-07-12 10:56:56] [CAM] 摄像头未检测到，等待重连...
[2026-07-12 10:56:57] [CAM] 摄像头捕获器已释放
[2026-07-12 10:56:57] [CAM] 摄像头未检测到，等待重连...
[2026-07-12 10:56:57] [CAM] 摄像头捕获器已释放
[2026-07-12 10:56:57] [CAM] 摄像头未检测到，等待重连...
[2026-07-12 10:56:58] [CAM] 摄像头捕获器已释放
[2026-07-12 10:56:58] [CAM] 摄像头未检测到，等待重连...
[2026-07-12 10:56:58] [CAM] 摄像头捕获器已释放
[2026-07-12 10:56:58] [CAM] 摄像头未检测到，等待重连...
[2026-07-12 10:56:59] [CAM] 摄像头捕获器已释放
[2026-07-12 10:56:59] [CAM] 摄像头未检测到，等待重连...
[2026-07-12 10:56:59] [CAM] 摄像头捕获器已释放
[2026-07-12 10:56:59] [CAM] 摄像头未检测到，等待重连...
[2026-07-12 10:57:00] [CAM] 摄像头捕获器已释放
[2026-07-12 10:57:00] [CAM] 摄像头未检测到，等待重连...
[2026-07-12 10:57:00] [CAM] 摄像头捕获器已释放
[2026-07-12 10:57:00] [CAM] 摄像头未检测到，等待重连...
[2026-07-12 10:57:01] [CAM] 摄像头捕获器已释放
[2026-07-12 10:57:01] [CAM] 摄像头未检测到，等待重连...
[2026-07-12 10:57:01] [CAM] 摄像头捕获器已释放
[2026-07-12 10:57:01] [CAM] 摄像头未检测到，等待重连...
[2026-07-12 10:57:02] [CAM] 摄像头捕获器已释放
[2026-07-12 10:57:02] [CAM] 摄像头未检测到，等待重连...
[2026-07-12 10:57:02] [CAM] 摄像头捕获器已释放
[2026-07-12 10:57:02] [CAM] 摄像头未检测到，等待重连...
[2026-07-12 10:57:03] [CAM] 摄像头捕获器已释放
[2026-07-12 10:57:03] [CAM] 摄像头未检测到，等待重连...
[2026-07-12 10:57:03] [CAM] 摄像头捕获器已释放
[2026-07-12 10:57:03] [CAM] 摄像头未检测到，等待重连...
[2026-07-12 10:57:04] [CAM] 摄像头捕获器已释放
[2026-07-12 10:57:04] [CAM] 摄像头未检测到，等待重连...
[2026-07-12 10:57:04] [CAM] 摄像头捕获器已释放
[2026-07-12 10:57:04] [CAM] 摄像头未检测到，等待重连...
[2026-07-12 10:57:05] [CAM] 摄像头捕获器已释放
[2026-07-12 10:57:05] [CAM] 摄像头未检测到，等待重连...
[2026-07-12 10:57:05] [CAM] 摄像头捕获器已释放
[2026-07-12 10:57:05] [CAM] 摄像头未检测到，等待重连...
[2026-07-12 10:57:06] [CAM] 摄像头捕获器已释放
[2026-07-12 10:57:06] [CAM] 摄像头未检测到，等待重连...
[2026-07-12 10:57:06] [CAM] 摄像头捕获器已释放
[2026-07-12 10:57:06] [CAM] 摄像头未检测到，等待重连...
[2026-07-12 10:57:07] [CAM] 摄像头捕获器已释放
[2026-07-12 10:57:07] [CAM] 摄像头未检测到，等待重连...
[2026-07-12 10:57:07] [CAM] 摄像头捕获器已释放
[2026-07-12 10:57:07] [CAM] 摄像头未检测到，等待重连...
[2026-07-12 10:57:08] [CAM] 摄像头捕获器已释放
[2026-07-12 10:57:08] [CAM] 摄像头未检测到，等待重连...
[2026-07-12 10:57:08] [CAM] 摄像头捕获器已释放
[2026-07-12 10:57:08] [CAM] 摄像头未检测到，等待重连...
[2026-07-12 10:57:09] [CAM] 摄像头捕获器已释放
[2026-07-12 10:57:09] [CAM] 摄像头未检测到，等待重连...
[2026-07-12 10:57:09] [CAM] 摄像头捕获器已释放
[2026-07-12 10:57:09] [CAM] 摄像头未检测到，等待重连...
[2026-07-12 10:57:10] [CAM] 摄像头捕获器已释放
[2026-07-12 10:57:10] [CAM] 摄像头未检测到，等待重连...
[2026-07-12 10:57:10] [CAM] 摄像头捕获器已释放
[2026-07-12 10:57:10] [CAM] 摄像头未检测到，等待重连...
[2026-07-12 10:57:11] [CAM] 摄像头捕获器已释放
[2026-07-12 10:57:11] [CAM] 摄像头未检测到，等待重连...
[2026-07-12 10:57:11] [CAM] 摄像头捕获器已释放
[2026-07-12 10:57:11] [CAM] 摄像头未检测到，等待重连...
[2026-07-12 10:57:12] [CAM] 摄像头捕获器已释放
[2026-07-12 10:57:12] [CAM] 摄像头未检测到，等待重连...
[2026-07-12 10:57:12] [CAM] 摄像头捕获器已释放
[2026-07-12 10:57:12] [CAM] 摄像头未检测到，等待重连...
[2026-07-12 10:57:13] [CAM] 摄像头捕获器已释放
[2026-07-12 10:57:13] [CAM] 摄像头未检测到，等待重连...
[2026-07-12 10:57:13] [CAM] 摄像头捕获器已释放
[2026-07-12 10:57:13] [CAM] 摄像头未检测到，等待重连...
[2026-07-12 10:57:14] [CAM] 摄像头捕获器已释放
[2026-07-12 10:57:14] [CAM] 摄像头未检测到，等待重连...
[2026-07-12 10:57:14] [CAM] 摄像头捕获器已释放
[2026-07-12 10:57:14] [CAM] 摄像头未检测到，等待重连...
[2026-07-12 10:57:15] [CAM] 摄像头捕获器已释放
[2026-07-12 10:57:15] [CAM] 摄像头未检测到，等待重连...
[2026-07-12 10:57:15] [ERROR] 网络断开，无法访问外网
[2026-07-12 10:57:15] [CAM] 摄像头捕获器已释放
[2026-07-12 10:57:15] [CAM] 摄像头未检测到，等待重连...
[2026-07-12 10:57:16] [CAM] 摄像头捕获器已释放
[2026-07-12 10:57:16] [CAM] 摄像头未检测到，等待重连...
[2026-07-12 10:57:16] [NET] 网络已恢复连通
[2026-07-12 10:57:16] [CAM] 摄像头捕获器已释放
[2026-07-12 10:57:16] [CAM] 摄像头未检测到，等待重连...
[2026-07-12 10:57:17] [CAM] 摄像头捕获器已释放
[2026-07-12 10:57:17] [CAM] 摄像头未检测到，等待重连...
[2026-07-12 10:57:17] [CAM] 摄像头捕获器已释放
[2026-07-12 10:57:17] [CAM] 摄像头未检测到，等待重连...
[2026-07-12 10:57:18] [CAM] 摄像头捕获器已释放
[2026-07-12 10:57:18] [CAM] 摄像头未检测到，等待重连...
[2026-07-12 10:57:18] [CAM] 摄像头捕获器已释放
[2026-07-12 10:57:18] [CAM] 摄像头未检测到，等待重连...
[2026-07-12 10:57:19] [CAM] 摄像头捕获器已释放
[2026-07-12 10:57:19] [CAM] 摄像头未检测到，等待重连...
[2026-07-12 10:57:19] [CAM] 摄像头捕获器已释放
[2026-07-12 10:57:19] [CAM] 摄像头未检测到，等待重连...
[2026-07-12 10:57:20] [CAM] 摄像头捕获器已释放
[2026-07-12 10:57:20] [CAM] 摄像头未检测到，等待重连...
[2026-07-12 10:57:20] [CAM] 摄像头捕获器已释放
[2026-07-12 10:57:20] [CAM] 摄像头未检测到，等待重连...
[2026-07-12 10:57:21] [CAM] 摄像头捕获器已释放
[2026-07-12 10:57:21] [CAM] 摄像头未检测到，等待重连...
[2026-07-12 10:57:21] [CAM] 摄像头捕获器已释放
[2026-07-12 10:57:21] [CAM] 摄像头未检测到，等待重连...
[2026-07-12 10:57:22] [CAM] 摄像头捕获器已释放
[2026-07-12 10:57:22] [CAM] 摄像头未检测到，等待重连...
[2026-07-12 10:57:22] [CAM] 摄像头捕获器已释放
[2026-07-12 10:57:22] [CAM] 摄像头未检测到，等待重连...
[2026-07-12 10:57:23] [CAM] 摄像头捕获器已释放
[2026-07-12 10:57:23] [CAM] 摄像头未检测到，等待重连...
[2026-07-12 10:57:23] [CAM] 摄像头捕获器已释放
[2026-07-12 10:57:23] [CAM] 摄像头未检测到，等待重连...
[2026-07-12 10:57:24] [CAM] 摄像头捕获器已释放
[2026-07-12 10:57:24] [CAM] 摄像头未检测到，等待重连...
[2026-07-12 10:57:24] [CAM] 摄像头捕获器已释放
[2026-07-12 10:57:24] [CAM] 摄像头未检测到，等待重连...
[2026-07-12 10:57:25] [CAM] 摄像头捕获器已释放
[2026-07-12 10:57:25] [CAM] 摄像头未检测到，等待重连...
[2026-07-12 10:57:25] [CAM] 摄像头捕获器已释放
[2026-07-12 10:57:25] [CAM] 摄像头未检测到，等待重连...
[2026-07-12 10:57:26] [CAM] 摄像头捕获器已释放
[2026-07-12 10:57:26] [CAM] 摄像头未检测到，等待重连...
[2026-07-12 10:57:26] [CAM] 摄像头捕获器已释放
[2026-07-12 10:57:26] [CAM] 摄像头未检测到，等待重连...
[2026-07-12 10:57:27] [CAM] 摄像头捕获器已释放
[2026-07-12 10:57:27] [CAM] 摄像头未检测到，等待重连...
[2026-07-12 10:57:27] [CAM] 摄像头捕获器已释放
[2026-07-12 10:57:27] [CAM] 摄像头未检测到，等待重连...
[2026-07-12 10:57:28] [CAM] 摄像头捕获器已释放
[2026-07-12 10:57:28] [CAM] 摄像头未检测到，等待重连...
[2026-07-12 10:57:28] [CAM] 摄像头捕获器已释放
[2026-07-12 10:57:28] [CAM] 摄像头未检测到，等待重连...
[2026-07-12 10:57:29] [CAM] 摄像头捕获器已释放
[2026-07-12 10:57:29] [CAM] 摄像头未检测到，等待重连...
[2026-07-12 10:57:29] [CAM] 摄像头捕获器已释放
[2026-07-12 10:57:29] [CAM] 摄像头未检测到，等待重连...
[2026-07-12 10:57:30] [CAM] 摄像头捕获器已释放
[2026-07-12 10:57:30] [CAM] 摄像头未检测到，等待重连...
[2026-07-12 10:57:30] [CAM] 摄像头捕获器已释放
[2026-07-12 10:57:30] [CAM] 摄像头未检测到，等待重连...
[2026-07-12 10:57:31] [CAM] 摄像头捕获器已释放
[2026-07-12 10:57:31] [CAM] 摄像头未检测到，等待重连...
[2026-07-12 10:57:31] [CAM] 摄像头捕获器已释放
[2026-07-12 10:57:31] [CAM] 摄像头未检测到，等待重连...
[2026-07-12 10:57:32] [CAM] 摄像头捕获器已释放
[2026-07-12 10:57:32] [CAM] 摄像头未检测到，等待重连...
[2026-07-12 10:57:32] [CAM] 摄像头捕获器已释放
[2026-07-12 10:57:32] [CAM] 摄像头未检测到，等待重连...
[2026-07-12 10:57:33] [CAM] 摄像头捕获器已释放
[2026-07-12 10:57:33] [CAM] 摄像头未检测到，等待重连...
[2026-07-12 10:57:33] [CAM] 摄像头捕获器已释放
[2026-07-12 10:57:33] [CAM] 摄像头未检测到，等待重连...
[2026-07-12 10:57:34] [CAM] 摄像头捕获器已释放
[2026-07-12 10:57:34] [CAM] 摄像头未检测到，等待重连...
[2026-07-12 10:57:34] [CAM] 摄像头捕获器已释放
[2026-07-12 10:57:34] [CAM] 摄像头未检测到，等待重连...
[2026-07-12 10:57:35] [CAM] 摄像头捕获器已释放
[2026-07-12 10:57:35] [CAM] 摄像头未检测到，等待重连...
[2026-07-12 10:57:35] [CAM] 摄像头捕获器已释放
[2026-07-12 10:57:35] [CAM] 摄像头未检测到，等待重连...
[2026-07-12 10:57:36] [CAM] 摄像头捕获器已释放
[2026-07-12 10:57:36] [CAM] 摄像头未检测到，等待重连...
[2026-07-12 10:57:36] [CAM] 摄像头捕获器已释放
[2026-07-12 10:57:36] [CAM] 摄像头未检测到，等待重连...
[2026-07-12 10:57:37] [CAM] 摄像头捕获器已释放
[2026-07-12 10:57:37] [CAM] 摄像头未检测到，等待重连...
[2026-07-12 10:57:37] [CAM] 摄像头捕获器已释放
[2026-07-12 10:57:37] [CAM] 摄像头未检测到，等待重连...
[2026-07-12 10:57:38] [CAM] 摄像头捕获器已释放
[2026-07-12 10:57:38] [CAM] 摄像头未检测到，等待重连...
[2026-07-12 10:57:38] [CAM] 摄像头捕获器已释放
[2026-07-12 10:57:38] [CAM] 摄像头未检测到，等待重连...
[2026-07-12 10:57:39] [CAM] 摄像头捕获器已释放
[2026-07-12 10:57:39] [CAM] 摄像头未检测到，等待重连...
[2026-07-12 10:57:39] [CAM] 摄像头捕获器已释放
[2026-07-12 10:57:39] [CAM] 摄像头未检测到，等待重连...
[2026-07-12 10:57:40] [CAM] 摄像头捕获器已释放
[2026-07-12 10:57:40] [CAM] 摄像头未检测到，等待重连...
[2026-07-12 10:57:40] [CAM] 摄像头捕获器已释放
[2026-07-12 10:57:40] [CAM] 摄像头未检测到，等待重连...
[2026-07-12 10:57:41] [CAM] 摄像头捕获器已释放
[2026-07-12 10:57:41] [CAM] 摄像头未检测到，等待重连...
[2026-07-12 10:57:41] [CAM] 摄像头捕获器已释放
[2026-07-12 10:57:41] [CAM] 摄像头未检测到，等待重连...
[2026-07-12 10:57:42] [CAM] 摄像头捕获器已释放
[2026-07-12 10:57:42] [CAM] 摄像头未检测到，等待重连...
[2026-07-12 10:57:42] [CAM] 摄像头捕获器已释放
[2026-07-12 10:57:42] [CAM] 摄像头未检测到，等待重连...
[2026-07-12 10:57:43] [CAM] 摄像头捕获器已释放
[2026-07-12 10:57:43] [CAM] 摄像头未检测到，等待重连...
[2026-07-12 10:57:43] [CAM] 摄像头捕获器已释放
[2026-07-12 10:57:43] [CAM] 摄像头未检测到，等待重连...
[2026-07-12 10:57:44] [CAM] 摄像头捕获器已释放
[2026-07-12 10:57:44] [CAM] 摄像头未检测到，等待重连...
[2026-07-12 10:57:44] [CAM] 摄像头捕获器已释放
[2026-07-12 10:57:44] [CAM] 摄像头未检测到，等待重连...
[2026-07-12 10:57:45] [CAM] 摄像头捕获器已释放
[2026-07-12 10:57:45] [CAM] 摄像头未检测到，等待重连...
[2026-07-12 10:57:45] [CAM] 摄像头捕获器已释放
[2026-07-12 10:57:45] [CAM] 摄像头未检测到，等待重连...
[2026-07-12 10:57:46] [CAM] 摄像头捕获器已释放
[2026-07-12 10:57:46] [CAM] 摄像头未检测到，等待重连...
[2026-07-12 10:57:46] [CAM] 摄像头捕获器已释放
[2026-07-12 10:57:46] [CAM] 摄像头未检测到，等待重连...
[2026-07-12 10:57:47] [CAM] 摄像头捕获器已释放
[2026-07-12 10:57:47] [CAM] 摄像头未检测到，等待重连...
[2026-07-12 10:57:47] [CAM] 摄像头捕获器已释放
[2026-07-12 10:57:47] [CAM] 摄像头未检测到，等待重连...
[2026-07-12 10:57:48] [CAM] 摄像头捕获器已释放
[2026-07-12 10:57:48] [CAM] 摄像头未检测到，等待重连...
[2026-07-12 10:57:48] [CAM] 摄像头捕获器已释放
[2026-07-12 10:57:48] [CAM] 摄像头未检测到，等待重连...
[2026-07-12 10:57:49] [CAM] 摄像头捕获器已释放
[2026-07-12 10:57:49] [CAM] 摄像头未检测到，等待重连...
[2026-07-12 10:57:49] [CAM] 摄像头捕获器已释放
[2026-07-12 10:57:49] [CAM] 摄像头未检测到，等待重连...
[2026-07-12 10:57:50] [CAM] 摄像头捕获器已释放
[2026-07-12 10:57:50] [CAM] 摄像头未检测到，等待重连...
[2026-07-12 10:57:50] [CAM] 摄像头捕获器已释放
[2026-07-12 10:57:50] [CAM] 摄像头未检测到，等待重连...
[2026-07-12 10:57:51] [CAM] 摄像头捕获器已释放
[2026-07-12 10:57:51] [CAM] 摄像头未检测到，等待重连...
[2026-07-12 10:57:51] [CAM] 摄像头捕获器已释放
[2026-07-12 10:57:51] [CAM] 摄像头未检测到，等待重连...
[2026-07-12 10:57:52] [CAM] 摄像头捕获器已释放
[2026-07-12 10:57:52] [CAM] 摄像头未检测到，等待重连...
[2026-07-12 10:57:52] [CAM] 摄像头捕获器已释放
[2026-07-12 10:57:52] [CAM] 摄像头未检测到，等待重连...
[2026-07-12 10:57:53] [CAM] 摄像头捕获器已释放
[2026-07-12 10:57:53] [CAM] 摄像头未检测到，等待重连...
[2026-07-12 10:57:53] [CAM] 摄像头捕获器已释放
[2026-07-12 10:57:53] [CAM] 摄像头未检测到，等待重连...
[2026-07-12 10:57:54] [CAM] 摄像头捕获器已释放
[2026-07-12 10:57:54] [CAM] 摄像头未检测到，等待重连...
[2026-07-12 10:57:54] [CAM] 摄像头捕获器已释放
[2026-07-12 10:57:54] [CAM] 摄像头未检测到，等待重连...
[2026-07-12 10:57:55] [CAM] 摄像头捕获器已释放
[2026-07-12 10:57:55] [CAM] 摄像头未检测到，等待重连...
[2026-07-12 10:57:55] [CAM] 摄像头捕获器已释放
[2026-07-12 10:57:55] [CAM] 摄像头未检测到，等待重连...
[2026-07-12 10:57:56] [CAM] 摄像头捕获器已释放
[2026-07-12 10:57:56] [CAM] 摄像头未检测到，等待重连...
[2026-07-12 10:57:56] [CAM] 摄像头捕获器已释放
[2026-07-12 10:57:56] [CAM] 摄像头未检测到，等待重连...
[2026-07-12 10:57:57] [CAM] 摄像头捕获器已释放
[2026-07-12 10:57:57] [CAM] 摄像头未检测到，等待重连...
[2026-07-12 10:57:57] [CAM] 摄像头捕获器已释放
[2026-07-12 10:57:57] [CAM] 摄像头未检测到，等待重连...
[2026-07-12 10:57:58] [CAM] 摄像头捕获器已释放
[2026-07-12 10:57:58] [CAM] 摄像头未检测到，等待重连...
[2026-07-12 10:57:58] [CAM] 摄像头捕获器已释放
[2026-07-12 10:57:58] [CAM] 摄像头未检测到，等待重连...
[2026-07-12 10:57:59] [CAM] 摄像头捕获器已释放
[2026-07-12 10:57:59] [CAM] 摄像头未检测到，等待重连...
[2026-07-12 10:57:59] [CAM] 摄像头捕获器已释放
[2026-07-12 10:57:59] [CAM] 摄像头未检测到，等待重连...
[2026-07-12 10:58:00] [CAM] 摄像头捕获器已释放
[2026-07-12 10:58:00] [CAM] 摄像头未检测到，等待重连...
[2026-07-12 10:58:00] [CAM] 摄像头捕获器已释放
[2026-07-12 10:58:00] [CAM] 摄像头未检测到，等待重连...
[2026-07-12 10:58:01] [CAM] 摄像头捕获器已释放
[2026-07-12 10:58:01] [CAM] 摄像头未检测到，等待重连...
[2026-07-12 10:58:01] [CAM] 摄像头捕获器已释放
[2026-07-12 10:58:01] [CAM] 摄像头未检测到，等待重连...
[2026-07-12 10:58:02] [CAM] 摄像头捕获器已释放
[2026-07-12 10:58:02] [CAM] 摄像头未检测到，等待重连...
[2026-07-12 10:58:02] [CAM] 摄像头捕获器已释放
[2026-07-12 10:58:02] [CAM] 摄像头未检测到，等待重连...
[2026-07-12 10:58:03] [CAM] 摄像头捕获器已释放
[2026-07-12 10:58:03] [CAM] 摄像头未检测到，等待重连...
[2026-07-12 10:58:03] [CAM] 摄像头捕获器已释放
[2026-07-12 10:58:03] [CAM] 摄像头未检测到，等待重连...
[2026-07-12 10:58:04] [CAM] 摄像头捕获器已释放
[2026-07-12 10:58:04] [CAM] 摄像头未检测到，等待重连...
[2026-07-12 10:58:04] [CAM] 摄像头捕获器已释放
[2026-07-12 10:58:04] [CAM] 摄像头未检测到，等待重连...
[2026-07-12 10:58:05] [CAM] 摄像头捕获器已释放
[2026-07-12 10:58:05] [CAM] 摄像头未检测到，等待重连...
[2026-07-12 10:58:05] [CAM] 摄像头捕获器已释放
[2026-07-12 10:58:05] [CAM] 摄像头未检测到，等待重连...
[2026-07-12 10:58:06] [CAM] 摄像头捕获器已释放
[2026-07-12 10:58:06] [CAM] 摄像头未检测到，等待重连...
[2026-07-12 10:58:06] [CAM] 摄像头捕获器已释放
[2026-07-12 10:58:06] [CAM] 摄像头未检测到，等待重连...
[2026-07-12 10:58:07] [CAM] 摄像头捕获器已释放
[2026-07-12 10:58:07] [CAM] 摄像头未检测到，等待重连...
[2026-07-12 10:58:07] [CAM] 摄像头捕获器已释放
[2026-07-12 10:58:07] [CAM] 摄像头未检测到，等待重连...
[2026-07-12 10:58:08] [CAM] 摄像头捕获器已释放
[2026-07-12 10:58:08] [CAM] 摄像头未检测到，等待重连...
[2026-07-12 10:58:08] [CAM] 摄像头捕获器已释放
[2026-07-12 10:58:08] [CAM] 摄像头未检测到，等待重连...
[2026-07-12 10:58:09] [CAM] 摄像头捕获器已释放
[2026-07-12 10:58:09] [CAM] 摄像头未检测到，等待重连...
[2026-07-12 10:58:09] [CAM] 摄像头捕获器已释放
[2026-07-12 10:58:09] [CAM] 摄像头未检测到，等待重连...
[2026-07-12 10:58:10] [CAM] 摄像头捕获器已释放
[2026-07-12 10:58:10] [CAM] 摄像头未检测到，等待重连...
[2026-07-12 10:58:10] [CAM] 摄像头捕获器已释放
[2026-07-12 10:58:10] [CAM] 摄像头未检测到，等待重连...
[2026-07-12 10:58:11] [CAM] 摄像头捕获器已释放
[2026-07-12 10:58:11] [CAM] 摄像头未检测到，等待重连...
[2026-07-12 10:58:11] [CAM] 摄像头捕获器已释放
[2026-07-12 10:58:11] [CAM] 摄像头未检测到，等待重连...
[2026-07-12 10:58:12] [CAM] 摄像头捕获器已释放
[2026-07-12 10:58:12] [CAM] 摄像头未检测到，等待重连...
[2026-07-12 10:58:12] [CAM] 摄像头捕获器已释放
[2026-07-12 10:58:12] [CAM] 摄像头未检测到，等待重连...
[2026-07-12 10:58:13] [CAM] 摄像头捕获器已释放
[2026-07-12 10:58:13] [CAM] 摄像头未检测到，等待重连...
[2026-07-12 10:58:13] [CAM] 摄像头捕获器已释放
[2026-07-12 10:58:13] [CAM] 摄像头未检测到，等待重连...
[2026-07-12 10:58:14] [CAM] 摄像头捕获器已释放
[2026-07-12 10:58:14] [CAM] 摄像头未检测到，等待重连...
[2026-07-12 10:58:14] [CAM] 摄像头捕获器已释放
[2026-07-12 10:58:14] [CAM] 摄像头未检测到，等待重连...
[2026-07-12 10:58:15] [CAM] 摄像头捕获器已释放
[2026-07-12 10:58:15] [CAM] 摄像头未检测到，等待重连...
[2026-07-12 10:58:15] [CAM] 摄像头捕获器已释放
[2026-07-12 10:58:15] [CAM] 摄像头未检测到，等待重连...
[2026-07-12 10:58:16] [CAM] 摄像头捕获器已释放
[2026-07-12 10:58:16] [CAM] 摄像头未检测到，等待重连...
[2026-07-12 10:58:16] [CAM] 摄像头捕获器已释放
[2026-07-12 10:58:16] [CAM] 摄像头未检测到，等待重连...
[2026-07-12 10:58:17] [CAM] 摄像头捕获器已释放
[2026-07-12 10:58:17] [CAM] 摄像头未检测到，等待重连...
[2026-07-12 10:58:17] [CAM] 摄像头捕获器已释放
[2026-07-12 10:58:17] [CAM] 摄像头未检测到，等待重连...
[2026-07-12 10:58:18] [CAM] 摄像头捕获器已释放
[2026-07-12 10:58:18] [CAM] 摄像头未检测到，等待重连...
[2026-07-12 10:58:18] [CAM] 摄像头捕获器已释放
[2026-07-12 10:58:18] [CAM] 摄像头未检测到，等待重连...
[2026-07-12 10:58:19] [CAM] 摄像头捕获器已释放
[2026-07-12 10:58:19] [CAM] 摄像头未检测到，等待重连...
[2026-07-12 10:58:19] [CAM] 摄像头捕获器已释放
[2026-07-12 10:58:19] [CAM] 摄像头未检测到，等待重连...
[2026-07-12 10:58:20] [CAM] 摄像头捕获器已释放
[2026-07-12 10:58:20] [CAM] 摄像头未检测到，等待重连...
[2026-07-12 10:58:20] [CAM] 摄像头捕获器已释放
[2026-07-12 10:58:20] [CAM] 摄像头未检测到，等待重连...
[2026-07-12 10:58:21] [CAM] 摄像头捕获器已释放
[2026-07-12 10:58:21] [CAM] 摄像头未检测到，等待重连...
[2026-07-12 10:58:21] [CAM] 摄像头捕获器已释放
[2026-07-12 10:58:21] [CAM] 摄像头未检测到，等待重连...
[2026-07-12 10:58:22] [CAM] 摄像头捕获器已释放
[2026-07-12 10:58:22] [CAM] 摄像头未检测到，等待重连...
[2026-07-12 10:58:22] [CAM] 摄像头捕获器已释放
[2026-07-12 10:58:22] [CAM] 摄像头未检测到，等待重连...
[2026-07-12 10:58:23] [CAM] 摄像头捕获器已释放
[2026-07-12 10:58:23] [CAM] 摄像头未检测到，等待重连...
[2026-07-12 10:58:23] [CAM] 摄像头捕获器已释放
[2026-07-12 10:58:23] [CAM] 摄像头未检测到，等待重连...
[2026-07-12 10:58:24] [CAM] 摄像头捕获器已释放
[2026-07-12 10:58:24] [CAM] 摄像头未检测到，等待重连...
[2026-07-12 10:58:24] [CAM] 摄像头捕获器已释放
[2026-07-12 10:58:24] [CAM] 摄像头未检测到，等待重连...
[2026-07-12 10:58:25] [CAM] 摄像头捕获器已释放
[2026-07-12 10:58:25] [CAM] 摄像头未检测到，等待重连...
[2026-07-12 10:58:25] [CAM] 摄像头捕获器已释放
[2026-07-12 10:58:25] [CAM] 摄像头未检测到，等待重连...
[2026-07-12 10:58:26] [CAM] 摄像头捕获器已释放
[2026-07-12 10:58:26] [CAM] 摄像头未检测到，等待重连...
[2026-07-12 10:58:26] [CAM] 摄像头捕获器已释放
[2026-07-12 10:58:26] [CAM] 摄像头未检测到，等待重连...
[2026-07-12 10:58:27] [CAM] 摄像头捕获器已释放
[2026-07-12 10:58:27] [CAM] 摄像头未检测到，等待重连...
[2026-07-12 10:58:27] [CAM] 摄像头捕获器已释放
[2026-07-12 10:58:27] [CAM] 摄像头未检测到，等待重连...
[2026-07-12 10:58:28] [CAM] 摄像头捕获器已释放
[2026-07-12 10:58:28] [CAM] 摄像头未检测到，等待重连...
[2026-07-12 10:58:28] [CAM] 摄像头捕获器已释放
[2026-07-12 10:58:28] [CAM] 摄像头未检测到，等待重连...
[2026-07-12 10:58:29] [CAM] 摄像头捕获器已释放
[2026-07-12 10:58:29] [CAM] 摄像头未检测到，等待重连...
[2026-07-12 10:58:29] [CAM] 摄像头捕获器已释放
[2026-07-12 10:58:29] [CAM] 摄像头未检测到，等待重连...
[2026-07-12 10:58:30] [CAM] 摄像头捕获器已释放
[2026-07-12 10:58:30] [CAM] 摄像头未检测到，等待重连...
[2026-07-12 10:58:30] [CAM] 摄像头捕获器已释放
[2026-07-12 10:58:30] [CAM] 摄像头未检测到，等待重连...
[2026-07-12 10:58:31] [CAM] 摄像头捕获器已释放
[2026-07-12 10:58:31] [CAM] 摄像头未检测到，等待重连...
[2026-07-12 10:58:31] [CAM] 摄像头捕获器已释放
[2026-07-12 10:58:31] [CAM] 摄像头未检测到，等待重连...
[2026-07-12 10:58:32] [CAM] 摄像头捕获器已释放
[2026-07-12 10:58:32] [CAM] 摄像头未检测到，等待重连...
[2026-07-12 10:58:32] [CAM] 摄像头捕获器已释放
[2026-07-12 10:58:32] [CAM] 摄像头未检测到，等待重连...
[2026-07-12 10:58:33] [CAM] 摄像头捕获器已释放
[2026-07-12 10:58:33] [CAM] 摄像头未检测到，等待重连...
[2026-07-12 10:58:33] [CAM] 摄像头捕获器已释放
[2026-07-12 10:58:33] [CAM] 摄像头未检测到，等待重连...
[2026-07-12 10:58:34] [CAM] 摄像头捕获器已释放
[2026-07-12 10:58:34] [CAM] 摄像头未检测到，等待重连...
[2026-07-12 10:58:34] [CAM] 摄像头捕获器已释放
[2026-07-12 10:58:34] [CAM] 摄像头未检测到，等待重连...
[2026-07-12 10:58:35] [CAM] 摄像头捕获器已释放
[2026-07-12 10:58:35] [CAM] 摄像头未检测到，等待重连...
[2026-07-12 10:58:35] [CAM] 摄像头捕获器已释放
[2026-07-12 10:58:35] [CAM] 摄像头未检测到，等待重连...
[2026-07-12 10:58:36] [CAM] 摄像头捕获器已释放
[2026-07-12 10:58:36] [CAM] 摄像头未检测到，等待重连...
[2026-07-12 10:58:36] [CAM] 摄像头捕获器已释放
[2026-07-12 10:58:36] [CAM] 摄像头未检测到，等待重连...
[2026-07-12 10:58:37] [CAM] 摄像头捕获器已释放
[2026-07-12 10:58:37] [CAM] 摄像头未检测到，等待重连...
[2026-07-12 10:58:37] [CAM] 摄像头捕获器已释放
[2026-07-12 10:58:37] [CAM] 摄像头未检测到，等待重连...
[2026-07-12 10:58:38] [CAM] 摄像头捕获器已释放
[2026-07-12 10:58:38] [CAM] 摄像头未检测到，等待重连...
[2026-07-12 10:58:38] [CAM] 摄像头捕获器已释放
[2026-07-12 10:58:38] [CAM] 摄像头未检测到，等待重连...
[2026-07-12 10:58:39] [CAM] 摄像头捕获器已释放
[2026-07-12 10:58:39] [CAM] 摄像头未检测到，等待重连...
[2026-07-12 10:58:39] [CAM] 摄像头捕获器已释放
[2026-07-12 10:58:39] [CAM] 摄像头未检测到，等待重连...
[2026-07-12 10:58:40] [CAM] 摄像头捕获器已释放
[2026-07-12 10:58:40] [CAM] 摄像头未检测到，等待重连...
[2026-07-12 10:58:40] [CAM] 摄像头捕获器已释放
[2026-07-12 10:58:40] [CAM] 摄像头未检测到，等待重连...
[2026-07-12 10:58:41] [CAM] 摄像头捕获器已释放
[2026-07-12 10:58:41] [CAM] 摄像头未检测到，等待重连...
[2026-07-12 10:58:41] [CAM] 摄像头捕获器已释放
[2026-07-12 10:58:41] [CAM] 摄像头未检测到，等待重连...
[2026-07-12 10:58:42] [CAM] 摄像头捕获器已释放
[2026-07-12 10:58:42] [CAM] 摄像头未检测到，等待重连...
[2026-07-12 10:58:42] [CAM] 摄像头捕获器已释放
[2026-07-12 10:58:42] [CAM] 摄像头未检测到，等待重连...
[2026-07-12 10:58:43] [CAM] 摄像头捕获器已释放
[2026-07-12 10:58:43] [CAM] 摄像头未检测到，等待重连...
[2026-07-12 10:58:43] [CAM] 摄像头捕获器已释放
[2026-07-12 10:58:43] [CAM] 摄像头未检测到，等待重连...
[2026-07-12 10:58:44] [CAM] 摄像头捕获器已释放
[2026-07-12 10:58:44] [CAM] 摄像头未检测到，等待重连...
[2026-07-12 10:58:44] [CAM] 摄像头捕获器已释放
[2026-07-12 10:58:44] [CAM] 摄像头未检测到，等待重连...
[2026-07-12 10:58:45] [CAM] 摄像头捕获器已释放
[2026-07-12 10:58:45] [CAM] 摄像头未检测到，等待重连...
[2026-07-12 10:58:45] [CAM] 摄像头捕获器已释放
[2026-07-12 10:58:45] [CAM] 摄像头未检测到，等待重连...
[2026-07-12 10:58:46] [CAM] 摄像头捕获器已释放
[2026-07-12 10:58:46] [CAM] 摄像头未检测到，等待重连...
[2026-07-12 10:58:46] [CAM] 摄像头捕获器已释放
[2026-07-12 10:58:46] [CAM] 摄像头未检测到，等待重连...
[2026-07-12 10:58:47] [CAM] 摄像头捕获器已释放
[2026-07-12 10:58:47] [CAM] 摄像头未检测到，等待重连...
[2026-07-12 10:58:47] [CAM] 摄像头捕获器已释放
[2026-07-12 10:58:47] [CAM] 摄像头未检测到，等待重连...
[2026-07-12 10:58:48] [CAM] 摄像头捕获器已释放
[2026-07-12 10:58:48] [CAM] 摄像头未检测到，等待重连...
[2026-07-12 10:58:48] [CAM] 摄像头捕获器已释放
[2026-07-12 10:58:48] [CAM] 摄像头未检测到，等待重连...
[2026-07-12 10:58:49] [CAM] 摄像头捕获器已释放
[2026-07-12 10:58:49] [CAM] 摄像头未检测到，等待重连...
[2026-07-12 10:58:49] [CAM] 摄像头捕获器已释放
[2026-07-12 10:58:49] [CAM] 摄像头未检测到，等待重连...
[2026-07-12 10:58:50] [CAM] 摄像头捕获器已释放
[2026-07-12 10:58:50] [CAM] 摄像头未检测到，等待重连...
[2026-07-12 10:58:50] [CAM] 摄像头捕获器已释放
[2026-07-12 10:58:50] [CAM] 摄像头未检测到，等待重连...
[2026-07-12 10:58:51] [CAM] 摄像头捕获器已释放
[2026-07-12 10:58:51] [CAM] 摄像头未检测到，等待重连...
[2026-07-12 10:58:51] [CAM] 摄像头捕获器已释放
[2026-07-12 10:58:51] [CAM] 摄像头未检测到，等待重连...
[2026-07-12 10:58:52] [CAM] 摄像头捕获器已释放
[2026-07-12 10:58:52] [CAM] 摄像头未检测到，等待重连...
[2026-07-12 10:58:52] [CAM] 摄像头捕获器已释放
[2026-07-12 10:58:52] [CAM] 摄像头未检测到，等待重连...
[2026-07-12 10:58:53] [CAM] 摄像头捕获器已释放
[2026-07-12 10:58:53] [CAM] 摄像头未检测到，等待重连...
[2026-07-12 10:58:53] [CAM] 摄像头捕获器已释放
[2026-07-12 10:58:53] [CAM] 摄像头未检测到，等待重连...
[2026-07-12 10:58:54] [CAM] 摄像头捕获器已释放
[2026-07-12 10:58:54] [CAM] 摄像头未检测到，等待重连...
[2026-07-12 10:58:54] [CAM] 摄像头捕获器已释放
[2026-07-12 10:58:54] [CAM] 摄像头未检测到，等待重连...
[2026-07-12 10:58:55] [CAM] 摄像头捕获器已释放
[2026-07-12 10:58:55] [CAM] 摄像头未检测到，等待重连...
[2026-07-12 10:58:55] [CAM] 摄像头捕获器已释放
[2026-07-12 10:58:55] [CAM] 摄像头未检测到，等待重连...
[2026-07-12 10:58:56] [CAM] 摄像头捕获器已释放
[2026-07-12 10:58:56] [CAM] 摄像头未检测到，等待重连...
[2026-07-12 10:58:56] [CAM] 摄像头捕获器已释放
[2026-07-12 10:58:56] [CAM] 摄像头未检测到，等待重连...
[2026-07-12 10:58:57] [CAM] 摄像头捕获器已释放
[2026-07-12 10:58:57] [CAM] 摄像头未检测到，等待重连...
[2026-07-12 10:58:57] [CAM] 摄像头捕获器已释放
[2026-07-12 10:58:57] [CAM] 摄像头未检测到，等待重连...
[2026-07-12 10:58:58] [CAM] 摄像头捕获器已释放
[2026-07-12 10:58:58] [CAM] 摄像头未检测到，等待重连...
[2026-07-12 10:58:58] [CAM] 摄像头捕获器已释放
[2026-07-12 10:58:58] [CAM] 摄像头未检测到，等待重连...
[2026-07-12 10:58:59] [CAM] 摄像头捕获器已释放
[2026-07-12 10:58:59] [CAM] 摄像头未检测到，等待重连...
[2026-07-12 10:58:59] [CAM] 摄像头捕获器已释放
[2026-07-12 10:58:59] [CAM] 摄像头未检测到，等待重连...
[2026-07-12 10:59:00] [CAM] 摄像头捕获器已释放
[2026-07-12 10:59:00] [CAM] 摄像头未检测到，等待重连...
[2026-07-12 10:59:00] [CAM] 摄像头捕获器已释放
[2026-07-12 10:59:00] [CAM] 摄像头未检测到，等待重连...
[2026-07-12 10:59:01] [CAM] 摄像头捕获器已释放
[2026-07-12 10:59:01] [CAM] 摄像头未检测到，等待重连...
[2026-07-12 10:59:01] [CAM] 摄像头捕获器已释放
[2026-07-12 10:59:01] [CAM] 摄像头未检测到，等待重连...
[2026-07-12 10:59:02] [CAM] 摄像头捕获器已释放
[2026-07-12 10:59:02] [CAM] 摄像头未检测到，等待重连...
[2026-07-12 10:59:02] [CAM] 摄像头捕获器已释放
[2026-07-12 10:59:02] [CAM] 摄像头未检测到，等待重连...
[2026-07-12 10:59:03] [CAM] 摄像头捕获器已释放
[2026-07-12 10:59:03] [CAM] 摄像头未检测到，等待重连...
[2026-07-12 10:59:03] [CAM] 摄像头捕获器已释放
[2026-07-12 10:59:03] [CAM] 摄像头未检测到，等待重连...
[2026-07-12 10:59:04] [CAM] 摄像头捕获器已释放
[2026-07-12 10:59:04] [CAM] 摄像头未检测到，等待重连...
[2026-07-12 10:59:04] [CAM] 摄像头捕获器已释放
[2026-07-12 10:59:04] [CAM] 摄像头未检测到，等待重连...
[2026-07-12 10:59:05] [CAM] 摄像头捕获器已释放
[2026-07-12 10:59:05] [CAM] 摄像头未检测到，等待重连...
[2026-07-12 10:59:05] [CAM] 摄像头捕获器已释放
[2026-07-12 10:59:05] [CAM] 摄像头未检测到，等待重连...
[2026-07-12 10:59:06] [CAM] 摄像头捕获器已释放
[2026-07-12 10:59:06] [CAM] 摄像头未检测到，等待重连...
[2026-07-12 10:59:06] [CAM] 摄像头捕获器已释放
[2026-07-12 10:59:06] [CAM] 摄像头未检测到，等待重连...
[2026-07-12 10:59:07] [CAM] 摄像头捕获器已释放
[2026-07-12 10:59:07] [CAM] 摄像头未检测到，等待重连...
[2026-07-12 10:59:07] [CAM] 摄像头捕获器已释放
[2026-07-12 10:59:07] [CAM] 摄像头未检测到，等待重连...
[2026-07-12 10:59:08] [CAM] 摄像头捕获器已释放
[2026-07-12 10:59:08] [CAM] 摄像头未检测到，等待重连...
[2026-07-12 10:59:08] [CAM] 摄像头捕获器已释放
[2026-07-12 10:59:08] [CAM] 摄像头未检测到，等待重连...
[2026-07-12 10:59:09] [CAM] 摄像头捕获器已释放
[2026-07-12 10:59:09] [CAM] 摄像头未检测到，等待重连...
[2026-07-12 10:59:09] [CAM] 摄像头捕获器已释放
[2026-07-12 10:59:09] [CAM] 摄像头未检测到，等待重连...
[2026-07-12 10:59:10] [CAM] 摄像头捕获器已释放
[2026-07-12 10:59:10] [CAM] 摄像头未检测到，等待重连...
[2026-07-12 10:59:10] [CAM] 摄像头捕获器已释放
[2026-07-12 10:59:10] [CAM] 摄像头未检测到，等待重连...
[2026-07-12 10:59:11] [CAM] 摄像头捕获器已释放
[2026-07-12 10:59:11] [CAM] 摄像头未检测到，等待重连...
[2026-07-12 10:59:11] [CAM] 摄像头捕获器已释放
[2026-07-12 10:59:11] [CAM] 摄像头未检测到，等待重连...
[2026-07-12 10:59:12] [CAM] 摄像头捕获器已释放
[2026-07-12 10:59:12] [CAM] 摄像头未检测到，等待重连...
[2026-07-12 10:59:12] [CAM] 摄像头捕获器已释放
[2026-07-12 10:59:12] [CAM] 摄像头未检测到，等待重连...
[2026-07-12 10:59:13] [CAM] 摄像头捕获器已释放
[2026-07-12 10:59:13] [CAM] 摄像头未检测到，等待重连...
[2026-07-12 10:59:13] [CAM] 摄像头捕获器已释放
[2026-07-12 10:59:13] [CAM] 摄像头未检测到，等待重连...
[2026-07-12 10:59:14] [CAM] 摄像头捕获器已释放
[2026-07-12 10:59:14] [CAM] 摄像头未检测到，等待重连...
[2026-07-12 10:59:14] [CAM] 摄像头捕获器已释放
[2026-07-12 10:59:14] [CAM] 摄像头未检测到，等待重连...
[2026-07-12 10:59:15] [CAM] 摄像头捕获器已释放
[2026-07-12 10:59:15] [CAM] 摄像头未检测到，等待重连...
[2026-07-12 10:59:15] [CAM] 摄像头捕获器已释放
[2026-07-12 10:59:15] [CAM] 摄像头未检测到，等待重连...
[2026-07-12 10:59:16] [CAM] 摄像头捕获器已释放
[2026-07-12 10:59:16] [CAM] 摄像头未检测到，等待重连...
[2026-07-12 10:59:16] [CAM] 摄像头捕获器已释放
[2026-07-12 10:59:16] [CAM] 摄像头未检测到，等待重连...
[2026-07-12 10:59:17] [CAM] 摄像头捕获器已释放
[2026-07-12 10:59:17] [CAM] 摄像头未检测到，等待重连...
[2026-07-12 10:59:17] [CAM] 摄像头捕获器已释放
[2026-07-12 10:59:17] [CAM] 摄像头未检测到，等待重连...
[2026-07-12 10:59:18] [CAM] 摄像头捕获器已释放
[2026-07-12 10:59:18] [CAM] 摄像头未检测到，等待重连...
[2026-07-12 10:59:18] [CAM] 摄像头捕获器已释放
[2026-07-12 10:59:18] [CAM] 摄像头未检测到，等待重连...
[2026-07-12 10:59:19] [CAM] 摄像头捕获器已释放
[2026-07-12 10:59:19] [CAM] 摄像头未检测到，等待重连...
[2026-07-12 10:59:19] [CAM] 摄像头捕获器已释放
[2026-07-12 10:59:19] [CAM] 摄像头未检测到，等待重连...
[2026-07-12 10:59:20] [CAM] 摄像头捕获器已释放
[2026-07-12 10:59:20] [CAM] 摄像头未检测到，等待重连...
[2026-07-12 10:59:20] [CAM] 摄像头捕获器已释放
[2026-07-12 10:59:20] [CAM] 摄像头未检测到，等待重连...
[2026-07-12 10:59:21] [CAM] 摄像头捕获器已释放
[2026-07-12 10:59:21] [CAM] 摄像头未检测到，等待重连...
[2026-07-12 10:59:21] [CAM] 摄像头捕获器已释放
[2026-07-12 10:59:21] [CAM] 摄像头未检测到，等待重连...
[2026-07-12 10:59:22] [CAM] 摄像头捕获器已释放
[2026-07-12 10:59:22] [CAM] 摄像头未检测到，等待重连...
[2026-07-12 10:59:22] [CAM] 摄像头捕获器已释放
[2026-07-12 10:59:22] [CAM] 摄像头未检测到，等待重连...
[2026-07-12 10:59:23] [CAM] 摄像头捕获器已释放
[2026-07-12 10:59:23] [CAM] 摄像头未检测到，等待重连...
[2026-07-12 10:59:23] [CAM] 摄像头捕获器已释放
[2026-07-12 10:59:23] [CAM] 摄像头未检测到，等待重连...
[2026-07-12 10:59:24] [CAM] 摄像头捕获器已释放
[2026-07-12 10:59:24] [CAM] 摄像头未检测到，等待重连...
[2026-07-12 10:59:24] [CAM] 摄像头捕获器已释放
[2026-07-12 10:59:24] [CAM] 摄像头未检测到，等待重连...
[2026-07-12 10:59:25] [CAM] 摄像头捕获器已释放
[2026-07-12 10:59:25] [CAM] 摄像头未检测到，等待重连...
[2026-07-12 10:59:25] [CAM] 摄像头捕获器已释放
[2026-07-12 10:59:25] [CAM] 摄像头未检测到，等待重连...
[2026-07-12 10:59:26] [CAM] 摄像头捕获器已释放
[2026-07-12 10:59:26] [CAM] 摄像头未检测到，等待重连...
[2026-07-12 10:59:26] [CAM] 摄像头捕获器已释放
[2026-07-12 10:59:26] [CAM] 摄像头未检测到，等待重连...
[2026-07-12 10:59:27] [CAM] 摄像头捕获器已释放
[2026-07-12 10:59:27] [CAM] 摄像头未检测到，等待重连...
[2026-07-12 10:59:27] [CAM] 摄像头捕获器已释放
[2026-07-12 10:59:27] [CAM] 摄像头未检测到，等待重连...
[2026-07-12 10:59:28] [CAM] 摄像头捕获器已释放
[2026-07-12 10:59:28] [CAM] 摄像头未检测到，等待重连...
[2026-07-12 10:59:28] [CAM] 摄像头捕获器已释放
[2026-07-12 10:59:28] [CAM] 摄像头未检测到，等待重连...
[2026-07-12 10:59:29] [CAM] 摄像头捕获器已释放
[2026-07-12 10:59:29] [CAM] 摄像头未检测到，等待重连...
[2026-07-12 10:59:29] [CAM] 摄像头捕获器已释放
[2026-07-12 10:59:29] [CAM] 摄像头未检测到，等待重连...
[2026-07-12 10:59:30] [CAM] 摄像头捕获器已释放
[2026-07-12 10:59:30] [CAM] 摄像头未检测到，等待重连...
[2026-07-12 10:59:30] [CAM] 摄像头捕获器已释放
[2026-07-12 10:59:30] [CAM] 摄像头未检测到，等待重连...
[2026-07-12 10:59:31] [CAM] 摄像头捕获器已释放
[2026-07-12 10:59:31] [CAM] 摄像头未检测到，等待重连...
[2026-07-12 10:59:31] [CAM] 摄像头捕获器已释放
[2026-07-12 10:59:31] [CAM] 摄像头未检测到，等待重连...
[2026-07-12 10:59:32] [CAM] 摄像头捕获器已释放
[2026-07-12 10:59:32] [CAM] 摄像头未检测到，等待重连...
[2026-07-12 10:59:32] [CAM] 摄像头捕获器已释放
[2026-07-12 10:59:32] [CAM] 摄像头未检测到，等待重连...
[2026-07-12 10:59:33] [CAM] 摄像头捕获器已释放
[2026-07-12 10:59:33] [CAM] 摄像头未检测到，等待重连...
[2026-07-12 10:59:33] [CAM] 摄像头捕获器已释放
[2026-07-12 10:59:33] [CAM] 摄像头未检测到，等待重连...
[2026-07-12 10:59:34] [CAM] 摄像头捕获器已释放
[2026-07-12 10:59:34] [CAM] 摄像头未检测到，等待重连...
[2026-07-12 10:59:34] [CAM] 摄像头捕获器已释放
[2026-07-12 10:59:34] [CAM] 摄像头未检测到，等待重连...
[2026-07-12 10:59:35] [CAM] 摄像头捕获器已释放
[2026-07-12 10:59:35] [CAM] 摄像头未检测到，等待重连...
[2026-07-12 10:59:35] [CAM] 摄像头捕获器已释放
[2026-07-12 10:59:35] [CAM] 摄像头未检测到，等待重连...
[2026-07-12 10:59:36] [CAM] 摄像头捕获器已释放
[2026-07-12 10:59:36] [CAM] 摄像头未检测到，等待重连...
[2026-07-12 10:59:36] [CAM] 摄像头捕获器已释放
[2026-07-12 10:59:36] [CAM] 摄像头未检测到，等待重连...
[2026-07-12 10:59:37] [CAM] 摄像头捕获器已释放
[2026-07-12 10:59:37] [CAM] 摄像头未检测到，等待重连...
[2026-07-12 10:59:37] [CAM] 摄像头捕获器已释放
[2026-07-12 10:59:37] [CAM] 摄像头未检测到，等待重连...
[2026-07-12 10:59:38] [CAM] 摄像头捕获器已释放
[2026-07-12 10:59:38] [CAM] 摄像头未检测到，等待重连...
[2026-07-12 10:59:38] [CAM] 摄像头捕获器已释放
[2026-07-12 10:59:38] [CAM] 摄像头未检测到，等待重连...
[2026-07-12 10:59:39] [CAM] 摄像头捕获器已释放
[2026-07-12 10:59:39] [CAM] 摄像头未检测到，等待重连...
[2026-07-12 10:59:39] [CAM] 摄像头捕获器已释放
[2026-07-12 10:59:39] [CAM] 摄像头未检测到，等待重连...
[2026-07-12 10:59:40] [CAM] 摄像头捕获器已释放
[2026-07-12 10:59:40] [CAM] 摄像头未检测到，等待重连...
[2026-07-12 10:59:40] [CAM] 摄像头捕获器已释放
[2026-07-12 10:59:40] [CAM] 摄像头未检测到，等待重连...
[2026-07-12 10:59:41] [CAM] 摄像头捕获器已释放
[2026-07-12 10:59:41] [CAM] 摄像头未检测到，等待重连...
[2026-07-12 10:59:41] [CAM] 摄像头捕获器已释放
[2026-07-12 10:59:41] [CAM] 摄像头未检测到，等待重连...
[2026-07-12 10:59:42] [CAM] 摄像头捕获器已释放
[2026-07-12 10:59:42] [CAM] 摄像头未检测到，等待重连...
[2026-07-12 10:59:42] [CAM] 摄像头捕获器已释放
[2026-07-12 10:59:42] [CAM] 摄像头未检测到，等待重连...
[2026-07-12 10:59:43] [CAM] 摄像头捕获器已释放
[2026-07-12 10:59:43] [CAM] 摄像头未检测到，等待重连...
[2026-07-12 10:59:43] [CAM] 摄像头捕获器已释放
[2026-07-12 10:59:43] [CAM] 摄像头未检测到，等待重连...
[2026-07-12 10:59:44] [CAM] 摄像头捕获器已释放
[2026-07-12 10:59:44] [CAM] 摄像头未检测到，等待重连...
[2026-07-12 10:59:44] [CAM] 摄像头捕获器已释放
[2026-07-12 10:59:44] [CAM] 摄像头未检测到，等待重连...
[2026-07-12 10:59:45] [CAM] 摄像头捕获器已释放
[2026-07-12 10:59:45] [CAM] 摄像头未检测到，等待重连...
[2026-07-12 10:59:45] [CAM] 摄像头捕获器已释放
[2026-07-12 10:59:45] [CAM] 摄像头未检测到，等待重连...
[2026-07-12 10:59:46] [CAM] 摄像头捕获器已释放
[2026-07-12 10:59:46] [CAM] 摄像头未检测到，等待重连...
[2026-07-12 10:59:46] [CAM] 摄像头捕获器已释放
[2026-07-12 10:59:46] [CAM] 摄像头未检测到，等待重连...
[2026-07-12 10:59:47] [CAM] 摄像头捕获器已释放
[2026-07-12 10:59:47] [CAM] 摄像头未检测到，等待重连...
[2026-07-12 10:59:47] [CAM] 摄像头捕获器已释放
[2026-07-12 10:59:47] [CAM] 摄像头未检测到，等待重连...
[2026-07-12 10:59:48] [CAM] 摄像头捕获器已释放
[2026-07-12 10:59:48] [CAM] 摄像头未检测到，等待重连...
[2026-07-12 10:59:48] [CAM] 摄像头捕获器已释放
[2026-07-12 10:59:48] [CAM] 摄像头未检测到，等待重连...
[2026-07-12 10:59:49] [CAM] 摄像头捕获器已释放
[2026-07-12 10:59:49] [CAM] 摄像头未检测到，等待重连...
[2026-07-12 10:59:49] [CAM] 摄像头捕获器已释放
[2026-07-12 10:59:49] [CAM] 摄像头未检测到，等待重连...
[2026-07-12 10:59:50] [CAM] 摄像头捕获器已释放
[2026-07-12 10:59:50] [CAM] 摄像头未检测到，等待重连...
[2026-07-12 10:59:50] [CAM] 摄像头捕获器已释放
[2026-07-12 10:59:50] [CAM] 摄像头未检测到，等待重连...
[2026-07-12 10:59:51] [CAM] 摄像头捕获器已释放
[2026-07-12 10:59:51] [CAM] 摄像头未检测到，等待重连...
[2026-07-12 10:59:51] [CAM] 摄像头捕获器已释放
[2026-07-12 10:59:51] [CAM] 摄像头未检测到，等待重连...
[2026-07-12 10:59:52] [CAM] 摄像头捕获器已释放
[2026-07-12 10:59:52] [CAM] 摄像头未检测到，等待重连...
[2026-07-12 10:59:52] [CAM] 摄像头捕获器已释放
[2026-07-12 10:59:52] [CAM] 摄像头未检测到，等待重连...
[2026-07-12 10:59:53] [CAM] 摄像头捕获器已释放
[2026-07-12 10:59:53] [CAM] 摄像头未检测到，等待重连...
[2026-07-12 10:59:53] [CAM] 摄像头捕获器已释放
[2026-07-12 10:59:53] [CAM] 摄像头未检测到，等待重连...
[2026-07-12 10:59:54] [CAM] 摄像头捕获器已释放
[2026-07-12 10:59:54] [CAM] 摄像头未检测到，等待重连...
[2026-07-12 10:59:54] [CAM] 摄像头捕获器已释放
[2026-07-12 10:59:54] [CAM] 摄像头未检测到，等待重连...
[2026-07-12 10:59:55] [CAM] 摄像头捕获器已释放
[2026-07-12 10:59:55] [CAM] 摄像头未检测到，等待重连...
[2026-07-12 10:59:55] [CAM] 摄像头捕获器已释放
[2026-07-12 10:59:55] [CAM] 摄像头未检测到，等待重连...
[2026-07-12 10:59:56] [CAM] 摄像头捕获器已释放
[2026-07-12 10:59:56] [CAM] 摄像头未检测到，等待重连...
[2026-07-12 10:59:56] [CAM] 摄像头捕获器已释放
[2026-07-12 10:59:56] [CAM] 摄像头未检测到，等待重连...
[2026-07-12 10:59:57] [CAM] 摄像头捕获器已释放
[2026-07-12 10:59:57] [CAM] 摄像头未检测到，等待重连...
[2026-07-12 10:59:57] [CAM] 摄像头捕获器已释放
[2026-07-12 10:59:57] [CAM] 摄像头未检测到，等待重连...
[2026-07-12 10:59:58] [CAM] 摄像头捕获器已释放
[2026-07-12 10:59:58] [CAM] 摄像头未检测到，等待重连...
[2026-07-12 10:59:58] [CAM] 摄像头捕获器已释放
[2026-07-12 10:59:58] [CAM] 摄像头未检测到，等待重连...
[2026-07-12 10:59:59] [CAM] 摄像头捕获器已释放
[2026-07-12 10:59:59] [CAM] 摄像头未检测到，等待重连...
[2026-07-12 10:59:59] [CAM] 摄像头捕获器已释放
[2026-07-12 10:59:59] [CAM] 摄像头未检测到，等待重连...
[2026-07-12 11:00:00] [CAM] 摄像头捕获器已释放
[2026-07-12 11:00:00] [CAM] 摄像头未检测到，等待重连...
[2026-07-12 11:00:00] [CAM] 摄像头捕获器已释放
[2026-07-12 11:00:00] [CAM] 摄像头未检测到，等待重连...
[2026-07-12 11:00:01] [CAM] 摄像头捕获器已释放
[2026-07-12 11:00:01] [CAM] 摄像头未检测到，等待重连...
[2026-07-12 11:00:01] [CAM] 摄像头捕获器已释放
[2026-07-12 11:00:01] [CAM] 摄像头未检测到，等待重连...
[2026-07-12 11:00:02] [CAM] 摄像头捕获器已释放
[2026-07-12 11:00:02] [CAM] 摄像头未检测到，等待重连...
[2026-07-12 11:00:02] [CAM] 摄像头捕获器已释放
[2026-07-12 11:00:02] [CAM] 摄像头未检测到，等待重连...
[2026-07-12 11:00:03] [CAM] 摄像头捕获器已释放
[2026-07-12 11:00:03] [CAM] 摄像头未检测到，等待重连...
[2026-07-12 11:00:03] [CAM] 摄像头捕获器已释放
[2026-07-12 11:00:03] [CAM] 摄像头未检测到，等待重连...
[2026-07-12 11:00:04] [CAM] 摄像头捕获器已释放
[2026-07-12 11:00:04] [CAM] 摄像头未检测到，等待重连...
[2026-07-12 11:00:04] [CAM] 摄像头捕获器已释放
[2026-07-12 11:00:04] [CAM] 摄像头未检测到，等待重连...
[2026-07-12 11:00:05] [CAM] 摄像头捕获器已释放
[2026-07-12 11:00:05] [CAM] 摄像头未检测到，等待重连...
[2026-07-12 11:00:05] [CAM] 摄像头捕获器已释放
[2026-07-12 11:00:05] [CAM] 摄像头未检测到，等待重连...
[2026-07-12 11:00:06] [CAM] 摄像头捕获器已释放
[2026-07-12 11:00:06] [CAM] 摄像头未检测到，等待重连...
[2026-07-12 11:00:06] [CAM] 摄像头捕获器已释放
[2026-07-12 11:00:06] [CAM] 摄像头未检测到，等待重连...
[2026-07-12 11:00:07] [CAM] 摄像头捕获器已释放
[2026-07-12 11:00:07] [CAM] 摄像头未检测到，等待重连...
[2026-07-12 11:00:07] [CAM] 摄像头捕获器已释放
[2026-07-12 11:00:07] [CAM] 摄像头未检测到，等待重连...
[2026-07-12 11:00:08] [CAM] 摄像头捕获器已释放
[2026-07-12 11:00:08] [CAM] 摄像头未检测到，等待重连...
[2026-07-12 11:00:08] [CAM] 摄像头捕获器已释放
[2026-07-12 11:00:08] [CAM] 摄像头未检测到，等待重连...
[2026-07-12 11:00:09] [CAM] 摄像头捕获器已释放
[2026-07-12 11:00:09] [CAM] 摄像头未检测到，等待重连...
[2026-07-12 11:00:09] [CAM] 摄像头捕获器已释放
[2026-07-12 11:00:09] [CAM] 摄像头未检测到，等待重连...
[2026-07-12 11:00:10] [CAM] 摄像头捕获器已释放
[2026-07-12 11:00:10] [CAM] 摄像头未检测到，等待重连...
[2026-07-12 11:00:10] [CAM] 摄像头捕获器已释放
[2026-07-12 11:00:10] [CAM] 摄像头未检测到，等待重连...
[2026-07-12 11:00:11] [CAM] 摄像头捕获器已释放
[2026-07-12 11:00:11] [CAM] 摄像头未检测到，等待重连...
[2026-07-12 11:00:11] [CAM] 摄像头捕获器已释放
[2026-07-12 11:00:11] [CAM] 摄像头未检测到，等待重连...
[2026-07-12 11:00:12] [CAM] 摄像头捕获器已释放
[2026-07-12 11:00:12] [CAM] 摄像头未检测到，等待重连...
[2026-07-12 11:00:12] [CAM] 摄像头捕获器已释放
[2026-07-12 11:00:12] [CAM] 摄像头未检测到，等待重连...
[2026-07-12 11:00:13] [CAM] 摄像头捕获器已释放
[2026-07-12 11:00:13] [CAM] 摄像头未检测到，等待重连...
[2026-07-12 11:00:13] [CAM] 摄像头捕获器已释放
[2026-07-12 11:00:13] [CAM] 摄像头未检测到，等待重连...
[2026-07-12 11:00:14] [CAM] 摄像头捕获器已释放
[2026-07-12 11:00:14] [CAM] 摄像头未检测到，等待重连...
[2026-07-12 11:00:14] [CAM] 摄像头捕获器已释放
[2026-07-12 11:00:14] [CAM] 摄像头未检测到，等待重连...
[2026-07-12 11:00:15] [CAM] 摄像头捕获器已释放
[2026-07-12 11:00:15] [CAM] 摄像头未检测到，等待重连...
[2026-07-12 11:00:15] [CAM] 摄像头捕获器已释放
[2026-07-12 11:00:15] [CAM] 摄像头未检测到，等待重连...
[2026-07-12 11:00:16] [CAM] 摄像头捕获器已释放
[2026-07-12 11:00:16] [CAM] 摄像头未检测到，等待重连...
[2026-07-12 11:00:16] [CAM] 摄像头捕获器已释放
[2026-07-12 11:00:16] [CAM] 摄像头未检测到，等待重连...
[2026-07-12 11:00:17] [CAM] 摄像头捕获器已释放
[2026-07-12 11:00:17] [CAM] 摄像头未检测到，等待重连...
[2026-07-12 11:00:17] [CAM] 摄像头捕获器已释放
[2026-07-12 11:00:17] [CAM] 摄像头未检测到，等待重连...
[2026-07-12 11:00:18] [CAM] 摄像头捕获器已释放
[2026-07-12 11:00:18] [CAM] 摄像头未检测到，等待重连...
[2026-07-12 11:00:18] [CAM] 摄像头捕获器已释放
[2026-07-12 11:00:18] [CAM] 摄像头未检测到，等待重连...
[2026-07-12 11:00:19] [CAM] 摄像头捕获器已释放
[2026-07-12 11:00:19] [CAM] 摄像头未检测到，等待重连...
[2026-07-12 11:00:19] [CAM] 摄像头捕获器已释放
[2026-07-12 11:00:19] [CAM] 摄像头未检测到，等待重连...
[2026-07-12 11:00:20] [CAM] 摄像头捕获器已释放
[2026-07-12 11:00:20] [CAM] 摄像头未检测到，等待重连...
[2026-07-12 11:00:20] [CAM] 摄像头捕获器已释放
[2026-07-12 11:00:20] [CAM] 摄像头未检测到，等待重连...
[2026-07-12 11:00:21] [CAM] 摄像头捕获器已释放
[2026-07-12 11:00:21] [CAM] 摄像头未检测到，等待重连...
[2026-07-12 11:00:21] [CAM] 摄像头捕获器已释放
[2026-07-12 11:00:21] [CAM] 摄像头未检测到，等待重连...
[2026-07-12 11:00:22] [CAM] 摄像头捕获器已释放
[2026-07-12 11:00:22] [CAM] 摄像头未检测到，等待重连...
[2026-07-12 11:00:22] [CAM] 摄像头捕获器已释放
[2026-07-12 11:00:22] [CAM] 摄像头未检测到，等待重连...
[2026-07-12 11:00:23] [CAM] 摄像头捕获器已释放
[2026-07-12 11:00:23] [CAM] 摄像头未检测到，等待重连...
[2026-07-12 11:00:23] [CAM] 摄像头捕获器已释放
[2026-07-12 11:00:23] [CAM] 摄像头未检测到，等待重连...
[2026-07-12 11:00:24] [CAM] 摄像头捕获器已释放
[2026-07-12 11:00:24] [CAM] 摄像头未检测到，等待重连...
[2026-07-12 11:00:24] [CAM] 摄像头捕获器已释放
[2026-07-12 11:00:24] [CAM] 摄像头未检测到，等待重连...
[2026-07-12 11:00:25] [CAM] 摄像头捕获器已释放
[2026-07-12 11:00:25] [CAM] 摄像头未检测到，等待重连...
[2026-07-12 11:00:25] [CAM] 摄像头捕获器已释放
[2026-07-12 11:00:25] [CAM] 摄像头未检测到，等待重连...
[2026-07-12 11:00:26] [CAM] 摄像头捕获器已释放
[2026-07-12 11:00:26] [CAM] 摄像头未检测到，等待重连...
[2026-07-12 11:00:26] [CAM] 摄像头捕获器已释放
[2026-07-12 11:00:26] [CAM] 摄像头未检测到，等待重连...
[2026-07-12 11:00:27] [CAM] 摄像头捕获器已释放
[2026-07-12 11:00:27] [CAM] 摄像头未检测到，等待重连...
[2026-07-12 11:00:27] [CAM] 摄像头捕获器已释放
[2026-07-12 11:00:27] [CAM] 摄像头未检测到，等待重连...
[2026-07-12 11:00:28] [CAM] 摄像头捕获器已释放
[2026-07-12 11:00:28] [CAM] 摄像头未检测到，等待重连...
[2026-07-12 11:00:28] [CAM] 摄像头捕获器已释放
[2026-07-12 11:00:28] [CAM] 摄像头未检测到，等待重连...
[2026-07-12 11:00:29] [CAM] 摄像头捕获器已释放
[2026-07-12 11:00:29] [CAM] 摄像头未检测到，等待重连...
[2026-07-12 11:00:29] [CAM] 摄像头捕获器已释放
[2026-07-12 11:00:29] [CAM] 摄像头未检测到，等待重连...
[2026-07-12 11:00:30] [CAM] 摄像头捕获器已释放
[2026-07-12 11:00:30] [CAM] 摄像头未检测到，等待重连...
[2026-07-12 11:00:30] [CAM] 摄像头捕获器已释放
[2026-07-12 11:00:30] [CAM] 摄像头未检测到，等待重连...
[2026-07-12 11:00:31] [CAM] 摄像头捕获器已释放
[2026-07-12 11:00:31] [CAM] 摄像头未检测到，等待重连...
[2026-07-12 11:00:31] [CAM] 摄像头捕获器已释放
[2026-07-12 11:00:31] [CAM] 摄像头未检测到，等待重连...
[2026-07-12 11:00:32] [CAM] 摄像头捕获器已释放
[2026-07-12 11:00:32] [CAM] 摄像头未检测到，等待重连...
[2026-07-12 11:00:32] [CAM] 摄像头捕获器已释放
[2026-07-12 11:00:32] [CAM] 摄像头未检测到，等待重连...
[2026-07-12 11:00:33] [CAM] 摄像头捕获器已释放
[2026-07-12 11:00:33] [CAM] 摄像头未检测到，等待重连...
[2026-07-12 11:00:33] [CAM] 摄像头捕获器已释放
[2026-07-12 11:00:33] [CAM] 摄像头未检测到，等待重连...
[2026-07-12 11:00:34] [CAM] 摄像头捕获器已释放
[2026-07-12 11:00:34] [CAM] 摄像头未检测到，等待重连...
[2026-07-12 11:00:34] [CAM] 摄像头捕获器已释放
[2026-07-12 11:00:34] [CAM] 摄像头未检测到，等待重连...
[2026-07-12 11:00:35] [CAM] 摄像头捕获器已释放
[2026-07-12 11:00:35] [CAM] 摄像头未检测到，等待重连...
[2026-07-12 11:00:35] [CAM] 摄像头捕获器已释放
[2026-07-12 11:00:35] [CAM] 摄像头未检测到，等待重连...
[2026-07-12 11:00:36] [CAM] 摄像头捕获器已释放
[2026-07-12 11:00:36] [CAM] 摄像头未检测到，等待重连...
[2026-07-12 11:00:36] [CAM] 摄像头捕获器已释放
[2026-07-12 11:00:36] [CAM] 摄像头未检测到，等待重连...
[2026-07-12 11:00:37] [CAM] 摄像头捕获器已释放
[2026-07-12 11:00:37] [CAM] 摄像头未检测到，等待重连...
[2026-07-12 11:00:37] [CAM] 摄像头捕获器已释放
[2026-07-12 11:00:37] [CAM] 摄像头未检测到，等待重连...
[2026-07-12 11:00:38] [CAM] 摄像头捕获器已释放
[2026-07-12 11:00:38] [CAM] 摄像头未检测到，等待重连...
[2026-07-12 11:00:38] [CAM] 摄像头捕获器已释放
[2026-07-12 11:00:38] [CAM] 摄像头未检测到，等待重连...
[2026-07-12 11:00:39] [CAM] 摄像头捕获器已释放
[2026-07-12 11:00:39] [CAM] 摄像头未检测到，等待重连...
[2026-07-12 11:00:39] [CAM] 摄像头捕获器已释放
[2026-07-12 11:00:39] [CAM] 摄像头未检测到，等待重连...
[2026-07-12 11:00:40] [CAM] 摄像头捕获器已释放
[2026-07-12 11:00:40] [CAM] 摄像头未检测到，等待重连...
[2026-07-12 11:00:40] [CAM] 摄像头捕获器已释放
[2026-07-12 11:00:40] [CAM] 摄像头未检测到，等待重连...
[2026-07-12 11:00:41] [CAM] 摄像头捕获器已释放
[2026-07-12 11:00:41] [CAM] 摄像头未检测到，等待重连...
[2026-07-12 11:00:41] [CAM] 摄像头捕获器已释放
[2026-07-12 11:00:41] [CAM] 摄像头未检测到，等待重连...
[2026-07-12 11:00:42] [CAM] 摄像头捕获器已释放
[2026-07-12 11:00:42] [CAM] 摄像头未检测到，等待重连...
[2026-07-12 11:00:42] [CAM] 摄像头捕获器已释放
[2026-07-12 11:00:42] [CAM] 摄像头未检测到，等待重连...
[2026-07-12 11:00:43] [CAM] 摄像头捕获器已释放
[2026-07-12 11:00:43] [CAM] 摄像头未检测到，等待重连...
[2026-07-12 11:00:43] [CAM] 摄像头捕获器已释放
[2026-07-12 11:00:43] [CAM] 摄像头未检测到，等待重连...
[2026-07-12 11:00:44] [CAM] 摄像头捕获器已释放
[2026-07-12 11:00:44] [CAM] 摄像头未检测到，等待重连...
[2026-07-12 11:00:44] [CAM] 摄像头捕获器已释放
[2026-07-12 11:00:44] [CAM] 摄像头未检测到，等待重连...
[2026-07-12 11:00:45] [CAM] 摄像头捕获器已释放
[2026-07-12 11:00:45] [CAM] 摄像头未检测到，等待重连...
[2026-07-12 11:00:45] [CAM] 摄像头捕获器已释放
[2026-07-12 11:00:45] [CAM] 摄像头未检测到，等待重连...
[2026-07-12 11:00:46] [CAM] 摄像头捕获器已释放
[2026-07-12 11:00:46] [CAM] 摄像头未检测到，等待重连...
[2026-07-12 11:00:46] [CAM] 摄像头捕获器已释放
[2026-07-12 11:00:46] [CAM] 摄像头未检测到，等待重连...
[2026-07-12 11:00:47] [CAM] 摄像头捕获器已释放
[2026-07-12 11:00:47] [CAM] 摄像头未检测到，等待重连...
[2026-07-12 11:00:47] [CAM] 摄像头捕获器已释放
[2026-07-12 11:00:47] [CAM] 摄像头未检测到，等待重连...
[2026-07-12 11:00:48] [CAM] 摄像头捕获器已释放
[2026-07-12 11:00:48] [CAM] 摄像头未检测到，等待重连...
[2026-07-12 11:00:48] [CAM] 摄像头捕获器已释放
[2026-07-12 11:00:48] [CAM] 摄像头未检测到，等待重连...
[2026-07-12 11:00:49] [CAM] 摄像头捕获器已释放
[2026-07-12 11:00:49] [CAM] 摄像头未检测到，等待重连...
[2026-07-12 11:00:49] [ERROR] 网络断开，无法访问外网
[2026-07-12 11:00:49] [CAM] 摄像头捕获器已释放
[2026-07-12 11:00:49] [CAM] 摄像头未检测到，等待重连...
[2026-07-12 11:00:50] [CAM] 摄像头捕获器已释放
[2026-07-12 11:00:50] [CAM] 摄像头未检测到，等待重连...
[2026-07-12 11:00:50] [NET] 网络已恢复连通
[2026-07-12 11:00:50] [CAM] 摄像头捕获器已释放
[2026-07-12 11:00:50] [CAM] 摄像头未检测到，等待重连...
[2026-07-12 11:00:51] [CAM] 摄像头捕获器已释放
[2026-07-12 11:00:51] [CAM] 摄像头未检测到，等待重连...
[2026-07-12 11:00:51] [CAM] 摄像头捕获器已释放
[2026-07-12 11:00:51] [CAM] 摄像头未检测到，等待重连...
[2026-07-12 11:00:52] [CAM] 摄像头捕获器已释放
[2026-07-12 11:00:52] [CAM] 摄像头未检测到，等待重连...
[2026-07-12 11:00:52] [CAM] 摄像头捕获器已释放
[2026-07-12 11:00:52] [CAM] 摄像头未检测到，等待重连...
[2026-07-12 11:00:53] [CAM] 摄像头捕获器已释放
[2026-07-12 11:00:53] [CAM] 摄像头未检测到，等待重连...
[2026-07-12 11:00:53] [CAM] 摄像头捕获器已释放
[2026-07-12 11:00:53] [CAM] 摄像头未检测到，等待重连...
[2026-07-12 11:00:54] [CAM] 摄像头捕获器已释放
[2026-07-12 11:00:54] [CAM] 摄像头未检测到，等待重连...
[2026-07-12 11:00:54] [CAM] 摄像头捕获器已释放
[2026-07-12 11:00:54] [CAM] 摄像头未检测到，等待重连...
[2026-07-12 11:00:55] [CAM] 摄像头捕获器已释放
[2026-07-12 11:00:55] [CAM] 摄像头未检测到，等待重连...
[2026-07-12 11:00:55] [CAM] 摄像头捕获器已释放
[2026-07-12 11:00:55] [CAM] 摄像头未检测到，等待重连...
[2026-07-12 11:00:56] [CAM] 摄像头捕获器已释放
[2026-07-12 11:00:56] [CAM] 摄像头未检测到，等待重连...
[2026-07-12 11:00:56] [CAM] 摄像头捕获器已释放
[2026-07-12 11:00:56] [CAM] 摄像头未检测到，等待重连...
[2026-07-12 11:00:57] [CAM] 摄像头捕获器已释放
[2026-07-12 11:00:57] [CAM] 摄像头未检测到，等待重连...
[2026-07-12 11:00:57] [CAM] 摄像头捕获器已释放
[2026-07-12 11:00:57] [CAM] 摄像头未检测到，等待重连...
[2026-07-12 11:00:58] [CAM] 摄像头捕获器已释放
[2026-07-12 11:00:58] [CAM] 摄像头未检测到，等待重连...
[2026-07-12 11:00:58] [CAM] 摄像头捕获器已释放
[2026-07-12 11:00:58] [CAM] 摄像头未检测到，等待重连...
[2026-07-12 11:00:59] [CAM] 摄像头捕获器已释放
[2026-07-12 11:00:59] [CAM] 摄像头未检测到，等待重连...
[2026-07-12 11:00:59] [CAM] 摄像头捕获器已释放
[2026-07-12 11:00:59] [CAM] 摄像头未检测到，等待重连...
[2026-07-12 11:01:00] [CAM] 摄像头捕获器已释放
[2026-07-12 11:01:00] [CAM] 摄像头未检测到，等待重连...
[2026-07-12 11:01:00] [CAM] 摄像头捕获器已释放
[2026-07-12 11:01:00] [CAM] 摄像头未检测到，等待重连...
[2026-07-12 11:01:01] [CAM] 摄像头捕获器已释放
[2026-07-12 11:01:01] [CAM] 摄像头未检测到，等待重连...
[2026-07-12 11:01:01] [CAM] 摄像头捕获器已释放
[2026-07-12 11:01:01] [CAM] 摄像头未检测到，等待重连...
[2026-07-12 11:01:02] [CAM] 摄像头捕获器已释放
[2026-07-12 11:01:02] [CAM] 摄像头未检测到，等待重连...
[2026-07-12 11:01:02] [CAM] 摄像头捕获器已释放
[2026-07-12 11:01:02] [CAM] 摄像头未检测到，等待重连...
[2026-07-12 11:01:03] [CAM] 摄像头捕获器已释放
[2026-07-12 11:01:03] [CAM] 摄像头未检测到，等待重连...
[2026-07-12 11:01:03] [CAM] 摄像头捕获器已释放
[2026-07-12 11:01:03] [CAM] 摄像头未检测到，等待重连...
[2026-07-12 11:01:04] [CAM] 摄像头捕获器已释放
[2026-07-12 11:01:04] [CAM] 摄像头未检测到，等待重连...
[2026-07-12 11:01:04] [CAM] 摄像头捕获器已释放
[2026-07-12 11:01:04] [CAM] 摄像头未检测到，等待重连...
[2026-07-12 11:01:05] [CAM] 摄像头捕获器已释放
[2026-07-12 11:01:05] [CAM] 摄像头未检测到，等待重连...
[2026-07-12 11:01:05] [CAM] 摄像头捕获器已释放
[2026-07-12 11:01:05] [CAM] 摄像头未检测到，等待重连...
[2026-07-12 11:01:06] [CAM] 摄像头捕获器已释放
[2026-07-12 11:01:06] [CAM] 摄像头未检测到，等待重连...
[2026-07-12 11:01:06] [CAM] 摄像头捕获器已释放
[2026-07-12 11:01:06] [CAM] 摄像头未检测到，等待重连...
[2026-07-12 11:01:07] [CAM] 摄像头捕获器已释放
[2026-07-12 11:01:07] [CAM] 摄像头未检测到，等待重连...
[2026-07-12 11:01:07] [CAM] 摄像头捕获器已释放
[2026-07-12 11:01:07] [CAM] 摄像头未检测到，等待重连...
[2026-07-12 11:01:08] [CAM] 摄像头捕获器已释放
[2026-07-12 11:01:08] [CAM] 摄像头未检测到，等待重连...
[2026-07-12 11:01:08] [CAM] 摄像头捕获器已释放
[2026-07-12 11:01:08] [CAM] 摄像头未检测到，等待重连...
[2026-07-12 11:01:09] [CAM] 摄像头捕获器已释放
[2026-07-12 11:01:09] [CAM] 摄像头未检测到，等待重连...
[2026-07-12 11:01:09] [CAM] 摄像头捕获器已释放
[2026-07-12 11:01:09] [CAM] 摄像头未检测到，等待重连...
[2026-07-12 11:01:10] [CAM] 摄像头捕获器已释放
[2026-07-12 11:01:10] [CAM] 摄像头未检测到，等待重连...
[2026-07-12 11:01:10] [CAM] 摄像头捕获器已释放
[2026-07-12 11:01:10] [CAM] 摄像头未检测到，等待重连...
[2026-07-12 11:01:11] [CAM] 摄像头捕获器已释放
[2026-07-12 11:01:11] [CAM] 摄像头未检测到，等待重连...
[2026-07-12 11:01:11] [CAM] 摄像头捕获器已释放
[2026-07-12 11:01:11] [CAM] 摄像头未检测到，等待重连...
[2026-07-12 11:01:12] [CAM] 摄像头捕获器已释放
[2026-07-12 11:01:12] [CAM] 摄像头未检测到，等待重连...
[2026-07-12 11:01:12] [CAM] 摄像头捕获器已释放
[2026-07-12 11:01:12] [CAM] 摄像头未检测到，等待重连...
[2026-07-12 11:01:13] [CAM] 摄像头捕获器已释放
[2026-07-12 11:01:13] [CAM] 摄像头未检测到，等待重连...
[2026-07-12 11:01:13] [CAM] 摄像头捕获器已释放
[2026-07-12 11:01:13] [CAM] 摄像头未检测到，等待重连...
[2026-07-12 11:01:14] [CAM] 摄像头捕获器已释放
[2026-07-12 11:01:14] [CAM] 摄像头未检测到，等待重连...
[2026-07-12 11:01:14] [CAM] 摄像头捕获器已释放
[2026-07-12 11:01:14] [CAM] 摄像头未检测到，等待重连...
[2026-07-12 11:01:15] [CAM] 摄像头捕获器已释放
[2026-07-12 11:01:15] [CAM] 摄像头未检测到，等待重连...
[2026-07-12 11:01:15] [CAM] 摄像头捕获器已释放
[2026-07-12 11:01:15] [CAM] 摄像头未检测到，等待重连...
[2026-07-12 11:01:16] [CAM] 摄像头捕获器已释放
[2026-07-12 11:01:16] [CAM] 摄像头未检测到，等待重连...
[2026-07-12 11:01:16] [CAM] 摄像头捕获器已释放
[2026-07-12 11:01:16] [CAM] 摄像头未检测到，等待重连...
[2026-07-12 11:01:17] [CAM] 摄像头捕获器已释放
[2026-07-12 11:01:17] [CAM] 摄像头未检测到，等待重连...
[2026-07-12 11:01:17] [CAM] 摄像头捕获器已释放
[2026-07-12 11:01:17] [CAM] 摄像头未检测到，等待重连...
[2026-07-12 11:01:18] [CAM] 摄像头捕获器已释放
[2026-07-12 11:01:18] [CAM] 摄像头未检测到，等待重连...
[2026-07-12 11:01:18] [CAM] 摄像头捕获器已释放
[2026-07-12 11:01:18] [CAM] 摄像头未检测到，等待重连...
[2026-07-12 11:01:19] [CAM] 摄像头捕获器已释放
[2026-07-12 11:01:19] [CAM] 摄像头未检测到，等待重连...
[2026-07-12 11:01:19] [CAM] 摄像头捕获器已释放
[2026-07-12 11:01:19] [CAM] 摄像头未检测到，等待重连...
[2026-07-12 11:01:20] [CAM] 摄像头捕获器已释放
[2026-07-12 11:01:20] [CAM] 摄像头未检测到，等待重连...
[2026-07-12 11:01:20] [CAM] 摄像头捕获器已释放
[2026-07-12 11:01:20] [CAM] 摄像头未检测到，等待重连...
[2026-07-12 11:01:21] [CAM] 摄像头捕获器已释放
[2026-07-12 11:01:21] [CAM] 摄像头未检测到，等待重连...
[2026-07-12 11:01:21] [CAM] 摄像头捕获器已释放
[2026-07-12 11:01:21] [CAM] 摄像头未检测到，等待重连...
[2026-07-12 11:01:22] [CAM] 摄像头捕获器已释放
[2026-07-12 11:01:22] [CAM] 摄像头未检测到，等待重连...
[2026-07-12 11:01:22] [CAM] 摄像头捕获器已释放
[2026-07-12 11:01:22] [CAM] 摄像头未检测到，等待重连...
[2026-07-12 11:01:23] [CAM] 摄像头捕获器已释放
[2026-07-12 11:01:23] [CAM] 摄像头未检测到，等待重连...
[2026-07-12 11:01:23] [CAM] 摄像头捕获器已释放
[2026-07-12 11:01:23] [CAM] 摄像头未检测到，等待重连...
[2026-07-12 11:01:24] [CAM] 摄像头捕获器已释放
[2026-07-12 11:01:24] [CAM] 摄像头未检测到，等待重连...
[2026-07-12 11:01:24] [CAM] 摄像头捕获器已释放
[2026-07-12 11:01:24] [CAM] 摄像头未检测到，等待重连...
[2026-07-12 11:01:25] [CAM] 摄像头捕获器已释放
[2026-07-12 11:01:25] [CAM] 摄像头未检测到，等待重连...
[2026-07-12 11:01:25] [CAM] 摄像头捕获器已释放
[2026-07-12 11:01:25] [CAM] 摄像头未检测到，等待重连...
[2026-07-12 11:01:26] [CAM] 摄像头捕获器已释放
[2026-07-12 11:01:26] [CAM] 摄像头未检测到，等待重连...
[2026-07-12 11:01:26] [CAM] 摄像头捕获器已释放
[2026-07-12 11:01:26] [CAM] 摄像头未检测到，等待重连...
[2026-07-12 11:01:27] [CAM] 摄像头捕获器已释放
[2026-07-12 11:01:27] [CAM] 摄像头未检测到，等待重连...
[2026-07-12 11:01:27] [CAM] 摄像头捕获器已释放
[2026-07-12 11:01:27] [CAM] 摄像头未检测到，等待重连...
[2026-07-12 11:01:28] [CAM] 摄像头捕获器已释放
[2026-07-12 11:01:28] [CAM] 摄像头未检测到，等待重连...
[2026-07-12 11:01:28] [CAM] 摄像头捕获器已释放
[2026-07-12 11:01:29] [CAM] 摄像头未检测到，等待重连...
[2026-07-12 11:01:29] [CAM] 摄像头捕获器已释放
[2026-07-12 11:01:29] [CAM] 摄像头未检测到，等待重连...
[2026-07-12 11:01:30] [CAM] 摄像头捕获器已释放
[2026-07-12 11:01:30] [CAM] 摄像头未检测到，等待重连...
[2026-07-12 11:01:30] [CAM] 摄像头捕获器已释放
[2026-07-12 11:01:30] [CAM] 摄像头未检测到，等待重连...
[2026-07-12 11:01:31] [CAM] 摄像头捕获器已释放
[2026-07-12 11:01:31] [CAM] 摄像头未检测到，等待重连...
[2026-07-12 11:01:31] [CAM] 摄像头捕获器已释放
[2026-07-12 11:01:31] [CAM] 摄像头未检测到，等待重连...
[2026-07-12 11:01:32] [CAM] 摄像头捕获器已释放
[2026-07-12 11:01:32] [CAM] 摄像头未检测到，等待重连...
[2026-07-12 11:01:32] [CAM] 摄像头捕获器已释放
[2026-07-12 11:01:32] [CAM] 摄像头未检测到，等待重连...
[2026-07-12 11:01:33] [CAM] 摄像头捕获器已释放
[2026-07-12 11:01:33] [CAM] 摄像头未检测到，等待重连...
[2026-07-12 11:01:33] [CAM] 摄像头捕获器已释放
[2026-07-12 11:01:33] [CAM] 摄像头未检测到，等待重连...
[2026-07-12 11:01:34] [CAM] 摄像头捕获器已释放
[2026-07-12 11:01:34] [CAM] 摄像头未检测到，等待重连...
[2026-07-12 11:01:34] [CAM] 摄像头捕获器已释放
[2026-07-12 11:01:34] [CAM] 摄像头未检测到，等待重连...
[2026-07-12 11:01:35] [CAM] 摄像头捕获器已释放
[2026-07-12 11:01:35] [CAM] 摄像头未检测到，等待重连...
[2026-07-12 11:01:35] [CAM] 摄像头捕获器已释放
[2026-07-12 11:01:35] [CAM] 摄像头未检测到，等待重连...
[2026-07-12 11:01:36] [CAM] 摄像头捕获器已释放
[2026-07-12 11:01:36] [CAM] 摄像头未检测到，等待重连...
[2026-07-12 11:01:36] [CAM] 摄像头捕获器已释放
[2026-07-12 11:01:36] [CAM] 摄像头未检测到，等待重连...
[2026-07-12 11:01:37] [CAM] 摄像头捕获器已释放
[2026-07-12 11:01:37] [CAM] 摄像头未检测到，等待重连...
[2026-07-12 11:01:37] [CAM] 摄像头捕获器已释放
[2026-07-12 11:01:37] [CAM] 摄像头未检测到，等待重连...
[2026-07-12 11:01:38] [CAM] 摄像头捕获器已释放
[2026-07-12 11:01:38] [CAM] 摄像头未检测到，等待重连...
[2026-07-12 11:01:38] [CAM] 摄像头捕获器已释放
[2026-07-12 11:01:38] [CAM] 摄像头未检测到，等待重连...
[2026-07-12 11:01:39] [CAM] 摄像头捕获器已释放
[2026-07-12 11:01:39] [CAM] 摄像头未检测到，等待重连...
[2026-07-12 11:01:39] [CAM] 摄像头捕获器已释放
[2026-07-12 11:01:39] [CAM] 摄像头未检测到，等待重连...
[2026-07-12 11:01:40] [CAM] 摄像头捕获器已释放
[2026-07-12 11:01:40] [CAM] 摄像头未检测到，等待重连...
[2026-07-12 11:01:40] [CAM] 摄像头捕获器已释放
[2026-07-12 11:01:40] [CAM] 摄像头未检测到，等待重连...
[2026-07-12 11:01:41] [CAM] 摄像头捕获器已释放
[2026-07-12 11:01:41] [CAM] 摄像头未检测到，等待重连...
[2026-07-12 11:01:41] [CAM] 摄像头捕获器已释放
[2026-07-12 11:01:41] [CAM] 摄像头未检测到，等待重连...
[2026-07-12 11:01:42] [CAM] 摄像头捕获器已释放
[2026-07-12 11:01:42] [CAM] 摄像头未检测到，等待重连...
[2026-07-12 11:01:42] [CAM] 摄像头捕获器已释放
[2026-07-12 11:01:42] [CAM] 摄像头未检测到，等待重连...
[2026-07-12 11:01:43] [CAM] 摄像头捕获器已释放
[2026-07-12 11:01:43] [CAM] 摄像头未检测到，等待重连...
[2026-07-12 11:01:43] [CAM] 摄像头捕获器已释放
[2026-07-12 11:01:43] [CAM] 摄像头未检测到，等待重连...
[2026-07-12 11:01:44] [CAM] 摄像头捕获器已释放
[2026-07-12 11:01:44] [CAM] 摄像头未检测到，等待重连...
[2026-07-12 11:01:44] [CAM] 摄像头捕获器已释放
[2026-07-12 11:01:44] [CAM] 摄像头未检测到，等待重连...
[2026-07-12 11:01:45] [CAM] 摄像头捕获器已释放
[2026-07-12 11:01:45] [CAM] 摄像头未检测到，等待重连...
[2026-07-12 11:01:45] [CAM] 摄像头捕获器已释放
[2026-07-12 11:01:45] [CAM] 摄像头未检测到，等待重连...
[2026-07-12 11:01:46] [CAM] 摄像头捕获器已释放
[2026-07-12 11:01:46] [CAM] 摄像头未检测到，等待重连...
[2026-07-12 11:01:46] [CAM] 摄像头捕获器已释放
[2026-07-12 11:01:46] [CAM] 摄像头未检测到，等待重连...
[2026-07-12 11:01:47] [CAM] 摄像头捕获器已释放
[2026-07-12 11:01:47] [CAM] 摄像头未检测到，等待重连...
[2026-07-12 11:01:47] [CAM] 摄像头捕获器已释放
[2026-07-12 11:01:47] [CAM] 摄像头未检测到，等待重连...
[2026-07-12 11:01:48] [CAM] 摄像头捕获器已释放
[2026-07-12 11:01:48] [CAM] 摄像头未检测到，等待重连...
[2026-07-12 11:01:48] [CAM] 摄像头捕获器已释放
[2026-07-12 11:01:48] [CAM] 摄像头未检测到，等待重连...
[2026-07-12 11:01:49] [CAM] 摄像头捕获器已释放
[2026-07-12 11:01:49] [CAM] 摄像头未检测到，等待重连...
[2026-07-12 11:01:49] [CAM] 摄像头捕获器已释放
[2026-07-12 11:01:49] [CAM] 摄像头未检测到，等待重连...
[2026-07-12 11:01:50] [CAM] 摄像头捕获器已释放
[2026-07-12 11:01:50] [CAM] 摄像头未检测到，等待重连...
[2026-07-12 11:01:50] [CAM] 摄像头捕获器已释放
[2026-07-12 11:01:50] [CAM] 摄像头未检测到，等待重连...
[2026-07-12 11:01:51] [CAM] 摄像头捕获器已释放
[2026-07-12 11:01:51] [CAM] 摄像头未检测到，等待重连...
[2026-07-12 11:01:51] [CAM] 摄像头捕获器已释放
[2026-07-12 11:01:51] [CAM] 摄像头未检测到，等待重连...
[2026-07-12 11:01:52] [CAM] 摄像头捕获器已释放
[2026-07-12 11:01:52] [CAM] 摄像头未检测到，等待重连...
[2026-07-12 11:01:52] [CAM] 摄像头捕获器已释放
[2026-07-12 11:01:52] [CAM] 摄像头未检测到，等待重连...
[2026-07-12 11:01:53] [CAM] 摄像头捕获器已释放
[2026-07-12 11:01:53] [CAM] 摄像头未检测到，等待重连...
[2026-07-12 11:01:53] [CAM] 摄像头捕获器已释放
[2026-07-12 11:01:53] [CAM] 摄像头未检测到，等待重连...
[2026-07-12 11:01:54] [CAM] 摄像头捕获器已释放
[2026-07-12 11:01:54] [CAM] 摄像头未检测到，等待重连...
[2026-07-12 11:01:54] [CAM] 摄像头捕获器已释放
[2026-07-12 11:01:54] [CAM] 摄像头未检测到，等待重连...
[2026-07-12 11:01:55] [CAM] 摄像头捕获器已释放
[2026-07-12 11:01:55] [CAM] 摄像头未检测到，等待重连...
[2026-07-12 11:01:55] [CAM] 摄像头捕获器已释放
[2026-07-12 11:01:55] [CAM] 摄像头未检测到，等待重连...
[2026-07-12 11:01:56] [CAM] 摄像头捕获器已释放
[2026-07-12 11:01:56] [CAM] 摄像头未检测到，等待重连...
[2026-07-12 11:01:56] [CAM] 摄像头捕获器已释放
[2026-07-12 11:01:56] [CAM] 摄像头未检测到，等待重连...
[2026-07-12 11:01:57] [CAM] 摄像头捕获器已释放
[2026-07-12 11:01:57] [CAM] 摄像头未检测到，等待重连...
[2026-07-12 11:01:57] [CAM] 摄像头捕获器已释放
[2026-07-12 11:01:57] [CAM] 摄像头未检测到，等待重连...
[2026-07-12 11:01:58] [CAM] 摄像头捕获器已释放
[2026-07-12 11:01:58] [CAM] 摄像头未检测到，等待重连...
[2026-07-12 11:01:58] [CAM] 摄像头捕获器已释放
[2026-07-12 11:01:58] [CAM] 摄像头未检测到，等待重连...
[2026-07-12 11:01:59] [CAM] 摄像头捕获器已释放
[2026-07-12 11:01:59] [CAM] 摄像头未检测到，等待重连...
[2026-07-12 11:01:59] [CAM] 摄像头捕获器已释放
[2026-07-12 11:01:59] [CAM] 摄像头未检测到，等待重连...
[2026-07-12 11:02:00] [CAM] 摄像头捕获器已释放
[2026-07-12 11:02:00] [CAM] 摄像头未检测到，等待重连...
[2026-07-12 11:02:00] [CAM] 摄像头捕获器已释放
[2026-07-12 11:02:00] [CAM] 摄像头未检测到，等待重连...
[2026-07-12 11:02:01] [CAM] 摄像头捕获器已释放
[2026-07-12 11:02:01] [CAM] 摄像头未检测到，等待重连...
[2026-07-12 11:02:01] [CAM] 摄像头捕获器已释放
[2026-07-12 11:02:01] [CAM] 摄像头未检测到，等待重连...
[2026-07-12 11:02:02] [CAM] 摄像头捕获器已释放
[2026-07-12 11:02:02] [CAM] 摄像头未检测到，等待重连...
[2026-07-12 11:02:02] [CAM] 摄像头捕获器已释放
[2026-07-12 11:02:02] [CAM] 摄像头未检测到，等待重连...
[2026-07-12 11:02:03] [CAM] 摄像头捕获器已释放
[2026-07-12 11:02:03] [CAM] 摄像头未检测到，等待重连...
[2026-07-12 11:02:03] [CAM] 摄像头捕获器已释放
[2026-07-12 11:02:03] [CAM] 摄像头未检测到，等待重连...
[2026-07-12 11:02:04] [CAM] 摄像头捕获器已释放
[2026-07-12 11:02:04] [CAM] 摄像头未检测到，等待重连...
[2026-07-12 11:02:04] [CAM] 摄像头捕获器已释放
[2026-07-12 11:02:04] [CAM] 摄像头未检测到，等待重连...
[2026-07-12 11:02:05] [CAM] 摄像头捕获器已释放
[2026-07-12 11:02:05] [CAM] 摄像头未检测到，等待重连...
[2026-07-12 11:02:05] [CAM] 摄像头捕获器已释放
[2026-07-12 11:02:05] [CAM] 摄像头未检测到，等待重连...
[2026-07-12 11:02:06] [CAM] 摄像头捕获器已释放
[2026-07-12 11:02:06] [CAM] 摄像头未检测到，等待重连...
[2026-07-12 11:02:06] [CAM] 摄像头捕获器已释放
[2026-07-12 11:02:06] [CAM] 摄像头未检测到，等待重连...
[2026-07-12 11:02:07] [CAM] 摄像头捕获器已释放
[2026-07-12 11:02:07] [CAM] 摄像头未检测到，等待重连...
[2026-07-12 11:02:07] [CAM] 摄像头捕获器已释放
[2026-07-12 11:02:07] [CAM] 摄像头未检测到，等待重连...
[2026-07-12 11:02:08] [CAM] 摄像头捕获器已释放
[2026-07-12 11:02:08] [CAM] 摄像头未检测到，等待重连...
[2026-07-12 11:02:08] [CAM] 摄像头捕获器已释放
[2026-07-12 11:02:08] [CAM] 摄像头未检测到，等待重连...
[2026-07-12 11:02:09] [CAM] 摄像头捕获器已释放
[2026-07-12 11:02:09] [CAM] 摄像头未检测到，等待重连...
[2026-07-12 11:02:09] [CAM] 摄像头捕获器已释放
[2026-07-12 11:02:09] [CAM] 摄像头未检测到，等待重连...
[2026-07-12 11:02:10] [CAM] 摄像头捕获器已释放
[2026-07-12 11:02:10] [CAM] 摄像头未检测到，等待重连...
[2026-07-12 11:02:10] [CAM] 摄像头捕获器已释放
[2026-07-12 11:02:10] [CAM] 摄像头未检测到，等待重连...
[2026-07-12 11:02:11] [CAM] 摄像头捕获器已释放
[2026-07-12 11:02:11] [CAM] 摄像头未检测到，等待重连...
[2026-07-12 11:02:11] [CAM] 摄像头捕获器已释放
[2026-07-12 11:02:11] [CAM] 摄像头未检测到，等待重连...
[2026-07-12 11:02:12] [CAM] 摄像头捕获器已释放
[2026-07-12 11:02:12] [CAM] 摄像头未检测到，等待重连...
[2026-07-12 11:02:12] [CAM] 摄像头捕获器已释放
[2026-07-12 11:02:12] [CAM] 摄像头未检测到，等待重连...
[2026-07-12 11:02:13] [CAM] 摄像头捕获器已释放
[2026-07-12 11:02:13] [CAM] 摄像头未检测到，等待重连...
[2026-07-12 11:02:13] [CAM] 摄像头捕获器已释放
[2026-07-12 11:02:13] [CAM] 摄像头未检测到，等待重连...
[2026-07-12 11:02:14] [CAM] 摄像头捕获器已释放
[2026-07-12 11:02:14] [CAM] 摄像头未检测到，等待重连...
[2026-07-12 11:02:14] [CAM] 摄像头捕获器已释放
[2026-07-12 11:02:14] [CAM] 摄像头未检测到，等待重连...
[2026-07-12 11:02:15] [CAM] 摄像头捕获器已释放
[2026-07-12 11:02:15] [CAM] 摄像头未检测到，等待重连...
[2026-07-12 11:02:15] [CAM] 摄像头捕获器已释放
[2026-07-12 11:02:15] [CAM] 摄像头未检测到，等待重连...
[2026-07-12 11:02:16] [CAM] 摄像头捕获器已释放
[2026-07-12 11:02:16] [CAM] 摄像头未检测到，等待重连...
[2026-07-12 11:02:16] [CAM] 摄像头捕获器已释放
[2026-07-12 11:02:16] [CAM] 摄像头未检测到，等待重连...
[2026-07-12 11:02:17] [CAM] 摄像头捕获器已释放
[2026-07-12 11:02:17] [CAM] 摄像头未检测到，等待重连...
[2026-07-12 11:02:17] [CAM] 摄像头捕获器已释放
[2026-07-12 11:02:17] [CAM] 摄像头未检测到，等待重连...
[2026-07-12 11:02:18] [CAM] 摄像头捕获器已释放
[2026-07-12 11:02:18] [CAM] 摄像头未检测到，等待重连...
[2026-07-12 11:02:18] [CAM] 摄像头捕获器已释放
[2026-07-12 11:02:18] [CAM] 摄像头未检测到，等待重连...
[2026-07-12 11:02:19] [CAM] 摄像头捕获器已释放
[2026-07-12 11:02:19] [CAM] 摄像头未检测到，等待重连...
[2026-07-12 11:02:19] [CAM] 摄像头捕获器已释放
[2026-07-12 11:02:19] [CAM] 摄像头未检测到，等待重连...
[2026-07-12 11:02:20] [CAM] 摄像头捕获器已释放
[2026-07-12 11:02:20] [CAM] 摄像头未检测到，等待重连...
[2026-07-12 11:02:20] [CAM] 摄像头捕获器已释放
[2026-07-12 11:02:20] [CAM] 摄像头未检测到，等待重连...
[2026-07-12 11:02:21] [CAM] 摄像头捕获器已释放
[2026-07-12 11:02:21] [CAM] 摄像头未检测到，等待重连...
[2026-07-12 11:02:21] [CAM] 摄像头捕获器已释放
[2026-07-12 11:02:21] [CAM] 摄像头未检测到，等待重连...
[2026-07-12 11:02:22] [CAM] 摄像头捕获器已释放
[2026-07-12 11:02:22] [CAM] 摄像头未检测到，等待重连...
[2026-07-12 11:02:22] [CAM] 摄像头捕获器已释放
[2026-07-12 11:02:22] [CAM] 摄像头未检测到，等待重连...
[2026-07-12 11:02:23] [CAM] 摄像头捕获器已释放
[2026-07-12 11:02:23] [CAM] 摄像头未检测到，等待重连...
[2026-07-12 11:02:23] [CAM] 摄像头捕获器已释放
[2026-07-12 11:02:23] [CAM] 摄像头未检测到，等待重连...
[2026-07-12 11:02:24] [CAM] 摄像头捕获器已释放
[2026-07-12 11:02:24] [CAM] 摄像头未检测到，等待重连...
[2026-07-12 11:02:24] [CAM] 摄像头捕获器已释放
[2026-07-12 11:02:24] [CAM] 摄像头未检测到，等待重连...
[2026-07-12 11:02:25] [CAM] 摄像头捕获器已释放
[2026-07-12 11:02:25] [CAM] 摄像头未检测到，等待重连...
[2026-07-12 11:02:25] [CAM] 摄像头捕获器已释放
[2026-07-12 11:02:25] [CAM] 摄像头未检测到，等待重连...
[2026-07-12 11:02:26] [CAM] 摄像头捕获器已释放
[2026-07-12 11:02:26] [CAM] 摄像头未检测到，等待重连...
[2026-07-12 11:02:26] [CAM] 摄像头捕获器已释放
[2026-07-12 11:02:26] [CAM] 摄像头未检测到，等待重连...
[2026-07-12 11:02:27] [CAM] 摄像头捕获器已释放
[2026-07-12 11:02:27] [CAM] 摄像头未检测到，等待重连...
[2026-07-12 11:02:27] [CAM] 摄像头捕获器已释放
[2026-07-12 11:02:27] [CAM] 摄像头未检测到，等待重连...
[2026-07-12 11:02:28] [CAM] 摄像头捕获器已释放
[2026-07-12 11:02:28] [CAM] 摄像头未检测到，等待重连...
[2026-07-12 11:02:28] [CAM] 摄像头捕获器已释放
[2026-07-12 11:02:28] [CAM] 摄像头未检测到，等待重连...
[2026-07-12 11:02:29] [CAM] 摄像头捕获器已释放
[2026-07-12 11:02:29] [CAM] 摄像头未检测到，等待重连...
[2026-07-12 11:02:29] [CAM] 摄像头捕获器已释放
[2026-07-12 11:02:29] [CAM] 摄像头未检测到，等待重连...
[2026-07-12 11:02:30] [CAM] 摄像头捕获器已释放
[2026-07-12 11:02:30] [CAM] 摄像头未检测到，等待重连...
[2026-07-12 11:02:30] [CAM] 摄像头捕获器已释放
[2026-07-12 11:02:30] [CAM] 摄像头未检测到，等待重连...
[2026-07-12 11:02:31] [CAM] 摄像头捕获器已释放
[2026-07-12 11:02:31] [CAM] 摄像头未检测到，等待重连...
[2026-07-12 11:02:31] [CAM] 摄像头捕获器已释放
[2026-07-12 11:02:31] [CAM] 摄像头未检测到，等待重连...
[2026-07-12 11:02:32] [CAM] 摄像头捕获器已释放
[2026-07-12 11:02:32] [CAM] 摄像头未检测到，等待重连...
[2026-07-12 11:02:32] [CAM] 摄像头捕获器已释放
[2026-07-12 11:02:32] [CAM] 摄像头未检测到，等待重连...
[2026-07-12 11:02:33] [CAM] 摄像头捕获器已释放
[2026-07-12 11:02:33] [CAM] 摄像头未检测到，等待重连...
[2026-07-12 11:02:33] [CAM] 摄像头捕获器已释放
[2026-07-12 11:02:33] [CAM] 摄像头未检测到，等待重连...
[2026-07-12 11:02:34] [CAM] 摄像头捕获器已释放
[2026-07-12 11:02:34] [CAM] 摄像头未检测到，等待重连...
[2026-07-12 11:02:34] [CAM] 摄像头捕获器已释放
[2026-07-12 11:02:34] [CAM] 摄像头未检测到，等待重连...
[2026-07-12 11:02:35] [CAM] 摄像头捕获器已释放
[2026-07-12 11:02:35] [CAM] 摄像头未检测到，等待重连...
[2026-07-12 11:02:35] [CAM] 摄像头捕获器已释放
[2026-07-12 11:02:35] [CAM] 摄像头未检测到，等待重连...
[2026-07-12 11:02:36] [CAM] 摄像头捕获器已释放
[2026-07-12 11:02:36] [CAM] 摄像头未检测到，等待重连...
[2026-07-12 11:02:36] [CAM] 摄像头捕获器已释放
[2026-07-12 11:02:36] [CAM] 摄像头未检测到，等待重连...
[2026-07-12 11:02:37] [CAM] 摄像头捕获器已释放
[2026-07-12 11:02:37] [CAM] 摄像头未检测到，等待重连...
[2026-07-12 11:02:37] [CAM] 摄像头捕获器已释放
[2026-07-12 11:02:37] [CAM] 摄像头未检测到，等待重连...
[2026-07-12 11:02:38] [CAM] 摄像头捕获器已释放
[2026-07-12 11:02:38] [CAM] 摄像头未检测到，等待重连...
[2026-07-12 11:02:38] [CAM] 摄像头捕获器已释放
[2026-07-12 11:02:38] [CAM] 摄像头未检测到，等待重连...
[2026-07-12 11:02:39] [CAM] 摄像头捕获器已释放
[2026-07-12 11:02:39] [CAM] 摄像头未检测到，等待重连...
[2026-07-12 11:02:39] [CAM] 摄像头捕获器已释放
[2026-07-12 11:02:39] [CAM] 摄像头未检测到，等待重连...
[2026-07-12 11:02:40] [CAM] 摄像头捕获器已释放
[2026-07-12 11:02:40] [CAM] 摄像头未检测到，等待重连...
[2026-07-12 11:02:40] [CAM] 摄像头捕获器已释放
[2026-07-12 11:02:40] [CAM] 摄像头未检测到，等待重连...
[2026-07-12 11:02:41] [CAM] 摄像头捕获器已释放
[2026-07-12 11:02:41] [CAM] 摄像头未检测到，等待重连...
[2026-07-12 11:02:41] [CAM] 摄像头捕获器已释放
[2026-07-12 11:02:41] [CAM] 摄像头未检测到，等待重连...
[2026-07-12 11:02:42] [CAM] 摄像头捕获器已释放
[2026-07-12 11:02:42] [CAM] 摄像头未检测到，等待重连...
[2026-07-12 11:02:42] [CAM] 摄像头捕获器已释放
[2026-07-12 11:02:42] [CAM] 摄像头未检测到，等待重连...
[2026-07-12 11:02:43] [CAM] 摄像头捕获器已释放
[2026-07-12 11:02:43] [CAM] 摄像头未检测到，等待重连...
[2026-07-12 11:02:43] [CAM] 摄像头捕获器已释放
[2026-07-12 11:02:43] [CAM] 摄像头未检测到，等待重连...
[2026-07-12 11:02:44] [CAM] 摄像头捕获器已释放
[2026-07-12 11:02:44] [CAM] 摄像头未检测到，等待重连...
[2026-07-12 11:02:44] [CAM] 摄像头捕获器已释放
[2026-07-12 11:02:44] [CAM] 摄像头未检测到，等待重连...
[2026-07-12 11:02:45] [CAM] 摄像头捕获器已释放
[2026-07-12 11:02:45] [CAM] 摄像头未检测到，等待重连...
[2026-07-12 11:02:45] [CAM] 摄像头捕获器已释放
[2026-07-12 11:02:45] [CAM] 摄像头未检测到，等待重连...
[2026-07-12 11:02:46] [CAM] 摄像头捕获器已释放
[2026-07-12 11:02:46] [CAM] 摄像头未检测到，等待重连...
[2026-07-12 11:02:46] [CAM] 摄像头捕获器已释放
[2026-07-12 11:02:46] [CAM] 摄像头未检测到，等待重连...
[2026-07-12 11:02:47] [CAM] 摄像头捕获器已释放
[2026-07-12 11:02:47] [CAM] 摄像头未检测到，等待重连...
[2026-07-12 11:02:47] [CAM] 摄像头捕获器已释放
[2026-07-12 11:02:47] [CAM] 摄像头未检测到，等待重连...
[2026-07-12 11:02:48] [CAM] 摄像头捕获器已释放
[2026-07-12 11:02:48] [CAM] 摄像头未检测到，等待重连...
[2026-07-12 11:02:48] [CAM] 摄像头捕获器已释放
[2026-07-12 11:02:48] [CAM] 摄像头未检测到，等待重连...
[2026-07-12 11:02:49] [CAM] 摄像头捕获器已释放
[2026-07-12 11:02:49] [CAM] 摄像头未检测到，等待重连...
[2026-07-12 11:02:49] [CAM] 摄像头捕获器已释放
[2026-07-12 11:02:49] [CAM] 摄像头未检测到，等待重连...
[2026-07-12 11:02:50] [CAM] 摄像头捕获器已释放
[2026-07-12 11:02:50] [CAM] 摄像头未检测到，等待重连...
[2026-07-12 11:02:50] [CAM] 摄像头捕获器已释放
[2026-07-12 11:02:50] [CAM] 摄像头未检测到，等待重连...
[2026-07-12 11:02:51] [CAM] 摄像头捕获器已释放
[2026-07-12 11:02:51] [CAM] 摄像头未检测到，等待重连...
[2026-07-12 11:02:51] [CAM] 摄像头捕获器已释放
[2026-07-12 11:02:51] [CAM] 摄像头未检测到，等待重连...
[2026-07-12 11:02:52] [CAM] 摄像头捕获器已释放
[2026-07-12 11:02:52] [CAM] 摄像头未检测到，等待重连...
[2026-07-12 11:02:52] [CAM] 摄像头捕获器已释放
[2026-07-12 11:02:52] [CAM] 摄像头未检测到，等待重连...
[2026-07-12 11:02:53] [CAM] 摄像头捕获器已释放
[2026-07-12 11:02:53] [CAM] 摄像头未检测到，等待重连...
[2026-07-12 11:02:53] [CAM] 摄像头捕获器已释放
[2026-07-12 11:02:53] [CAM] 摄像头未检测到，等待重连...
[2026-07-12 11:02:54] [CAM] 摄像头捕获器已释放
[2026-07-12 11:02:54] [CAM] 摄像头未检测到，等待重连...
[2026-07-12 11:02:54] [CAM] 摄像头捕获器已释放
[2026-07-12 11:02:54] [CAM] 摄像头未检测到，等待重连...
[2026-07-12 11:02:55] [CAM] 摄像头捕获器已释放
[2026-07-12 11:02:55] [CAM] 摄像头未检测到，等待重连...
[2026-07-12 11:02:55] [CAM] 摄像头捕获器已释放
[2026-07-12 11:02:55] [CAM] 摄像头未检测到，等待重连...
[2026-07-12 11:02:56] [CAM] 摄像头捕获器已释放
[2026-07-12 11:02:56] [CAM] 摄像头未检测到，等待重连...
[2026-07-12 11:02:56] [CAM] 摄像头捕获器已释放
[2026-07-12 11:02:56] [CAM] 摄像头未检测到，等待重连...
[2026-07-12 11:02:57] [CAM] 摄像头捕获器已释放
[2026-07-12 11:02:57] [CAM] 摄像头未检测到，等待重连...
[2026-07-12 11:02:57] [CAM] 摄像头捕获器已释放
[2026-07-12 11:02:57] [CAM] 摄像头未检测到，等待重连...
[2026-07-12 11:02:58] [CAM] 摄像头捕获器已释放
[2026-07-12 11:02:58] [CAM] 摄像头未检测到，等待重连...
[2026-07-12 11:02:58] [CAM] 摄像头捕获器已释放
[2026-07-12 11:02:58] [CAM] 摄像头未检测到，等待重连...
[2026-07-12 11:02:59] [CAM] 摄像头捕获器已释放
[2026-07-12 11:02:59] [CAM] 摄像头未检测到，等待重连...
[2026-07-12 11:02:59] [CAM] 摄像头捕获器已释放
[2026-07-12 11:02:59] [CAM] 摄像头未检测到，等待重连...
[2026-07-12 11:03:00] [CAM] 摄像头捕获器已释放
[2026-07-12 11:03:00] [CAM] 摄像头未检测到，等待重连...
[2026-07-12 11:03:00] [CAM] 摄像头捕获器已释放
[2026-07-12 11:03:00] [CAM] 摄像头未检测到，等待重连...
[2026-07-12 11:03:01] [CAM] 摄像头捕获器已释放
[2026-07-12 11:03:01] [CAM] 摄像头未检测到，等待重连...
[2026-07-12 11:03:01] [CAM] 摄像头捕获器已释放
[2026-07-12 11:03:01] [CAM] 摄像头未检测到，等待重连...
[2026-07-12 11:03:02] [CAM] 摄像头捕获器已释放
[2026-07-12 11:03:02] [CAM] 摄像头未检测到，等待重连...
[2026-07-12 11:03:02] [CAM] 摄像头捕获器已释放
[2026-07-12 11:03:02] [CAM] 摄像头未检测到，等待重连...
[2026-07-12 11:03:03] [CAM] 摄像头捕获器已释放
[2026-07-12 11:03:03] [CAM] 摄像头未检测到，等待重连...
[2026-07-12 11:03:03] [CAM] 摄像头捕获器已释放
[2026-07-12 11:03:03] [CAM] 摄像头未检测到，等待重连...
[2026-07-12 11:03:04] [CAM] 摄像头捕获器已释放
[2026-07-12 11:03:04] [CAM] 摄像头未检测到，等待重连...
[2026-07-12 11:03:04] [CAM] 摄像头捕获器已释放
[2026-07-12 11:03:04] [CAM] 摄像头未检测到，等待重连...
[2026-07-12 11:03:05] [CAM] 摄像头捕获器已释放
[2026-07-12 11:03:05] [CAM] 摄像头未检测到，等待重连...
[2026-07-12 11:03:05] [CAM] 摄像头捕获器已释放
[2026-07-12 11:03:05] [CAM] 摄像头未检测到，等待重连...
[2026-07-12 11:03:06] [CAM] 摄像头捕获器已释放
[2026-07-12 11:03:06] [CAM] 摄像头未检测到，等待重连...
[2026-07-12 11:03:06] [CAM] 摄像头捕获器已释放
[2026-07-12 11:03:06] [CAM] 摄像头未检测到，等待重连...
[2026-07-12 11:03:07] [CAM] 摄像头捕获器已释放
[2026-07-12 11:03:07] [CAM] 摄像头未检测到，等待重连...
[2026-07-12 11:03:07] [CAM] 摄像头捕获器已释放
[2026-07-12 11:03:07] [CAM] 摄像头未检测到，等待重连...
[2026-07-12 11:03:08] [CAM] 摄像头捕获器已释放
[2026-07-12 11:03:08] [CAM] 摄像头未检测到，等待重连...
[2026-07-12 11:03:08] [CAM] 摄像头捕获器已释放
[2026-07-12 11:03:08] [CAM] 摄像头未检测到，等待重连...
[2026-07-12 11:03:09] [CAM] 摄像头捕获器已释放
[2026-07-12 11:03:09] [CAM] 摄像头未检测到，等待重连...
[2026-07-12 11:03:09] [CAM] 摄像头捕获器已释放
[2026-07-12 11:03:09] [CAM] 摄像头未检测到，等待重连...
[2026-07-12 11:03:10] [CAM] 摄像头捕获器已释放
[2026-07-12 11:03:10] [CAM] 摄像头未检测到，等待重连...
[2026-07-12 11:03:10] [CAM] 摄像头捕获器已释放
[2026-07-12 11:03:10] [CAM] 摄像头未检测到，等待重连...
[2026-07-12 11:03:11] [CAM] 摄像头捕获器已释放
[2026-07-12 11:03:11] [CAM] 摄像头未检测到，等待重连...
[2026-07-12 11:03:11] [CAM] 摄像头捕获器已释放
[2026-07-12 11:03:11] [CAM] 摄像头未检测到，等待重连...
[2026-07-12 11:03:12] [CAM] 摄像头捕获器已释放
[2026-07-12 11:03:12] [CAM] 摄像头未检测到，等待重连...
[2026-07-12 11:03:12] [CAM] 摄像头捕获器已释放
[2026-07-12 11:03:12] [CAM] 摄像头未检测到，等待重连...
[2026-07-12 11:03:13] [CAM] 摄像头捕获器已释放
[2026-07-12 11:03:13] [CAM] 摄像头未检测到，等待重连...
[2026-07-12 11:03:13] [CAM] 摄像头捕获器已释放
[2026-07-12 11:03:13] [CAM] 摄像头未检测到，等待重连...
[2026-07-12 11:03:14] [CAM] 摄像头捕获器已释放
[2026-07-12 11:03:14] [CAM] 摄像头未检测到，等待重连...
[2026-07-12 11:03:14] [CAM] 摄像头捕获器已释放
[2026-07-12 11:03:14] [CAM] 摄像头未检测到，等待重连...
[2026-07-12 11:03:15] [CAM] 摄像头捕获器已释放
[2026-07-12 11:03:15] [CAM] 摄像头未检测到，等待重连...
[2026-07-12 11:03:15] [CAM] 摄像头捕获器已释放
[2026-07-12 11:03:15] [CAM] 摄像头未检测到，等待重连...
[2026-07-12 11:03:16] [CAM] 摄像头捕获器已释放
[2026-07-12 11:03:16] [CAM] 摄像头未检测到，等待重连...
[2026-07-12 11:03:16] [CAM] 摄像头捕获器已释放
[2026-07-12 11:03:16] [CAM] 摄像头未检测到，等待重连...
[2026-07-12 11:03:17] [CAM] 摄像头捕获器已释放
[2026-07-12 11:03:17] [CAM] 摄像头未检测到，等待重连...
[2026-07-12 11:03:17] [CAM] 摄像头捕获器已释放
[2026-07-12 11:03:17] [CAM] 摄像头未检测到，等待重连...
[2026-07-12 11:03:18] [CAM] 摄像头捕获器已释放
[2026-07-12 11:03:18] [CAM] 摄像头未检测到，等待重连...
[2026-07-12 11:03:18] [CAM] 摄像头捕获器已释放
[2026-07-12 11:03:18] [CAM] 摄像头未检测到，等待重连...
[2026-07-12 11:03:19] [CAM] 摄像头捕获器已释放
[2026-07-12 11:03:19] [CAM] 摄像头未检测到，等待重连...
[2026-07-12 11:03:19] [CAM] 摄像头捕获器已释放
[2026-07-12 11:03:19] [CAM] 摄像头未检测到，等待重连...
[2026-07-12 11:03:20] [CAM] 摄像头捕获器已释放
[2026-07-12 11:03:20] [CAM] 摄像头未检测到，等待重连...
[2026-07-12 11:03:20] [CAM] 摄像头捕获器已释放
[2026-07-12 11:03:20] [CAM] 摄像头未检测到，等待重连...
[2026-07-12 11:03:21] [CAM] 摄像头捕获器已释放
[2026-07-12 11:03:21] [CAM] 摄像头未检测到，等待重连...
[2026-07-12 11:03:21] [CAM] 摄像头捕获器已释放
[2026-07-12 11:03:21] [CAM] 摄像头未检测到，等待重连...
[2026-07-12 11:03:22] [CAM] 摄像头捕获器已释放
[2026-07-12 11:03:22] [CAM] 摄像头未检测到，等待重连...
[2026-07-12 11:03:22] [CAM] 摄像头捕获器已释放
[2026-07-12 11:03:22] [CAM] 摄像头未检测到，等待重连...
[2026-07-12 11:03:23] [CAM] 摄像头捕获器已释放
[2026-07-12 11:03:23] [CAM] 摄像头未检测到，等待重连...
[2026-07-12 11:03:23] [CAM] 摄像头捕获器已释放
[2026-07-12 11:03:23] [CAM] 摄像头未检测到，等待重连...
[2026-07-12 11:03:24] [CAM] 摄像头捕获器已释放
[2026-07-12 11:03:24] [CAM] 摄像头未检测到，等待重连...
[2026-07-12 11:03:24] [CAM] 摄像头捕获器已释放
[2026-07-12 11:03:24] [CAM] 摄像头未检测到，等待重连...
[2026-07-12 11:03:25] [CAM] 摄像头捕获器已释放
[2026-07-12 11:03:25] [CAM] 摄像头未检测到，等待重连...
[2026-07-12 11:03:25] [CAM] 摄像头捕获器已释放
[2026-07-12 11:03:25] [CAM] 摄像头未检测到，等待重连...
[2026-07-12 11:03:26] [CAM] 摄像头捕获器已释放
[2026-07-12 11:03:26] [CAM] 摄像头未检测到，等待重连...
[2026-07-12 11:03:26] [CAM] 摄像头捕获器已释放
[2026-07-12 11:03:26] [CAM] 摄像头未检测到，等待重连...
[2026-07-12 11:03:27] [CAM] 摄像头捕获器已释放
[2026-07-12 11:03:27] [CAM] 摄像头未检测到，等待重连...
[2026-07-12 11:03:27] [CAM] 摄像头捕获器已释放
[2026-07-12 11:03:27] [CAM] 摄像头未检测到，等待重连...
[2026-07-12 11:03:28] [CAM] 摄像头捕获器已释放
[2026-07-12 11:03:28] [CAM] 摄像头未检测到，等待重连...
[2026-07-12 11:03:28] [CAM] 摄像头捕获器已释放
[2026-07-12 11:03:28] [CAM] 摄像头未检测到，等待重连...
[2026-07-12 11:03:29] [CAM] 摄像头捕获器已释放
[2026-07-12 11:03:29] [CAM] 摄像头未检测到，等待重连...
[2026-07-12 11:03:29] [CAM] 摄像头捕获器已释放
[2026-07-12 11:03:29] [CAM] 摄像头未检测到，等待重连...
[2026-07-12 11:03:30] [CAM] 摄像头捕获器已释放
[2026-07-12 11:03:30] [CAM] 摄像头未检测到，等待重连...
[2026-07-12 11:03:30] [CAM] 摄像头捕获器已释放
[2026-07-12 11:03:30] [CAM] 摄像头未检测到，等待重连...
[2026-07-12 11:03:31] [CAM] 摄像头捕获器已释放
[2026-07-12 11:03:31] [CAM] 摄像头未检测到，等待重连...
[2026-07-12 11:03:31] [CAM] 摄像头捕获器已释放
[2026-07-12 11:03:31] [CAM] 摄像头未检测到，等待重连...
[2026-07-12 11:03:32] [CAM] 摄像头捕获器已释放
[2026-07-12 11:03:32] [CAM] 摄像头未检测到，等待重连...
[2026-07-12 11:03:32] [CAM] 摄像头捕获器已释放
[2026-07-12 11:03:32] [CAM] 摄像头未检测到，等待重连...
[2026-07-12 11:03:33] [CAM] 摄像头捕获器已释放
[2026-07-12 11:03:33] [CAM] 摄像头未检测到，等待重连...
[2026-07-12 11:03:33] [CAM] 摄像头捕获器已释放
[2026-07-12 11:03:33] [CAM] 摄像头未检测到，等待重连...
[2026-07-12 11:03:34] [CAM] 摄像头捕获器已释放
[2026-07-12 11:03:34] [CAM] 摄像头未检测到，等待重连...
[2026-07-12 11:03:34] [CAM] 摄像头捕获器已释放
[2026-07-12 11:03:34] [CAM] 摄像头未检测到，等待重连...
[2026-07-12 11:03:35] [CAM] 摄像头捕获器已释放
[2026-07-12 11:03:35] [CAM] 摄像头未检测到，等待重连...
[2026-07-12 11:03:35] [CAM] 摄像头捕获器已释放
[2026-07-12 11:03:35] [CAM] 摄像头未检测到，等待重连...
[2026-07-12 11:03:36] [CAM] 摄像头捕获器已释放
[2026-07-12 11:03:36] [CAM] 摄像头未检测到，等待重连...
[2026-07-12 11:03:36] [CAM] 摄像头捕获器已释放
[2026-07-12 11:03:36] [CAM] 摄像头未检测到，等待重连...
[2026-07-12 11:03:37] [CAM] 摄像头捕获器已释放
[2026-07-12 11:03:37] [CAM] 摄像头未检测到，等待重连...
[2026-07-12 11:03:37] [CAM] 摄像头捕获器已释放
[2026-07-12 11:03:37] [CAM] 摄像头未检测到，等待重连...
[2026-07-12 11:03:38] [CAM] 摄像头捕获器已释放
[2026-07-12 11:03:38] [CAM] 摄像头未检测到，等待重连...
[2026-07-12 11:03:38] [CAM] 摄像头捕获器已释放
[2026-07-12 11:03:38] [CAM] 摄像头未检测到，等待重连...
[2026-07-12 11:03:39] [CAM] 摄像头捕获器已释放
[2026-07-12 11:03:39] [CAM] 摄像头未检测到，等待重连...
[2026-07-12 11:03:39] [CAM] 摄像头捕获器已释放
[2026-07-12 11:03:39] [CAM] 摄像头未检测到，等待重连...
[2026-07-12 11:03:40] [CAM] 摄像头捕获器已释放
[2026-07-12 11:03:40] [CAM] 摄像头未检测到，等待重连...
[2026-07-12 11:03:40] [CAM] 摄像头捕获器已释放
[2026-07-12 11:03:40] [CAM] 摄像头未检测到，等待重连...
[2026-07-12 11:03:41] [CAM] 摄像头捕获器已释放
[2026-07-12 11:03:41] [CAM] 摄像头未检测到，等待重连...
[2026-07-12 11:03:41] [CAM] 摄像头捕获器已释放
[2026-07-12 11:03:41] [CAM] 摄像头未检测到，等待重连...
[2026-07-12 11:03:42] [CAM] 摄像头捕获器已释放
[2026-07-12 11:03:42] [CAM] 摄像头未检测到，等待重连...
[2026-07-12 11:03:42] [CAM] 摄像头捕获器已释放
[2026-07-12 11:03:42] [CAM] 摄像头未检测到，等待重连...
[2026-07-12 11:03:43] [CAM] 摄像头捕获器已释放
[2026-07-12 11:03:43] [CAM] 摄像头未检测到，等待重连...
[2026-07-12 11:03:43] [CAM] 摄像头捕获器已释放
[2026-07-12 11:03:43] [CAM] 摄像头未检测到，等待重连...
[2026-07-12 11:03:44] [CAM] 摄像头捕获器已释放
[2026-07-12 11:03:44] [CAM] 摄像头未检测到，等待重连...
[2026-07-12 11:03:44] [CAM] 摄像头捕获器已释放
[2026-07-12 11:03:44] [CAM] 摄像头未检测到，等待重连...
[2026-07-12 11:03:45] [CAM] 摄像头捕获器已释放
[2026-07-12 11:03:45] [CAM] 摄像头未检测到，等待重连...
[2026-07-12 11:03:45] [CAM] 摄像头捕获器已释放
[2026-07-12 11:03:45] [CAM] 摄像头未检测到，等待重连...
[2026-07-12 11:03:46] [CAM] 摄像头捕获器已释放
[2026-07-12 11:03:46] [CAM] 摄像头未检测到，等待重连...
[2026-07-12 11:03:46] [CAM] 摄像头捕获器已释放
[2026-07-12 11:03:46] [CAM] 摄像头未检测到，等待重连...
[2026-07-12 11:03:47] [CAM] 摄像头捕获器已释放
[2026-07-12 11:03:47] [CAM] 摄像头未检测到，等待重连...
[2026-07-12 11:03:47] [CAM] 摄像头捕获器已释放
[2026-07-12 11:03:47] [CAM] 摄像头未检测到，等待重连...
[2026-07-12 11:03:48] [CAM] 摄像头捕获器已释放
[2026-07-12 11:03:48] [CAM] 摄像头未检测到，等待重连...
[2026-07-12 11:03:48] [CAM] 摄像头捕获器已释放
[2026-07-12 11:03:48] [CAM] 摄像头未检测到，等待重连...
[2026-07-12 11:03:49] [CAM] 摄像头捕获器已释放
[2026-07-12 11:03:49] [CAM] 摄像头未检测到，等待重连...
[2026-07-12 11:03:49] [CAM] 摄像头捕获器已释放
[2026-07-12 11:03:49] [CAM] 摄像头未检测到，等待重连...
[2026-07-12 11:03:50] [CAM] 摄像头捕获器已释放
[2026-07-12 11:03:50] [CAM] 摄像头未检测到，等待重连...
[2026-07-12 11:03:50] [CAM] 摄像头捕获器已释放
[2026-07-12 11:03:50] [CAM] 摄像头未检测到，等待重连...
[2026-07-12 11:03:51] [CAM] 摄像头捕获器已释放
[2026-07-12 11:03:51] [CAM] 摄像头未检测到，等待重连...
[2026-07-12 11:03:51] [CAM] 摄像头捕获器已释放
[2026-07-12 11:03:51] [CAM] 摄像头未检测到，等待重连...
[2026-07-12 11:03:52] [CAM] 摄像头捕获器已释放
[2026-07-12 11:03:52] [CAM] 摄像头未检测到，等待重连...
[2026-07-12 11:03:52] [CAM] 摄像头捕获器已释放
[2026-07-12 11:03:52] [CAM] 摄像头未检测到，等待重连...
[2026-07-12 11:03:53] [CAM] 摄像头捕获器已释放
[2026-07-12 11:03:53] [CAM] 摄像头未检测到，等待重连...
[2026-07-12 11:03:53] [CAM] 摄像头捕获器已释放
[2026-07-12 11:03:53] [CAM] 摄像头未检测到，等待重连...
[2026-07-12 11:03:54] [CAM] 摄像头捕获器已释放
[2026-07-12 11:03:54] [CAM] 摄像头未检测到，等待重连...
[2026-07-12 11:03:54] [CAM] 摄像头捕获器已释放
[2026-07-12 11:03:54] [CAM] 摄像头未检测到，等待重连...
[2026-07-12 11:03:55] [CAM] 摄像头捕获器已释放
[2026-07-12 11:03:55] [CAM] 摄像头未检测到，等待重连...
[2026-07-12 11:03:55] [CAM] 摄像头捕获器已释放
[2026-07-12 11:03:55] [CAM] 摄像头未检测到，等待重连...
[2026-07-12 11:03:56] [CAM] 摄像头捕获器已释放
[2026-07-12 11:03:56] [CAM] 摄像头未检测到，等待重连...
[2026-07-12 11:03:56] [CAM] 摄像头捕获器已释放
[2026-07-12 11:03:56] [CAM] 摄像头未检测到，等待重连...
[2026-07-12 11:03:57] [CAM] 摄像头捕获器已释放
[2026-07-12 11:03:57] [CAM] 摄像头未检测到，等待重连...
[2026-07-12 11:03:57] [CAM] 摄像头捕获器已释放
[2026-07-12 11:03:57] [CAM] 摄像头未检测到，等待重连...
[2026-07-12 11:03:58] [CAM] 摄像头捕获器已释放
[2026-07-12 11:03:58] [CAM] 摄像头未检测到，等待重连...
[2026-07-12 11:03:58] [CAM] 摄像头捕获器已释放
[2026-07-12 11:03:58] [CAM] 摄像头未检测到，等待重连...
[2026-07-12 11:03:59] [CAM] 摄像头捕获器已释放
[2026-07-12 11:03:59] [CAM] 摄像头未检测到，等待重连...
[2026-07-12 11:03:59] [CAM] 摄像头捕获器已释放
[2026-07-12 11:03:59] [CAM] 摄像头未检测到，等待重连...
[2026-07-12 11:04:00] [CAM] 摄像头捕获器已释放
[2026-07-12 11:04:00] [CAM] 摄像头未检测到，等待重连...
[2026-07-12 11:04:00] [CAM] 摄像头捕获器已释放
[2026-07-12 11:04:00] [CAM] 摄像头未检测到，等待重连...
[2026-07-12 11:04:01] [CAM] 摄像头捕获器已释放
[2026-07-12 11:04:01] [CAM] 摄像头未检测到，等待重连...
[2026-07-12 11:04:01] [CAM] 摄像头捕获器已释放
[2026-07-12 11:04:01] [CAM] 摄像头未检测到，等待重连...
[2026-07-12 11:04:02] [CAM] 摄像头捕获器已释放
[2026-07-12 11:04:02] [CAM] 摄像头未检测到，等待重连...
[2026-07-12 11:04:02] [CAM] 摄像头捕获器已释放
[2026-07-12 11:04:02] [CAM] 摄像头未检测到，等待重连...
[2026-07-12 11:04:03] [CAM] 摄像头捕获器已释放
[2026-07-12 11:04:03] [CAM] 摄像头未检测到，等待重连...
[2026-07-12 11:04:03] [CAM] 摄像头捕获器已释放
[2026-07-12 11:04:03] [CAM] 摄像头未检测到，等待重连...
[2026-07-12 11:04:04] [CAM] 摄像头捕获器已释放
[2026-07-12 11:04:04] [CAM] 摄像头未检测到，等待重连...
[2026-07-12 11:04:04] [CAM] 摄像头捕获器已释放
[2026-07-12 11:04:04] [CAM] 摄像头未检测到，等待重连...
[2026-07-12 11:04:05] [CAM] 摄像头捕获器已释放
[2026-07-12 11:04:05] [CAM] 摄像头未检测到，等待重连...
[2026-07-12 11:04:05] [CAM] 摄像头捕获器已释放
[2026-07-12 11:04:05] [CAM] 摄像头未检测到，等待重连...
[2026-07-12 11:04:06] [CAM] 摄像头捕获器已释放
[2026-07-12 11:04:06] [CAM] 摄像头未检测到，等待重连...
[2026-07-12 11:04:06] [CAM] 摄像头捕获器已释放
[2026-07-12 11:04:06] [CAM] 摄像头未检测到，等待重连...
[2026-07-12 11:04:07] [CAM] 摄像头捕获器已释放
[2026-07-12 11:04:07] [CAM] 摄像头未检测到，等待重连...
[2026-07-12 11:04:07] [CAM] 摄像头捕获器已释放
[2026-07-12 11:04:07] [CAM] 摄像头未检测到，等待重连...
[2026-07-12 11:04:08] [CAM] 摄像头捕获器已释放
[2026-07-12 11:04:08] [CAM] 摄像头未检测到，等待重连...
[2026-07-12 11:04:08] [CAM] 摄像头捕获器已释放
[2026-07-12 11:04:08] [CAM] 摄像头未检测到，等待重连...
[2026-07-12 11:04:09] [CAM] 摄像头捕获器已释放
[2026-07-12 11:04:09] [CAM] 摄像头未检测到，等待重连...
[2026-07-12 11:04:09] [CAM] 摄像头捕获器已释放
[2026-07-12 11:04:09] [CAM] 摄像头未检测到，等待重连...
[2026-07-12 11:04:10] [CAM] 摄像头捕获器已释放
[2026-07-12 11:04:10] [CAM] 摄像头未检测到，等待重连...
[2026-07-12 11:04:10] [CAM] 摄像头捕获器已释放
[2026-07-12 11:04:10] [CAM] 摄像头未检测到，等待重连...
[2026-07-12 11:04:11] [CAM] 摄像头捕获器已释放
[2026-07-12 11:04:11] [CAM] 摄像头未检测到，等待重连...
[2026-07-12 11:04:11] [CAM] 摄像头捕获器已释放
[2026-07-12 11:04:11] [CAM] 摄像头未检测到，等待重连...
[2026-07-12 11:04:12] [CAM] 摄像头捕获器已释放
[2026-07-12 11:04:12] [CAM] 摄像头未检测到，等待重连...
[2026-07-12 11:04:12] [CAM] 摄像头捕获器已释放
[2026-07-12 11:04:12] [CAM] 摄像头未检测到，等待重连...
[2026-07-12 11:04:13] [CAM] 摄像头捕获器已释放
[2026-07-12 11:04:13] [CAM] 摄像头未检测到，等待重连...
[2026-07-12 11:04:13] [CAM] 摄像头捕获器已释放
[2026-07-12 11:04:13] [CAM] 摄像头未检测到，等待重连...
[2026-07-12 11:04:14] [CAM] 摄像头捕获器已释放
[2026-07-12 11:04:14] [CAM] 摄像头未检测到，等待重连...
[2026-07-12 11:04:14] [CAM] 摄像头捕获器已释放
[2026-07-12 11:04:14] [CAM] 摄像头未检测到，等待重连...
[2026-07-12 11:04:15] [CAM] 摄像头捕获器已释放
[2026-07-12 11:04:15] [CAM] 摄像头未检测到，等待重连...
[2026-07-12 11:04:15] [CAM] 摄像头捕获器已释放
[2026-07-12 11:04:15] [CAM] 摄像头未检测到，等待重连...
[2026-07-12 11:04:16] [CAM] 摄像头捕获器已释放
[2026-07-12 11:04:16] [CAM] 摄像头未检测到，等待重连...
[2026-07-12 11:04:16] [CAM] 摄像头捕获器已释放
[2026-07-12 11:04:16] [CAM] 摄像头未检测到，等待重连...
[2026-07-12 11:04:17] [CAM] 摄像头捕获器已释放
[2026-07-12 11:04:17] [CAM] 摄像头未检测到，等待重连...
[2026-07-12 11:04:17] [CAM] 摄像头捕获器已释放
[2026-07-12 11:04:17] [CAM] 摄像头未检测到，等待重连...
[2026-07-12 11:04:18] [CAM] 摄像头捕获器已释放
[2026-07-12 11:04:18] [CAM] 摄像头未检测到，等待重连...
[2026-07-12 11:04:18] [CAM] 摄像头捕获器已释放
[2026-07-12 11:04:18] [CAM] 摄像头未检测到，等待重连...
[2026-07-12 11:04:19] [CAM] 摄像头捕获器已释放
[2026-07-12 11:04:19] [CAM] 摄像头未检测到，等待重连...
[2026-07-12 11:04:19] [CAM] 摄像头捕获器已释放
[2026-07-12 11:04:19] [CAM] 摄像头未检测到，等待重连...
[2026-07-12 11:04:20] [CAM] 摄像头捕获器已释放
[2026-07-12 11:04:20] [CAM] 摄像头未检测到，等待重连...
[2026-07-12 11:04:20] [CAM] 摄像头捕获器已释放
[2026-07-12 11:04:20] [CAM] 摄像头未检测到，等待重连...
[2026-07-12 11:04:21] [CAM] 摄像头捕获器已释放
[2026-07-12 11:04:21] [CAM] 摄像头未检测到，等待重连...
[2026-07-12 11:04:21] [CAM] 摄像头捕获器已释放
[2026-07-12 11:04:21] [CAM] 摄像头未检测到，等待重连...
[2026-07-12 11:04:22] [CAM] 摄像头捕获器已释放
[2026-07-12 11:04:22] [CAM] 摄像头未检测到，等待重连...
[2026-07-12 11:04:22] [CAM] 摄像头捕获器已释放
[2026-07-12 11:04:22] [CAM] 摄像头未检测到，等待重连...
[2026-07-12 11:04:23] [CAM] 摄像头捕获器已释放
[2026-07-12 11:04:23] [CAM] 摄像头未检测到，等待重连...
[2026-07-12 11:04:23] [CAM] 摄像头捕获器已释放
[2026-07-12 11:04:23] [CAM] 摄像头未检测到，等待重连...
[2026-07-12 11:04:24] [CAM] 摄像头捕获器已释放
[2026-07-12 11:04:24] [CAM] 摄像头未检测到，等待重连...
[2026-07-12 11:04:24] [CAM] 摄像头捕获器已释放
[2026-07-12 11:04:24] [CAM] 摄像头未检测到，等待重连...
[2026-07-12 11:04:25] [CAM] 摄像头捕获器已释放
[2026-07-12 11:04:25] [CAM] 摄像头未检测到，等待重连...
[2026-07-12 11:04:25] [CAM] 摄像头捕获器已释放
[2026-07-12 11:04:25] [CAM] 摄像头未检测到，等待重连...
[2026-07-12 11:04:26] [CAM] 摄像头捕获器已释放
[2026-07-12 11:04:26] [CAM] 摄像头未检测到，等待重连...
[2026-07-12 11:04:26] [CAM] 摄像头捕获器已释放
[2026-07-12 11:04:26] [CAM] 摄像头已连接 分辨率1280*720 真实帧率30.0
[2026-07-12 11:04:26] [CAM] 摄像头设备状态变为正常
[2026-07-12 11:04:28] [ERROR] 摄像头读取帧失败，断开重连
[2026-07-12 11:04:28] [CAM] 摄像头设备断开...........................................
[2026-07-12 11:04:28] [CAM] 摄像头捕获器已释放
[2026-07-12 11:04:29] [CAM] 摄像头未检测到，等待重连...
[2026-07-12 11:04:31] [CAM] 摄像头捕获器已释放
[2026-07-12 11:04:31] [CAM] 摄像头未检测到，等待重连...
[2026-07-12 11:04:32] [CAM] 摄像头捕获器已释放
[2026-07-12 11:04:32] [CAM] 摄像头未检测到，等待重连...
[2026-07-12 11:04:32] [CAM] 摄像头捕获器已释放
[2026-07-12 11:04:32] [CAM] 摄像头未检测到，等待重连...
[2026-07-12 11:04:33] [CAM] 摄像头捕获器已释放
[2026-07-12 11:04:33] [CAM] 摄像头未检测到，等待重连...
[2026-07-12 11:04:33] [CAM] 摄像头捕获器已释放
[2026-07-12 11:04:33] [CAM] 摄像头未检测到，等待重连...
[2026-07-12 11:04:34] [CAM] 摄像头捕获器已释放
[2026-07-12 11:04:34] [CAM] 摄像头未检测到，等待重连...
[2026-07-12 11:04:34] [CAM] 摄像头捕获器已释放
[2026-07-12 11:04:34] [CAM] 摄像头未检测到，等待重连...
[2026-07-12 11:04:35] [CAM] 摄像头捕获器已释放
[2026-07-12 11:04:35] [CAM] 摄像头未检测到，等待重连...
[2026-07-12 11:04:35] [CAM] 摄像头捕获器已释放
[2026-07-12 11:04:35] [CAM] 摄像头未检测到，等待重连...
[2026-07-12 11:04:36] [CAM] 摄像头捕获器已释放
[2026-07-12 11:04:36] [CAM] 摄像头未检测到，等待重连...
[2026-07-12 11:04:36] [INFO] 切换运行模式: 课堂模式 场景:中四班
[2026-07-12 11:04:36] [CAM] 摄像头捕获器已释放
[2026-07-12 11:04:36] [CAM] 摄像头未检测到，等待重连...
[2026-07-12 11:04:37] [INFO] 切换运行模式: 午睡模式 场景:一楼左侧睡眠室
[2026-07-12 11:04:37] [CAM] 摄像头捕获器已释放
[2026-07-12 11:04:37] [CAM] 摄像头未检测到，等待重连...
[2026-07-12 11:04:37] [CAM] 摄像头捕获器已释放
[2026-07-12 11:04:37] [CAM] 摄像头未检测到，等待重连...
[2026-07-12 11:04:37] [INFO] 切换运行模式: 公共巡查模式 场景:公共过道
[2026-07-12 11:04:38] [CAM] 摄像头捕获器已释放
[2026-07-12 11:04:38] [CAM] 摄像头未检测到，等待重连...
[2026-07-12 11:04:38] [CAM] 摄像头捕获器已释放
[2026-07-12 11:04:38] [CAM] 摄像头未检测到，等待重连...
[2026-07-12 11:04:39] [INFO] 切换运行模式: 课堂模式 场景:中四班
[2026-07-12 11:04:39] [CAM] 摄像头捕获器已释放
[2026-07-12 11:04:39] [CAM] 摄像头未检测到，等待重连...
[2026-07-12 11:04:39] [INFO] 切换运行模式: 午睡模式 场景:一楼左侧睡眠室
[2026-07-12 11:04:39] [INFO] 切换运行模式: 公共巡查模式 场景:公共过道
[2026-07-12 11:04:39] [CAM] 摄像头捕获器已释放
[2026-07-12 11:04:39] [CAM] 摄像头未检测到，等待重连...
[2026-07-12 11:04:39] [INFO] 切换运行模式: 课堂模式 场景:中四班
[2026-07-12 11:04:39] [INFO] 切换运行模式: 午睡模式 场景:一楼左侧睡眠室
[2026-07-12 11:04:40] [INFO] 切换运行模式: 公共巡查模式 场景:公共过道
[2026-07-12 11:04:40] [CAM] 摄像头捕获器已释放
[2026-07-12 11:04:40] [CAM] 摄像头未检测到，等待重连...
[2026-07-12 11:04:40] [CAM] 摄像头捕获器已释放
[2026-07-12 11:04:40] [CAM] 摄像头未检测到，等待重连...
[2026-07-12 11:04:41] [CAM] 摄像头捕获器已释放
[2026-07-12 11:04:41] [CAM] 摄像头未检测到，等待重连...
[2026-07-12 11:04:41] [CAM] 摄像头捕获器已释放
[2026-07-12 11:04:41] [CAM] 摄像头未检测到，等待重连...
[2026-07-12 11:04:42] [CAM] 摄像头捕获器已释放
[2026-07-12 11:04:42] [CAM] 摄像头未检测到，等待重连...
[2026-07-12 11:04:42] [CAM] 摄像头捕获器已释放
[2026-07-12 11:04:42] [CAM] 摄像头未检测到，等待重连...
[2026-07-12 11:04:43] [CAM] 摄像头捕获器已释放
[2026-07-12 11:04:43] [CAM] 摄像头未检测到，等待重连...
[2026-07-12 11:04:43] [CAM] 摄像头捕获器已释放
[2026-07-12 11:04:43] [CAM] 摄像头未检测到，等待重连...
[2026-07-12 11:04:44] [CAM] 摄像头捕获器已释放
[2026-07-12 11:04:44] [CAM] 摄像头未检测到，等待重连...
[2026-07-12 11:04:44] [INFO] 程序收到关闭信号，开始安全退出流程
[2026-07-12 13:37:51] [INFO] ========== 幼儿园AI安全卫士程序启动 ==========
[2026-07-12 13:37:51] [INFO] 主程序窗口初始化完成
[2026-07-12 13:37:51] [INFO] AI环境模拟线程启动
[2026-07-12 13:37:51] [INFO] 摄像头采集线程启动
[2026-07-12 13:37:51] [CAM] 摄像头未检测到，等待重连...
[2026-07-12 13:37:51] [SENSOR] 传感器采集正常
[2026-07-12 13:37:52] [CAM] 摄像头捕获器已释放
[2026-07-12 13:37:52] [CAM] 摄像头未检测到，等待重连...
[2026-07-12 13:37:52] [CAM] 摄像头捕获器已释放
[2026-07-12 13:37:52] [CAM] 摄像头未检测到，等待重连...
[2026-07-12 13:37:53] [CAM] 摄像头捕获器已释放
[2026-07-12 13:37:53] [CAM] 摄像头未检测到，等待重连...
[2026-07-12 13:37:53] [NET] 网络已恢复连通
[2026-07-12 13:37:53] [CAM] 摄像头捕获器已释放
[2026-07-12 13:37:53] [CAM] 摄像头未检测到，等待重连...
[2026-07-12 13:37:54] [CAM] 摄像头捕获器已释放
[2026-07-12 13:37:54] [CAM] 摄像头未检测到，等待重连...
[2026-07-12 13:37:54] [CAM] 摄像头捕获器已释放
[2026-07-12 13:37:54] [CAM] 摄像头未检测到，等待重连...
[2026-07-12 13:37:55] [CAM] 摄像头捕获器已释放
[2026-07-12 13:37:55] [CAM] 摄像头未检测到，等待重连...
[2026-07-12 13:37:55] [CAM] 摄像头捕获器已释放
[2026-07-12 13:37:55] [CAM] 摄像头未检测到，等待重连...
[2026-07-12 13:37:56] [CAM] 摄像头捕获器已释放
[2026-07-12 13:37:56] [CAM] 摄像头未检测到，等待重连...
[2026-07-12 13:37:56] [CAM] 摄像头捕获器已释放
[2026-07-12 13:37:56] [CAM] 摄像头未检测到，等待重连...
[2026-07-12 13:37:57] [CAM] 摄像头捕获器已释放
[2026-07-12 13:37:57] [CAM] 摄像头未检测到，等待重连...
[2026-07-12 13:37:57] [CAM] 摄像头捕获器已释放
[2026-07-12 13:37:57] [CAM] 摄像头未检测到，等待重连...
[2026-07-12 13:37:58] [CAM] 摄像头捕获器已释放
[2026-07-12 13:37:58] [CAM] 摄像头未检测到，等待重连...
[2026-07-12 13:37:58] [CAM] 摄像头捕获器已释放
[2026-07-12 13:37:58] [CAM] 摄像头未检测到，等待重连...
[2026-07-12 13:37:59] [CAM] 摄像头捕获器已释放
[2026-07-12 13:37:59] [CAM] 摄像头未检测到，等待重连...
[2026-07-12 13:37:59] [CAM] 摄像头捕获器已释放
[2026-07-12 13:37:59] [CAM] 摄像头未检测到，等待重连...
[2026-07-12 13:38:00] [CAM] 摄像头捕获器已释放
[2026-07-12 13:38:00] [CAM] 摄像头未检测到，等待重连...
[2026-07-12 13:38:00] [CAM] 摄像头捕获器已释放
[2026-07-12 13:38:00] [CAM] 摄像头未检测到，等待重连...
[2026-07-12 13:38:01] [CAM] 摄像头捕获器已释放
[2026-07-12 13:38:01] [CAM] 摄像头未检测到，等待重连...
[2026-07-12 13:38:01] [CAM] 摄像头捕获器已释放
[2026-07-12 13:38:01] [CAM] 摄像头未检测到，等待重连...
[2026-07-12 13:38:02] [CAM] 摄像头捕获器已释放
[2026-07-12 13:38:02] [CAM] 摄像头未检测到，等待重连...
[2026-07-12 13:38:02] [CAM] 摄像头捕获器已释放
[2026-07-12 13:38:02] [CAM] 摄像头未检测到，等待重连...
[2026-07-12 13:38:03] [CAM] 摄像头捕获器已释放
[2026-07-12 13:38:03] [CAM] 摄像头未检测到，等待重连...
[2026-07-12 13:38:03] [CAM] 摄像头捕获器已释放
[2026-07-12 13:38:03] [CAM] 摄像头未检测到，等待重连...
[2026-07-12 13:38:04] [CAM] 摄像头捕获器已释放
[2026-07-12 13:38:04] [CAM] 摄像头未检测到，等待重连...
[2026-07-12 13:38:04] [CAM] 摄像头捕获器已释放
[2026-07-12 13:38:04] [CAM] 摄像头未检测到，等待重连...
[2026-07-12 13:38:05] [CAM] 摄像头捕获器已释放
[2026-07-12 13:38:05] [CAM] 摄像头未检测到，等待重连...
[2026-07-12 13:38:05] [CAM] 摄像头捕获器已释放
[2026-07-12 13:38:05] [CAM] 摄像头未检测到，等待重连...
[2026-07-12 13:38:06] [CAM] 摄像头捕获器已释放
[2026-07-12 13:38:06] [CAM] 摄像头未检测到，等待重连...
[2026-07-12 13:38:06] [WARN] 触发弹窗告警：环境异常 内容:过道湿滑，存在滑倒风险
[2026-07-12 13:38:07] [CAM] 摄像头捕获器已释放
[2026-07-12 13:38:07] [CAM] 摄像头未检测到，等待重连...
[2026-07-12 13:38:08] [CAM] 摄像头捕获器已释放
[2026-07-12 13:38:08] [CAM] 摄像头未检测到，等待重连...
[2026-07-12 13:38:08] [CAM] 摄像头捕获器已释放
[2026-07-12 13:38:08] [CAM] 摄像头未检测到，等待重连...
[2026-07-12 13:38:09] [CAM] 摄像头捕获器已释放
[2026-07-12 13:38:09] [CAM] 摄像头未检测到，等待重连...
[2026-07-12 13:38:09] [ERROR] 网络断开，无法访问外网
[2026-07-12 13:38:09] [CAM] 摄像头捕获器已释放
[2026-07-12 13:38:09] [CAM] 摄像头未检测到，等待重连...
[2026-07-12 13:38:10] [CAM] 摄像头捕获器已释放
[2026-07-12 13:38:10] [CAM] 摄像头未检测到，等待重连...
[2026-07-12 13:38:10] [NET] 网络已恢复连通
[2026-07-12 13:38:10] [CAM] 摄像头捕获器已释放
[2026-07-12 13:38:10] [CAM] 摄像头未检测到，等待重连...
[2026-07-12 13:38:11] [CAM] 摄像头捕获器已释放
[2026-07-12 13:38:11] [CAM] 摄像头未检测到，等待重连...
[2026-07-12 13:38:11] [CAM] 摄像头捕获器已释放
[2026-07-12 13:38:11] [CAM] 摄像头未检测到，等待重连...
[2026-07-12 13:38:12] [CAM] 摄像头捕获器已释放
[2026-07-12 13:38:12] [CAM] 摄像头未检测到，等待重连...
[2026-07-12 13:38:12] [CAM] 摄像头捕获器已释放
[2026-07-12 13:38:12] [CAM] 摄像头未检测到，等待重连...
[2026-07-12 13:38:13] [CAM] 摄像头捕获器已释放
[2026-07-12 13:38:13] [CAM] 摄像头未检测到，等待重连...
[2026-07-12 13:38:13] [CAM] 摄像头捕获器已释放
[2026-07-12 13:38:13] [CAM] 摄像头未检测到，等待重连...
[2026-07-12 13:38:14] [CAM] 摄像头捕获器已释放
[2026-07-12 13:38:14] [CAM] 摄像头未检测到，等待重连...
[2026-07-12 13:38:14] [CAM] 摄像头捕获器已释放
[2026-07-12 13:38:14] [CAM] 摄像头未检测到，等待重连...
[2026-07-12 13:38:15] [CAM] 摄像头捕获器已释放
[2026-07-12 13:38:15] [CAM] 摄像头未检测到，等待重连...
[2026-07-12 13:38:15] [CAM] 摄像头捕获器已释放
[2026-07-12 13:38:15] [CAM] 摄像头未检测到，等待重连...
[2026-07-12 13:38:16] [CAM] 摄像头捕获器已释放
[2026-07-12 13:38:16] [CAM] 摄像头未检测到，等待重连...
[2026-07-12 13:38:16] [CAM] 摄像头捕获器已释放
[2026-07-12 13:38:16] [CAM] 摄像头未检测到，等待重连...
[2026-07-12 13:38:17] [CAM] 摄像头捕获器已释放
[2026-07-12 13:38:17] [CAM] 摄像头未检测到，等待重连...
[2026-07-12 13:38:17] [CAM] 摄像头捕获器已释放
[2026-07-12 13:38:17] [CAM] 摄像头未检测到，等待重连...
[2026-07-12 13:38:18] [CAM] 摄像头捕获器已释放
[2026-07-12 13:38:18] [CAM] 摄像头未检测到，等待重连...
[2026-07-12 13:38:18] [CAM] 摄像头捕获器已释放
[2026-07-12 13:38:18] [CAM] 摄像头未检测到，等待重连...
[2026-07-12 13:38:19] [CAM] 摄像头捕获器已释放
[2026-07-12 13:38:19] [CAM] 摄像头未检测到，等待重连...
[2026-07-12 13:38:19] [CAM] 摄像头捕获器已释放
[2026-07-12 13:38:19] [CAM] 摄像头未检测到，等待重连...
[2026-07-12 13:38:20] [CAM] 摄像头捕获器已释放
[2026-07-12 13:38:20] [CAM] 摄像头未检测到，等待重连...
[2026-07-12 13:38:20] [CAM] 摄像头捕获器已释放
[2026-07-12 13:38:20] [CAM] 摄像头未检测到，等待重连...
[2026-07-12 13:38:21] [CAM] 摄像头捕获器已释放
[2026-07-12 13:38:21] [CAM] 摄像头未检测到，等待重连...
[2026-07-12 13:38:21] [CAM] 摄像头捕获器已释放
[2026-07-12 13:38:21] [CAM] 摄像头未检测到，等待重连...
[2026-07-12 13:38:22] [CAM] 摄像头捕获器已释放
[2026-07-12 13:38:22] [CAM] 摄像头未检测到，等待重连...
[2026-07-12 13:38:22] [CAM] 摄像头捕获器已释放
[2026-07-12 13:38:22] [CAM] 摄像头未检测到，等待重连...
[2026-07-12 13:38:23] [CAM] 摄像头捕获器已释放
[2026-07-12 13:38:23] [CAM] 摄像头未检测到，等待重连...
[2026-07-12 13:38:23] [CAM] 摄像头捕获器已释放
[2026-07-12 13:38:23] [CAM] 摄像头未检测到，等待重连...
[2026-07-12 13:38:24] [CAM] 摄像头捕获器已释放
[2026-07-12 13:38:24] [CAM] 摄像头未检测到，等待重连...
[2026-07-12 13:38:24] [CAM] 摄像头捕获器已释放
[2026-07-12 13:38:24] [CAM] 摄像头未检测到，等待重连...
[2026-07-12 13:38:25] [CAM] 摄像头捕获器已释放
[2026-07-12 13:38:25] [CAM] 摄像头未检测到，等待重连...
[2026-07-12 13:38:25] [INFO] 程序收到关闭信号，开始安全退出流程
[2026-07-12 13:38:25] [CAM] 摄像头捕获器已释放
[2026-07-12 13:38:25] [INFO] 摄像头采集线程正常退出
[2026-07-12 13:38:25] [INFO] 程序正常退出
[2026-07-12 13:38:25] [INFO] 程序结束，退出码:0
[2026-07-12 13:40:14] [INFO] ========== 幼儿园AI安全卫士程序启动 ==========
[2026-07-12 13:40:14] [INFO] 主程序窗口初始化完成
[2026-07-12 13:40:14] [SENSOR] RS485传感器采集线程已启动，串口：/dev/ttyUSB0
[2026-07-12 13:40:14] [INFO] AI环境模拟线程启动
[2026-07-12 13:40:14] [INFO] 摄像头采集线程启动
[2026-07-12 13:40:15] [CAM] 摄像头未检测到，等待重连...
[2026-07-12 13:40:15] [SENSOR] 开机未检测到温湿度传感器，延时播报
[2026-07-12 13:40:17] [NET] 网络已恢复连通
[2026-07-12 13:40:17] [MIC] 开机未检测到USB麦克风，延时播报
[2026-07-12 13:40:17] [CAM] 摄像头捕获器已释放
[2026-07-12 13:40:17] [CAM] 摄像头未检测到，等待重连...
[2026-07-12 13:40:18] [CAM] 摄像头捕获器已释放
[2026-07-12 13:40:18] [CAM] 摄像头未检测到，等待重连...
[2026-07-12 13:40:18] [CAM] 摄像头捕获器已释放
[2026-07-12 13:40:18] [CAM] 摄像头未检测到，等待重连...
[2026-07-12 13:40:19] [CAM] 摄像头捕获器已释放
[2026-07-12 13:40:19] [CAM] 摄像头未检测到，等待重连...
[2026-07-12 13:40:19] [CAM] 摄像头捕获器已释放
[2026-07-12 13:40:19] [CAM] 摄像头未检测到，等待重连...
[2026-07-12 13:40:20] [CAM] 摄像头捕获器已释放
[2026-07-12 13:40:20] [CAM] 摄像头未检测到，等待重连...
[2026-07-12 13:40:20] [CAM] 摄像头捕获器已释放
[2026-07-12 13:40:20] [CAM] 摄像头未检测到，等待重连...
[2026-07-12 13:40:21] [CAM] 摄像头捕获器已释放
[2026-07-12 13:40:21] [CAM] 摄像头未检测到，等待重连...
[2026-07-12 13:40:21] [CAM] 摄像头捕获器已释放
[2026-07-12 13:40:21] [CAM] 摄像头未检测到，等待重连...
[2026-07-12 13:40:22] [CAM] 摄像头捕获器已释放
[2026-07-12 13:40:22] [CAM] 摄像头未检测到，等待重连...
[2026-07-12 13:40:22] [CAM] 摄像头捕获器已释放
[2026-07-12 13:40:22] [CAM] 摄像头未检测到，等待重连...
[2026-07-12 13:40:23] [CAM] 摄像头捕获器已释放
[2026-07-12 13:40:23] [CAM] 摄像头未检测到，等待重连...
[2026-07-12 13:40:23] [CAM] 摄像头捕获器已释放
[2026-07-12 13:40:23] [CAM] 摄像头未检测到，等待重连...
[2026-07-12 13:40:24] [CAM] 摄像头捕获器已释放
[2026-07-12 13:40:24] [CAM] 摄像头未检测到，等待重连...
[2026-07-12 13:40:24] [CAM] 摄像头捕获器已释放
[2026-07-12 13:40:24] [CAM] 摄像头未检测到，等待重连...
[2026-07-12 13:40:25] [CAM] 摄像头捕获器已释放
[2026-07-12 13:40:25] [CAM] 摄像头未检测到，等待重连...
[2026-07-12 13:40:25] [CAM] 摄像头捕获器已释放
[2026-07-12 13:40:25] [CAM] 摄像头未检测到，等待重连...
[2026-07-12 13:40:26] [CAM] 摄像头捕获器已释放
[2026-07-12 13:40:26] [CAM] 摄像头未检测到，等待重连...
[2026-07-12 13:40:26] [CAM] 摄像头捕获器已释放
[2026-07-12 13:40:26] [CAM] 摄像头未检测到，等待重连...
[2026-07-12 13:40:27] [CAM] 摄像头捕获器已释放
[2026-07-12 13:40:27] [CAM] 摄像头未检测到，等待重连...
[2026-07-12 13:40:27] [CAM] 摄像头捕获器已释放
[2026-07-12 13:40:27] [CAM] 摄像头未检测到，等待重连...
[2026-07-12 13:40:28] [CAM] 摄像头捕获器已释放
[2026-07-12 13:40:28] [CAM] 摄像头未检测到，等待重连...
[2026-07-12 13:40:28] [CAM] 摄像头捕获器已释放
[2026-07-12 13:40:28] [CAM] 摄像头未检测到，等待重连...
[2026-07-12 13:40:29] [CAM] 摄像头捕获器已释放
[2026-07-12 13:40:29] [CAM] 摄像头未检测到，等待重连...
[2026-07-12 13:40:29] [CAM] 摄像头捕获器已释放
[2026-07-12 13:40:29] [CAM] 摄像头未检测到，等待重连...
[2026-07-12 13:40:30] [CAM] 摄像头捕获器已释放
[2026-07-12 13:40:30] [CAM] 摄像头未检测到，等待重连...
[2026-07-12 13:40:30] [CAM] 摄像头捕获器已释放
[2026-07-12 13:40:30] [CAM] 摄像头未检测到，等待重连...
[2026-07-12 13:40:31] [CAM] 摄像头捕获器已释放
[2026-07-12 13:40:31] [CAM] 摄像头未检测到，等待重连...
[2026-07-12 13:40:31] [CAM] 摄像头捕获器已释放
[2026-07-12 13:40:31] [CAM] 摄像头未检测到，等待重连...
[2026-07-12 13:40:32] [CAM] 摄像头捕获器已释放
[2026-07-12 13:40:32] [CAM] 摄像头未检测到，等待重连...
[2026-07-12 13:40:32] [ERROR] 网络断开，无法访问外网
[2026-07-12 13:40:32] [CAM] 摄像头捕获器已释放
[2026-07-12 13:40:32] [CAM] 摄像头未检测到，等待重连...
[2026-07-12 13:40:33] [CAM] 摄像头捕获器已释放
[2026-07-12 13:40:33] [CAM] 摄像头未检测到，等待重连...
[2026-07-12 13:40:33] [NET] 网络已恢复连通
[2026-07-12 13:40:33] [CAM] 摄像头捕获器已释放
[2026-07-12 13:40:33] [CAM] 摄像头未检测到，等待重连...
[2026-07-12 13:40:34] [CAM] 摄像头捕获器已释放
[2026-07-12 13:40:34] [CAM] 摄像头未检测到，等待重连...
[2026-07-12 13:40:34] [CAM] 摄像头捕获器已释放
[2026-07-12 13:40:34] [CAM] 摄像头未检测到，等待重连...
[2026-07-12 13:40:35] [CAM] 摄像头捕获器已释放
[2026-07-12 13:40:35] [CAM] 摄像头未检测到，等待重连...
[2026-07-12 13:40:35] [CAM] 摄像头捕获器已释放
[2026-07-12 13:40:35] [CAM] 摄像头未检测到，等待重连...
[2026-07-12 13:40:36] [CAM] 摄像头捕获器已释放
[2026-07-12 13:40:36] [CAM] 摄像头未检测到，等待重连...
[2026-07-12 13:40:36] [CAM] 摄像头捕获器已释放
[2026-07-12 13:40:36] [CAM] 摄像头未检测到，等待重连...
[2026-07-12 13:40:37] [CAM] 摄像头捕获器已释放
[2026-07-12 13:40:37] [CAM] 摄像头未检测到，等待重连...
[2026-07-12 13:40:37] [CAM] 摄像头捕获器已释放
[2026-07-12 13:40:37] [CAM] 摄像头未检测到，等待重连...
[2026-07-12 13:40:38] [CAM] 摄像头捕获器已释放
[2026-07-12 13:40:38] [CAM] 摄像头未检测到，等待重连...
[2026-07-12 13:40:38] [CAM] 摄像头捕获器已释放
[2026-07-12 13:40:38] [CAM] 摄像头未检测到，等待重连...
[2026-07-12 13:40:39] [CAM] 摄像头捕获器已释放
[2026-07-12 13:40:39] [CAM] 摄像头未检测到，等待重连...
[2026-07-12 13:40:39] [CAM] 摄像头捕获器已释放
[2026-07-12 13:40:39] [CAM] 摄像头未检测到，等待重连...
[2026-07-12 13:40:40] [CAM] 摄像头捕获器已释放
[2026-07-12 13:40:40] [CAM] 摄像头未检测到，等待重连...
[2026-07-12 13:40:40] [CAM] 摄像头捕获器已释放
[2026-07-12 13:40:40] [CAM] 摄像头未检测到，等待重连...
[2026-07-12 13:40:41] [CAM] 摄像头捕获器已释放
[2026-07-12 13:40:41] [CAM] 摄像头未检测到，等待重连...
[2026-07-12 13:40:41] [CAM] 摄像头捕获器已释放
[2026-07-12 13:40:41] [CAM] 摄像头未检测到，等待重连...
[2026-07-12 13:40:42] [CAM] 摄像头捕获器已释放
[2026-07-12 13:40:42] [CAM] 摄像头未检测到，等待重连...
[2026-07-12 13:40:42] [ERROR] 网络断开，无法访问外网
[2026-07-12 13:40:42] [CAM] 摄像头捕获器已释放
[2026-07-12 13:40:42] [CAM] 摄像头未检测到，等待重连...
[2026-07-12 13:40:43] [CAM] 摄像头捕获器已释放
[2026-07-12 13:40:43] [CAM] 摄像头未检测到，等待重连...
[2026-07-12 13:40:43] [NET] 网络已恢复连通
[2026-07-12 13:40:43] [CAM] 摄像头捕获器已释放
[2026-07-12 13:40:43] [CAM] 摄像头未检测到，等待重连...
[2026-07-12 13:40:44] [CAM] 摄像头捕获器已释放
[2026-07-12 13:40:44] [CAM] 摄像头未检测到，等待重连...
[2026-07-12 13:40:44] [CAM] 摄像头捕获器已释放
[2026-07-12 13:40:44] [CAM] 摄像头未检测到，等待重连...
[2026-07-12 13:40:45] [CAM] 摄像头捕获器已释放
[2026-07-12 13:40:45] [CAM] 摄像头未检测到，等待重连...
[2026-07-12 13:40:45] [CAM] 摄像头捕获器已释放
[2026-07-12 13:40:45] [CAM] 摄像头未检测到，等待重连...
[2026-07-12 13:40:46] [CAM] 摄像头捕获器已释放
[2026-07-12 13:40:46] [CAM] 摄像头未检测到，等待重连...
[2026-07-12 13:40:46] [CAM] 摄像头捕获器已释放
[2026-07-12 13:40:46] [CAM] 摄像头未检测到，等待重连...
[2026-07-12 13:40:47] [CAM] 摄像头捕获器已释放
[2026-07-12 13:40:47] [CAM] 摄像头未检测到，等待重连...
[2026-07-12 13:40:47] [CAM] 摄像头捕获器已释放
[2026-07-12 13:40:47] [CAM] 摄像头未检测到，等待重连...
[2026-07-12 13:40:48] [CAM] 摄像头捕获器已释放
[2026-07-12 13:40:48] [CAM] 摄像头未检测到，等待重连...
[2026-07-12 13:40:48] [CAM] 摄像头捕获器已释放
[2026-07-12 13:40:48] [CAM] 摄像头未检测到，等待重连...
[2026-07-12 13:40:49] [CAM] 摄像头捕获器已释放
[2026-07-12 13:40:49] [CAM] 摄像头未检测到，等待重连...
[2026-07-12 13:40:49] [CAM] 摄像头捕获器已释放
[2026-07-12 13:40:49] [CAM] 摄像头未检测到，等待重连...
[2026-07-12 13:40:50] [CAM] 摄像头捕获器已释放
[2026-07-12 13:40:50] [CAM] 摄像头未检测到，等待重连...
[2026-07-12 13:40:50] [CAM] 摄像头捕获器已释放
[2026-07-12 13:40:50] [CAM] 摄像头未检测到，等待重连...
[2026-07-12 13:40:51] [CAM] 摄像头捕获器已释放
[2026-07-12 13:40:51] [CAM] 摄像头未检测到，等待重连...
[2026-07-12 13:40:51] [CAM] 摄像头捕获器已释放
[2026-07-12 13:40:51] [CAM] 摄像头未检测到，等待重连...
[2026-07-12 13:40:52] [CAM] 摄像头捕获器已释放
[2026-07-12 13:40:52] [CAM] 摄像头未检测到，等待重连...
[2026-07-12 13:40:52] [CAM] 摄像头捕获器已释放
[2026-07-12 13:40:52] [CAM] 摄像头未检测到，等待重连...
[2026-07-12 13:40:53] [CAM] 摄像头捕获器已释放
[2026-07-12 13:40:53] [CAM] 摄像头未检测到，等待重连...
[2026-07-12 13:40:53] [CAM] 摄像头捕获器已释放
[2026-07-12 13:40:53] [CAM] 摄像头未检测到，等待重连...
[2026-07-12 13:40:54] [CAM] 摄像头捕获器已释放
[2026-07-12 13:40:54] [CAM] 摄像头未检测到，等待重连...
[2026-07-12 13:40:54] [CAM] 摄像头捕获器已释放
[2026-07-12 13:40:54] [CAM] 摄像头未检测到，等待重连...
[2026-07-12 13:40:55] [CAM] 摄像头捕获器已释放
[2026-07-12 13:40:55] [CAM] 摄像头未检测到，等待重连...
[2026-07-12 13:40:55] [CAM] 摄像头捕获器已释放
[2026-07-12 13:40:55] [CAM] 摄像头未检测到，等待重连...
[2026-07-12 13:40:56] [CAM] 摄像头捕获器已释放
[2026-07-12 13:40:56] [CAM] 摄像头未检测到，等待重连...
[2026-07-12 13:40:56] [CAM] 摄像头捕获器已释放
[2026-07-12 13:40:56] [CAM] 摄像头未检测到，等待重连...
[2026-07-12 13:40:57] [CAM] 摄像头捕获器已释放
[2026-07-12 13:40:57] [CAM] 摄像头未检测到，等待重连...
[2026-07-12 13:40:57] [CAM] 摄像头捕获器已释放
[2026-07-12 13:40:57] [CAM] 摄像头未检测到，等待重连...
[2026-07-12 13:40:58] [CAM] 摄像头捕获器已释放
[2026-07-12 13:40:58] [CAM] 摄像头未检测到，等待重连...
[2026-07-12 13:40:58] [CAM] 摄像头捕获器已释放
[2026-07-12 13:40:58] [CAM] 摄像头未检测到，等待重连...
[2026-07-12 13:40:59] [CAM] 摄像头捕获器已释放
[2026-07-12 13:40:59] [CAM] 摄像头未检测到，等待重连...
[2026-07-12 13:40:59] [CAM] 摄像头捕获器已释放
[2026-07-12 13:40:59] [CAM] 摄像头未检测到，等待重连...
[2026-07-12 13:41:00] [CAM] 摄像头捕获器已释放
[2026-07-12 13:41:00] [CAM] 摄像头未检测到，等待重连...
[2026-07-12 13:41:00] [CAM] 摄像头捕获器已释放
[2026-07-12 13:41:00] [CAM] 摄像头未检测到，等待重连...
[2026-07-12 13:41:01] [CAM] 摄像头捕获器已释放
[2026-07-12 13:41:01] [CAM] 摄像头未检测到，等待重连...
[2026-07-12 13:41:01] [CAM] 摄像头捕获器已释放
[2026-07-12 13:41:01] [CAM] 摄像头未检测到，等待重连...
[2026-07-12 13:41:02] [CAM] 摄像头捕获器已释放
[2026-07-12 13:41:02] [CAM] 摄像头未检测到，等待重连...
[2026-07-12 13:41:02] [CAM] 摄像头捕获器已释放
[2026-07-12 13:41:02] [CAM] 摄像头未检测到，等待重连...
[2026-07-12 13:41:03] [CAM] 摄像头捕获器已释放
[2026-07-12 13:41:03] [CAM] 摄像头未检测到，等待重连...
[2026-07-12 13:41:03] [CAM] 摄像头捕获器已释放
[2026-07-12 13:41:03] [CAM] 摄像头未检测到，等待重连...
[2026-07-12 13:41:04] [CAM] 摄像头捕获器已释放
[2026-07-12 13:41:04] [CAM] 摄像头未检测到，等待重连...
[2026-07-12 13:41:04] [CAM] 摄像头捕获器已释放
[2026-07-12 13:41:04] [CAM] 摄像头未检测到，等待重连...
[2026-07-12 13:41:05] [CAM] 摄像头捕获器已释放
[2026-07-12 13:41:05] [CAM] 摄像头未检测到，等待重连...
[2026-07-12 13:41:05] [CAM] 摄像头捕获器已释放
[2026-07-12 13:41:05] [CAM] 摄像头未检测到，等待重连...
[2026-07-12 13:41:06] [CAM] 摄像头捕获器已释放
[2026-07-12 13:41:06] [CAM] 摄像头未检测到，等待重连...
[2026-07-12 13:41:06] [CAM] 摄像头捕获器已释放
[2026-07-12 13:41:06] [CAM] 摄像头未检测到，等待重连...
[2026-07-12 13:41:07] [CAM] 摄像头捕获器已释放
[2026-07-12 13:41:07] [CAM] 摄像头未检测到，等待重连...
[2026-07-12 13:41:07] [CAM] 摄像头捕获器已释放
[2026-07-12 13:41:07] [CAM] 摄像头未检测到，等待重连...
[2026-07-12 13:41:08] [CAM] 摄像头捕获器已释放
[2026-07-12 13:41:08] [CAM] 摄像头未检测到，等待重连...
[2026-07-12 13:41:08] [CAM] 摄像头捕获器已释放
[2026-07-12 13:41:08] [CAM] 摄像头未检测到，等待重连...
[2026-07-12 13:41:09] [CAM] 摄像头捕获器已释放
[2026-07-12 13:41:09] [CAM] 摄像头未检测到，等待重连...
[2026-07-12 13:41:09] [CAM] 摄像头捕获器已释放
[2026-07-12 13:41:09] [CAM] 摄像头未检测到，等待重连...
[2026-07-12 13:41:10] [CAM] 摄像头捕获器已释放
[2026-07-12 13:41:10] [CAM] 摄像头未检测到，等待重连...
[2026-07-12 13:41:10] [CAM] 摄像头捕获器已释放
[2026-07-12 13:41:10] [CAM] 摄像头未检测到，等待重连...
[2026-07-12 13:41:11] [CAM] 摄像头捕获器已释放
[2026-07-12 13:41:11] [CAM] 摄像头未检测到，等待重连...
[2026-07-12 13:41:11] [CAM] 摄像头捕获器已释放
[2026-07-12 13:41:11] [CAM] 摄像头未检测到，等待重连...
[2026-07-12 13:41:12] [CAM] 摄像头捕获器已释放
[2026-07-12 13:41:12] [CAM] 摄像头未检测到，等待重连...
[2026-07-12 13:41:12] [CAM] 摄像头捕获器已释放
[2026-07-12 13:41:12] [CAM] 摄像头未检测到，等待重连...
[2026-07-12 13:41:13] [CAM] 摄像头捕获器已释放
[2026-07-12 13:41:13] [CAM] 摄像头未检测到，等待重连...
[2026-07-12 13:41:13] [CAM] 摄像头捕获器已释放
[2026-07-12 13:41:13] [CAM] 摄像头未检测到，等待重连...
[2026-07-12 13:41:14] [CAM] 摄像头捕获器已释放
[2026-07-12 13:41:14] [CAM] 摄像头未检测到，等待重连...
[2026-07-12 13:41:14] [CAM] 摄像头捕获器已释放
[2026-07-12 13:41:14] [CAM] 摄像头未检测到，等待重连...
[2026-07-12 13:41:15] [CAM] 摄像头捕获器已释放
[2026-07-12 13:41:15] [CAM] 摄像头未检测到，等待重连...
[2026-07-12 13:41:15] [CAM] 摄像头捕获器已释放
[2026-07-12 13:41:15] [CAM] 摄像头未检测到，等待重连...
[2026-07-12 13:41:16] [CAM] 摄像头捕获器已释放
[2026-07-12 13:41:16] [CAM] 摄像头未检测到，等待重连...
[2026-07-12 13:41:16] [CAM] 摄像头捕获器已释放
[2026-07-12 13:41:16] [CAM] 摄像头未检测到，等待重连...
[2026-07-12 13:41:17] [CAM] 摄像头捕获器已释放
[2026-07-12 13:41:17] [CAM] 摄像头未检测到，等待重连...
[2026-07-12 13:41:17] [CAM] 摄像头捕获器已释放
[2026-07-12 13:41:17] [CAM] 摄像头未检测到，等待重连...
[2026-07-12 13:41:18] [CAM] 摄像头捕获器已释放
[2026-07-12 13:41:18] [CAM] 摄像头未检测到，等待重连...
[2026-07-12 13:41:18] [CAM] 摄像头捕获器已释放
[2026-07-12 13:41:18] [CAM] 摄像头未检测到，等待重连...
[2026-07-12 13:41:19] [CAM] 摄像头捕获器已释放
[2026-07-12 13:41:19] [CAM] 摄像头未检测到，等待重连...
[2026-07-12 13:41:19] [CAM] 摄像头捕获器已释放
[2026-07-12 13:41:19] [CAM] 摄像头未检测到，等待重连...
[2026-07-12 13:41:20] [CAM] 摄像头捕获器已释放
[2026-07-12 13:41:20] [CAM] 摄像头未检测到，等待重连...
[2026-07-12 13:41:20] [CAM] 摄像头捕获器已释放
[2026-07-12 13:41:20] [CAM] 摄像头未检测到，等待重连...
[2026-07-12 13:41:21] [CAM] 摄像头捕获器已释放
[2026-07-12 13:41:21] [CAM] 摄像头未检测到，等待重连...
[2026-07-12 13:41:21] [CAM] 摄像头捕获器已释放
[2026-07-12 13:41:21] [CAM] 摄像头未检测到，等待重连...
[2026-07-12 13:41:22] [CAM] 摄像头捕获器已释放
[2026-07-12 13:41:22] [CAM] 摄像头未检测到，等待重连...
[2026-07-12 13:41:22] [CAM] 摄像头捕获器已释放
[2026-07-12 13:41:22] [CAM] 摄像头未检测到，等待重连...
[2026-07-12 13:41:23] [CAM] 摄像头捕获器已释放
[2026-07-12 13:41:23] [CAM] 摄像头未检测到，等待重连...
[2026-07-12 13:41:23] [CAM] 摄像头捕获器已释放
[2026-07-12 13:41:23] [CAM] 摄像头未检测到，等待重连...
[2026-07-12 13:41:24] [CAM] 摄像头捕获器已释放
[2026-07-12 13:41:24] [CAM] 摄像头未检测到，等待重连...
[2026-07-12 13:41:24] [CAM] 摄像头捕获器已释放
[2026-07-12 13:41:24] [CAM] 摄像头未检测到，等待重连...
[2026-07-12 13:41:25] [CAM] 摄像头捕获器已释放
[2026-07-12 13:41:25] [CAM] 摄像头未检测到，等待重连...
[2026-07-12 13:41:25] [CAM] 摄像头捕获器已释放
[2026-07-12 13:41:25] [CAM] 摄像头未检测到，等待重连...
[2026-07-12 13:41:26] [ERROR] 网络断开，无法访问外网
[2026-07-12 13:41:26] [CAM] 摄像头捕获器已释放
[2026-07-12 13:41:26] [CAM] 摄像头未检测到，等待重连...
[2026-07-12 13:41:26] [CAM] 摄像头捕获器已释放
[2026-07-12 13:41:26] [CAM] 摄像头未检测到，等待重连...
[2026-07-12 13:41:27] [NET] 网络已恢复连通
[2026-07-12 13:41:27] [CAM] 摄像头捕获器已释放
[2026-07-12 13:41:27] [CAM] 摄像头未检测到，等待重连...
[2026-07-12 13:41:27] [CAM] 摄像头捕获器已释放
[2026-07-12 13:41:27] [CAM] 摄像头未检测到，等待重连...
[2026-07-12 13:41:28] [CAM] 摄像头捕获器已释放
[2026-07-12 13:41:28] [CAM] 摄像头未检测到，等待重连...
[2026-07-12 13:41:28] [CAM] 摄像头捕获器已释放
[2026-07-12 13:41:28] [CAM] 摄像头未检测到，等待重连...
[2026-07-12 13:41:29] [CAM] 摄像头捕获器已释放
[2026-07-12 13:41:29] [CAM] 摄像头未检测到，等待重连...
[2026-07-12 13:41:29] [CAM] 摄像头捕获器已释放
[2026-07-12 13:41:29] [CAM] 摄像头未检测到，等待重连...
[2026-07-12 13:41:30] [CAM] 摄像头捕获器已释放
[2026-07-12 13:41:30] [CAM] 摄像头未检测到，等待重连...
[2026-07-12 13:41:30] [CAM] 摄像头捕获器已释放
[2026-07-12 13:41:30] [CAM] 摄像头未检测到，等待重连...
[2026-07-12 13:41:31] [CAM] 摄像头捕获器已释放
[2026-07-12 13:41:31] [CAM] 摄像头未检测到，等待重连...
[2026-07-12 13:41:31] [CAM] 摄像头捕获器已释放
[2026-07-12 13:41:31] [CAM] 摄像头未检测到，等待重连...
[2026-07-12 13:41:32] [CAM] 摄像头捕获器已释放
[2026-07-12 13:41:32] [CAM] 摄像头未检测到，等待重连...
[2026-07-12 13:41:32] [CAM] 摄像头捕获器已释放
[2026-07-12 13:41:32] [CAM] 摄像头未检测到，等待重连...
[2026-07-12 13:41:33] [CAM] 摄像头捕获器已释放
[2026-07-12 13:41:33] [CAM] 摄像头未检测到，等待重连...
[2026-07-12 13:41:33] [CAM] 摄像头捕获器已释放
[2026-07-12 13:41:33] [CAM] 摄像头未检测到，等待重连...
[2026-07-12 13:41:34] [CAM] 摄像头捕获器已释放
[2026-07-12 13:41:34] [CAM] 摄像头未检测到，等待重连...
[2026-07-12 13:41:34] [CAM] 摄像头捕获器已释放
[2026-07-12 13:41:34] [CAM] 摄像头未检测到，等待重连...
[2026-07-12 13:41:35] [CAM] 摄像头捕获器已释放
[2026-07-12 13:41:35] [CAM] 摄像头未检测到，等待重连...
[2026-07-12 13:41:35] [CAM] 摄像头捕获器已释放
[2026-07-12 13:41:35] [CAM] 摄像头未检测到，等待重连...
[2026-07-12 13:41:36] [CAM] 摄像头捕获器已释放
[2026-07-12 13:41:36] [CAM] 摄像头未检测到，等待重连...
[2026-07-12 13:41:36] [CAM] 摄像头捕获器已释放
[2026-07-12 13:41:36] [CAM] 摄像头未检测到，等待重连...
[2026-07-12 13:41:37] [CAM] 摄像头捕获器已释放
[2026-07-12 13:41:37] [CAM] 摄像头未检测到，等待重连...
[2026-07-12 13:41:37] [CAM] 摄像头捕获器已释放
[2026-07-12 13:41:37] [CAM] 摄像头未检测到，等待重连...
[2026-07-12 13:41:38] [CAM] 摄像头捕获器已释放
[2026-07-12 13:41:38] [CAM] 摄像头未检测到，等待重连...
[2026-07-12 13:41:38] [CAM] 摄像头捕获器已释放
[2026-07-12 13:41:38] [CAM] 摄像头未检测到，等待重连...
[2026-07-12 13:41:39] [CAM] 摄像头捕获器已释放
[2026-07-12 13:41:39] [CAM] 摄像头未检测到，等待重连...
[2026-07-12 13:41:39] [CAM] 摄像头捕获器已释放
[2026-07-12 13:41:39] [CAM] 摄像头未检测到，等待重连...
[2026-07-12 13:41:40] [CAM] 摄像头捕获器已释放
[2026-07-12 13:41:40] [CAM] 摄像头未检测到，等待重连...
[2026-07-12 13:41:40] [CAM] 摄像头捕获器已释放
[2026-07-12 13:41:40] [CAM] 摄像头未检测到，等待重连...
[2026-07-12 13:41:41] [CAM] 摄像头捕获器已释放
[2026-07-12 13:41:41] [CAM] 摄像头未检测到，等待重连...
[2026-07-12 13:41:41] [CAM] 摄像头捕获器已释放
[2026-07-12 13:41:41] [CAM] 摄像头未检测到，等待重连...
[2026-07-12 13:41:42] [CAM] 摄像头捕获器已释放
[2026-07-12 13:41:42] [CAM] 摄像头未检测到，等待重连...
[2026-07-12 13:41:42] [CAM] 摄像头捕获器已释放
[2026-07-12 13:41:42] [CAM] 摄像头未检测到，等待重连...
[2026-07-12 13:41:43] [CAM] 摄像头捕获器已释放
[2026-07-12 13:41:43] [CAM] 摄像头未检测到，等待重连...
[2026-07-12 13:41:43] [CAM] 摄像头捕获器已释放
[2026-07-12 13:41:43] [CAM] 摄像头未检测到，等待重连...
[2026-07-12 13:41:44] [CAM] 摄像头捕获器已释放
[2026-07-12 13:41:44] [CAM] 摄像头未检测到，等待重连...
[2026-07-12 13:41:44] [CAM] 摄像头捕获器已释放
[2026-07-12 13:41:44] [CAM] 摄像头未检测到，等待重连...
[2026-07-12 13:41:45] [CAM] 摄像头捕获器已释放
[2026-07-12 13:41:45] [CAM] 摄像头未检测到，等待重连...
[2026-07-12 13:41:45] [CAM] 摄像头捕获器已释放
[2026-07-12 13:41:45] [CAM] 摄像头未检测到，等待重连...
[2026-07-12 13:41:46] [ERROR] 网络断开，无法访问外网
[2026-07-12 13:41:46] [CAM] 摄像头捕获器已释放
[2026-07-12 13:41:46] [CAM] 摄像头未检测到，等待重连...
[2026-07-12 13:41:46] [CAM] 摄像头捕获器已释放
[2026-07-12 13:41:46] [CAM] 摄像头未检测到，等待重连...
[2026-07-12 13:41:47] [NET] 网络已恢复连通
[2026-07-12 13:41:47] [CAM] 摄像头捕获器已释放
[2026-07-12 13:41:47] [CAM] 摄像头未检测到，等待重连...
[2026-07-12 13:41:47] [CAM] 摄像头捕获器已释放
[2026-07-12 13:41:47] [CAM] 摄像头未检测到，等待重连...
[2026-07-12 13:41:48] [CAM] 摄像头捕获器已释放
[2026-07-12 13:41:48] [CAM] 摄像头未检测到，等待重连...
[2026-07-12 13:41:48] [CAM] 摄像头捕获器已释放
[2026-07-12 13:41:48] [CAM] 摄像头未检测到，等待重连...
[2026-07-12 13:41:49] [CAM] 摄像头捕获器已释放
[2026-07-12 13:41:49] [CAM] 摄像头未检测到，等待重连...
[2026-07-12 13:41:49] [CAM] 摄像头捕获器已释放
[2026-07-12 13:41:49] [CAM] 摄像头未检测到，等待重连...
[2026-07-12 13:41:50] [CAM] 摄像头捕获器已释放
[2026-07-12 13:41:50] [CAM] 摄像头未检测到，等待重连...
[2026-07-12 13:41:50] [CAM] 摄像头捕获器已释放
[2026-07-12 13:41:50] [CAM] 摄像头未检测到，等待重连...
[2026-07-12 13:41:51] [CAM] 摄像头捕获器已释放
[2026-07-12 13:41:51] [CAM] 摄像头未检测到，等待重连...
[2026-07-12 13:41:51] [CAM] 摄像头捕获器已释放
[2026-07-12 13:41:51] [CAM] 摄像头未检测到，等待重连...
[2026-07-12 13:41:52] [CAM] 摄像头捕获器已释放
[2026-07-12 13:41:52] [CAM] 摄像头未检测到，等待重连...
[2026-07-12 13:41:52] [CAM] 摄像头捕获器已释放
[2026-07-12 13:41:52] [CAM] 摄像头未检测到，等待重连...
[2026-07-12 13:41:53] [CAM] 摄像头捕获器已释放
[2026-07-12 13:41:53] [CAM] 摄像头未检测到，等待重连...
[2026-07-12 13:41:53] [CAM] 摄像头捕获器已释放
[2026-07-12 13:41:53] [CAM] 摄像头未检测到，等待重连...
[2026-07-12 13:41:54] [CAM] 摄像头捕获器已释放
[2026-07-12 13:41:54] [CAM] 摄像头未检测到，等待重连...
[2026-07-12 13:41:54] [CAM] 摄像头捕获器已释放
[2026-07-12 13:41:54] [CAM] 摄像头未检测到，等待重连...
[2026-07-12 13:41:55] [CAM] 摄像头捕获器已释放
[2026-07-12 13:41:55] [CAM] 摄像头未检测到，等待重连...
[2026-07-12 13:41:55] [CAM] 摄像头捕获器已释放
[2026-07-12 13:41:55] [CAM] 摄像头未检测到，等待重连...
[2026-07-12 13:41:56] [CAM] 摄像头捕获器已释放
[2026-07-12 13:41:56] [CAM] 摄像头未检测到，等待重连...
[2026-07-12 13:41:56] [CAM] 摄像头捕获器已释放
[2026-07-12 13:41:56] [CAM] 摄像头未检测到，等待重连...
[2026-07-12 13:41:57] [CAM] 摄像头捕获器已释放
[2026-07-12 13:41:57] [CAM] 摄像头未检测到，等待重连...
[2026-07-12 13:41:57] [CAM] 摄像头捕获器已释放
[2026-07-12 13:41:57] [CAM] 摄像头未检测到，等待重连...
[2026-07-12 13:41:58] [CAM] 摄像头捕获器已释放
[2026-07-12 13:41:58] [CAM] 摄像头未检测到，等待重连...
[2026-07-12 13:41:58] [CAM] 摄像头捕获器已释放
[2026-07-12 13:41:58] [CAM] 摄像头未检测到，等待重连...
[2026-07-12 13:41:59] [CAM] 摄像头捕获器已释放
[2026-07-12 13:41:59] [CAM] 摄像头未检测到，等待重连...
[2026-07-12 13:41:59] [CAM] 摄像头捕获器已释放
[2026-07-12 13:41:59] [CAM] 摄像头未检测到，等待重连...
[2026-07-12 13:42:00] [CAM] 摄像头捕获器已释放
[2026-07-12 13:42:00] [CAM] 摄像头未检测到，等待重连...
[2026-07-12 13:42:00] [CAM] 摄像头捕获器已释放
[2026-07-12 13:42:00] [CAM] 摄像头未检测到，等待重连...
[2026-07-12 13:42:01] [CAM] 摄像头捕获器已释放
[2026-07-12 13:42:01] [CAM] 摄像头未检测到，等待重连...
[2026-07-12 13:42:01] [CAM] 摄像头捕获器已释放
[2026-07-12 13:42:01] [CAM] 摄像头未检测到，等待重连...
[2026-07-12 13:42:02] [CAM] 摄像头捕获器已释放
[2026-07-12 13:42:02] [CAM] 摄像头未检测到，等待重连...
[2026-07-12 13:42:02] [CAM] 摄像头捕获器已释放
[2026-07-12 13:42:02] [CAM] 摄像头未检测到，等待重连...
[2026-07-12 13:42:03] [CAM] 摄像头捕获器已释放
[2026-07-12 13:42:03] [CAM] 摄像头未检测到，等待重连...
[2026-07-12 13:42:03] [CAM] 摄像头捕获器已释放
[2026-07-12 13:42:03] [CAM] 摄像头未检测到，等待重连...
[2026-07-12 13:42:04] [CAM] 摄像头捕获器已释放
[2026-07-12 13:42:04] [CAM] 摄像头未检测到，等待重连...
[2026-07-12 13:42:04] [CAM] 摄像头捕获器已释放
[2026-07-12 13:42:04] [CAM] 摄像头未检测到，等待重连...
[2026-07-12 13:42:05] [CAM] 摄像头捕获器已释放
[2026-07-12 13:42:05] [CAM] 摄像头未检测到，等待重连...
[2026-07-12 13:42:05] [CAM] 摄像头捕获器已释放
[2026-07-12 13:42:05] [CAM] 摄像头未检测到，等待重连...
[2026-07-12 13:42:06] [CAM] 摄像头捕获器已释放
[2026-07-12 13:42:06] [CAM] 摄像头未检测到，等待重连...
[2026-07-12 13:42:06] [CAM] 摄像头捕获器已释放
[2026-07-12 13:42:06] [CAM] 摄像头未检测到，等待重连...
[2026-07-12 13:42:07] [CAM] 摄像头捕获器已释放
[2026-07-12 13:42:07] [CAM] 摄像头未检测到，等待重连...
[2026-07-12 13:42:07] [CAM] 摄像头捕获器已释放
[2026-07-12 13:42:07] [CAM] 摄像头未检测到，等待重连...
[2026-07-12 13:42:08] [CAM] 摄像头捕获器已释放
[2026-07-12 13:42:08] [CAM] 摄像头未检测到，等待重连...
[2026-07-12 13:42:08] [CAM] 摄像头捕获器已释放
[2026-07-12 13:42:08] [CAM] 摄像头未检测到，等待重连...
[2026-07-12 13:42:09] [CAM] 摄像头捕获器已释放
[2026-07-12 13:42:09] [CAM] 摄像头未检测到，等待重连...
[2026-07-12 13:42:09] [CAM] 摄像头捕获器已释放
[2026-07-12 13:42:09] [CAM] 摄像头未检测到，等待重连...
[2026-07-12 13:42:10] [CAM] 摄像头捕获器已释放
[2026-07-12 13:42:10] [CAM] 摄像头未检测到，等待重连...
[2026-07-12 13:42:10] [CAM] 摄像头捕获器已释放
[2026-07-12 13:42:10] [CAM] 摄像头未检测到，等待重连...
[2026-07-12 13:42:11] [CAM] 摄像头捕获器已释放
[2026-07-12 13:42:11] [CAM] 摄像头未检测到，等待重连...
[2026-07-12 13:42:11] [CAM] 摄像头捕获器已释放
[2026-07-12 13:42:11] [CAM] 摄像头未检测到，等待重连...
[2026-07-12 13:42:12] [CAM] 摄像头捕获器已释放
[2026-07-12 13:42:12] [CAM] 摄像头未检测到，等待重连...
[2026-07-12 13:42:12] [CAM] 摄像头捕获器已释放
[2026-07-12 13:42:12] [CAM] 摄像头未检测到，等待重连...
[2026-07-12 13:42:13] [CAM] 摄像头捕获器已释放
[2026-07-12 13:42:13] [CAM] 摄像头未检测到，等待重连...
[2026-07-12 13:42:13] [CAM] 摄像头捕获器已释放
[2026-07-12 13:42:13] [CAM] 摄像头未检测到，等待重连...
[2026-07-12 13:42:14] [CAM] 摄像头捕获器已释放
[2026-07-12 13:42:14] [CAM] 摄像头未检测到，等待重连...
[2026-07-12 13:42:14] [CAM] 摄像头捕获器已释放
[2026-07-12 13:42:14] [CAM] 摄像头未检测到，等待重连...
[2026-07-12 13:42:15] [CAM] 摄像头捕获器已释放
[2026-07-12 13:42:15] [CAM] 摄像头未检测到，等待重连...
[2026-07-12 13:42:15] [CAM] 摄像头捕获器已释放
[2026-07-12 13:42:15] [CAM] 摄像头未检测到，等待重连...
[2026-07-12 13:42:16] [CAM] 摄像头捕获器已释放
[2026-07-12 13:42:16] [CAM] 摄像头未检测到，等待重连...
[2026-07-12 13:42:16] [CAM] 摄像头捕获器已释放
[2026-07-12 13:42:16] [CAM] 摄像头未检测到，等待重连...
[2026-07-12 13:42:17] [CAM] 摄像头捕获器已释放
[2026-07-12 13:42:17] [CAM] 摄像头未检测到，等待重连...
[2026-07-12 13:42:17] [CAM] 摄像头捕获器已释放
[2026-07-12 13:42:17] [CAM] 摄像头未检测到，等待重连...
[2026-07-12 13:42:18] [CAM] 摄像头捕获器已释放
[2026-07-12 13:42:18] [CAM] 摄像头未检测到，等待重连...
[2026-07-12 13:42:18] [CAM] 摄像头捕获器已释放
[2026-07-12 13:42:18] [CAM] 摄像头未检测到，等待重连...
[2026-07-12 13:42:19] [CAM] 摄像头捕获器已释放
[2026-07-12 13:42:19] [CAM] 摄像头未检测到，等待重连...
[2026-07-12 13:42:19] [CAM] 摄像头捕获器已释放
[2026-07-12 13:42:19] [CAM] 摄像头未检测到，等待重连...
[2026-07-12 13:42:20] [CAM] 摄像头捕获器已释放
[2026-07-12 13:42:20] [CAM] 摄像头未检测到，等待重连...
[2026-07-12 13:42:20] [CAM] 摄像头捕获器已释放
[2026-07-12 13:42:20] [CAM] 摄像头未检测到，等待重连...
[2026-07-12 13:42:21] [CAM] 摄像头捕获器已释放
[2026-07-12 13:42:21] [CAM] 摄像头未检测到，等待重连...
[2026-07-12 13:42:21] [CAM] 摄像头捕获器已释放
[2026-07-12 13:42:21] [CAM] 摄像头未检测到，等待重连...
[2026-07-12 13:42:22] [CAM] 摄像头捕获器已释放
[2026-07-12 13:42:22] [CAM] 摄像头未检测到，等待重连...
[2026-07-12 13:42:22] [CAM] 摄像头捕获器已释放
[2026-07-12 13:42:22] [CAM] 摄像头未检测到，等待重连...
[2026-07-12 13:42:23] [CAM] 摄像头捕获器已释放
[2026-07-12 13:42:23] [CAM] 摄像头未检测到，等待重连...
[2026-07-12 13:42:23] [CAM] 摄像头捕获器已释放
[2026-07-12 13:42:23] [CAM] 摄像头未检测到，等待重连...
[2026-07-12 13:42:24] [CAM] 摄像头捕获器已释放
[2026-07-12 13:42:24] [CAM] 摄像头未检测到，等待重连...
[2026-07-12 13:42:24] [CAM] 摄像头捕获器已释放
[2026-07-12 13:42:24] [CAM] 摄像头未检测到，等待重连...
[2026-07-12 13:42:25] [CAM] 摄像头捕获器已释放
[2026-07-12 13:42:25] [CAM] 摄像头未检测到，等待重连...
[2026-07-12 13:42:25] [CAM] 摄像头捕获器已释放
[2026-07-12 13:42:25] [CAM] 摄像头未检测到，等待重连...
[2026-07-12 13:42:26] [CAM] 摄像头捕获器已释放
[2026-07-12 13:42:26] [CAM] 摄像头未检测到，等待重连...
[2026-07-12 13:42:26] [CAM] 摄像头捕获器已释放
[2026-07-12 13:42:26] [CAM] 摄像头未检测到，等待重连...
[2026-07-12 13:42:27] [CAM] 摄像头捕获器已释放
[2026-07-12 13:42:27] [CAM] 摄像头未检测到，等待重连...
[2026-07-12 13:42:27] [CAM] 摄像头捕获器已释放
[2026-07-12 13:42:27] [CAM] 摄像头未检测到，等待重连...
[2026-07-12 13:42:28] [CAM] 摄像头捕获器已释放
[2026-07-12 13:42:28] [CAM] 摄像头未检测到，等待重连...
[2026-07-12 13:42:28] [CAM] 摄像头捕获器已释放
[2026-07-12 13:42:28] [CAM] 摄像头未检测到，等待重连...
[2026-07-12 13:42:29] [CAM] 摄像头捕获器已释放
[2026-07-12 13:42:29] [CAM] 摄像头未检测到，等待重连...
[2026-07-12 13:42:29] [CAM] 摄像头捕获器已释放
[2026-07-12 13:42:29] [CAM] 摄像头未检测到，等待重连...
[2026-07-12 13:42:30] [CAM] 摄像头捕获器已释放
[2026-07-12 13:42:30] [CAM] 摄像头未检测到，等待重连...
[2026-07-12 13:42:30] [CAM] 摄像头捕获器已释放
[2026-07-12 13:42:30] [CAM] 摄像头未检测到，等待重连...
[2026-07-12 13:42:31] [CAM] 摄像头捕获器已释放
[2026-07-12 13:42:31] [CAM] 摄像头未检测到，等待重连...
[2026-07-12 13:42:31] [CAM] 摄像头捕获器已释放
[2026-07-12 13:42:31] [CAM] 摄像头未检测到，等待重连...
[2026-07-12 13:42:32] [CAM] 摄像头捕获器已释放
[2026-07-12 13:42:32] [CAM] 摄像头未检测到，等待重连...
[2026-07-12 13:42:32] [CAM] 摄像头捕获器已释放
[2026-07-12 13:42:32] [CAM] 摄像头未检测到，等待重连...
[2026-07-12 13:42:33] [CAM] 摄像头捕获器已释放
[2026-07-12 13:42:33] [CAM] 摄像头未检测到，等待重连...
[2026-07-12 13:42:33] [CAM] 摄像头捕获器已释放
[2026-07-12 13:42:33] [CAM] 摄像头未检测到，等待重连...
[2026-07-12 13:42:34] [CAM] 摄像头捕获器已释放
[2026-07-12 13:42:34] [CAM] 摄像头未检测到，等待重连...
[2026-07-12 13:42:34] [CAM] 摄像头捕获器已释放
[2026-07-12 13:42:34] [CAM] 摄像头未检测到，等待重连...
[2026-07-12 13:42:35] [CAM] 摄像头捕获器已释放
[2026-07-12 13:42:35] [CAM] 摄像头未检测到，等待重连...
[2026-07-12 13:42:35] [CAM] 摄像头捕获器已释放
[2026-07-12 13:42:35] [CAM] 摄像头未检测到，等待重连...
[2026-07-12 13:42:36] [CAM] 摄像头捕获器已释放
[2026-07-12 13:42:36] [CAM] 摄像头未检测到，等待重连...
[2026-07-12 13:42:36] [CAM] 摄像头捕获器已释放
[2026-07-12 13:42:36] [CAM] 摄像头未检测到，等待重连...
[2026-07-12 13:42:37] [CAM] 摄像头捕获器已释放
[2026-07-12 13:42:37] [CAM] 摄像头未检测到，等待重连...
[2026-07-12 13:42:37] [CAM] 摄像头捕获器已释放
[2026-07-12 13:42:37] [CAM] 摄像头未检测到，等待重连...
[2026-07-12 13:42:38] [CAM] 摄像头捕获器已释放
[2026-07-12 13:42:38] [CAM] 摄像头未检测到，等待重连...
[2026-07-12 13:42:38] [CAM] 摄像头捕获器已释放
[2026-07-12 13:42:38] [CAM] 摄像头未检测到，等待重连...
[2026-07-12 13:42:39] [CAM] 摄像头捕获器已释放
[2026-07-12 13:42:39] [CAM] 摄像头未检测到，等待重连...
[2026-07-12 13:42:39] [CAM] 摄像头捕获器已释放
[2026-07-12 13:42:39] [CAM] 摄像头未检测到，等待重连...
[2026-07-12 13:42:40] [ERROR] 网络断开，无法访问外网
[2026-07-12 13:42:40] [CAM] 摄像头捕获器已释放
[2026-07-12 13:42:40] [CAM] 摄像头未检测到，等待重连...
[2026-07-12 13:42:40] [CAM] 摄像头捕获器已释放
[2026-07-12 13:42:40] [CAM] 摄像头未检测到，等待重连...
[2026-07-12 13:42:41] [NET] 网络已恢复连通
[2026-07-12 13:42:41] [CAM] 摄像头捕获器已释放
[2026-07-12 13:42:41] [CAM] 摄像头未检测到，等待重连...
[2026-07-12 13:42:41] [CAM] 摄像头捕获器已释放
[2026-07-12 13:42:41] [CAM] 摄像头未检测到，等待重连...
[2026-07-12 13:42:42] [CAM] 摄像头捕获器已释放
[2026-07-12 13:42:42] [CAM] 摄像头未检测到，等待重连...
[2026-07-12 13:42:42] [CAM] 摄像头捕获器已释放
[2026-07-12 13:42:42] [CAM] 摄像头未检测到，等待重连...
[2026-07-12 13:42:43] [CAM] 摄像头捕获器已释放
[2026-07-12 13:42:43] [CAM] 摄像头未检测到，等待重连...
[2026-07-12 13:42:43] [CAM] 摄像头捕获器已释放
[2026-07-12 13:42:43] [CAM] 摄像头未检测到，等待重连...
[2026-07-12 13:42:44] [CAM] 摄像头捕获器已释放
[2026-07-12 13:42:44] [CAM] 摄像头未检测到，等待重连...
[2026-07-12 13:42:44] [CAM] 摄像头捕获器已释放
[2026-07-12 13:42:44] [CAM] 摄像头未检测到，等待重连...
[2026-07-12 13:42:45] [CAM] 摄像头捕获器已释放
[2026-07-12 13:42:45] [CAM] 摄像头未检测到，等待重连...
[2026-07-12 13:42:45] [CAM] 摄像头捕获器已释放
[2026-07-12 13:42:45] [CAM] 摄像头未检测到，等待重连...
[2026-07-12 13:42:46] [CAM] 摄像头捕获器已释放
[2026-07-12 13:42:46] [CAM] 摄像头未检测到，等待重连...
[2026-07-12 13:42:46] [CAM] 摄像头捕获器已释放
[2026-07-12 13:42:46] [CAM] 摄像头未检测到，等待重连...
[2026-07-12 13:42:47] [CAM] 摄像头捕获器已释放
[2026-07-12 13:42:47] [CAM] 摄像头未检测到，等待重连...
[2026-07-12 13:42:47] [CAM] 摄像头捕获器已释放
[2026-07-12 13:42:47] [CAM] 摄像头未检测到，等待重连...
[2026-07-12 13:42:48] [ERROR] 网络断开，无法访问外网
[2026-07-12 13:42:48] [CAM] 摄像头捕获器已释放
[2026-07-12 13:42:48] [CAM] 摄像头未检测到，等待重连...
[2026-07-12 13:42:48] [CAM] 摄像头捕获器已释放
[2026-07-12 13:42:48] [CAM] 摄像头未检测到，等待重连...
[2026-07-12 13:42:49] [NET] 网络已恢复连通
[2026-07-12 13:42:49] [CAM] 摄像头捕获器已释放
[2026-07-12 13:42:49] [CAM] 摄像头未检测到，等待重连...
[2026-07-12 13:42:49] [CAM] 摄像头捕获器已释放
[2026-07-12 13:42:49] [CAM] 摄像头未检测到，等待重连...
[2026-07-12 13:42:50] [CAM] 摄像头捕获器已释放
[2026-07-12 13:42:50] [CAM] 摄像头未检测到，等待重连...
[2026-07-12 13:42:50] [CAM] 摄像头捕获器已释放
[2026-07-12 13:42:50] [CAM] 摄像头未检测到，等待重连...
[2026-07-12 13:42:51] [CAM] 摄像头捕获器已释放
[2026-07-12 13:42:51] [CAM] 摄像头未检测到，等待重连...
[2026-07-12 13:42:51] [CAM] 摄像头捕获器已释放
[2026-07-12 13:42:51] [CAM] 摄像头未检测到，等待重连...
[2026-07-12 13:42:52] [CAM] 摄像头捕获器已释放
[2026-07-12 13:42:52] [CAM] 摄像头未检测到，等待重连...
[2026-07-12 13:42:52] [CAM] 摄像头捕获器已释放
[2026-07-12 13:42:52] [CAM] 摄像头未检测到，等待重连...
[2026-07-12 13:42:53] [CAM] 摄像头捕获器已释放
[2026-07-12 13:42:53] [CAM] 摄像头未检测到，等待重连...
[2026-07-12 13:42:53] [CAM] 摄像头捕获器已释放
[2026-07-12 13:42:53] [CAM] 摄像头未检测到，等待重连...
[2026-07-12 13:42:54] [CAM] 摄像头捕获器已释放
[2026-07-12 13:42:54] [CAM] 摄像头未检测到，等待重连...
[2026-07-12 13:42:54] [CAM] 摄像头捕获器已释放
[2026-07-12 13:42:54] [CAM] 摄像头未检测到，等待重连...
[2026-07-12 13:42:55] [CAM] 摄像头捕获器已释放
[2026-07-12 13:42:55] [CAM] 摄像头未检测到，等待重连...
[2026-07-12 13:42:55] [CAM] 摄像头捕获器已释放
[2026-07-12 13:42:55] [CAM] 摄像头未检测到，等待重连...
[2026-07-12 13:42:56] [CAM] 摄像头捕获器已释放
[2026-07-12 13:42:56] [CAM] 摄像头未检测到，等待重连...
[2026-07-12 13:42:56] [CAM] 摄像头捕获器已释放
[2026-07-12 13:42:56] [CAM] 摄像头未检测到，等待重连...
[2026-07-12 13:42:57] [CAM] 摄像头捕获器已释放
[2026-07-12 13:42:57] [CAM] 摄像头未检测到，等待重连...
[2026-07-12 13:42:57] [CAM] 摄像头捕获器已释放
[2026-07-12 13:42:57] [CAM] 摄像头未检测到，等待重连...
[2026-07-12 13:42:58] [CAM] 摄像头捕获器已释放
[2026-07-12 13:42:58] [CAM] 摄像头未检测到，等待重连...
[2026-07-12 13:42:58] [CAM] 摄像头捕获器已释放
[2026-07-12 13:42:58] [CAM] 摄像头未检测到，等待重连...
[2026-07-12 13:42:59] [CAM] 摄像头捕获器已释放
[2026-07-12 13:42:59] [CAM] 摄像头未检测到，等待重连...
[2026-07-12 13:42:59] [CAM] 摄像头捕获器已释放
[2026-07-12 13:42:59] [CAM] 摄像头未检测到，等待重连...
[2026-07-12 13:43:00] [CAM] 摄像头捕获器已释放
[2026-07-12 13:43:00] [CAM] 摄像头未检测到，等待重连...
[2026-07-12 13:43:00] [CAM] 摄像头捕获器已释放
[2026-07-12 13:43:00] [CAM] 摄像头未检测到，等待重连...
[2026-07-12 13:43:01] [CAM] 摄像头捕获器已释放
[2026-07-12 13:43:01] [CAM] 摄像头未检测到，等待重连...
[2026-07-12 13:43:01] [CAM] 摄像头捕获器已释放
[2026-07-12 13:43:01] [CAM] 摄像头未检测到，等待重连...
[2026-07-12 13:43:02] [CAM] 摄像头捕获器已释放
[2026-07-12 13:43:02] [CAM] 摄像头未检测到，等待重连...
[2026-07-12 13:43:02] [CAM] 摄像头捕获器已释放
[2026-07-12 13:43:02] [CAM] 摄像头未检测到，等待重连...
[2026-07-12 13:43:03] [CAM] 摄像头捕获器已释放
[2026-07-12 13:43:03] [CAM] 摄像头未检测到，等待重连...
[2026-07-12 13:43:03] [CAM] 摄像头捕获器已释放
[2026-07-12 13:43:03] [CAM] 摄像头未检测到，等待重连...
[2026-07-12 13:43:04] [CAM] 摄像头捕获器已释放
[2026-07-12 13:43:04] [CAM] 摄像头未检测到，等待重连...
[2026-07-12 13:43:04] [CAM] 摄像头捕获器已释放
[2026-07-12 13:43:04] [CAM] 摄像头未检测到，等待重连...
[2026-07-12 13:43:05] [CAM] 摄像头捕获器已释放
[2026-07-12 13:43:05] [CAM] 摄像头未检测到，等待重连...
[2026-07-12 13:43:05] [CAM] 摄像头捕获器已释放
[2026-07-12 13:43:05] [CAM] 摄像头未检测到，等待重连...
[2026-07-12 13:43:06] [CAM] 摄像头捕获器已释放
[2026-07-12 13:43:06] [CAM] 摄像头未检测到，等待重连...
[2026-07-12 13:43:06] [CAM] 摄像头捕获器已释放
[2026-07-12 13:43:06] [CAM] 摄像头未检测到，等待重连...
[2026-07-12 13:43:07] [CAM] 摄像头捕获器已释放
[2026-07-12 13:43:07] [CAM] 摄像头未检测到，等待重连...
[2026-07-12 13:43:07] [CAM] 摄像头捕获器已释放
[2026-07-12 13:43:07] [CAM] 摄像头未检测到，等待重连...
[2026-07-12 13:43:08] [CAM] 摄像头捕获器已释放
[2026-07-12 13:43:08] [CAM] 摄像头未检测到，等待重连...
[2026-07-12 13:43:08] [CAM] 摄像头捕获器已释放
[2026-07-12 13:43:08] [CAM] 摄像头未检测到，等待重连...
[2026-07-12 13:43:09] [CAM] 摄像头捕获器已释放
[2026-07-12 13:43:09] [CAM] 摄像头未检测到，等待重连...
[2026-07-12 13:43:09] [CAM] 摄像头捕获器已释放
[2026-07-12 13:43:09] [CAM] 摄像头未检测到，等待重连...
[2026-07-12 13:43:10] [CAM] 摄像头捕获器已释放
[2026-07-12 13:43:10] [CAM] 摄像头未检测到，等待重连...
[2026-07-12 13:43:10] [CAM] 摄像头捕获器已释放
[2026-07-12 13:43:10] [CAM] 摄像头未检测到，等待重连...
[2026-07-12 13:43:11] [CAM] 摄像头捕获器已释放
[2026-07-12 13:43:11] [CAM] 摄像头未检测到，等待重连...
[2026-07-12 13:43:11] [CAM] 摄像头捕获器已释放
[2026-07-12 13:43:11] [CAM] 摄像头未检测到，等待重连...
[2026-07-12 13:43:12] [CAM] 摄像头捕获器已释放
[2026-07-12 13:43:12] [CAM] 摄像头未检测到，等待重连...
[2026-07-12 13:43:12] [CAM] 摄像头捕获器已释放
[2026-07-12 13:43:12] [CAM] 摄像头未检测到，等待重连...
[2026-07-12 13:43:13] [CAM] 摄像头捕获器已释放
[2026-07-12 13:43:13] [CAM] 摄像头未检测到，等待重连...
[2026-07-12 13:43:13] [CAM] 摄像头捕获器已释放
[2026-07-12 13:43:13] [CAM] 摄像头未检测到，等待重连...
[2026-07-12 13:43:14] [CAM] 摄像头捕获器已释放
[2026-07-12 13:43:14] [CAM] 摄像头未检测到，等待重连...
[2026-07-12 13:43:14] [CAM] 摄像头捕获器已释放
[2026-07-12 13:43:14] [CAM] 摄像头未检测到，等待重连...
[2026-07-12 13:43:15] [CAM] 摄像头捕获器已释放
[2026-07-12 13:43:15] [CAM] 摄像头未检测到，等待重连...
[2026-07-12 13:43:15] [CAM] 摄像头捕获器已释放
[2026-07-12 13:43:15] [CAM] 摄像头未检测到，等待重连...
[2026-07-12 13:43:16] [CAM] 摄像头捕获器已释放
[2026-07-12 13:43:16] [CAM] 摄像头未检测到，等待重连...
[2026-07-12 13:43:16] [CAM] 摄像头捕获器已释放
[2026-07-12 13:43:16] [CAM] 摄像头未检测到，等待重连...
[2026-07-12 13:43:17] [CAM] 摄像头捕获器已释放
[2026-07-12 13:43:17] [CAM] 摄像头未检测到，等待重连...
[2026-07-12 13:43:17] [CAM] 摄像头捕获器已释放
[2026-07-12 13:43:17] [CAM] 摄像头未检测到，等待重连...
[2026-07-12 13:43:18] [CAM] 摄像头捕获器已释放
[2026-07-12 13:43:18] [CAM] 摄像头未检测到，等待重连...
[2026-07-12 13:43:18] [CAM] 摄像头捕获器已释放
[2026-07-12 13:43:18] [CAM] 摄像头未检测到，等待重连...
[2026-07-12 13:43:19] [CAM] 摄像头捕获器已释放
[2026-07-12 13:43:19] [CAM] 摄像头未检测到，等待重连...
[2026-07-12 13:43:19] [CAM] 摄像头捕获器已释放
[2026-07-12 13:43:19] [CAM] 摄像头未检测到，等待重连...
[2026-07-12 13:43:20] [CAM] 摄像头捕获器已释放
[2026-07-12 13:43:20] [CAM] 摄像头未检测到，等待重连...
[2026-07-12 13:43:20] [CAM] 摄像头捕获器已释放
[2026-07-12 13:43:20] [CAM] 摄像头未检测到，等待重连...
[2026-07-12 13:43:21] [CAM] 摄像头捕获器已释放
[2026-07-12 13:43:21] [CAM] 摄像头未检测到，等待重连...
[2026-07-12 13:43:21] [CAM] 摄像头捕获器已释放
[2026-07-12 13:43:22] [CAM] 摄像头未检测到，等待重连...
[2026-07-12 13:43:22] [CAM] 摄像头捕获器已释放
[2026-07-12 13:43:22] [CAM] 摄像头未检测到，等待重连...
[2026-07-12 13:43:23] [CAM] 摄像头捕获器已释放
[2026-07-12 13:43:23] [CAM] 摄像头未检测到，等待重连...
[2026-07-12 13:43:23] [CAM] 摄像头捕获器已释放
[2026-07-12 13:43:23] [CAM] 摄像头未检测到，等待重连...
[2026-07-12 13:43:24] [CAM] 摄像头捕获器已释放
[2026-07-12 13:43:24] [CAM] 摄像头未检测到，等待重连...
[2026-07-12 13:43:24] [CAM] 摄像头捕获器已释放
[2026-07-12 13:43:24] [CAM] 摄像头未检测到，等待重连...
[2026-07-12 13:43:25] [CAM] 摄像头捕获器已释放
[2026-07-12 13:43:25] [CAM] 摄像头未检测到，等待重连...
[2026-07-12 13:43:25] [CAM] 摄像头捕获器已释放
[2026-07-12 13:43:25] [CAM] 摄像头未检测到，等待重连...
[2026-07-12 13:43:26] [CAM] 摄像头捕获器已释放
[2026-07-12 13:43:26] [CAM] 摄像头未检测到，等待重连...
[2026-07-12 13:43:26] [CAM] 摄像头捕获器已释放
[2026-07-12 13:43:26] [CAM] 摄像头未检测到，等待重连...
[2026-07-12 13:43:27] [CAM] 摄像头捕获器已释放
[2026-07-12 13:43:27] [CAM] 摄像头未检测到，等待重连...
[2026-07-12 13:43:27] [CAM] 摄像头捕获器已释放
[2026-07-12 13:43:27] [CAM] 摄像头未检测到，等待重连...
[2026-07-12 13:43:28] [CAM] 摄像头捕获器已释放
[2026-07-12 13:43:28] [CAM] 摄像头未检测到，等待重连...
[2026-07-12 13:43:28] [CAM] 摄像头捕获器已释放
[2026-07-12 13:43:28] [CAM] 摄像头未检测到，等待重连...
[2026-07-12 13:43:29] [CAM] 摄像头捕获器已释放
[2026-07-12 13:43:29] [CAM] 摄像头未检测到，等待重连...
[2026-07-12 13:43:29] [CAM] 摄像头捕获器已释放
[2026-07-12 13:43:29] [CAM] 摄像头未检测到，等待重连...
[2026-07-12 13:43:30] [CAM] 摄像头捕获器已释放
[2026-07-12 13:43:30] [CAM] 摄像头未检测到，等待重连...
[2026-07-12 13:43:30] [CAM] 摄像头捕获器已释放
[2026-07-12 13:43:30] [CAM] 摄像头未检测到，等待重连...
[2026-07-12 13:43:31] [CAM] 摄像头捕获器已释放
[2026-07-12 13:43:31] [CAM] 摄像头未检测到，等待重连...
[2026-07-12 13:43:31] [CAM] 摄像头捕获器已释放
[2026-07-12 13:43:31] [CAM] 摄像头未检测到，等待重连...
[2026-07-12 13:43:32] [CAM] 摄像头捕获器已释放
[2026-07-12 13:43:32] [CAM] 摄像头未检测到，等待重连...
[2026-07-12 13:43:32] [CAM] 摄像头捕获器已释放
[2026-07-12 13:43:32] [CAM] 摄像头未检测到，等待重连...
[2026-07-12 13:43:33] [CAM] 摄像头捕获器已释放
[2026-07-12 13:43:33] [CAM] 摄像头未检测到，等待重连...
[2026-07-12 13:43:33] [CAM] 摄像头捕获器已释放
[2026-07-12 13:43:33] [CAM] 摄像头未检测到，等待重连...
[2026-07-12 13:43:34] [CAM] 摄像头捕获器已释放
[2026-07-12 13:43:34] [CAM] 摄像头未检测到，等待重连...
[2026-07-12 13:43:34] [CAM] 摄像头捕获器已释放
[2026-07-12 13:43:34] [CAM] 摄像头未检测到，等待重连...
[2026-07-12 13:43:35] [CAM] 摄像头捕获器已释放
[2026-07-12 13:43:35] [CAM] 摄像头未检测到，等待重连...
[2026-07-12 13:43:35] [CAM] 摄像头捕获器已释放
[2026-07-12 13:43:35] [CAM] 摄像头未检测到，等待重连...
[2026-07-12 13:43:36] [CAM] 摄像头捕获器已释放
[2026-07-12 13:43:36] [CAM] 摄像头未检测到，等待重连...
[2026-07-12 13:43:36] [CAM] 摄像头捕获器已释放
[2026-07-12 13:43:36] [CAM] 摄像头未检测到，等待重连...
[2026-07-12 13:43:37] [CAM] 摄像头捕获器已释放
[2026-07-12 13:43:37] [CAM] 摄像头未检测到，等待重连...
[2026-07-12 13:43:37] [CAM] 摄像头捕获器已释放
[2026-07-12 13:43:37] [CAM] 摄像头未检测到，等待重连...
[2026-07-12 13:43:38] [CAM] 摄像头捕获器已释放
[2026-07-12 13:43:38] [CAM] 摄像头未检测到，等待重连...
[2026-07-12 13:43:38] [CAM] 摄像头捕获器已释放
[2026-07-12 13:43:38] [CAM] 摄像头未检测到，等待重连...
[2026-07-12 13:43:39] [CAM] 摄像头捕获器已释放
[2026-07-12 13:43:39] [CAM] 摄像头未检测到，等待重连...
[2026-07-12 13:43:39] [CAM] 摄像头捕获器已释放
[2026-07-12 13:43:39] [CAM] 摄像头未检测到，等待重连...
[2026-07-12 13:43:40] [CAM] 摄像头捕获器已释放
[2026-07-12 13:43:40] [CAM] 摄像头未检测到，等待重连...
[2026-07-12 13:43:40] [CAM] 摄像头捕获器已释放
[2026-07-12 13:43:40] [CAM] 摄像头未检测到，等待重连...
[2026-07-12 13:43:41] [CAM] 摄像头捕获器已释放
[2026-07-12 13:43:41] [CAM] 摄像头未检测到，等待重连...
[2026-07-12 13:43:41] [CAM] 摄像头捕获器已释放
[2026-07-12 13:43:41] [CAM] 摄像头未检测到，等待重连...
[2026-07-12 13:43:42] [CAM] 摄像头捕获器已释放
[2026-07-12 13:43:42] [CAM] 摄像头未检测到，等待重连...
[2026-07-12 13:43:42] [CAM] 摄像头捕获器已释放
[2026-07-12 13:43:42] [CAM] 摄像头未检测到，等待重连...
[2026-07-12 13:43:43] [CAM] 摄像头捕获器已释放
[2026-07-12 13:43:43] [CAM] 摄像头未检测到，等待重连...
[2026-07-12 13:43:43] [CAM] 摄像头捕获器已释放
[2026-07-12 13:43:43] [CAM] 摄像头未检测到，等待重连...
[2026-07-12 13:43:44] [CAM] 摄像头捕获器已释放
[2026-07-12 13:43:44] [CAM] 摄像头未检测到，等待重连...
[2026-07-12 13:43:44] [CAM] 摄像头捕获器已释放
[2026-07-12 13:43:44] [CAM] 摄像头未检测到，等待重连...
[2026-07-12 13:43:45] [CAM] 摄像头捕获器已释放
[2026-07-12 13:43:45] [CAM] 摄像头未检测到，等待重连...
[2026-07-12 13:43:45] [CAM] 摄像头捕获器已释放
[2026-07-12 13:43:45] [CAM] 摄像头未检测到，等待重连...
[2026-07-12 13:43:46] [CAM] 摄像头捕获器已释放
[2026-07-12 13:43:46] [CAM] 摄像头未检测到，等待重连...
[2026-07-12 13:43:46] [CAM] 摄像头捕获器已释放
[2026-07-12 13:43:46] [CAM] 摄像头未检测到，等待重连...
[2026-07-12 13:43:47] [CAM] 摄像头捕获器已释放
[2026-07-12 13:43:47] [CAM] 摄像头未检测到，等待重连...
[2026-07-12 13:43:47] [CAM] 摄像头捕获器已释放
[2026-07-12 13:43:47] [CAM] 摄像头未检测到，等待重连...
[2026-07-12 13:43:48] [CAM] 摄像头捕获器已释放
[2026-07-12 13:43:48] [CAM] 摄像头未检测到，等待重连...
[2026-07-12 13:43:48] [CAM] 摄像头捕获器已释放
[2026-07-12 13:43:48] [CAM] 摄像头未检测到，等待重连...
[2026-07-12 13:43:49] [CAM] 摄像头捕获器已释放
[2026-07-12 13:43:49] [CAM] 摄像头未检测到，等待重连...
[2026-07-12 13:43:49] [CAM] 摄像头捕获器已释放
[2026-07-12 13:43:49] [CAM] 摄像头未检测到，等待重连...
[2026-07-12 13:43:50] [CAM] 摄像头捕获器已释放
[2026-07-12 13:43:50] [CAM] 摄像头未检测到，等待重连...
[2026-07-12 13:43:50] [CAM] 摄像头捕获器已释放
[2026-07-12 13:43:50] [CAM] 摄像头未检测到，等待重连...
[2026-07-12 13:43:51] [CAM] 摄像头捕获器已释放
[2026-07-12 13:43:51] [CAM] 摄像头未检测到，等待重连...
[2026-07-12 13:43:51] [CAM] 摄像头捕获器已释放
[2026-07-12 13:43:51] [CAM] 摄像头未检测到，等待重连...
[2026-07-12 13:43:52] [CAM] 摄像头捕获器已释放
[2026-07-12 13:43:52] [CAM] 摄像头未检测到，等待重连...
[2026-07-12 13:43:52] [CAM] 摄像头捕获器已释放
[2026-07-12 13:43:52] [CAM] 摄像头未检测到，等待重连...
[2026-07-12 13:43:53] [CAM] 摄像头捕获器已释放
[2026-07-12 13:43:53] [CAM] 摄像头未检测到，等待重连...
[2026-07-12 13:43:53] [CAM] 摄像头捕获器已释放
[2026-07-12 13:43:53] [CAM] 摄像头未检测到，等待重连...
[2026-07-12 13:43:54] [CAM] 摄像头捕获器已释放
[2026-07-12 13:43:54] [CAM] 摄像头未检测到，等待重连...
[2026-07-12 13:43:54] [CAM] 摄像头捕获器已释放
[2026-07-12 13:43:54] [CAM] 摄像头未检测到，等待重连...
[2026-07-12 13:43:55] [CAM] 摄像头捕获器已释放
[2026-07-12 13:43:55] [CAM] 摄像头未检测到，等待重连...
[2026-07-12 13:43:55] [CAM] 摄像头捕获器已释放
[2026-07-12 13:43:55] [CAM] 摄像头未检测到，等待重连...
[2026-07-12 13:43:56] [CAM] 摄像头捕获器已释放
[2026-07-12 13:43:56] [CAM] 摄像头未检测到，等待重连...
[2026-07-12 13:43:56] [CAM] 摄像头捕获器已释放
[2026-07-12 13:43:56] [CAM] 摄像头未检测到，等待重连...
[2026-07-12 13:43:57] [CAM] 摄像头捕获器已释放
[2026-07-12 13:43:57] [CAM] 摄像头未检测到，等待重连...
[2026-07-12 13:43:57] [CAM] 摄像头捕获器已释放
[2026-07-12 13:43:57] [CAM] 摄像头未检测到，等待重连...
[2026-07-12 13:43:58] [CAM] 摄像头捕获器已释放
[2026-07-12 13:43:58] [CAM] 摄像头未检测到，等待重连...
[2026-07-12 13:43:58] [CAM] 摄像头捕获器已释放
[2026-07-12 13:43:58] [CAM] 摄像头未检测到，等待重连...
[2026-07-12 13:43:59] [CAM] 摄像头捕获器已释放
[2026-07-12 13:43:59] [CAM] 摄像头未检测到，等待重连...
[2026-07-12 13:43:59] [CAM] 摄像头捕获器已释放
[2026-07-12 13:43:59] [CAM] 摄像头未检测到，等待重连...
[2026-07-12 13:44:00] [CAM] 摄像头捕获器已释放
[2026-07-12 13:44:00] [CAM] 摄像头未检测到，等待重连...
[2026-07-12 13:44:00] [CAM] 摄像头捕获器已释放
[2026-07-12 13:44:00] [CAM] 摄像头未检测到，等待重连...
[2026-07-12 13:44:01] [CAM] 摄像头捕获器已释放
[2026-07-12 13:44:01] [CAM] 摄像头未检测到，等待重连...
[2026-07-12 13:44:01] [CAM] 摄像头捕获器已释放
[2026-07-12 13:44:01] [CAM] 摄像头未检测到，等待重连...
[2026-07-12 13:44:02] [CAM] 摄像头捕获器已释放
[2026-07-12 13:44:02] [CAM] 摄像头未检测到，等待重连...
[2026-07-12 13:44:02] [CAM] 摄像头捕获器已释放
[2026-07-12 13:44:02] [CAM] 摄像头未检测到，等待重连...
[2026-07-12 13:44:03] [CAM] 摄像头捕获器已释放
[2026-07-12 13:44:03] [CAM] 摄像头未检测到，等待重连...
[2026-07-12 13:44:03] [CAM] 摄像头捕获器已释放
[2026-07-12 13:44:03] [CAM] 摄像头未检测到，等待重连...
[2026-07-12 13:44:04] [CAM] 摄像头捕获器已释放
[2026-07-12 13:44:04] [CAM] 摄像头未检测到，等待重连...
[2026-07-12 13:44:04] [CAM] 摄像头捕获器已释放
[2026-07-12 13:44:04] [CAM] 摄像头未检测到，等待重连...
[2026-07-12 13:44:05] [CAM] 摄像头捕获器已释放
[2026-07-12 13:44:05] [CAM] 摄像头未检测到，等待重连...
[2026-07-12 13:44:05] [CAM] 摄像头捕获器已释放
[2026-07-12 13:44:05] [CAM] 摄像头未检测到，等待重连...
[2026-07-12 13:44:06] [CAM] 摄像头捕获器已释放
[2026-07-12 13:44:06] [CAM] 摄像头未检测到，等待重连...
[2026-07-12 13:44:06] [ERROR] 网络断开，无法访问外网
[2026-07-12 13:44:06] [CAM] 摄像头捕获器已释放
[2026-07-12 13:44:06] [CAM] 摄像头未检测到，等待重连...
[2026-07-12 13:44:07] [CAM] 摄像头捕获器已释放
[2026-07-12 13:44:07] [CAM] 摄像头未检测到，等待重连...
[2026-07-12 13:44:07] [NET] 网络已恢复连通
[2026-07-12 13:44:07] [CAM] 摄像头捕获器已释放
[2026-07-12 13:44:07] [CAM] 摄像头未检测到，等待重连...
[2026-07-12 13:44:08] [CAM] 摄像头捕获器已释放
[2026-07-12 13:44:08] [CAM] 摄像头未检测到，等待重连...
[2026-07-12 13:44:08] [CAM] 摄像头捕获器已释放
[2026-07-12 13:44:08] [CAM] 摄像头未检测到，等待重连...
[2026-07-12 13:44:09] [CAM] 摄像头捕获器已释放
[2026-07-12 13:44:09] [CAM] 摄像头未检测到，等待重连...
[2026-07-12 13:44:09] [CAM] 摄像头捕获器已释放
[2026-07-12 13:44:09] [CAM] 摄像头未检测到，等待重连...
[2026-07-12 13:44:10] [CAM] 摄像头捕获器已释放
[2026-07-12 13:44:10] [CAM] 摄像头未检测到，等待重连...
[2026-07-12 13:44:10] [CAM] 摄像头捕获器已释放
[2026-07-12 13:44:10] [CAM] 摄像头未检测到，等待重连...
[2026-07-12 13:44:11] [CAM] 摄像头捕获器已释放
[2026-07-12 13:44:11] [CAM] 摄像头未检测到，等待重连...
[2026-07-12 13:44:11] [CAM] 摄像头捕获器已释放
[2026-07-12 13:44:11] [CAM] 摄像头未检测到，等待重连...
[2026-07-12 13:44:12] [CAM] 摄像头捕获器已释放
[2026-07-12 13:44:12] [CAM] 摄像头未检测到，等待重连...
[2026-07-12 13:44:12] [CAM] 摄像头捕获器已释放
[2026-07-12 13:44:12] [CAM] 摄像头未检测到，等待重连...
[2026-07-12 13:44:13] [CAM] 摄像头捕获器已释放
[2026-07-12 13:44:13] [CAM] 摄像头未检测到，等待重连...
[2026-07-12 13:44:13] [CAM] 摄像头捕获器已释放
[2026-07-12 13:44:13] [CAM] 摄像头未检测到，等待重连...
[2026-07-12 13:44:14] [CAM] 摄像头捕获器已释放
[2026-07-12 13:44:14] [CAM] 摄像头未检测到，等待重连...
[2026-07-12 13:44:14] [CAM] 摄像头捕获器已释放
[2026-07-12 13:44:14] [CAM] 摄像头未检测到，等待重连...
[2026-07-12 13:44:15] [CAM] 摄像头捕获器已释放
[2026-07-12 13:44:15] [CAM] 摄像头未检测到，等待重连...
[2026-07-12 13:44:15] [CAM] 摄像头捕获器已释放
[2026-07-12 13:44:15] [CAM] 摄像头未检测到，等待重连...
[2026-07-12 13:44:16] [CAM] 摄像头捕获器已释放
[2026-07-12 13:44:16] [CAM] 摄像头未检测到，等待重连...
[2026-07-12 13:44:16] [ERROR] 网络断开，无法访问外网
[2026-07-12 13:44:16] [CAM] 摄像头捕获器已释放
[2026-07-12 13:44:16] [CAM] 摄像头未检测到，等待重连...
[2026-07-12 13:44:17] [CAM] 摄像头捕获器已释放
[2026-07-12 13:44:17] [CAM] 摄像头未检测到，等待重连...
[2026-07-12 13:44:17] [NET] 网络已恢复连通
[2026-07-12 13:44:17] [CAM] 摄像头捕获器已释放
[2026-07-12 13:44:17] [CAM] 摄像头未检测到，等待重连...
[2026-07-12 13:44:18] [CAM] 摄像头捕获器已释放
[2026-07-12 13:44:18] [CAM] 摄像头未检测到，等待重连...
[2026-07-12 13:44:18] [CAM] 摄像头捕获器已释放
[2026-07-12 13:44:18] [CAM] 摄像头未检测到，等待重连...
[2026-07-12 13:44:19] [CAM] 摄像头捕获器已释放
[2026-07-12 13:44:19] [CAM] 摄像头未检测到，等待重连...
[2026-07-12 13:44:19] [CAM] 摄像头捕获器已释放
[2026-07-12 13:44:19] [CAM] 摄像头未检测到，等待重连...
[2026-07-12 13:44:20] [CAM] 摄像头捕获器已释放
[2026-07-12 13:44:20] [CAM] 摄像头未检测到，等待重连...
[2026-07-12 13:44:20] [CAM] 摄像头捕获器已释放
[2026-07-12 13:44:20] [CAM] 摄像头未检测到，等待重连...
[2026-07-12 13:44:21] [CAM] 摄像头捕获器已释放
[2026-07-12 13:44:21] [CAM] 摄像头未检测到，等待重连...
[2026-07-12 13:44:21] [CAM] 摄像头捕获器已释放
[2026-07-12 13:44:21] [CAM] 摄像头未检测到，等待重连...
[2026-07-12 13:44:22] [CAM] 摄像头捕获器已释放
[2026-07-12 13:44:22] [CAM] 摄像头未检测到，等待重连...
[2026-07-12 13:44:22] [CAM] 摄像头捕获器已释放
[2026-07-12 13:44:22] [CAM] 摄像头未检测到，等待重连...
[2026-07-12 13:44:23] [CAM] 摄像头捕获器已释放
[2026-07-12 13:44:23] [CAM] 摄像头未检测到，等待重连...
[2026-07-12 13:44:23] [CAM] 摄像头捕获器已释放
[2026-07-12 13:44:23] [CAM] 摄像头未检测到，等待重连...
[2026-07-12 13:44:24] [CAM] 摄像头捕获器已释放
[2026-07-12 13:44:24] [CAM] 摄像头未检测到，等待重连...
[2026-07-12 13:44:24] [ERROR] 网络断开，无法访问外网
[2026-07-12 13:44:24] [CAM] 摄像头捕获器已释放
[2026-07-12 13:44:24] [CAM] 摄像头未检测到，等待重连...
[2026-07-12 13:44:25] [CAM] 摄像头捕获器已释放
[2026-07-12 13:44:25] [CAM] 摄像头未检测到，等待重连...
[2026-07-12 13:44:25] [NET] 网络已恢复连通
[2026-07-12 13:44:25] [CAM] 摄像头捕获器已释放
[2026-07-12 13:44:25] [CAM] 摄像头未检测到，等待重连...
[2026-07-12 13:44:26] [CAM] 摄像头捕获器已释放
[2026-07-12 13:44:26] [CAM] 摄像头未检测到，等待重连...
[2026-07-12 13:44:26] [CAM] 摄像头捕获器已释放
[2026-07-12 13:44:26] [CAM] 摄像头未检测到，等待重连...
[2026-07-12 13:44:27] [CAM] 摄像头捕获器已释放
[2026-07-12 13:44:27] [CAM] 摄像头未检测到，等待重连...
[2026-07-12 13:44:27] [CAM] 摄像头捕获器已释放
[2026-07-12 13:44:27] [CAM] 摄像头未检测到，等待重连...
[2026-07-12 13:44:28] [CAM] 摄像头捕获器已释放
[2026-07-12 13:44:28] [CAM] 摄像头未检测到，等待重连...
[2026-07-12 13:44:28] [CAM] 摄像头捕获器已释放
[2026-07-12 13:44:28] [CAM] 摄像头未检测到，等待重连...
[2026-07-12 13:44:29] [CAM] 摄像头捕获器已释放
[2026-07-12 13:44:29] [CAM] 摄像头未检测到，等待重连...
[2026-07-12 13:44:29] [CAM] 摄像头捕获器已释放
[2026-07-12 13:44:29] [CAM] 摄像头未检测到，等待重连...
[2026-07-12 13:44:30] [CAM] 摄像头捕获器已释放
[2026-07-12 13:44:30] [CAM] 摄像头未检测到，等待重连...
[2026-07-12 13:44:30] [CAM] 摄像头捕获器已释放
[2026-07-12 13:44:30] [CAM] 摄像头未检测到，等待重连...
[2026-07-12 13:44:31] [CAM] 摄像头捕获器已释放
[2026-07-12 13:44:31] [CAM] 摄像头未检测到，等待重连...
[2026-07-12 13:44:31] [CAM] 摄像头捕获器已释放
[2026-07-12 13:44:31] [CAM] 摄像头未检测到，等待重连...
[2026-07-12 13:44:32] [CAM] 摄像头捕获器已释放
[2026-07-12 13:44:32] [CAM] 摄像头未检测到，等待重连...
[2026-07-12 13:44:32] [CAM] 摄像头捕获器已释放
[2026-07-12 13:44:32] [CAM] 摄像头未检测到，等待重连...
[2026-07-12 13:44:33] [CAM] 摄像头捕获器已释放
[2026-07-12 13:44:33] [CAM] 摄像头未检测到，等待重连...
[2026-07-12 13:44:33] [CAM] 摄像头捕获器已释放
[2026-07-12 13:44:33] [CAM] 摄像头未检测到，等待重连...
[2026-07-12 13:44:34] [CAM] 摄像头捕获器已释放
[2026-07-12 13:44:34] [CAM] 摄像头未检测到，等待重连...
[2026-07-12 13:44:34] [CAM] 摄像头捕获器已释放
[2026-07-12 13:44:34] [CAM] 摄像头未检测到，等待重连...
[2026-07-12 13:44:35] [CAM] 摄像头捕获器已释放
[2026-07-12 13:44:35] [CAM] 摄像头未检测到，等待重连...
[2026-07-12 13:44:35] [CAM] 摄像头捕获器已释放
[2026-07-12 13:44:35] [CAM] 摄像头未检测到，等待重连...
[2026-07-12 13:44:36] [ERROR] 网络断开，无法访问外网
[2026-07-12 13:44:36] [CAM] 摄像头捕获器已释放
[2026-07-12 13:44:36] [CAM] 摄像头未检测到，等待重连...
[2026-07-12 13:44:36] [CAM] 摄像头捕获器已释放
[2026-07-12 13:44:36] [CAM] 摄像头未检测到，等待重连...
[2026-07-12 13:44:37] [CAM] 摄像头捕获器已释放
[2026-07-12 13:44:37] [CAM] 摄像头未检测到，等待重连...
[2026-07-12 13:44:37] [NET] 网络已恢复连通
[2026-07-12 13:44:37] [CAM] 摄像头捕获器已释放
[2026-07-12 13:44:37] [CAM] 摄像头未检测到，等待重连...
[2026-07-12 13:44:38] [CAM] 摄像头捕获器已释放
[2026-07-12 13:44:38] [CAM] 摄像头未检测到，等待重连...
[2026-07-12 13:44:38] [CAM] 摄像头捕获器已释放
[2026-07-12 13:44:38] [CAM] 摄像头未检测到，等待重连...
[2026-07-12 13:44:39] [CAM] 摄像头捕获器已释放
[2026-07-12 13:44:39] [CAM] 摄像头未检测到，等待重连...
[2026-07-12 13:44:39] [CAM] 摄像头捕获器已释放
[2026-07-12 13:44:39] [CAM] 摄像头未检测到，等待重连...
[2026-07-12 13:44:40] [CAM] 摄像头捕获器已释放
[2026-07-12 13:44:40] [CAM] 摄像头未检测到，等待重连...
[2026-07-12 13:44:40] [CAM] 摄像头捕获器已释放
[2026-07-12 13:44:40] [CAM] 摄像头未检测到，等待重连...
[2026-07-12 13:44:41] [CAM] 摄像头捕获器已释放
[2026-07-12 13:44:41] [CAM] 摄像头未检测到，等待重连...
[2026-07-12 13:44:41] [CAM] 摄像头捕获器已释放
[2026-07-12 13:44:41] [CAM] 摄像头未检测到，等待重连...
[2026-07-12 13:44:42] [CAM] 摄像头捕获器已释放
[2026-07-12 13:44:42] [CAM] 摄像头未检测到，等待重连...
[2026-07-12 13:44:42] [CAM] 摄像头捕获器已释放
[2026-07-12 13:44:42] [CAM] 摄像头未检测到，等待重连...
[2026-07-12 13:44:43] [CAM] 摄像头捕获器已释放
[2026-07-12 13:44:43] [CAM] 摄像头未检测到，等待重连...
[2026-07-12 13:44:43] [CAM] 摄像头捕获器已释放
[2026-07-12 13:44:43] [CAM] 摄像头未检测到，等待重连...
[2026-07-12 13:44:44] [CAM] 摄像头捕获器已释放
[2026-07-12 13:44:44] [CAM] 摄像头未检测到，等待重连...
[2026-07-12 13:44:44] [CAM] 摄像头捕获器已释放
[2026-07-12 13:44:44] [CAM] 摄像头未检测到，等待重连...
[2026-07-12 13:44:45] [CAM] 摄像头捕获器已释放
[2026-07-12 13:44:45] [CAM] 摄像头未检测到，等待重连...
[2026-07-12 13:44:45] [CAM] 摄像头捕获器已释放
[2026-07-12 13:44:45] [CAM] 摄像头未检测到，等待重连...
[2026-07-12 13:44:46] [CAM] 摄像头捕获器已释放
[2026-07-12 13:44:46] [CAM] 摄像头未检测到，等待重连...
[2026-07-12 13:44:46] [CAM] 摄像头捕获器已释放
[2026-07-12 13:44:46] [CAM] 摄像头未检测到，等待重连...
[2026-07-12 13:44:47] [CAM] 摄像头捕获器已释放
[2026-07-12 13:44:47] [CAM] 摄像头未检测到，等待重连...
[2026-07-12 13:44:47] [CAM] 摄像头捕获器已释放
[2026-07-12 13:44:47] [CAM] 摄像头未检测到，等待重连...
[2026-07-12 13:44:48] [CAM] 摄像头捕获器已释放
[2026-07-12 13:44:48] [CAM] 摄像头未检测到，等待重连...
[2026-07-12 13:44:48] [CAM] 摄像头捕获器已释放
[2026-07-12 13:44:48] [CAM] 摄像头未检测到，等待重连...
[2026-07-12 13:44:49] [CAM] 摄像头捕获器已释放
[2026-07-12 13:44:49] [CAM] 摄像头未检测到，等待重连...
[2026-07-12 13:44:49] [CAM] 摄像头捕获器已释放
[2026-07-12 13:44:49] [CAM] 摄像头未检测到，等待重连...
[2026-07-12 13:44:50] [CAM] 摄像头捕获器已释放
[2026-07-12 13:44:50] [CAM] 摄像头未检测到，等待重连...
[2026-07-12 13:44:50] [CAM] 摄像头捕获器已释放
[2026-07-12 13:44:50] [CAM] 摄像头未检测到，等待重连...
[2026-07-12 13:44:51] [CAM] 摄像头捕获器已释放
[2026-07-12 13:44:51] [CAM] 摄像头未检测到，等待重连...
[2026-07-12 13:44:51] [CAM] 摄像头捕获器已释放
[2026-07-12 13:44:51] [CAM] 摄像头未检测到，等待重连...
[2026-07-12 13:44:52] [CAM] 摄像头捕获器已释放
[2026-07-12 13:44:52] [CAM] 摄像头未检测到，等待重连...
[2026-07-12 13:44:52] [CAM] 摄像头捕获器已释放
[2026-07-12 13:44:52] [CAM] 摄像头未检测到，等待重连...
[2026-07-12 13:44:53] [CAM] 摄像头捕获器已释放
[2026-07-12 13:44:53] [CAM] 摄像头未检测到，等待重连...
[2026-07-12 13:44:53] [CAM] 摄像头捕获器已释放
[2026-07-12 13:44:53] [CAM] 摄像头未检测到，等待重连...
[2026-07-12 13:44:54] [CAM] 摄像头捕获器已释放
[2026-07-12 13:44:54] [CAM] 摄像头未检测到，等待重连...
[2026-07-12 13:44:54] [CAM] 摄像头捕获器已释放
[2026-07-12 13:44:54] [CAM] 摄像头未检测到，等待重连...
[2026-07-12 13:44:55] [CAM] 摄像头捕获器已释放
[2026-07-12 13:44:55] [CAM] 摄像头未检测到，等待重连...
[2026-07-12 13:44:55] [CAM] 摄像头捕获器已释放
[2026-07-12 13:44:55] [CAM] 摄像头未检测到，等待重连...
[2026-07-12 13:44:56] [CAM] 摄像头捕获器已释放
[2026-07-12 13:44:56] [CAM] 摄像头未检测到，等待重连...
[2026-07-12 13:44:56] [CAM] 摄像头捕获器已释放
[2026-07-12 13:44:56] [CAM] 摄像头未检测到，等待重连...
[2026-07-12 13:44:57] [CAM] 摄像头捕获器已释放
[2026-07-12 13:44:57] [CAM] 摄像头未检测到，等待重连...
[2026-07-12 13:44:57] [CAM] 摄像头捕获器已释放
[2026-07-12 13:44:57] [CAM] 摄像头未检测到，等待重连...
[2026-07-12 13:44:58] [CAM] 摄像头捕获器已释放
[2026-07-12 13:44:58] [CAM] 摄像头未检测到，等待重连...
[2026-07-12 13:44:58] [CAM] 摄像头捕获器已释放
[2026-07-12 13:44:58] [CAM] 摄像头未检测到，等待重连...
[2026-07-12 13:44:59] [CAM] 摄像头捕获器已释放
[2026-07-12 13:44:59] [CAM] 摄像头未检测到，等待重连...
[2026-07-12 13:44:59] [CAM] 摄像头捕获器已释放
[2026-07-12 13:44:59] [CAM] 摄像头未检测到，等待重连...
[2026-07-12 13:45:00] [CAM] 摄像头捕获器已释放
[2026-07-12 13:45:00] [CAM] 摄像头未检测到，等待重连...
[2026-07-12 13:45:00] [CAM] 摄像头捕获器已释放
[2026-07-12 13:45:00] [CAM] 摄像头未检测到，等待重连...
[2026-07-12 13:45:01] [CAM] 摄像头捕获器已释放
[2026-07-12 13:45:01] [CAM] 摄像头未检测到，等待重连...
[2026-07-12 13:45:01] [CAM] 摄像头捕获器已释放
[2026-07-12 13:45:01] [CAM] 摄像头未检测到，等待重连...
[2026-07-12 13:45:02] [CAM] 摄像头捕获器已释放
[2026-07-12 13:45:02] [CAM] 摄像头未检测到，等待重连...
[2026-07-12 13:45:02] [CAM] 摄像头捕获器已释放
[2026-07-12 13:45:02] [CAM] 摄像头未检测到，等待重连...
[2026-07-12 13:45:03] [CAM] 摄像头捕获器已释放
[2026-07-12 13:45:03] [CAM] 摄像头未检测到，等待重连...
[2026-07-12 13:45:03] [CAM] 摄像头捕获器已释放
[2026-07-12 13:45:03] [CAM] 摄像头未检测到，等待重连...
[2026-07-12 13:45:04] [CAM] 摄像头捕获器已释放
[2026-07-12 13:45:04] [CAM] 摄像头未检测到，等待重连...
[2026-07-12 13:45:04] [CAM] 摄像头捕获器已释放
[2026-07-12 13:45:04] [CAM] 摄像头未检测到，等待重连...
[2026-07-12 13:45:05] [CAM] 摄像头捕获器已释放
[2026-07-12 13:45:05] [CAM] 摄像头未检测到，等待重连...
[2026-07-12 13:45:05] [CAM] 摄像头捕获器已释放
[2026-07-12 13:45:05] [CAM] 摄像头未检测到，等待重连...
[2026-07-12 13:45:06] [CAM] 摄像头捕获器已释放
[2026-07-12 13:45:06] [CAM] 摄像头未检测到，等待重连...
[2026-07-12 13:45:06] [CAM] 摄像头捕获器已释放
[2026-07-12 13:45:06] [CAM] 摄像头未检测到，等待重连...
[2026-07-12 13:45:07] [CAM] 摄像头捕获器已释放
[2026-07-12 13:45:07] [CAM] 摄像头未检测到，等待重连...
[2026-07-12 13:45:07] [CAM] 摄像头捕获器已释放
[2026-07-12 13:45:07] [CAM] 摄像头未检测到，等待重连...
[2026-07-12 13:45:08] [CAM] 摄像头捕获器已释放
[2026-07-12 13:45:08] [CAM] 摄像头未检测到，等待重连...
[2026-07-12 13:45:08] [CAM] 摄像头捕获器已释放
[2026-07-12 13:45:08] [CAM] 摄像头未检测到，等待重连...
[2026-07-12 13:45:09] [CAM] 摄像头捕获器已释放
[2026-07-12 13:45:09] [CAM] 摄像头未检测到，等待重连...
[2026-07-12 13:45:09] [CAM] 摄像头捕获器已释放
[2026-07-12 13:45:09] [CAM] 摄像头未检测到，等待重连...
[2026-07-12 13:45:10] [CAM] 摄像头捕获器已释放
[2026-07-12 13:45:10] [CAM] 摄像头未检测到，等待重连...
[2026-07-12 13:45:10] [CAM] 摄像头捕获器已释放
[2026-07-12 13:45:10] [CAM] 摄像头未检测到，等待重连...
[2026-07-12 13:45:11] [CAM] 摄像头捕获器已释放
[2026-07-12 13:45:11] [CAM] 摄像头未检测到，等待重连...
[2026-07-12 13:45:11] [CAM] 摄像头捕获器已释放
[2026-07-12 13:45:11] [CAM] 摄像头未检测到，等待重连...
[2026-07-12 13:45:12] [CAM] 摄像头捕获器已释放
[2026-07-12 13:45:12] [CAM] 摄像头未检测到，等待重连...
[2026-07-12 13:45:12] [CAM] 摄像头捕获器已释放
[2026-07-12 13:45:12] [CAM] 摄像头未检测到，等待重连...
[2026-07-12 13:45:13] [CAM] 摄像头捕获器已释放
[2026-07-12 13:45:13] [CAM] 摄像头未检测到，等待重连...
[2026-07-12 13:45:13] [CAM] 摄像头捕获器已释放
[2026-07-12 13:45:13] [CAM] 摄像头未检测到，等待重连...
[2026-07-12 13:45:14] [CAM] 摄像头捕获器已释放
[2026-07-12 13:45:14] [CAM] 摄像头未检测到，等待重连...
[2026-07-12 13:45:14] [CAM] 摄像头捕获器已释放
[2026-07-12 13:45:14] [CAM] 摄像头未检测到，等待重连...
[2026-07-12 13:45:15] [CAM] 摄像头捕获器已释放
[2026-07-12 13:45:15] [CAM] 摄像头未检测到，等待重连...
[2026-07-12 13:45:15] [CAM] 摄像头捕获器已释放
[2026-07-12 13:45:15] [CAM] 摄像头未检测到，等待重连...
[2026-07-12 13:45:16] [CAM] 摄像头捕获器已释放
[2026-07-12 13:45:16] [CAM] 摄像头未检测到，等待重连...
[2026-07-12 13:45:16] [CAM] 摄像头捕获器已释放
[2026-07-12 13:45:16] [CAM] 摄像头未检测到，等待重连...
[2026-07-12 13:45:17] [CAM] 摄像头捕获器已释放
[2026-07-12 13:45:17] [CAM] 摄像头未检测到，等待重连...
[2026-07-12 13:45:17] [CAM] 摄像头捕获器已释放
[2026-07-12 13:45:17] [CAM] 摄像头未检测到，等待重连...
[2026-07-12 13:45:18] [CAM] 摄像头捕获器已释放
[2026-07-12 13:45:18] [CAM] 摄像头未检测到，等待重连...
[2026-07-12 13:45:18] [CAM] 摄像头捕获器已释放
[2026-07-12 13:45:18] [CAM] 摄像头未检测到，等待重连...
[2026-07-12 13:45:19] [CAM] 摄像头捕获器已释放
[2026-07-12 13:45:19] [CAM] 摄像头未检测到，等待重连...
[2026-07-12 13:45:19] [CAM] 摄像头捕获器已释放
[2026-07-12 13:45:19] [CAM] 摄像头未检测到，等待重连...
[2026-07-12 13:45:20] [CAM] 摄像头捕获器已释放
[2026-07-12 13:45:20] [CAM] 摄像头未检测到，等待重连...
[2026-07-12 13:45:20] [CAM] 摄像头捕获器已释放
[2026-07-12 13:45:20] [CAM] 摄像头未检测到，等待重连...
[2026-07-12 13:45:21] [CAM] 摄像头捕获器已释放
[2026-07-12 13:45:21] [CAM] 摄像头未检测到，等待重连...
[2026-07-12 13:45:21] [CAM] 摄像头捕获器已释放
[2026-07-12 13:45:21] [CAM] 摄像头未检测到，等待重连...
[2026-07-12 13:45:22] [CAM] 摄像头捕获器已释放
[2026-07-12 13:45:22] [CAM] 摄像头未检测到，等待重连...
[2026-07-12 13:45:22] [CAM] 摄像头捕获器已释放
[2026-07-12 13:45:22] [CAM] 摄像头未检测到，等待重连...
[2026-07-12 13:45:23] [CAM] 摄像头捕获器已释放
[2026-07-12 13:45:23] [CAM] 摄像头未检测到，等待重连...
[2026-07-12 13:45:23] [CAM] 摄像头捕获器已释放
[2026-07-12 13:45:23] [CAM] 摄像头未检测到，等待重连...
[2026-07-12 13:45:24] [CAM] 摄像头捕获器已释放
[2026-07-12 13:45:24] [CAM] 摄像头未检测到，等待重连...
[2026-07-12 13:45:24] [CAM] 摄像头捕获器已释放
[2026-07-12 13:45:24] [CAM] 摄像头未检测到，等待重连...
[2026-07-12 13:45:25] [CAM] 摄像头捕获器已释放
[2026-07-12 13:45:25] [CAM] 摄像头未检测到，等待重连...
[2026-07-12 13:45:25] [CAM] 摄像头捕获器已释放
[2026-07-12 13:45:25] [CAM] 摄像头未检测到，等待重连...
[2026-07-12 13:45:26] [CAM] 摄像头捕获器已释放
[2026-07-12 13:45:26] [CAM] 摄像头未检测到，等待重连...
[2026-07-12 13:45:26] [CAM] 摄像头捕获器已释放
[2026-07-12 13:45:26] [CAM] 摄像头未检测到，等待重连...
[2026-07-12 13:45:27] [CAM] 摄像头捕获器已释放
[2026-07-12 13:45:27] [CAM] 摄像头未检测到，等待重连...
[2026-07-12 13:45:27] [CAM] 摄像头捕获器已释放
[2026-07-12 13:45:27] [CAM] 摄像头未检测到，等待重连...
[2026-07-12 13:45:28] [CAM] 摄像头捕获器已释放
[2026-07-12 13:45:28] [CAM] 摄像头未检测到，等待重连...
[2026-07-12 13:45:28] [CAM] 摄像头捕获器已释放
[2026-07-12 13:45:28] [CAM] 摄像头未检测到，等待重连...
[2026-07-12 13:45:29] [CAM] 摄像头捕获器已释放
[2026-07-12 13:45:29] [CAM] 摄像头未检测到，等待重连...
[2026-07-12 13:45:29] [CAM] 摄像头捕获器已释放
[2026-07-12 13:45:29] [CAM] 摄像头未检测到，等待重连...
[2026-07-12 13:45:30] [CAM] 摄像头捕获器已释放
[2026-07-12 13:45:30] [CAM] 摄像头未检测到，等待重连...
[2026-07-12 13:45:30] [CAM] 摄像头捕获器已释放
[2026-07-12 13:45:30] [CAM] 摄像头未检测到，等待重连...
[2026-07-12 13:45:31] [CAM] 摄像头捕获器已释放
[2026-07-12 13:45:31] [CAM] 摄像头未检测到，等待重连...
[2026-07-12 13:45:31] [CAM] 摄像头捕获器已释放
[2026-07-12 13:45:31] [CAM] 摄像头未检测到，等待重连...
[2026-07-12 13:45:32] [CAM] 摄像头捕获器已释放
[2026-07-12 13:45:32] [CAM] 摄像头未检测到，等待重连...
[2026-07-12 13:45:32] [CAM] 摄像头捕获器已释放
[2026-07-12 13:45:32] [CAM] 摄像头未检测到，等待重连...
[2026-07-12 13:45:33] [CAM] 摄像头捕获器已释放
[2026-07-12 13:45:33] [CAM] 摄像头未检测到，等待重连...
[2026-07-12 13:45:33] [CAM] 摄像头捕获器已释放
[2026-07-12 13:45:33] [CAM] 摄像头未检测到，等待重连...
[2026-07-12 13:45:34] [CAM] 摄像头捕获器已释放
[2026-07-12 13:45:34] [CAM] 摄像头未检测到，等待重连...
[2026-07-12 13:45:34] [CAM] 摄像头捕获器已释放
[2026-07-12 13:45:34] [CAM] 摄像头未检测到，等待重连...
[2026-07-12 13:45:35] [CAM] 摄像头捕获器已释放
[2026-07-12 13:45:35] [CAM] 摄像头未检测到，等待重连...
[2026-07-12 13:45:35] [CAM] 摄像头捕获器已释放
[2026-07-12 13:45:35] [CAM] 摄像头未检测到，等待重连...
[2026-07-12 13:45:36] [CAM] 摄像头捕获器已释放
[2026-07-12 13:45:36] [CAM] 摄像头未检测到，等待重连...
[2026-07-12 13:45:36] [CAM] 摄像头捕获器已释放
[2026-07-12 13:45:36] [CAM] 摄像头未检测到，等待重连...
[2026-07-12 13:45:37] [CAM] 摄像头捕获器已释放
[2026-07-12 13:45:37] [CAM] 摄像头未检测到，等待重连...
[2026-07-12 13:45:37] [CAM] 摄像头捕获器已释放
[2026-07-12 13:45:37] [CAM] 摄像头未检测到，等待重连...
[2026-07-12 13:45:38] [CAM] 摄像头捕获器已释放
[2026-07-12 13:45:38] [CAM] 摄像头未检测到，等待重连...
[2026-07-12 13:45:38] [CAM] 摄像头捕获器已释放
[2026-07-12 13:45:38] [CAM] 摄像头未检测到，等待重连...
[2026-07-12 13:45:39] [CAM] 摄像头捕获器已释放
[2026-07-12 13:45:39] [CAM] 摄像头未检测到，等待重连...
[2026-07-12 13:45:39] [CAM] 摄像头捕获器已释放
[2026-07-12 13:45:39] [CAM] 摄像头未检测到，等待重连...
[2026-07-12 13:45:40] [CAM] 摄像头捕获器已释放
[2026-07-12 13:45:40] [CAM] 摄像头未检测到，等待重连...
[2026-07-12 13:45:40] [CAM] 摄像头捕获器已释放
[2026-07-12 13:45:40] [CAM] 摄像头未检测到，等待重连...
[2026-07-12 13:45:41] [CAM] 摄像头捕获器已释放
[2026-07-12 13:45:41] [CAM] 摄像头未检测到，等待重连...
[2026-07-12 13:45:41] [CAM] 摄像头捕获器已释放
[2026-07-12 13:45:41] [CAM] 摄像头未检测到，等待重连...
[2026-07-12 13:45:42] [CAM] 摄像头捕获器已释放
[2026-07-12 13:45:42] [CAM] 摄像头未检测到，等待重连...
[2026-07-12 13:45:42] [CAM] 摄像头捕获器已释放
[2026-07-12 13:45:42] [CAM] 摄像头未检测到，等待重连...
[2026-07-12 13:45:43] [CAM] 摄像头捕获器已释放
[2026-07-12 13:45:43] [CAM] 摄像头未检测到，等待重连...
[2026-07-12 13:45:43] [CAM] 摄像头捕获器已释放
[2026-07-12 13:45:43] [CAM] 摄像头未检测到，等待重连...
[2026-07-12 13:45:44] [CAM] 摄像头捕获器已释放
[2026-07-12 13:45:44] [CAM] 摄像头未检测到，等待重连...
[2026-07-12 13:45:44] [CAM] 摄像头捕获器已释放
[2026-07-12 13:45:44] [CAM] 摄像头未检测到，等待重连...
[2026-07-12 13:45:45] [CAM] 摄像头捕获器已释放
[2026-07-12 13:45:45] [CAM] 摄像头未检测到，等待重连...
[2026-07-12 13:45:45] [CAM] 摄像头捕获器已释放
[2026-07-12 13:45:45] [CAM] 摄像头未检测到，等待重连...
[2026-07-12 13:45:46] [CAM] 摄像头捕获器已释放
[2026-07-12 13:45:46] [CAM] 摄像头未检测到，等待重连...
[2026-07-12 13:45:46] [CAM] 摄像头捕获器已释放
[2026-07-12 13:45:46] [CAM] 摄像头未检测到，等待重连...
[2026-07-12 13:45:47] [CAM] 摄像头捕获器已释放
[2026-07-12 13:45:47] [CAM] 摄像头未检测到，等待重连...
[2026-07-12 13:45:47] [CAM] 摄像头捕获器已释放
[2026-07-12 13:45:47] [CAM] 摄像头未检测到，等待重连...
[2026-07-12 13:45:48] [CAM] 摄像头捕获器已释放
[2026-07-12 13:45:48] [CAM] 摄像头未检测到，等待重连...
[2026-07-12 13:45:48] [CAM] 摄像头捕获器已释放
[2026-07-12 13:45:48] [CAM] 摄像头未检测到，等待重连...
[2026-07-12 13:45:49] [CAM] 摄像头捕获器已释放
[2026-07-12 13:45:49] [CAM] 摄像头未检测到，等待重连...
[2026-07-12 13:45:49] [CAM] 摄像头捕获器已释放
[2026-07-12 13:45:49] [CAM] 摄像头未检测到，等待重连...
[2026-07-12 13:45:50] [CAM] 摄像头捕获器已释放
[2026-07-12 13:45:50] [CAM] 摄像头未检测到，等待重连...
[2026-07-12 13:45:50] [CAM] 摄像头捕获器已释放
[2026-07-12 13:45:50] [CAM] 摄像头未检测到，等待重连...
[2026-07-12 13:45:51] [CAM] 摄像头捕获器已释放
[2026-07-12 13:45:51] [CAM] 摄像头未检测到，等待重连...
[2026-07-12 13:45:51] [CAM] 摄像头捕获器已释放
[2026-07-12 13:45:51] [CAM] 摄像头未检测到，等待重连...
[2026-07-12 13:45:52] [CAM] 摄像头捕获器已释放
[2026-07-12 13:45:52] [CAM] 摄像头未检测到，等待重连...
[2026-07-12 13:45:52] [CAM] 摄像头捕获器已释放
[2026-07-12 13:45:52] [CAM] 摄像头未检测到，等待重连...
[2026-07-12 13:45:53] [CAM] 摄像头捕获器已释放
[2026-07-12 13:45:53] [CAM] 摄像头未检测到，等待重连...
[2026-07-12 13:45:53] [CAM] 摄像头捕获器已释放
[2026-07-12 13:45:53] [CAM] 摄像头未检测到，等待重连...
[2026-07-12 13:45:54] [CAM] 摄像头捕获器已释放
[2026-07-12 13:45:54] [CAM] 摄像头未检测到，等待重连...
[2026-07-12 13:45:54] [CAM] 摄像头捕获器已释放
[2026-07-12 13:45:54] [CAM] 摄像头未检测到，等待重连...
[2026-07-12 13:45:55] [CAM] 摄像头捕获器已释放
[2026-07-12 13:45:55] [CAM] 摄像头未检测到，等待重连...
[2026-07-12 13:45:55] [CAM] 摄像头捕获器已释放
[2026-07-12 13:45:55] [CAM] 摄像头未检测到，等待重连...
[2026-07-12 13:45:56] [CAM] 摄像头捕获器已释放
[2026-07-12 13:45:56] [CAM] 摄像头未检测到，等待重连...
[2026-07-12 13:45:56] [CAM] 摄像头捕获器已释放
[2026-07-12 13:45:56] [CAM] 摄像头未检测到，等待重连...
[2026-07-12 13:45:57] [CAM] 摄像头捕获器已释放
[2026-07-12 13:45:57] [CAM] 摄像头未检测到，等待重连...
[2026-07-12 13:45:57] [CAM] 摄像头捕获器已释放
[2026-07-12 13:45:57] [CAM] 摄像头未检测到，等待重连...
[2026-07-12 13:45:58] [CAM] 摄像头捕获器已释放
[2026-07-12 13:45:58] [CAM] 摄像头未检测到，等待重连...
[2026-07-12 13:45:58] [CAM] 摄像头捕获器已释放
[2026-07-12 13:45:58] [CAM] 摄像头未检测到，等待重连...
[2026-07-12 13:45:59] [CAM] 摄像头捕获器已释放
[2026-07-12 13:45:59] [CAM] 摄像头未检测到，等待重连...
[2026-07-12 13:45:59] [CAM] 摄像头捕获器已释放
[2026-07-12 13:45:59] [CAM] 摄像头未检测到，等待重连...
[2026-07-12 13:46:00] [CAM] 摄像头捕获器已释放
[2026-07-12 13:46:00] [CAM] 摄像头未检测到，等待重连...
[2026-07-12 13:46:00] [CAM] 摄像头捕获器已释放
[2026-07-12 13:46:00] [CAM] 摄像头未检测到，等待重连...
[2026-07-12 13:46:01] [CAM] 摄像头捕获器已释放
[2026-07-12 13:46:01] [CAM] 摄像头未检测到，等待重连...
[2026-07-12 13:46:01] [CAM] 摄像头捕获器已释放
[2026-07-12 13:46:01] [CAM] 摄像头未检测到，等待重连...
[2026-07-12 13:46:02] [CAM] 摄像头捕获器已释放
[2026-07-12 13:46:02] [CAM] 摄像头未检测到，等待重连...
[2026-07-12 13:46:02] [CAM] 摄像头捕获器已释放
[2026-07-12 13:46:02] [CAM] 摄像头未检测到，等待重连...
[2026-07-12 13:46:03] [CAM] 摄像头捕获器已释放
[2026-07-12 13:46:03] [CAM] 摄像头未检测到，等待重连...
[2026-07-12 13:46:03] [CAM] 摄像头捕获器已释放
[2026-07-12 13:46:03] [CAM] 摄像头未检测到，等待重连...
[2026-07-12 13:46:04] [CAM] 摄像头捕获器已释放
[2026-07-12 13:46:04] [CAM] 摄像头未检测到，等待重连...
[2026-07-12 13:46:04] [CAM] 摄像头捕获器已释放
[2026-07-12 13:46:04] [CAM] 摄像头未检测到，等待重连...
[2026-07-12 13:46:05] [CAM] 摄像头捕获器已释放
[2026-07-12 13:46:05] [CAM] 摄像头未检测到，等待重连...
[2026-07-12 13:46:05] [CAM] 摄像头捕获器已释放
[2026-07-12 13:46:05] [CAM] 摄像头未检测到，等待重连...
[2026-07-12 13:46:06] [CAM] 摄像头捕获器已释放
[2026-07-12 13:46:06] [CAM] 摄像头未检测到，等待重连...
[2026-07-12 13:46:06] [CAM] 摄像头捕获器已释放
[2026-07-12 13:46:06] [CAM] 摄像头未检测到，等待重连...
[2026-07-12 13:46:07] [CAM] 摄像头捕获器已释放
[2026-07-12 13:46:07] [CAM] 摄像头未检测到，等待重连...
[2026-07-12 13:46:07] [CAM] 摄像头捕获器已释放
[2026-07-12 13:46:07] [CAM] 摄像头未检测到，等待重连...
[2026-07-12 13:46:08] [CAM] 摄像头捕获器已释放
[2026-07-12 13:46:08] [CAM] 摄像头未检测到，等待重连...
[2026-07-12 13:46:08] [CAM] 摄像头捕获器已释放
[2026-07-12 13:46:08] [CAM] 摄像头未检测到，等待重连...
[2026-07-12 13:46:09] [CAM] 摄像头捕获器已释放
[2026-07-12 13:46:09] [CAM] 摄像头未检测到，等待重连...
[2026-07-12 13:46:09] [CAM] 摄像头捕获器已释放
[2026-07-12 13:46:09] [CAM] 摄像头未检测到，等待重连...
[2026-07-12 13:46:10] [CAM] 摄像头捕获器已释放
[2026-07-12 13:46:10] [CAM] 摄像头未检测到，等待重连...
[2026-07-12 13:46:10] [CAM] 摄像头捕获器已释放
[2026-07-12 13:46:10] [CAM] 摄像头未检测到，等待重连...
[2026-07-12 13:46:11] [CAM] 摄像头捕获器已释放
[2026-07-12 13:46:11] [CAM] 摄像头未检测到，等待重连...
[2026-07-12 13:46:11] [CAM] 摄像头捕获器已释放
[2026-07-12 13:46:11] [CAM] 摄像头未检测到，等待重连...
[2026-07-12 13:46:12] [CAM] 摄像头捕获器已释放
[2026-07-12 13:46:12] [CAM] 摄像头未检测到，等待重连...
[2026-07-12 13:46:12] [CAM] 摄像头捕获器已释放
[2026-07-12 13:46:12] [CAM] 摄像头未检测到，等待重连...
[2026-07-12 13:46:13] [CAM] 摄像头捕获器已释放
[2026-07-12 13:46:13] [CAM] 摄像头未检测到，等待重连...
[2026-07-12 13:46:13] [CAM] 摄像头捕获器已释放
[2026-07-12 13:46:13] [CAM] 摄像头未检测到，等待重连...
[2026-07-12 13:46:14] [CAM] 摄像头捕获器已释放
[2026-07-12 13:46:14] [CAM] 摄像头未检测到，等待重连...
[2026-07-12 13:46:14] [CAM] 摄像头捕获器已释放
[2026-07-12 13:46:14] [CAM] 摄像头未检测到，等待重连...
[2026-07-12 13:46:15] [CAM] 摄像头捕获器已释放
[2026-07-12 13:46:15] [CAM] 摄像头未检测到，等待重连...
[2026-07-12 13:46:15] [CAM] 摄像头捕获器已释放
[2026-07-12 13:46:15] [CAM] 摄像头未检测到，等待重连...
[2026-07-12 13:46:16] [CAM] 摄像头捕获器已释放
[2026-07-12 13:46:16] [CAM] 摄像头未检测到，等待重连...
[2026-07-12 13:46:16] [CAM] 摄像头捕获器已释放
[2026-07-12 13:46:16] [CAM] 摄像头未检测到，等待重连...
[2026-07-12 13:46:17] [CAM] 摄像头捕获器已释放
[2026-07-12 13:46:17] [CAM] 摄像头未检测到，等待重连...
[2026-07-12 13:46:17] [CAM] 摄像头捕获器已释放
[2026-07-12 13:46:17] [CAM] 摄像头未检测到，等待重连...
[2026-07-12 13:46:18] [CAM] 摄像头捕获器已释放
[2026-07-12 13:46:18] [CAM] 摄像头未检测到，等待重连...
[2026-07-12 13:46:18] [CAM] 摄像头捕获器已释放
[2026-07-12 13:46:18] [CAM] 摄像头未检测到，等待重连...
[2026-07-12 13:46:19] [CAM] 摄像头捕获器已释放
[2026-07-12 13:46:19] [CAM] 摄像头未检测到，等待重连...
[2026-07-12 13:46:19] [CAM] 摄像头捕获器已释放
[2026-07-12 13:46:19] [CAM] 摄像头未检测到，等待重连...
[2026-07-12 13:46:20] [CAM] 摄像头捕获器已释放
[2026-07-12 13:46:20] [CAM] 摄像头未检测到，等待重连...
[2026-07-12 13:46:20] [CAM] 摄像头捕获器已释放
[2026-07-12 13:46:20] [CAM] 摄像头未检测到，等待重连...
[2026-07-12 13:46:21] [CAM] 摄像头捕获器已释放
[2026-07-12 13:46:21] [CAM] 摄像头未检测到，等待重连...
[2026-07-12 13:46:21] [CAM] 摄像头捕获器已释放
[2026-07-12 13:46:21] [CAM] 摄像头未检测到，等待重连...
[2026-07-12 13:46:22] [CAM] 摄像头捕获器已释放
[2026-07-12 13:46:22] [CAM] 摄像头未检测到，等待重连...
[2026-07-12 13:46:22] [CAM] 摄像头捕获器已释放
[2026-07-12 13:46:22] [CAM] 摄像头未检测到，等待重连...
[2026-07-12 13:46:23] [CAM] 摄像头捕获器已释放
[2026-07-12 13:46:23] [CAM] 摄像头未检测到，等待重连...
[2026-07-12 13:46:23] [CAM] 摄像头捕获器已释放
[2026-07-12 13:46:23] [CAM] 摄像头未检测到，等待重连...
[2026-07-12 13:46:24] [CAM] 摄像头捕获器已释放
[2026-07-12 13:46:24] [CAM] 摄像头未检测到，等待重连...
[2026-07-12 13:46:24] [CAM] 摄像头捕获器已释放
[2026-07-12 13:46:24] [CAM] 摄像头未检测到，等待重连...
[2026-07-12 13:46:25] [CAM] 摄像头捕获器已释放
[2026-07-12 13:46:25] [CAM] 摄像头未检测到，等待重连...
[2026-07-12 13:46:25] [CAM] 摄像头捕获器已释放
[2026-07-12 13:46:25] [CAM] 摄像头未检测到，等待重连...
[2026-07-12 13:46:26] [CAM] 摄像头捕获器已释放
[2026-07-12 13:46:26] [CAM] 摄像头未检测到，等待重连...
[2026-07-12 13:46:26] [CAM] 摄像头捕获器已释放
[2026-07-12 13:46:26] [CAM] 摄像头未检测到，等待重连...
[2026-07-12 13:46:27] [CAM] 摄像头捕获器已释放
[2026-07-12 13:46:27] [CAM] 摄像头未检测到，等待重连...
[2026-07-12 13:46:27] [CAM] 摄像头捕获器已释放
[2026-07-12 13:46:27] [CAM] 摄像头未检测到，等待重连...
[2026-07-12 13:46:28] [ERROR] 网络断开，无法访问外网
[2026-07-12 13:46:28] [CAM] 摄像头捕获器已释放
[2026-07-12 13:46:28] [CAM] 摄像头未检测到，等待重连...
[2026-07-12 13:46:28] [CAM] 摄像头捕获器已释放
[2026-07-12 13:46:28] [CAM] 摄像头未检测到，等待重连...
[2026-07-12 13:46:29] [NET] 网络已恢复连通
[2026-07-12 13:46:29] [CAM] 摄像头捕获器已释放
[2026-07-12 13:46:29] [CAM] 摄像头未检测到，等待重连...
[2026-07-12 13:46:29] [CAM] 摄像头捕获器已释放
[2026-07-12 13:46:29] [CAM] 摄像头未检测到，等待重连...
[2026-07-12 13:46:30] [CAM] 摄像头捕获器已释放
[2026-07-12 13:46:30] [CAM] 摄像头未检测到，等待重连...
[2026-07-12 13:46:30] [CAM] 摄像头捕获器已释放
[2026-07-12 13:46:30] [CAM] 摄像头未检测到，等待重连...
[2026-07-12 13:46:31] [CAM] 摄像头捕获器已释放
[2026-07-12 13:46:31] [CAM] 摄像头未检测到，等待重连...
[2026-07-12 13:46:31] [CAM] 摄像头捕获器已释放
[2026-07-12 13:46:31] [CAM] 摄像头未检测到，等待重连...
[2026-07-12 13:46:32] [CAM] 摄像头捕获器已释放
[2026-07-12 13:46:32] [CAM] 摄像头未检测到，等待重连...
[2026-07-12 13:46:32] [CAM] 摄像头捕获器已释放
[2026-07-12 13:46:32] [CAM] 摄像头未检测到，等待重连...
[2026-07-12 13:46:33] [CAM] 摄像头捕获器已释放
[2026-07-12 13:46:33] [CAM] 摄像头未检测到，等待重连...
[2026-07-12 13:46:33] [CAM] 摄像头捕获器已释放
[2026-07-12 13:46:33] [CAM] 摄像头未检测到，等待重连...
[2026-07-12 13:46:34] [CAM] 摄像头捕获器已释放
[2026-07-12 13:46:34] [CAM] 摄像头未检测到，等待重连...
[2026-07-12 13:46:34] [CAM] 摄像头捕获器已释放
[2026-07-12 13:46:34] [CAM] 摄像头未检测到，等待重连...
[2026-07-12 13:46:35] [CAM] 摄像头捕获器已释放
[2026-07-12 13:46:35] [CAM] 摄像头未检测到，等待重连...
[2026-07-12 13:46:35] [CAM] 摄像头捕获器已释放
[2026-07-12 13:46:35] [CAM] 摄像头未检测到，等待重连...
[2026-07-12 13:46:36] [CAM] 摄像头捕获器已释放
[2026-07-12 13:46:36] [CAM] 摄像头未检测到，等待重连...
[2026-07-12 13:46:36] [CAM] 摄像头捕获器已释放
[2026-07-12 13:46:36] [CAM] 摄像头未检测到，等待重连...
[2026-07-12 13:46:37] [CAM] 摄像头捕获器已释放
[2026-07-12 13:46:37] [CAM] 摄像头未检测到，等待重连...
[2026-07-12 13:46:37] [CAM] 摄像头捕获器已释放
[2026-07-12 13:46:37] [CAM] 摄像头未检测到，等待重连...
[2026-07-12 13:46:38] [CAM] 摄像头捕获器已释放
[2026-07-12 13:46:38] [CAM] 摄像头未检测到，等待重连...
[2026-07-12 13:46:38] [CAM] 摄像头捕获器已释放
[2026-07-12 13:46:38] [CAM] 摄像头未检测到，等待重连...
[2026-07-12 13:46:39] [CAM] 摄像头捕获器已释放
[2026-07-12 13:46:39] [CAM] 摄像头未检测到，等待重连...
[2026-07-12 13:46:39] [CAM] 摄像头捕获器已释放
[2026-07-12 13:46:39] [CAM] 摄像头未检测到，等待重连...
[2026-07-12 13:46:40] [ERROR] 网络断开，无法访问外网
[2026-07-12 13:46:40] [CAM] 摄像头捕获器已释放
[2026-07-12 13:46:40] [CAM] 摄像头未检测到，等待重连...
[2026-07-12 13:46:40] [CAM] 摄像头捕获器已释放
[2026-07-12 13:46:40] [CAM] 摄像头未检测到，等待重连...
[2026-07-12 13:46:41] [NET] 网络已恢复连通
[2026-07-12 13:46:41] [CAM] 摄像头捕获器已释放
[2026-07-12 13:46:41] [CAM] 摄像头未检测到，等待重连...
[2026-07-12 13:46:41] [CAM] 摄像头捕获器已释放
[2026-07-12 13:46:41] [CAM] 摄像头未检测到，等待重连...
[2026-07-12 13:46:42] [CAM] 摄像头捕获器已释放
[2026-07-12 13:46:42] [CAM] 摄像头未检测到，等待重连...
[2026-07-12 13:46:42] [CAM] 摄像头捕获器已释放
[2026-07-12 13:46:42] [CAM] 摄像头未检测到，等待重连...
[2026-07-12 13:46:43] [CAM] 摄像头捕获器已释放
[2026-07-12 13:46:43] [CAM] 摄像头未检测到，等待重连...
[2026-07-12 13:46:43] [CAM] 摄像头捕获器已释放
[2026-07-12 13:46:43] [CAM] 摄像头未检测到，等待重连...
[2026-07-12 13:46:44] [CAM] 摄像头捕获器已释放
[2026-07-12 13:46:44] [CAM] 摄像头未检测到，等待重连...
[2026-07-12 13:46:44] [CAM] 摄像头捕获器已释放
[2026-07-12 13:46:44] [CAM] 摄像头未检测到，等待重连...
[2026-07-12 13:46:45] [CAM] 摄像头捕获器已释放
[2026-07-12 13:46:45] [CAM] 摄像头未检测到，等待重连...
[2026-07-12 13:46:45] [CAM] 摄像头捕获器已释放
[2026-07-12 13:46:45] [CAM] 摄像头未检测到，等待重连...
[2026-07-12 13:46:46] [CAM] 摄像头捕获器已释放
[2026-07-12 13:46:46] [CAM] 摄像头未检测到，等待重连...
[2026-07-12 13:46:46] [CAM] 摄像头捕获器已释放
[2026-07-12 13:46:46] [CAM] 摄像头未检测到，等待重连...
[2026-07-12 13:46:47] [CAM] 摄像头捕获器已释放
[2026-07-12 13:46:47] [CAM] 摄像头未检测到，等待重连...
[2026-07-12 13:46:47] [CAM] 摄像头捕获器已释放
[2026-07-12 13:46:47] [CAM] 摄像头未检测到，等待重连...
[2026-07-12 13:46:48] [CAM] 摄像头捕获器已释放
[2026-07-12 13:46:48] [CAM] 摄像头未检测到，等待重连...
[2026-07-12 13:46:48] [CAM] 摄像头捕获器已释放
[2026-07-12 13:46:48] [CAM] 摄像头未检测到，等待重连...
[2026-07-12 13:46:49] [CAM] 摄像头捕获器已释放
[2026-07-12 13:46:49] [CAM] 摄像头未检测到，等待重连...
[2026-07-12 13:46:49] [CAM] 摄像头捕获器已释放
[2026-07-12 13:46:49] [CAM] 摄像头未检测到，等待重连...
[2026-07-12 13:46:50] [CAM] 摄像头捕获器已释放
[2026-07-12 13:46:50] [CAM] 摄像头未检测到，等待重连...
[2026-07-12 13:46:50] [CAM] 摄像头捕获器已释放
[2026-07-12 13:46:50] [CAM] 摄像头未检测到，等待重连...
[2026-07-12 13:46:51] [CAM] 摄像头捕获器已释放
[2026-07-12 13:46:51] [CAM] 摄像头未检测到，等待重连...
[2026-07-12 13:46:51] [CAM] 摄像头捕获器已释放
[2026-07-12 13:46:51] [CAM] 摄像头未检测到，等待重连...
[2026-07-12 13:46:52] [CAM] 摄像头捕获器已释放
[2026-07-12 13:46:52] [CAM] 摄像头未检测到，等待重连...
[2026-07-12 13:46:52] [CAM] 摄像头捕获器已释放
[2026-07-12 13:46:52] [CAM] 摄像头未检测到，等待重连...
[2026-07-12 13:46:53] [CAM] 摄像头捕获器已释放
[2026-07-12 13:46:53] [CAM] 摄像头未检测到，等待重连...
[2026-07-12 13:46:53] [CAM] 摄像头捕获器已释放
[2026-07-12 13:46:53] [CAM] 摄像头未检测到，等待重连...
[2026-07-12 13:46:54] [CAM] 摄像头捕获器已释放
[2026-07-12 13:46:54] [CAM] 摄像头未检测到，等待重连...
[2026-07-12 13:46:54] [CAM] 摄像头捕获器已释放
[2026-07-12 13:46:54] [CAM] 摄像头未检测到，等待重连...
[2026-07-12 13:46:55] [CAM] 摄像头捕获器已释放
[2026-07-12 13:46:55] [CAM] 摄像头未检测到，等待重连...
[2026-07-12 13:46:55] [CAM] 摄像头捕获器已释放
[2026-07-12 13:46:55] [CAM] 摄像头未检测到，等待重连...
[2026-07-12 13:46:56] [CAM] 摄像头捕获器已释放
[2026-07-12 13:46:56] [CAM] 摄像头未检测到，等待重连...
[2026-07-12 13:46:56] [CAM] 摄像头捕获器已释放
[2026-07-12 13:46:56] [CAM] 摄像头未检测到，等待重连...
[2026-07-12 13:46:57] [CAM] 摄像头捕获器已释放
[2026-07-12 13:46:57] [CAM] 摄像头未检测到，等待重连...
[2026-07-12 13:46:57] [CAM] 摄像头捕获器已释放
[2026-07-12 13:46:57] [CAM] 摄像头未检测到，等待重连...
[2026-07-12 13:46:58] [CAM] 摄像头捕获器已释放
[2026-07-12 13:46:58] [CAM] 摄像头未检测到，等待重连...
[2026-07-12 13:46:58] [CAM] 摄像头捕获器已释放
[2026-07-12 13:46:58] [CAM] 摄像头未检测到，等待重连...
[2026-07-12 13:46:59] [CAM] 摄像头捕获器已释放
[2026-07-12 13:46:59] [CAM] 摄像头未检测到，等待重连...
[2026-07-12 13:46:59] [CAM] 摄像头捕获器已释放
[2026-07-12 13:46:59] [CAM] 摄像头未检测到，等待重连...
[2026-07-12 13:47:00] [CAM] 摄像头捕获器已释放
[2026-07-12 13:47:00] [CAM] 摄像头未检测到，等待重连...
[2026-07-12 13:47:00] [CAM] 摄像头捕获器已释放
[2026-07-12 13:47:00] [CAM] 摄像头未检测到，等待重连...
[2026-07-12 13:47:01] [CAM] 摄像头捕获器已释放
[2026-07-12 13:47:01] [CAM] 摄像头未检测到，等待重连...
[2026-07-12 13:47:01] [CAM] 摄像头捕获器已释放
[2026-07-12 13:47:01] [CAM] 摄像头未检测到，等待重连...
[2026-07-12 13:47:02] [ERROR] 网络断开，无法访问外网
[2026-07-12 13:47:02] [CAM] 摄像头捕获器已释放
[2026-07-12 13:47:02] [CAM] 摄像头未检测到，等待重连...
[2026-07-12 13:47:02] [CAM] 摄像头捕获器已释放
[2026-07-12 13:47:02] [CAM] 摄像头未检测到，等待重连...
[2026-07-12 13:47:03] [NET] 网络已恢复连通
[2026-07-12 13:47:03] [CAM] 摄像头捕获器已释放
[2026-07-12 13:47:03] [CAM] 摄像头未检测到，等待重连...
[2026-07-12 13:47:03] [CAM] 摄像头捕获器已释放
[2026-07-12 13:47:03] [CAM] 摄像头未检测到，等待重连...
[2026-07-12 13:47:04] [CAM] 摄像头捕获器已释放
[2026-07-12 13:47:04] [CAM] 摄像头未检测到，等待重连...
[2026-07-12 13:47:04] [CAM] 摄像头捕获器已释放
[2026-07-12 13:47:04] [CAM] 摄像头未检测到，等待重连...
[2026-07-12 13:47:05] [CAM] 摄像头捕获器已释放
[2026-07-12 13:47:05] [CAM] 摄像头未检测到，等待重连...
[2026-07-12 13:47:05] [CAM] 摄像头捕获器已释放
[2026-07-12 13:47:05] [CAM] 摄像头未检测到，等待重连...
[2026-07-12 13:47:06] [ERROR] 网络断开，无法访问外网
[2026-07-12 13:47:06] [CAM] 摄像头捕获器已释放
[2026-07-12 13:47:06] [CAM] 摄像头未检测到，等待重连...
[2026-07-12 13:47:06] [CAM] 摄像头捕获器已释放
[2026-07-12 13:47:06] [CAM] 摄像头未检测到，等待重连...
[2026-07-12 13:47:07] [CAM] 摄像头捕获器已释放
[2026-07-12 13:47:07] [CAM] 摄像头未检测到，等待重连...
[2026-07-12 13:47:07] [CAM] 摄像头捕获器已释放
[2026-07-12 13:47:07] [CAM] 摄像头未检测到，等待重连...
[2026-07-12 13:47:08] [NET] 开机检测无网络，语音提醒
[2026-07-12 13:47:08] [CAM] 摄像头捕获器已释放
[2026-07-12 13:47:08] [CAM] 摄像头未检测到，等待重连...
[2026-07-12 13:47:08] [CAM] 摄像头捕获器已释放
[2026-07-12 13:47:08] [CAM] 摄像头未检测到，等待重连...
[2026-07-12 13:47:09] [NET] 网络已恢复连通
[2026-07-12 13:47:09] [CAM] 摄像头捕获器已释放
[2026-07-12 13:47:09] [CAM] 摄像头未检测到，等待重连...
[2026-07-12 13:47:09] [CAM] 摄像头捕获器已释放
[2026-07-12 13:47:09] [CAM] 摄像头未检测到，等待重连...
[2026-07-12 13:47:10] [CAM] 摄像头捕获器已释放
[2026-07-12 13:47:10] [CAM] 摄像头未检测到，等待重连...
[2026-07-12 13:47:10] [CAM] 摄像头捕获器已释放
[2026-07-12 13:47:10] [CAM] 摄像头未检测到，等待重连...
[2026-07-12 13:47:11] [CAM] 摄像头捕获器已释放
[2026-07-12 13:47:11] [CAM] 摄像头未检测到，等待重连...
[2026-07-12 13:47:11] [CAM] 摄像头捕获器已释放
[2026-07-12 13:47:11] [CAM] 摄像头未检测到，等待重连...
[2026-07-12 13:47:12] [CAM] 摄像头捕获器已释放
[2026-07-12 13:47:12] [CAM] 摄像头未检测到，等待重连...
[2026-07-12 13:47:12] [CAM] 摄像头捕获器已释放
[2026-07-12 13:47:12] [CAM] 摄像头未检测到，等待重连...
[2026-07-12 13:47:13] [CAM] 摄像头捕获器已释放
[2026-07-12 13:47:13] [CAM] 摄像头未检测到，等待重连...
[2026-07-12 13:47:13] [CAM] 摄像头捕获器已释放
[2026-07-12 13:47:13] [CAM] 摄像头未检测到，等待重连...
[2026-07-12 13:47:14] [CAM] 摄像头捕获器已释放
[2026-07-12 13:47:14] [CAM] 摄像头未检测到，等待重连...
[2026-07-12 13:47:14] [CAM] 摄像头捕获器已释放
[2026-07-12 13:47:14] [CAM] 摄像头未检测到，等待重连...
[2026-07-12 13:47:15] [CAM] 摄像头捕获器已释放
[2026-07-12 13:47:15] [CAM] 摄像头未检测到，等待重连...
[2026-07-12 13:47:15] [CAM] 摄像头捕获器已释放
[2026-07-12 13:47:15] [CAM] 摄像头未检测到，等待重连...
[2026-07-12 13:47:16] [CAM] 摄像头捕获器已释放
[2026-07-12 13:47:16] [CAM] 摄像头未检测到，等待重连...
[2026-07-12 13:47:16] [CAM] 摄像头捕获器已释放
[2026-07-12 13:47:16] [CAM] 摄像头未检测到，等待重连...
[2026-07-12 13:47:17] [CAM] 摄像头捕获器已释放
[2026-07-12 13:47:17] [CAM] 摄像头未检测到，等待重连...
[2026-07-12 13:47:17] [CAM] 摄像头捕获器已释放
[2026-07-12 13:47:17] [CAM] 摄像头未检测到，等待重连...
[2026-07-12 13:47:18] [CAM] 摄像头捕获器已释放
[2026-07-12 13:47:18] [CAM] 摄像头未检测到，等待重连...
[2026-07-12 13:47:18] [CAM] 摄像头捕获器已释放
[2026-07-12 13:47:18] [CAM] 摄像头未检测到，等待重连...
[2026-07-12 13:47:19] [CAM] 摄像头捕获器已释放
[2026-07-12 13:47:19] [CAM] 摄像头未检测到，等待重连...
[2026-07-12 13:47:19] [CAM] 摄像头捕获器已释放
[2026-07-12 13:47:19] [CAM] 摄像头未检测到，等待重连...
[2026-07-12 13:47:20] [ERROR] 网络断开，无法访问外网
[2026-07-12 13:47:20] [CAM] 摄像头捕获器已释放
[2026-07-12 13:47:20] [CAM] 摄像头未检测到，等待重连...
[2026-07-12 13:47:20] [CAM] 摄像头捕获器已释放
[2026-07-12 13:47:20] [CAM] 摄像头未检测到，等待重连...
[2026-07-12 13:47:21] [NET] 网络已恢复连通
[2026-07-12 13:47:21] [CAM] 摄像头捕获器已释放
[2026-07-12 13:47:21] [CAM] 摄像头未检测到，等待重连...
[2026-07-12 13:47:21] [CAM] 摄像头捕获器已释放
[2026-07-12 13:47:21] [CAM] 摄像头未检测到，等待重连...
[2026-07-12 13:47:22] [CAM] 摄像头捕获器已释放
[2026-07-12 13:47:22] [CAM] 摄像头未检测到，等待重连...
[2026-07-12 13:47:22] [CAM] 摄像头捕获器已释放
[2026-07-12 13:47:22] [CAM] 摄像头未检测到，等待重连...
[2026-07-12 13:47:23] [CAM] 摄像头捕获器已释放
[2026-07-12 13:47:23] [CAM] 摄像头未检测到，等待重连...
[2026-07-12 13:47:23] [CAM] 摄像头捕获器已释放
[2026-07-12 13:47:23] [CAM] 摄像头未检测到，等待重连...
[2026-07-12 13:47:24] [CAM] 摄像头捕获器已释放
[2026-07-12 13:47:24] [CAM] 摄像头未检测到，等待重连...
[2026-07-12 13:47:24] [CAM] 摄像头捕获器已释放
[2026-07-12 13:47:24] [CAM] 摄像头未检测到，等待重连...
[2026-07-12 13:47:25] [CAM] 摄像头捕获器已释放
[2026-07-12 13:47:25] [CAM] 摄像头未检测到，等待重连...
[2026-07-12 13:47:25] [CAM] 摄像头捕获器已释放
[2026-07-12 13:47:25] [CAM] 摄像头未检测到，等待重连...
[2026-07-12 13:47:26] [CAM] 摄像头捕获器已释放
[2026-07-12 13:47:26] [CAM] 摄像头未检测到，等待重连...
[2026-07-12 13:47:26] [CAM] 摄像头捕获器已释放
[2026-07-12 13:47:26] [CAM] 摄像头未检测到，等待重连...
[2026-07-12 13:47:27] [CAM] 摄像头捕获器已释放
[2026-07-12 13:47:27] [CAM] 摄像头未检测到，等待重连...
[2026-07-12 13:47:27] [CAM] 摄像头捕获器已释放
[2026-07-12 13:47:27] [CAM] 摄像头未检测到，等待重连...
[2026-07-12 13:47:28] [CAM] 摄像头捕获器已释放
[2026-07-12 13:47:28] [CAM] 摄像头未检测到，等待重连...
[2026-07-12 13:47:28] [CAM] 摄像头捕获器已释放
[2026-07-12 13:47:28] [CAM] 摄像头未检测到，等待重连...
[2026-07-12 13:47:29] [CAM] 摄像头捕获器已释放
[2026-07-12 13:47:29] [CAM] 摄像头未检测到，等待重连...
[2026-07-12 13:47:29] [CAM] 摄像头捕获器已释放
[2026-07-12 13:47:29] [CAM] 摄像头未检测到，等待重连...
[2026-07-12 13:47:30] [CAM] 摄像头捕获器已释放
[2026-07-12 13:47:30] [CAM] 摄像头未检测到，等待重连...
[2026-07-12 13:47:30] [CAM] 摄像头捕获器已释放
[2026-07-12 13:47:30] [CAM] 摄像头未检测到，等待重连...
[2026-07-12 13:47:31] [CAM] 摄像头捕获器已释放
[2026-07-12 13:47:31] [CAM] 摄像头未检测到，等待重连...
[2026-07-12 13:47:31] [CAM] 摄像头捕获器已释放
[2026-07-12 13:47:31] [CAM] 摄像头未检测到，等待重连...
[2026-07-12 13:47:32] [CAM] 摄像头捕获器已释放
[2026-07-12 13:47:32] [CAM] 摄像头未检测到，等待重连...
[2026-07-12 13:47:32] [CAM] 摄像头捕获器已释放
[2026-07-12 13:47:32] [CAM] 摄像头未检测到，等待重连...
[2026-07-12 13:47:33] [CAM] 摄像头捕获器已释放
[2026-07-12 13:47:33] [CAM] 摄像头未检测到，等待重连...
[2026-07-12 13:47:33] [CAM] 摄像头捕获器已释放
[2026-07-12 13:47:33] [CAM] 摄像头未检测到，等待重连...
[2026-07-12 13:47:34] [CAM] 摄像头捕获器已释放
[2026-07-12 13:47:34] [CAM] 摄像头未检测到，等待重连...
[2026-07-12 13:47:34] [CAM] 摄像头捕获器已释放
[2026-07-12 13:47:34] [CAM] 摄像头未检测到，等待重连...
[2026-07-12 13:47:35] [CAM] 摄像头捕获器已释放
[2026-07-12 13:47:35] [CAM] 摄像头未检测到，等待重连...
[2026-07-12 13:47:35] [CAM] 摄像头捕获器已释放
[2026-07-12 13:47:35] [CAM] 摄像头未检测到，等待重连...
[2026-07-12 13:47:36] [CAM] 摄像头捕获器已释放
[2026-07-12 13:47:36] [CAM] 摄像头未检测到，等待重连...
[2026-07-12 13:47:36] [CAM] 摄像头捕获器已释放
[2026-07-12 13:47:36] [CAM] 摄像头未检测到，等待重连...
[2026-07-12 13:47:37] [CAM] 摄像头捕获器已释放
[2026-07-12 13:47:37] [CAM] 摄像头未检测到，等待重连...
[2026-07-12 13:47:37] [CAM] 摄像头捕获器已释放
[2026-07-12 13:47:37] [CAM] 摄像头未检测到，等待重连...
[2026-07-12 13:47:38] [ERROR] 网络断开，无法访问外网
[2026-07-12 13:47:38] [CAM] 摄像头捕获器已释放
[2026-07-12 13:47:38] [CAM] 摄像头未检测到，等待重连...
[2026-07-12 13:47:38] [CAM] 摄像头捕获器已释放
[2026-07-12 13:47:38] [CAM] 摄像头未检测到，等待重连...
[2026-07-12 13:47:39] [NET] 网络已恢复连通
[2026-07-12 13:47:39] [CAM] 摄像头捕获器已释放
[2026-07-12 13:47:39] [CAM] 摄像头未检测到，等待重连...
[2026-07-12 13:47:39] [CAM] 摄像头捕获器已释放
[2026-07-12 13:47:39] [CAM] 摄像头未检测到，等待重连...
[2026-07-12 13:47:40] [CAM] 摄像头捕获器已释放
[2026-07-12 13:47:40] [CAM] 摄像头未检测到，等待重连...
[2026-07-12 13:47:40] [CAM] 摄像头捕获器已释放
[2026-07-12 13:47:40] [CAM] 摄像头未检测到，等待重连...
[2026-07-12 13:47:41] [CAM] 摄像头捕获器已释放
[2026-07-12 13:47:41] [CAM] 摄像头未检测到，等待重连...
[2026-07-12 13:47:41] [CAM] 摄像头捕获器已释放
[2026-07-12 13:47:41] [CAM] 摄像头未检测到，等待重连...
[2026-07-12 13:47:42] [CAM] 摄像头捕获器已释放
[2026-07-12 13:47:42] [CAM] 摄像头未检测到，等待重连...
[2026-07-12 13:47:42] [CAM] 摄像头捕获器已释放
[2026-07-12 13:47:42] [CAM] 摄像头未检测到，等待重连...
[2026-07-12 13:47:43] [CAM] 摄像头捕获器已释放
[2026-07-12 13:47:43] [CAM] 摄像头未检测到，等待重连...
[2026-07-12 13:47:43] [CAM] 摄像头捕获器已释放
[2026-07-12 13:47:43] [CAM] 摄像头未检测到，等待重连...
[2026-07-12 13:47:44] [CAM] 摄像头捕获器已释放
[2026-07-12 13:47:44] [CAM] 摄像头未检测到，等待重连...
[2026-07-12 13:47:44] [CAM] 摄像头捕获器已释放
[2026-07-12 13:47:44] [CAM] 摄像头未检测到，等待重连...
[2026-07-12 13:47:45] [CAM] 摄像头捕获器已释放
[2026-07-12 13:47:45] [CAM] 摄像头未检测到，等待重连...
[2026-07-12 13:47:45] [CAM] 摄像头捕获器已释放
[2026-07-12 13:47:45] [CAM] 摄像头未检测到，等待重连...
[2026-07-12 13:47:46] [CAM] 摄像头捕获器已释放
[2026-07-12 13:47:46] [CAM] 摄像头未检测到，等待重连...
[2026-07-12 13:47:46] [CAM] 摄像头捕获器已释放
[2026-07-12 13:47:46] [CAM] 摄像头未检测到，等待重连...
[2026-07-12 13:47:47] [CAM] 摄像头捕获器已释放
[2026-07-12 13:47:47] [CAM] 摄像头未检测到，等待重连...
[2026-07-12 13:47:48] [CAM] 摄像头捕获器已释放
[2026-07-12 13:47:48] [CAM] 摄像头未检测到，等待重连...
[2026-07-12 13:47:48] [CAM] 摄像头捕获器已释放
[2026-07-12 13:47:48] [CAM] 摄像头未检测到，等待重连...
[2026-07-12 13:47:49] [CAM] 摄像头捕获器已释放
[2026-07-12 13:47:49] [CAM] 摄像头未检测到，等待重连...
[2026-07-12 13:47:49] [CAM] 摄像头捕获器已释放
[2026-07-12 13:47:49] [CAM] 摄像头未检测到，等待重连...
[2026-07-12 13:47:50] [CAM] 摄像头捕获器已释放
[2026-07-12 13:47:50] [CAM] 摄像头未检测到，等待重连...
[2026-07-12 13:47:50] [CAM] 摄像头捕获器已释放
[2026-07-12 13:47:50] [CAM] 摄像头未检测到，等待重连...
[2026-07-12 13:47:51] [CAM] 摄像头捕获器已释放
[2026-07-12 13:47:51] [CAM] 摄像头未检测到，等待重连...
[2026-07-12 13:47:51] [CAM] 摄像头捕获器已释放
[2026-07-12 13:47:51] [CAM] 摄像头未检测到，等待重连...
[2026-07-12 13:47:52] [CAM] 摄像头捕获器已释放
[2026-07-12 13:47:52] [CAM] 摄像头未检测到，等待重连...
[2026-07-12 13:47:52] [CAM] 摄像头捕获器已释放
[2026-07-12 13:47:52] [CAM] 摄像头未检测到，等待重连...
[2026-07-12 13:47:53] [CAM] 摄像头捕获器已释放
[2026-07-12 13:47:53] [CAM] 摄像头未检测到，等待重连...
[2026-07-12 13:47:53] [CAM] 摄像头捕获器已释放
[2026-07-12 13:47:53] [CAM] 摄像头未检测到，等待重连...
[2026-07-12 13:47:54] [CAM] 摄像头捕获器已释放
[2026-07-12 13:47:54] [CAM] 摄像头未检测到，等待重连...
[2026-07-12 13:47:54] [CAM] 摄像头捕获器已释放
[2026-07-12 13:47:54] [CAM] 摄像头未检测到，等待重连...
[2026-07-12 13:47:55] [CAM] 摄像头捕获器已释放
[2026-07-12 13:47:55] [CAM] 摄像头未检测到，等待重连...
[2026-07-12 13:47:55] [CAM] 摄像头捕获器已释放
[2026-07-12 13:47:55] [CAM] 摄像头未检测到，等待重连...
[2026-07-12 13:47:56] [CAM] 摄像头捕获器已释放
[2026-07-12 13:47:56] [CAM] 摄像头未检测到，等待重连...
[2026-07-12 13:47:56] [CAM] 摄像头捕获器已释放
[2026-07-12 13:47:56] [CAM] 摄像头未检测到，等待重连...
[2026-07-12 13:47:57] [CAM] 摄像头捕获器已释放
[2026-07-12 13:47:57] [CAM] 摄像头未检测到，等待重连...
[2026-07-12 13:47:57] [CAM] 摄像头捕获器已释放
[2026-07-12 13:47:57] [CAM] 摄像头未检测到，等待重连...
[2026-07-12 13:47:58] [CAM] 摄像头捕获器已释放
[2026-07-12 13:47:58] [CAM] 摄像头未检测到，等待重连...
[2026-07-12 13:47:58] [CAM] 摄像头捕获器已释放
[2026-07-12 13:47:58] [CAM] 摄像头未检测到，等待重连...
[2026-07-12 13:47:59] [CAM] 摄像头捕获器已释放
[2026-07-12 13:47:59] [CAM] 摄像头未检测到，等待重连...
[2026-07-12 13:47:59] [CAM] 摄像头捕获器已释放
[2026-07-12 13:47:59] [CAM] 摄像头未检测到，等待重连...
[2026-07-12 13:48:00] [CAM] 摄像头捕获器已释放
[2026-07-12 13:48:00] [CAM] 摄像头未检测到，等待重连...
[2026-07-12 13:48:00] [CAM] 摄像头捕获器已释放
[2026-07-12 13:48:00] [CAM] 摄像头未检测到，等待重连...
[2026-07-12 13:48:01] [CAM] 摄像头捕获器已释放
[2026-07-12 13:48:01] [CAM] 摄像头未检测到，等待重连...
[2026-07-12 13:48:01] [CAM] 摄像头捕获器已释放
[2026-07-12 13:48:01] [CAM] 摄像头未检测到，等待重连...
[2026-07-12 13:48:02] [CAM] 摄像头捕获器已释放
[2026-07-12 13:48:02] [CAM] 摄像头未检测到，等待重连...
[2026-07-12 13:48:02] [CAM] 摄像头捕获器已释放
[2026-07-12 13:48:02] [CAM] 摄像头未检测到，等待重连...
[2026-07-12 13:48:03] [CAM] 摄像头捕获器已释放
[2026-07-12 13:48:03] [CAM] 摄像头未检测到，等待重连...
[2026-07-12 13:48:03] [CAM] 摄像头捕获器已释放
[2026-07-12 13:48:03] [CAM] 摄像头未检测到，等待重连...
[2026-07-12 13:48:04] [CAM] 摄像头捕获器已释放
[2026-07-12 13:48:04] [CAM] 摄像头未检测到，等待重连...
[2026-07-12 13:48:04] [CAM] 摄像头捕获器已释放
[2026-07-12 13:48:04] [CAM] 摄像头未检测到，等待重连...
[2026-07-12 13:48:05] [CAM] 摄像头捕获器已释放
[2026-07-12 13:48:05] [CAM] 摄像头未检测到，等待重连...
[2026-07-12 13:48:05] [CAM] 摄像头捕获器已释放
[2026-07-12 13:48:05] [CAM] 摄像头未检测到，等待重连...
[2026-07-12 13:48:06] [CAM] 摄像头捕获器已释放
[2026-07-12 13:48:06] [CAM] 摄像头未检测到，等待重连...
[2026-07-12 13:48:06] [CAM] 摄像头捕获器已释放
[2026-07-12 13:48:06] [CAM] 摄像头未检测到，等待重连...
[2026-07-12 13:48:07] [CAM] 摄像头捕获器已释放
[2026-07-12 13:48:07] [CAM] 摄像头未检测到，等待重连...
[2026-07-12 13:48:07] [CAM] 摄像头捕获器已释放
[2026-07-12 13:48:07] [CAM] 摄像头未检测到，等待重连...
[2026-07-12 13:48:08] [CAM] 摄像头捕获器已释放
[2026-07-12 13:48:08] [CAM] 摄像头未检测到，等待重连...
[2026-07-12 13:48:08] [CAM] 摄像头捕获器已释放
[2026-07-12 13:48:08] [CAM] 摄像头未检测到，等待重连...
[2026-07-12 13:48:09] [CAM] 摄像头捕获器已释放
[2026-07-12 13:48:09] [CAM] 摄像头未检测到，等待重连...
[2026-07-12 13:48:09] [CAM] 摄像头捕获器已释放
[2026-07-12 13:48:09] [CAM] 摄像头未检测到，等待重连...
[2026-07-12 13:48:10] [CAM] 摄像头捕获器已释放
[2026-07-12 13:48:10] [CAM] 摄像头未检测到，等待重连...
[2026-07-12 13:48:10] [CAM] 摄像头捕获器已释放
[2026-07-12 13:48:10] [CAM] 摄像头未检测到，等待重连...
[2026-07-12 13:48:11] [CAM] 摄像头捕获器已释放
[2026-07-12 13:48:11] [CAM] 摄像头未检测到，等待重连...
[2026-07-12 13:48:11] [CAM] 摄像头捕获器已释放
[2026-07-12 13:48:11] [CAM] 摄像头未检测到，等待重连...
[2026-07-12 13:48:12] [CAM] 摄像头捕获器已释放
[2026-07-12 13:48:12] [CAM] 摄像头未检测到，等待重连...
[2026-07-12 13:48:12] [ERROR] 网络断开，无法访问外网
[2026-07-12 13:48:12] [CAM] 摄像头捕获器已释放
[2026-07-12 13:48:12] [CAM] 摄像头未检测到，等待重连...
[2026-07-12 13:48:13] [CAM] 摄像头捕获器已释放
[2026-07-12 13:48:13] [CAM] 摄像头未检测到，等待重连...
[2026-07-12 13:48:13] [NET] 网络已恢复连通
[2026-07-12 13:48:13] [CAM] 摄像头捕获器已释放
[2026-07-12 13:48:13] [CAM] 摄像头未检测到，等待重连...
[2026-07-12 13:48:14] [CAM] 摄像头捕获器已释放
[2026-07-12 13:48:14] [CAM] 摄像头未检测到，等待重连...
[2026-07-12 13:48:14] [CAM] 摄像头捕获器已释放
[2026-07-12 13:48:14] [CAM] 摄像头未检测到，等待重连...
[2026-07-12 13:48:15] [CAM] 摄像头捕获器已释放
[2026-07-12 13:48:15] [CAM] 摄像头未检测到，等待重连...
[2026-07-12 13:48:15] [CAM] 摄像头捕获器已释放
[2026-07-12 13:48:15] [CAM] 摄像头未检测到，等待重连...
[2026-07-12 13:48:16] [CAM] 摄像头捕获器已释放
[2026-07-12 13:48:16] [CAM] 摄像头未检测到，等待重连...
[2026-07-12 13:48:16] [CAM] 摄像头捕获器已释放
[2026-07-12 13:48:16] [CAM] 摄像头未检测到，等待重连...
[2026-07-12 13:48:17] [CAM] 摄像头捕获器已释放
[2026-07-12 13:48:17] [CAM] 摄像头未检测到，等待重连...
[2026-07-12 13:48:17] [CAM] 摄像头捕获器已释放
[2026-07-12 13:48:17] [CAM] 摄像头未检测到，等待重连...
[2026-07-12 13:48:18] [CAM] 摄像头捕获器已释放
[2026-07-12 13:48:18] [CAM] 摄像头未检测到，等待重连...
[2026-07-12 13:48:18] [CAM] 摄像头捕获器已释放
[2026-07-12 13:48:18] [CAM] 摄像头未检测到，等待重连...
[2026-07-12 13:48:19] [CAM] 摄像头捕获器已释放
[2026-07-12 13:48:19] [CAM] 摄像头未检测到，等待重连...
[2026-07-12 13:48:19] [CAM] 摄像头捕获器已释放
[2026-07-12 13:48:19] [CAM] 摄像头未检测到，等待重连...
[2026-07-12 13:48:20] [CAM] 摄像头捕获器已释放
[2026-07-12 13:48:20] [CAM] 摄像头未检测到，等待重连...
[2026-07-12 13:48:20] [CAM] 摄像头捕获器已释放
[2026-07-12 13:48:20] [CAM] 摄像头未检测到，等待重连...
[2026-07-12 13:48:21] [CAM] 摄像头捕获器已释放
[2026-07-12 13:48:21] [CAM] 摄像头未检测到，等待重连...
[2026-07-12 13:48:21] [CAM] 摄像头捕获器已释放
[2026-07-12 13:48:21] [CAM] 摄像头未检测到，等待重连...
[2026-07-12 13:48:22] [CAM] 摄像头捕获器已释放
[2026-07-12 13:48:22] [CAM] 摄像头未检测到，等待重连...
[2026-07-12 13:48:22] [CAM] 摄像头捕获器已释放
[2026-07-12 13:48:22] [CAM] 摄像头未检测到，等待重连...
[2026-07-12 13:48:23] [CAM] 摄像头捕获器已释放
[2026-07-12 13:48:23] [CAM] 摄像头未检测到，等待重连...
[2026-07-12 13:48:23] [CAM] 摄像头捕获器已释放
[2026-07-12 13:48:23] [CAM] 摄像头未检测到，等待重连...
[2026-07-12 13:48:24] [CAM] 摄像头捕获器已释放
[2026-07-12 13:48:24] [CAM] 摄像头未检测到，等待重连...
[2026-07-12 13:48:24] [CAM] 摄像头捕获器已释放
[2026-07-12 13:48:24] [CAM] 摄像头未检测到，等待重连...
[2026-07-12 13:48:25] [CAM] 摄像头捕获器已释放
[2026-07-12 13:48:25] [CAM] 摄像头未检测到，等待重连...
[2026-07-12 13:48:25] [CAM] 摄像头捕获器已释放
[2026-07-12 13:48:25] [CAM] 摄像头未检测到，等待重连...
[2026-07-12 13:48:26] [CAM] 摄像头捕获器已释放
[2026-07-12 13:48:26] [CAM] 摄像头未检测到，等待重连...
[2026-07-12 13:48:26] [CAM] 摄像头捕获器已释放
[2026-07-12 13:48:26] [CAM] 摄像头未检测到，等待重连...
[2026-07-12 13:48:27] [CAM] 摄像头捕获器已释放
[2026-07-12 13:48:27] [CAM] 摄像头未检测到，等待重连...
[2026-07-12 13:48:27] [CAM] 摄像头捕获器已释放
[2026-07-12 13:48:27] [CAM] 摄像头未检测到，等待重连...
[2026-07-12 13:48:28] [CAM] 摄像头捕获器已释放
[2026-07-12 13:48:28] [CAM] 摄像头未检测到，等待重连...
[2026-07-12 13:48:28] [CAM] 摄像头捕获器已释放
[2026-07-12 13:48:28] [CAM] 摄像头未检测到，等待重连...
[2026-07-12 13:48:29] [CAM] 摄像头捕获器已释放
[2026-07-12 13:48:29] [CAM] 摄像头未检测到，等待重连...
[2026-07-12 13:48:29] [CAM] 摄像头捕获器已释放
[2026-07-12 13:48:29] [CAM] 摄像头未检测到，等待重连...
[2026-07-12 13:48:30] [CAM] 摄像头捕获器已释放
[2026-07-12 13:48:30] [CAM] 摄像头未检测到，等待重连...
[2026-07-12 13:48:30] [CAM] 摄像头捕获器已释放
[2026-07-12 13:48:30] [CAM] 摄像头未检测到，等待重连...
[2026-07-12 13:48:31] [CAM] 摄像头捕获器已释放
[2026-07-12 13:48:31] [CAM] 摄像头未检测到，等待重连...
[2026-07-12 13:48:31] [CAM] 摄像头捕获器已释放
[2026-07-12 13:48:31] [CAM] 摄像头未检测到，等待重连...
[2026-07-12 13:48:32] [CAM] 摄像头捕获器已释放
[2026-07-12 13:48:32] [CAM] 摄像头未检测到，等待重连...
[2026-07-12 13:48:32] [CAM] 摄像头捕获器已释放
[2026-07-12 13:48:32] [CAM] 摄像头未检测到，等待重连...
[2026-07-12 13:48:33] [CAM] 摄像头捕获器已释放
[2026-07-12 13:48:33] [CAM] 摄像头未检测到，等待重连...
[2026-07-12 13:48:33] [CAM] 摄像头捕获器已释放
[2026-07-12 13:48:33] [CAM] 摄像头未检测到，等待重连...
[2026-07-12 13:48:34] [CAM] 摄像头捕获器已释放
[2026-07-12 13:48:34] [CAM] 摄像头未检测到，等待重连...
[2026-07-12 13:48:34] [ERROR] 网络断开，无法访问外网
[2026-07-12 13:48:34] [CAM] 摄像头捕获器已释放
[2026-07-12 13:48:34] [CAM] 摄像头未检测到，等待重连...
[2026-07-12 13:48:35] [CAM] 摄像头捕获器已释放
[2026-07-12 13:48:35] [CAM] 摄像头未检测到，等待重连...
[2026-07-12 13:48:35] [NET] 网络已恢复连通
[2026-07-12 13:48:35] [CAM] 摄像头捕获器已释放
[2026-07-12 13:48:35] [CAM] 摄像头未检测到，等待重连...
[2026-07-12 13:48:36] [CAM] 摄像头捕获器已释放
[2026-07-12 13:48:36] [CAM] 摄像头未检测到，等待重连...
[2026-07-12 13:48:36] [CAM] 摄像头捕获器已释放
[2026-07-12 13:48:36] [CAM] 摄像头未检测到，等待重连...
[2026-07-12 13:48:37] [CAM] 摄像头捕获器已释放
[2026-07-12 13:48:37] [CAM] 摄像头未检测到，等待重连...
[2026-07-12 13:48:37] [CAM] 摄像头捕获器已释放
[2026-07-12 13:48:37] [CAM] 摄像头未检测到，等待重连...
[2026-07-12 13:48:38] [CAM] 摄像头捕获器已释放
[2026-07-12 13:48:38] [CAM] 摄像头未检测到，等待重连...
[2026-07-12 13:48:38] [CAM] 摄像头捕获器已释放
[2026-07-12 13:48:38] [CAM] 摄像头未检测到，等待重连...
[2026-07-12 13:48:39] [CAM] 摄像头捕获器已释放
[2026-07-12 13:48:39] [CAM] 摄像头未检测到，等待重连...
[2026-07-12 13:48:39] [CAM] 摄像头捕获器已释放
[2026-07-12 13:48:39] [CAM] 摄像头未检测到，等待重连...
[2026-07-12 13:48:40] [CAM] 摄像头捕获器已释放
[2026-07-12 13:48:40] [CAM] 摄像头未检测到，等待重连...
[2026-07-12 13:48:40] [CAM] 摄像头捕获器已释放
[2026-07-12 13:48:40] [CAM] 摄像头未检测到，等待重连...
[2026-07-12 13:48:41] [CAM] 摄像头捕获器已释放
[2026-07-12 13:48:41] [CAM] 摄像头未检测到，等待重连...
[2026-07-12 13:48:41] [CAM] 摄像头捕获器已释放
[2026-07-12 13:48:41] [CAM] 摄像头未检测到，等待重连...
[2026-07-12 13:48:42] [CAM] 摄像头捕获器已释放
[2026-07-12 13:48:42] [CAM] 摄像头未检测到，等待重连...
[2026-07-12 13:48:42] [CAM] 摄像头捕获器已释放
[2026-07-12 13:48:42] [CAM] 摄像头未检测到，等待重连...
[2026-07-12 13:48:43] [CAM] 摄像头捕获器已释放
[2026-07-12 13:48:43] [CAM] 摄像头未检测到，等待重连...
[2026-07-12 13:48:43] [CAM] 摄像头捕获器已释放
[2026-07-12 13:48:43] [CAM] 摄像头未检测到，等待重连...
[2026-07-12 13:48:44] [ERROR] 网络断开，无法访问外网
[2026-07-12 13:48:44] [CAM] 摄像头捕获器已释放
[2026-07-12 13:48:44] [CAM] 摄像头未检测到，等待重连...
[2026-07-12 13:48:44] [CAM] 摄像头捕获器已释放
[2026-07-12 13:48:44] [CAM] 摄像头未检测到，等待重连...
[2026-07-12 13:48:45] [CAM] 摄像头捕获器已释放
[2026-07-12 13:48:45] [CAM] 摄像头未检测到，等待重连...
[2026-07-12 13:48:45] [NET] 网络已恢复连通
[2026-07-12 13:48:45] [CAM] 摄像头捕获器已释放
[2026-07-12 13:48:45] [CAM] 摄像头未检测到，等待重连...
[2026-07-12 13:48:46] [CAM] 摄像头捕获器已释放
[2026-07-12 13:48:46] [CAM] 摄像头未检测到，等待重连...
[2026-07-12 13:48:46] [CAM] 摄像头捕获器已释放
[2026-07-12 13:48:46] [CAM] 摄像头未检测到，等待重连...
[2026-07-12 13:48:47] [CAM] 摄像头捕获器已释放
[2026-07-12 13:48:47] [CAM] 摄像头未检测到，等待重连...
[2026-07-12 13:48:47] [CAM] 摄像头捕获器已释放
[2026-07-12 13:48:47] [CAM] 摄像头未检测到，等待重连...
[2026-07-12 13:48:48] [ERROR] 网络断开，无法访问外网
[2026-07-12 13:48:48] [CAM] 摄像头捕获器已释放
[2026-07-12 13:48:48] [CAM] 摄像头未检测到，等待重连...
[2026-07-12 13:48:48] [CAM] 摄像头捕获器已释放
[2026-07-12 13:48:48] [CAM] 摄像头未检测到，等待重连...
[2026-07-12 13:48:49] [CAM] 摄像头捕获器已释放
[2026-07-12 13:48:49] [CAM] 摄像头未检测到，等待重连...
[2026-07-12 13:48:49] [CAM] 摄像头捕获器已释放
[2026-07-12 13:48:49] [CAM] 摄像头未检测到，等待重连...
[2026-07-12 13:48:50] [NET] 开机检测无网络，语音提醒
[2026-07-12 13:48:50] [CAM] 摄像头捕获器已释放
[2026-07-12 13:48:50] [CAM] 摄像头未检测到，等待重连...
[2026-07-12 13:48:50] [CAM] 摄像头捕获器已释放
[2026-07-12 13:48:50] [CAM] 摄像头未检测到，等待重连...
[2026-07-12 13:48:51] [CAM] 摄像头捕获器已释放
[2026-07-12 13:48:51] [CAM] 摄像头未检测到，等待重连...
[2026-07-12 13:48:51] [CAM] 摄像头捕获器已释放
[2026-07-12 13:48:51] [CAM] 摄像头未检测到，等待重连...
[2026-07-12 13:48:52] [CAM] 摄像头捕获器已释放
[2026-07-12 13:48:52] [CAM] 摄像头未检测到，等待重连...
[2026-07-12 13:48:52] [CAM] 摄像头捕获器已释放
[2026-07-12 13:48:52] [CAM] 摄像头未检测到，等待重连...
[2026-07-12 13:48:53] [CAM] 摄像头捕获器已释放
[2026-07-12 13:48:53] [CAM] 摄像头未检测到，等待重连...
[2026-07-12 13:48:53] [NET] 网络已恢复连通
[2026-07-12 13:48:53] [CAM] 摄像头捕获器已释放
[2026-07-12 13:48:53] [CAM] 摄像头未检测到，等待重连...
[2026-07-12 13:48:54] [CAM] 摄像头捕获器已释放
[2026-07-12 13:48:54] [CAM] 摄像头未检测到，等待重连...
[2026-07-12 13:48:54] [CAM] 摄像头捕获器已释放
[2026-07-12 13:48:54] [CAM] 摄像头未检测到，等待重连...
[2026-07-12 13:48:55] [CAM] 摄像头捕获器已释放
[2026-07-12 13:48:55] [CAM] 摄像头未检测到，等待重连...
[2026-07-12 13:48:55] [CAM] 摄像头捕获器已释放
[2026-07-12 13:48:55] [CAM] 摄像头未检测到，等待重连...
[2026-07-12 13:48:56] [CAM] 摄像头捕获器已释放
[2026-07-12 13:48:56] [CAM] 摄像头未检测到，等待重连...
[2026-07-12 13:48:56] [CAM] 摄像头捕获器已释放
[2026-07-12 13:48:56] [CAM] 摄像头未检测到，等待重连...
[2026-07-12 13:48:57] [CAM] 摄像头捕获器已释放
[2026-07-12 13:48:57] [CAM] 摄像头未检测到，等待重连...
[2026-07-12 13:48:57] [CAM] 摄像头捕获器已释放
[2026-07-12 13:48:57] [CAM] 摄像头未检测到，等待重连...
[2026-07-12 13:48:58] [CAM] 摄像头捕获器已释放
[2026-07-12 13:48:58] [CAM] 摄像头未检测到，等待重连...
[2026-07-12 13:48:58] [CAM] 摄像头捕获器已释放
[2026-07-12 13:48:58] [CAM] 摄像头未检测到，等待重连...
[2026-07-12 13:48:59] [CAM] 摄像头捕获器已释放
[2026-07-12 13:48:59] [CAM] 摄像头未检测到，等待重连...
[2026-07-12 13:48:59] [CAM] 摄像头捕获器已释放
[2026-07-12 13:48:59] [CAM] 摄像头未检测到，等待重连...
[2026-07-12 13:49:00] [CAM] 摄像头捕获器已释放
[2026-07-12 13:49:00] [CAM] 摄像头未检测到，等待重连...
[2026-07-12 13:49:00] [CAM] 摄像头捕获器已释放
[2026-07-12 13:49:00] [CAM] 摄像头未检测到，等待重连...
[2026-07-12 13:49:01] [CAM] 摄像头捕获器已释放
[2026-07-12 13:49:01] [CAM] 摄像头未检测到，等待重连...
[2026-07-12 13:49:01] [CAM] 摄像头捕获器已释放
[2026-07-12 13:49:01] [CAM] 摄像头未检测到，等待重连...
[2026-07-12 13:49:02] [CAM] 摄像头捕获器已释放
[2026-07-12 13:49:02] [CAM] 摄像头未检测到，等待重连...
[2026-07-12 13:49:02] [CAM] 摄像头捕获器已释放
[2026-07-12 13:49:02] [CAM] 摄像头未检测到，等待重连...
[2026-07-12 13:49:03] [CAM] 摄像头捕获器已释放
[2026-07-12 13:49:03] [CAM] 摄像头未检测到，等待重连...
[2026-07-12 13:49:03] [CAM] 摄像头捕获器已释放
[2026-07-12 13:49:03] [CAM] 摄像头未检测到，等待重连...
[2026-07-12 13:49:04] [CAM] 摄像头捕获器已释放
[2026-07-12 13:49:04] [CAM] 摄像头未检测到，等待重连...
[2026-07-12 13:49:04] [CAM] 摄像头捕获器已释放
[2026-07-12 13:49:04] [CAM] 摄像头未检测到，等待重连...
[2026-07-12 13:49:05] [CAM] 摄像头捕获器已释放
[2026-07-12 13:49:05] [CAM] 摄像头未检测到，等待重连...
[2026-07-12 13:49:05] [CAM] 摄像头捕获器已释放
[2026-07-12 13:49:05] [CAM] 摄像头未检测到，等待重连...
[2026-07-12 13:49:06] [CAM] 摄像头捕获器已释放
[2026-07-12 13:49:06] [CAM] 摄像头未检测到，等待重连...
[2026-07-12 13:49:06] [CAM] 摄像头捕获器已释放
[2026-07-12 13:49:06] [CAM] 摄像头未检测到，等待重连...
[2026-07-12 13:49:07] [CAM] 摄像头捕获器已释放
[2026-07-12 13:49:07] [CAM] 摄像头未检测到，等待重连...
[2026-07-12 13:49:07] [CAM] 摄像头捕获器已释放
[2026-07-12 13:49:07] [CAM] 摄像头未检测到，等待重连...
[2026-07-12 13:49:08] [CAM] 摄像头捕获器已释放
[2026-07-12 13:49:08] [CAM] 摄像头未检测到，等待重连...
[2026-07-12 13:49:08] [CAM] 摄像头捕获器已释放
[2026-07-12 13:49:08] [CAM] 摄像头未检测到，等待重连...
[2026-07-12 13:49:09] [CAM] 摄像头捕获器已释放
[2026-07-12 13:49:09] [CAM] 摄像头未检测到，等待重连...
[2026-07-12 13:49:09] [CAM] 摄像头捕获器已释放
[2026-07-12 13:49:09] [CAM] 摄像头未检测到，等待重连...
[2026-07-12 13:49:10] [CAM] 摄像头捕获器已释放
[2026-07-12 13:49:10] [CAM] 摄像头未检测到，等待重连...
[2026-07-12 13:49:10] [CAM] 摄像头捕获器已释放
[2026-07-12 13:49:10] [CAM] 摄像头未检测到，等待重连...
[2026-07-12 13:49:11] [CAM] 摄像头捕获器已释放
[2026-07-12 13:49:11] [CAM] 摄像头未检测到，等待重连...
[2026-07-12 13:49:11] [CAM] 摄像头捕获器已释放
[2026-07-12 13:49:11] [CAM] 摄像头未检测到，等待重连...
[2026-07-12 13:49:12] [CAM] 摄像头捕获器已释放
[2026-07-12 13:49:12] [CAM] 摄像头未检测到，等待重连...
[2026-07-12 13:49:12] [CAM] 摄像头捕获器已释放
[2026-07-12 13:49:12] [CAM] 摄像头未检测到，等待重连...
[2026-07-12 13:49:13] [CAM] 摄像头捕获器已释放
[2026-07-12 13:49:13] [CAM] 摄像头未检测到，等待重连...
[2026-07-12 13:49:13] [CAM] 摄像头捕获器已释放
[2026-07-12 13:49:13] [CAM] 摄像头未检测到，等待重连...
[2026-07-12 13:49:14] [CAM] 摄像头捕获器已释放
[2026-07-12 13:49:14] [CAM] 摄像头未检测到，等待重连...
[2026-07-12 13:49:14] [CAM] 摄像头捕获器已释放
[2026-07-12 13:49:14] [CAM] 摄像头未检测到，等待重连...
[2026-07-12 13:49:15] [CAM] 摄像头捕获器已释放
[2026-07-12 13:49:15] [CAM] 摄像头未检测到，等待重连...
[2026-07-12 13:49:15] [CAM] 摄像头捕获器已释放
[2026-07-12 13:49:15] [CAM] 摄像头未检测到，等待重连...
[2026-07-12 13:49:16] [CAM] 摄像头捕获器已释放
[2026-07-12 13:49:16] [CAM] 摄像头未检测到，等待重连...
[2026-07-12 13:49:16] [CAM] 摄像头捕获器已释放
[2026-07-12 13:49:16] [CAM] 摄像头未检测到，等待重连...
[2026-07-12 13:49:17] [CAM] 摄像头捕获器已释放
[2026-07-12 13:49:17] [CAM] 摄像头未检测到，等待重连...
[2026-07-12 13:49:17] [CAM] 摄像头捕获器已释放
[2026-07-12 13:49:17] [CAM] 摄像头未检测到，等待重连...
[2026-07-12 13:49:18] [CAM] 摄像头捕获器已释放
[2026-07-12 13:49:18] [CAM] 摄像头未检测到，等待重连...
[2026-07-12 13:49:18] [CAM] 摄像头捕获器已释放
[2026-07-12 13:49:18] [CAM] 摄像头未检测到，等待重连...
[2026-07-12 13:49:19] [CAM] 摄像头捕获器已释放
[2026-07-12 13:49:19] [CAM] 摄像头未检测到，等待重连...
[2026-07-12 13:49:19] [CAM] 摄像头捕获器已释放
[2026-07-12 13:49:19] [CAM] 摄像头未检测到，等待重连...
[2026-07-12 13:49:20] [CAM] 摄像头捕获器已释放
[2026-07-12 13:49:20] [CAM] 摄像头未检测到，等待重连...
[2026-07-12 13:49:20] [CAM] 摄像头捕获器已释放
[2026-07-12 13:49:20] [CAM] 摄像头未检测到，等待重连...
[2026-07-12 13:49:21] [CAM] 摄像头捕获器已释放
[2026-07-12 13:49:21] [CAM] 摄像头未检测到，等待重连...
[2026-07-12 13:49:21] [CAM] 摄像头捕获器已释放
[2026-07-12 13:49:21] [CAM] 摄像头未检测到，等待重连...
[2026-07-12 13:49:22] [CAM] 摄像头捕获器已释放
[2026-07-12 13:49:22] [CAM] 摄像头未检测到，等待重连...
[2026-07-12 13:49:22] [CAM] 摄像头捕获器已释放
[2026-07-12 13:49:22] [CAM] 摄像头未检测到，等待重连...
[2026-07-12 13:49:23] [CAM] 摄像头捕获器已释放
[2026-07-12 13:49:23] [CAM] 摄像头未检测到，等待重连...
[2026-07-12 13:49:23] [CAM] 摄像头捕获器已释放
[2026-07-12 13:49:23] [CAM] 摄像头未检测到，等待重连...
[2026-07-12 13:49:24] [CAM] 摄像头捕获器已释放
[2026-07-12 13:49:24] [CAM] 摄像头未检测到，等待重连...
[2026-07-12 13:49:24] [CAM] 摄像头捕获器已释放
[2026-07-12 13:49:24] [CAM] 摄像头未检测到，等待重连...
[2026-07-12 13:49:25] [CAM] 摄像头捕获器已释放
[2026-07-12 13:49:25] [CAM] 摄像头未检测到，等待重连...
[2026-07-12 13:49:25] [CAM] 摄像头捕获器已释放
[2026-07-12 13:49:25] [CAM] 摄像头未检测到，等待重连...
[2026-07-12 13:49:26] [ERROR] 网络断开，无法访问外网
[2026-07-12 13:49:26] [CAM] 摄像头捕获器已释放
[2026-07-12 13:49:26] [CAM] 摄像头未检测到，等待重连...
[2026-07-12 13:49:26] [CAM] 摄像头捕获器已释放
[2026-07-12 13:49:26] [CAM] 摄像头未检测到，等待重连...
[2026-07-12 13:49:27] [NET] 网络已恢复连通
[2026-07-12 13:49:27] [CAM] 摄像头捕获器已释放
[2026-07-12 13:49:27] [CAM] 摄像头未检测到，等待重连...
[2026-07-12 13:49:27] [CAM] 摄像头捕获器已释放
[2026-07-12 13:49:27] [CAM] 摄像头未检测到，等待重连...
[2026-07-12 13:49:28] [CAM] 摄像头捕获器已释放
[2026-07-12 13:49:28] [CAM] 摄像头未检测到，等待重连...
[2026-07-12 13:49:28] [CAM] 摄像头捕获器已释放
[2026-07-12 13:49:28] [CAM] 摄像头未检测到，等待重连...
[2026-07-12 13:49:29] [CAM] 摄像头捕获器已释放
[2026-07-12 13:49:29] [CAM] 摄像头未检测到，等待重连...
[2026-07-12 13:49:29] [CAM] 摄像头捕获器已释放
[2026-07-12 13:49:29] [CAM] 摄像头未检测到，等待重连...
[2026-07-12 13:49:30] [CAM] 摄像头捕获器已释放
[2026-07-12 13:49:30] [CAM] 摄像头未检测到，等待重连...
[2026-07-12 13:49:30] [CAM] 摄像头捕获器已释放
[2026-07-12 13:49:30] [CAM] 摄像头未检测到，等待重连...
[2026-07-12 13:49:31] [CAM] 摄像头捕获器已释放
[2026-07-12 13:49:31] [CAM] 摄像头未检测到，等待重连...
[2026-07-12 13:49:31] [CAM] 摄像头捕获器已释放
[2026-07-12 13:49:31] [CAM] 摄像头未检测到，等待重连...
[2026-07-12 13:49:32] [CAM] 摄像头捕获器已释放
[2026-07-12 13:49:32] [CAM] 摄像头未检测到，等待重连...
[2026-07-12 13:49:32] [CAM] 摄像头捕获器已释放
[2026-07-12 13:49:32] [CAM] 摄像头未检测到，等待重连...
[2026-07-12 13:49:33] [CAM] 摄像头捕获器已释放
[2026-07-12 13:49:33] [CAM] 摄像头未检测到，等待重连...
[2026-07-12 13:49:33] [CAM] 摄像头捕获器已释放
[2026-07-12 13:49:33] [CAM] 摄像头未检测到，等待重连...
[2026-07-12 13:49:34] [CAM] 摄像头捕获器已释放
[2026-07-12 13:49:34] [CAM] 摄像头未检测到，等待重连...
[2026-07-12 13:49:34] [CAM] 摄像头捕获器已释放
[2026-07-12 13:49:34] [CAM] 摄像头未检测到，等待重连...
[2026-07-12 13:49:35] [CAM] 摄像头捕获器已释放
[2026-07-12 13:49:35] [CAM] 摄像头未检测到，等待重连...
[2026-07-12 13:49:35] [CAM] 摄像头捕获器已释放
[2026-07-12 13:49:35] [CAM] 摄像头未检测到，等待重连...
[2026-07-12 13:49:36] [CAM] 摄像头捕获器已释放
[2026-07-12 13:49:36] [CAM] 摄像头未检测到，等待重连...
[2026-07-12 13:49:36] [CAM] 摄像头捕获器已释放
[2026-07-12 13:49:36] [CAM] 摄像头未检测到，等待重连...
[2026-07-12 13:49:37] [CAM] 摄像头捕获器已释放
[2026-07-12 13:49:37] [CAM] 摄像头未检测到，等待重连...
[2026-07-12 13:49:37] [CAM] 摄像头捕获器已释放
[2026-07-12 13:49:37] [CAM] 摄像头未检测到，等待重连...
[2026-07-12 13:49:38] [ERROR] 网络断开，无法访问外网
[2026-07-12 13:49:38] [CAM] 摄像头捕获器已释放
[2026-07-12 13:49:38] [CAM] 摄像头未检测到，等待重连...
[2026-07-12 13:49:38] [CAM] 摄像头捕获器已释放
[2026-07-12 13:49:38] [CAM] 摄像头未检测到，等待重连...
[2026-07-12 13:49:39] [NET] 网络已恢复连通
[2026-07-12 13:49:39] [CAM] 摄像头捕获器已释放
[2026-07-12 13:49:39] [CAM] 摄像头未检测到，等待重连...
[2026-07-12 13:49:39] [CAM] 摄像头捕获器已释放
[2026-07-12 13:49:39] [CAM] 摄像头未检测到，等待重连...
[2026-07-12 13:49:40] [CAM] 摄像头捕获器已释放
[2026-07-12 13:49:40] [CAM] 摄像头未检测到，等待重连...
[2026-07-12 13:49:40] [CAM] 摄像头捕获器已释放
[2026-07-12 13:49:40] [CAM] 摄像头未检测到，等待重连...
[2026-07-12 13:49:41] [CAM] 摄像头捕获器已释放
[2026-07-12 13:49:41] [CAM] 摄像头未检测到，等待重连...
[2026-07-12 13:49:41] [CAM] 摄像头捕获器已释放
[2026-07-12 13:49:41] [CAM] 摄像头未检测到，等待重连...
[2026-07-12 13:49:42] [CAM] 摄像头捕获器已释放
[2026-07-12 13:49:42] [CAM] 摄像头未检测到，等待重连...
[2026-07-12 13:49:42] [CAM] 摄像头捕获器已释放
[2026-07-12 13:49:42] [CAM] 摄像头未检测到，等待重连...
[2026-07-12 13:49:43] [CAM] 摄像头捕获器已释放
[2026-07-12 13:49:43] [CAM] 摄像头未检测到，等待重连...
[2026-07-12 13:49:43] [CAM] 摄像头捕获器已释放
[2026-07-12 13:49:43] [CAM] 摄像头未检测到，等待重连...
[2026-07-12 13:49:44] [CAM] 摄像头捕获器已释放
[2026-07-12 13:49:44] [CAM] 摄像头未检测到，等待重连...
[2026-07-12 13:49:44] [CAM] 摄像头捕获器已释放
[2026-07-12 13:49:44] [CAM] 摄像头未检测到，等待重连...
[2026-07-12 13:49:45] [CAM] 摄像头捕获器已释放
[2026-07-12 13:49:45] [CAM] 摄像头未检测到，等待重连...
[2026-07-12 13:49:45] [CAM] 摄像头捕获器已释放
[2026-07-12 13:49:45] [CAM] 摄像头未检测到，等待重连...
[2026-07-12 13:49:46] [CAM] 摄像头捕获器已释放
[2026-07-12 13:49:46] [CAM] 摄像头未检测到，等待重连...
[2026-07-12 13:49:46] [CAM] 摄像头捕获器已释放
[2026-07-12 13:49:46] [CAM] 摄像头未检测到，等待重连...
[2026-07-12 13:49:47] [CAM] 摄像头捕获器已释放
[2026-07-12 13:49:47] [CAM] 摄像头未检测到，等待重连...
[2026-07-12 13:49:47] [CAM] 摄像头捕获器已释放
[2026-07-12 13:49:47] [CAM] 摄像头未检测到，等待重连...
[2026-07-12 13:49:48] [CAM] 摄像头捕获器已释放
[2026-07-12 13:49:48] [CAM] 摄像头未检测到，等待重连...
[2026-07-12 13:49:48] [CAM] 摄像头捕获器已释放
[2026-07-12 13:49:48] [CAM] 摄像头未检测到，等待重连...
[2026-07-12 13:49:49] [CAM] 摄像头捕获器已释放
[2026-07-12 13:49:49] [CAM] 摄像头未检测到，等待重连...
[2026-07-12 13:49:49] [CAM] 摄像头捕获器已释放
[2026-07-12 13:49:49] [CAM] 摄像头未检测到，等待重连...
[2026-07-12 13:49:50] [ERROR] 网络断开，无法访问外网
[2026-07-12 13:49:50] [CAM] 摄像头捕获器已释放
[2026-07-12 13:49:50] [CAM] 摄像头未检测到，等待重连...
[2026-07-12 13:49:50] [CAM] 摄像头捕获器已释放
[2026-07-12 13:49:50] [CAM] 摄像头未检测到，等待重连...
[2026-07-12 13:49:51] [NET] 网络已恢复连通
[2026-07-12 13:49:51] [CAM] 摄像头捕获器已释放
[2026-07-12 13:49:51] [CAM] 摄像头未检测到，等待重连...
[2026-07-12 13:49:51] [CAM] 摄像头捕获器已释放
[2026-07-12 13:49:51] [CAM] 摄像头未检测到，等待重连...
[2026-07-12 13:49:52] [CAM] 摄像头捕获器已释放
[2026-07-12 13:49:52] [CAM] 摄像头未检测到，等待重连...
[2026-07-12 13:49:52] [CAM] 摄像头捕获器已释放
[2026-07-12 13:49:52] [CAM] 摄像头未检测到，等待重连...
[2026-07-12 13:49:53] [CAM] 摄像头捕获器已释放
[2026-07-12 13:49:53] [CAM] 摄像头未检测到，等待重连...
[2026-07-12 13:49:53] [CAM] 摄像头捕获器已释放
[2026-07-12 13:49:53] [CAM] 摄像头未检测到，等待重连...
[2026-07-12 13:49:54] [CAM] 摄像头捕获器已释放
[2026-07-12 13:49:54] [CAM] 摄像头未检测到，等待重连...
[2026-07-12 13:49:54] [CAM] 摄像头捕获器已释放
[2026-07-12 13:49:54] [CAM] 摄像头未检测到，等待重连...
[2026-07-12 13:49:55] [CAM] 摄像头捕获器已释放
[2026-07-12 13:49:55] [CAM] 摄像头未检测到，等待重连...
[2026-07-12 13:49:55] [CAM] 摄像头捕获器已释放
[2026-07-12 13:49:55] [CAM] 摄像头未检测到，等待重连...
[2026-07-12 13:49:56] [CAM] 摄像头捕获器已释放
[2026-07-12 13:49:56] [CAM] 摄像头未检测到，等待重连...
[2026-07-12 13:49:56] [CAM] 摄像头捕获器已释放
[2026-07-12 13:49:56] [CAM] 摄像头未检测到，等待重连...
[2026-07-12 13:49:57] [CAM] 摄像头捕获器已释放
[2026-07-12 13:49:57] [CAM] 摄像头未检测到，等待重连...
[2026-07-12 13:49:57] [CAM] 摄像头捕获器已释放
[2026-07-12 13:49:57] [CAM] 摄像头未检测到，等待重连...
[2026-07-12 13:49:58] [ERROR] 网络断开，无法访问外网
[2026-07-12 13:49:58] [CAM] 摄像头捕获器已释放
[2026-07-12 13:49:58] [CAM] 摄像头未检测到，等待重连...
[2026-07-12 13:49:58] [CAM] 摄像头捕获器已释放
[2026-07-12 13:49:58] [CAM] 摄像头未检测到，等待重连...
[2026-07-12 13:49:59] [CAM] 摄像头捕获器已释放
[2026-07-12 13:49:59] [CAM] 摄像头未检测到，等待重连...
[2026-07-12 13:49:59] [CAM] 摄像头捕获器已释放
[2026-07-12 13:49:59] [CAM] 摄像头未检测到，等待重连...
[2026-07-12 13:50:00] [NET] 开机检测无网络，语音提醒
[2026-07-12 13:50:00] [CAM] 摄像头捕获器已释放
[2026-07-12 13:50:00] [CAM] 摄像头未检测到，等待重连...
[2026-07-12 13:50:00] [CAM] 摄像头捕获器已释放
[2026-07-12 13:50:00] [CAM] 摄像头未检测到，等待重连...
[2026-07-12 13:50:01] [NET] 网络已恢复连通
[2026-07-12 13:50:01] [CAM] 摄像头捕获器已释放
[2026-07-12 13:50:01] [CAM] 摄像头未检测到，等待重连...
[2026-07-12 13:50:01] [CAM] 摄像头捕获器已释放
[2026-07-12 13:50:01] [CAM] 摄像头未检测到，等待重连...
[2026-07-12 13:50:02] [CAM] 摄像头捕获器已释放
[2026-07-12 13:50:02] [CAM] 摄像头未检测到，等待重连...
[2026-07-12 13:50:02] [CAM] 摄像头捕获器已释放
[2026-07-12 13:50:02] [CAM] 摄像头未检测到，等待重连...
[2026-07-12 13:50:03] [CAM] 摄像头捕获器已释放
[2026-07-12 13:50:03] [CAM] 摄像头未检测到，等待重连...
[2026-07-12 13:50:03] [CAM] 摄像头捕获器已释放
[2026-07-12 13:50:03] [CAM] 摄像头未检测到，等待重连...
[2026-07-12 13:50:04] [CAM] 摄像头捕获器已释放
[2026-07-12 13:50:04] [CAM] 摄像头未检测到，等待重连...
[2026-07-12 13:50:04] [CAM] 摄像头捕获器已释放
[2026-07-12 13:50:04] [CAM] 摄像头未检测到，等待重连...
[2026-07-12 13:50:05] [CAM] 摄像头捕获器已释放
[2026-07-12 13:50:05] [CAM] 摄像头未检测到，等待重连...
[2026-07-12 13:50:05] [CAM] 摄像头捕获器已释放
[2026-07-12 13:50:05] [CAM] 摄像头未检测到，等待重连...
[2026-07-12 13:50:06] [ERROR] 网络断开，无法访问外网
[2026-07-12 13:50:06] [CAM] 摄像头捕获器已释放
[2026-07-12 13:50:06] [CAM] 摄像头未检测到，等待重连...
[2026-07-12 13:50:06] [CAM] 摄像头捕获器已释放
[2026-07-12 13:50:06] [CAM] 摄像头未检测到，等待重连...
[2026-07-12 13:50:07] [NET] 网络已恢复连通
[2026-07-12 13:50:07] [CAM] 摄像头捕获器已释放
[2026-07-12 13:50:07] [CAM] 摄像头未检测到，等待重连...
[2026-07-12 13:50:07] [CAM] 摄像头捕获器已释放
[2026-07-12 13:50:07] [CAM] 摄像头未检测到，等待重连...
[2026-07-12 13:50:08] [CAM] 摄像头捕获器已释放
[2026-07-12 13:50:08] [CAM] 摄像头未检测到，等待重连...
[2026-07-12 13:50:08] [CAM] 摄像头捕获器已释放
[2026-07-12 13:50:08] [CAM] 摄像头未检测到，等待重连...
[2026-07-12 13:50:09] [CAM] 摄像头捕获器已释放
[2026-07-12 13:50:09] [CAM] 摄像头未检测到，等待重连...
[2026-07-12 13:50:09] [CAM] 摄像头捕获器已释放
[2026-07-12 13:50:09] [CAM] 摄像头未检测到，等待重连...
[2026-07-12 13:50:10] [CAM] 摄像头捕获器已释放
[2026-07-12 13:50:10] [CAM] 摄像头未检测到，等待重连...
[2026-07-12 13:50:10] [CAM] 摄像头捕获器已释放
[2026-07-12 13:50:10] [CAM] 摄像头未检测到，等待重连...
[2026-07-12 13:50:11] [CAM] 摄像头捕获器已释放
[2026-07-12 13:50:11] [CAM] 摄像头未检测到，等待重连...
[2026-07-12 13:50:11] [CAM] 摄像头捕获器已释放
[2026-07-12 13:50:11] [CAM] 摄像头未检测到，等待重连...
[2026-07-12 13:50:12] [CAM] 摄像头捕获器已释放
[2026-07-12 13:50:12] [CAM] 摄像头未检测到，等待重连...
[2026-07-12 13:50:12] [CAM] 摄像头捕获器已释放
[2026-07-12 13:50:12] [CAM] 摄像头未检测到，等待重连...
[2026-07-12 13:50:13] [CAM] 摄像头捕获器已释放
[2026-07-12 13:50:13] [CAM] 摄像头未检测到，等待重连...
[2026-07-12 13:50:13] [CAM] 摄像头捕获器已释放
[2026-07-12 13:50:13] [CAM] 摄像头未检测到，等待重连...
[2026-07-12 13:50:14] [CAM] 摄像头捕获器已释放
[2026-07-12 13:50:14] [CAM] 摄像头未检测到，等待重连...
[2026-07-12 13:50:14] [CAM] 摄像头捕获器已释放
[2026-07-12 13:50:14] [CAM] 摄像头未检测到，等待重连...
[2026-07-12 13:50:15] [CAM] 摄像头捕获器已释放
[2026-07-12 13:50:15] [CAM] 摄像头未检测到，等待重连...
[2026-07-12 13:50:15] [CAM] 摄像头捕获器已释放
[2026-07-12 13:50:15] [CAM] 摄像头未检测到，等待重连...
[2026-07-12 13:50:16] [CAM] 摄像头捕获器已释放
[2026-07-12 13:50:16] [CAM] 摄像头未检测到，等待重连...
[2026-07-12 13:50:16] [CAM] 摄像头捕获器已释放
[2026-07-12 13:50:16] [CAM] 摄像头未检测到，等待重连...
[2026-07-12 13:50:17] [CAM] 摄像头捕获器已释放
[2026-07-12 13:50:17] [CAM] 摄像头未检测到，等待重连...
[2026-07-12 13:50:17] [CAM] 摄像头捕获器已释放
[2026-07-12 13:50:17] [CAM] 摄像头未检测到，等待重连...
[2026-07-12 13:50:18] [CAM] 摄像头捕获器已释放
[2026-07-12 13:50:18] [CAM] 摄像头未检测到，等待重连...
[2026-07-12 13:50:18] [CAM] 摄像头捕获器已释放
[2026-07-12 13:50:18] [CAM] 摄像头未检测到，等待重连...
[2026-07-12 13:50:19] [CAM] 摄像头捕获器已释放
[2026-07-12 13:50:19] [CAM] 摄像头未检测到，等待重连...
[2026-07-12 13:50:19] [CAM] 摄像头捕获器已释放
[2026-07-12 13:50:19] [CAM] 摄像头未检测到，等待重连...
[2026-07-12 13:50:20] [CAM] 摄像头捕获器已释放
[2026-07-12 13:50:20] [CAM] 摄像头未检测到，等待重连...
[2026-07-12 13:50:20] [CAM] 摄像头捕获器已释放
[2026-07-12 13:50:20] [CAM] 摄像头未检测到，等待重连...
[2026-07-12 13:50:21] [CAM] 摄像头捕获器已释放
[2026-07-12 13:50:21] [CAM] 摄像头未检测到，等待重连...
[2026-07-12 13:50:21] [CAM] 摄像头捕获器已释放
[2026-07-12 13:50:21] [CAM] 摄像头未检测到，等待重连...
[2026-07-12 13:50:22] [ERROR] 网络断开，无法访问外网
[2026-07-12 13:50:22] [CAM] 摄像头捕获器已释放
[2026-07-12 13:50:22] [CAM] 摄像头未检测到，等待重连...
[2026-07-12 13:50:22] [CAM] 摄像头捕获器已释放
[2026-07-12 13:50:22] [CAM] 摄像头未检测到，等待重连...
[2026-07-12 13:50:23] [NET] 网络已恢复连通
[2026-07-12 13:50:23] [CAM] 摄像头捕获器已释放
[2026-07-12 13:50:23] [CAM] 摄像头未检测到，等待重连...
[2026-07-12 13:50:23] [CAM] 摄像头捕获器已释放
[2026-07-12 13:50:23] [CAM] 摄像头未检测到，等待重连...
[2026-07-12 13:50:24] [CAM] 摄像头捕获器已释放
[2026-07-12 13:50:24] [CAM] 摄像头未检测到，等待重连...
[2026-07-12 13:50:24] [CAM] 摄像头捕获器已释放
[2026-07-12 13:50:24] [CAM] 摄像头未检测到，等待重连...
[2026-07-12 13:50:25] [CAM] 摄像头捕获器已释放
[2026-07-12 13:50:25] [CAM] 摄像头未检测到，等待重连...
[2026-07-12 13:50:25] [CAM] 摄像头捕获器已释放
[2026-07-12 13:50:25] [CAM] 摄像头未检测到，等待重连...
[2026-07-12 13:50:26] [CAM] 摄像头捕获器已释放
[2026-07-12 13:50:26] [CAM] 摄像头未检测到，等待重连...
[2026-07-12 13:50:26] [CAM] 摄像头捕获器已释放
[2026-07-12 13:50:26] [CAM] 摄像头未检测到，等待重连...
[2026-07-12 13:50:27] [CAM] 摄像头捕获器已释放
[2026-07-12 13:50:27] [CAM] 摄像头未检测到，等待重连...
[2026-07-12 13:50:27] [CAM] 摄像头捕获器已释放
[2026-07-12 13:50:27] [CAM] 摄像头未检测到，等待重连...
[2026-07-12 13:50:28] [CAM] 摄像头捕获器已释放
[2026-07-12 13:50:28] [CAM] 摄像头未检测到，等待重连...
[2026-07-12 13:50:28] [CAM] 摄像头捕获器已释放
[2026-07-12 13:50:28] [CAM] 摄像头未检测到，等待重连...
[2026-07-12 13:50:29] [CAM] 摄像头捕获器已释放
[2026-07-12 13:50:29] [CAM] 摄像头未检测到，等待重连...
[2026-07-12 13:50:29] [CAM] 摄像头捕获器已释放
[2026-07-12 13:50:29] [CAM] 摄像头未检测到，等待重连...
[2026-07-12 13:50:30] [CAM] 摄像头捕获器已释放
[2026-07-12 13:50:30] [CAM] 摄像头未检测到，等待重连...
[2026-07-12 13:50:30] [CAM] 摄像头捕获器已释放
[2026-07-12 13:50:30] [CAM] 摄像头未检测到，等待重连...
[2026-07-12 13:50:31] [CAM] 摄像头捕获器已释放
[2026-07-12 13:50:31] [CAM] 摄像头未检测到，等待重连...
[2026-07-12 13:50:31] [CAM] 摄像头捕获器已释放
[2026-07-12 13:50:31] [CAM] 摄像头未检测到，等待重连...
[2026-07-12 13:50:32] [ERROR] 网络断开，无法访问外网
[2026-07-12 13:50:32] [CAM] 摄像头捕获器已释放
[2026-07-12 13:50:32] [CAM] 摄像头未检测到，等待重连...
[2026-07-12 13:50:32] [CAM] 摄像头捕获器已释放
[2026-07-12 13:50:32] [CAM] 摄像头未检测到，等待重连...
[2026-07-12 13:50:33] [NET] 网络已恢复连通
[2026-07-12 13:50:33] [CAM] 摄像头捕获器已释放
[2026-07-12 13:50:33] [CAM] 摄像头未检测到，等待重连...
[2026-07-12 13:50:33] [CAM] 摄像头捕获器已释放
[2026-07-12 13:50:33] [CAM] 摄像头未检测到，等待重连...
[2026-07-12 13:50:34] [CAM] 摄像头捕获器已释放
[2026-07-12 13:50:34] [CAM] 摄像头未检测到，等待重连...
[2026-07-12 13:50:34] [CAM] 摄像头捕获器已释放
[2026-07-12 13:50:34] [CAM] 摄像头未检测到，等待重连...
[2026-07-12 13:50:35] [CAM] 摄像头捕获器已释放
[2026-07-12 13:50:35] [CAM] 摄像头未检测到，等待重连...
[2026-07-12 13:50:35] [CAM] 摄像头捕获器已释放
[2026-07-12 13:50:35] [CAM] 摄像头未检测到，等待重连...
[2026-07-12 13:50:36] [CAM] 摄像头捕获器已释放
[2026-07-12 13:50:36] [CAM] 摄像头未检测到，等待重连...
[2026-07-12 13:50:36] [CAM] 摄像头捕获器已释放
[2026-07-12 13:50:36] [CAM] 摄像头未检测到，等待重连...
[2026-07-12 13:50:37] [CAM] 摄像头捕获器已释放
[2026-07-12 13:50:37] [CAM] 摄像头未检测到，等待重连...
[2026-07-12 13:50:37] [CAM] 摄像头捕获器已释放
[2026-07-12 13:50:37] [CAM] 摄像头未检测到，等待重连...
[2026-07-12 13:50:38] [CAM] 摄像头捕获器已释放
[2026-07-12 13:50:38] [CAM] 摄像头未检测到，等待重连...
[2026-07-12 13:50:38] [CAM] 摄像头捕获器已释放
[2026-07-12 13:50:38] [CAM] 摄像头未检测到，等待重连...
[2026-07-12 13:50:39] [CAM] 摄像头捕获器已释放
[2026-07-12 13:50:39] [CAM] 摄像头未检测到，等待重连...
[2026-07-12 13:50:39] [CAM] 摄像头捕获器已释放
[2026-07-12 13:50:39] [CAM] 摄像头未检测到，等待重连...
[2026-07-12 13:50:40] [CAM] 摄像头捕获器已释放
[2026-07-12 13:50:40] [CAM] 摄像头未检测到，等待重连...
[2026-07-12 13:50:40] [CAM] 摄像头捕获器已释放
[2026-07-12 13:50:40] [CAM] 摄像头未检测到，等待重连...
[2026-07-12 13:50:41] [CAM] 摄像头捕获器已释放
[2026-07-12 13:50:41] [CAM] 摄像头未检测到，等待重连...
[2026-07-12 13:50:41] [CAM] 摄像头捕获器已释放
[2026-07-12 13:50:41] [CAM] 摄像头未检测到，等待重连...
[2026-07-12 13:50:42] [CAM] 摄像头捕获器已释放
[2026-07-12 13:50:42] [CAM] 摄像头未检测到，等待重连...
[2026-07-12 13:50:42] [CAM] 摄像头捕获器已释放
[2026-07-12 13:50:42] [CAM] 摄像头未检测到，等待重连...
[2026-07-12 13:50:43] [CAM] 摄像头捕获器已释放
[2026-07-12 13:50:43] [CAM] 摄像头未检测到，等待重连...
[2026-07-12 13:50:43] [CAM] 摄像头捕获器已释放
[2026-07-12 13:50:43] [CAM] 摄像头未检测到，等待重连...
[2026-07-12 13:50:44] [CAM] 摄像头捕获器已释放
[2026-07-12 13:50:44] [CAM] 摄像头未检测到，等待重连...
[2026-07-12 13:50:44] [CAM] 摄像头捕获器已释放
[2026-07-12 13:50:44] [CAM] 摄像头未检测到，等待重连...
[2026-07-12 13:50:45] [CAM] 摄像头捕获器已释放
[2026-07-12 13:50:45] [CAM] 摄像头未检测到，等待重连...
[2026-07-12 13:50:45] [CAM] 摄像头捕获器已释放
[2026-07-12 13:50:45] [CAM] 摄像头未检测到，等待重连...
[2026-07-12 13:50:46] [ERROR] 网络断开，无法访问外网
[2026-07-12 13:50:46] [CAM] 摄像头捕获器已释放
[2026-07-12 13:50:46] [CAM] 摄像头未检测到，等待重连...
[2026-07-12 13:50:46] [CAM] 摄像头捕获器已释放
[2026-07-12 13:50:46] [CAM] 摄像头未检测到，等待重连...
[2026-07-12 13:50:47] [CAM] 摄像头捕获器已释放
[2026-07-12 13:50:47] [CAM] 摄像头未检测到，等待重连...
[2026-07-12 13:50:47] [CAM] 摄像头捕获器已释放
[2026-07-12 13:50:47] [CAM] 摄像头未检测到，等待重连...
[2026-07-12 13:50:48] [NET] 开机检测无网络，语音提醒
[2026-07-12 13:50:48] [CAM] 摄像头捕获器已释放
[2026-07-12 13:50:48] [CAM] 摄像头未检测到，等待重连...
[2026-07-12 13:50:48] [CAM] 摄像头捕获器已释放
[2026-07-12 13:50:48] [CAM] 摄像头未检测到，等待重连...
[2026-07-12 13:50:49] [NET] 网络已恢复连通
[2026-07-12 13:50:49] [CAM] 摄像头捕获器已释放
[2026-07-12 13:50:49] [CAM] 摄像头未检测到，等待重连...
[2026-07-12 13:50:49] [CAM] 摄像头捕获器已释放
[2026-07-12 13:50:49] [CAM] 摄像头未检测到，等待重连...
[2026-07-12 13:50:50] [CAM] 摄像头捕获器已释放
[2026-07-12 13:50:50] [CAM] 摄像头未检测到，等待重连...
[2026-07-12 13:50:50] [CAM] 摄像头捕获器已释放
[2026-07-12 13:50:50] [CAM] 摄像头未检测到，等待重连...
[2026-07-12 13:50:51] [CAM] 摄像头捕获器已释放
[2026-07-12 13:50:51] [CAM] 摄像头未检测到，等待重连...
[2026-07-12 13:50:51] [CAM] 摄像头捕获器已释放
[2026-07-12 13:50:51] [CAM] 摄像头未检测到，等待重连...
[2026-07-12 13:50:52] [CAM] 摄像头捕获器已释放
[2026-07-12 13:50:52] [CAM] 摄像头未检测到，等待重连...
[2026-07-12 13:50:52] [CAM] 摄像头捕获器已释放
[2026-07-12 13:50:52] [CAM] 摄像头未检测到，等待重连...
[2026-07-12 13:50:53] [CAM] 摄像头捕获器已释放
[2026-07-12 13:50:53] [CAM] 摄像头未检测到，等待重连...
[2026-07-12 13:50:53] [CAM] 摄像头捕获器已释放
[2026-07-12 13:50:53] [CAM] 摄像头未检测到，等待重连...
[2026-07-12 13:50:54] [CAM] 摄像头捕获器已释放
[2026-07-12 13:50:54] [CAM] 摄像头未检测到，等待重连...
[2026-07-12 13:50:54] [CAM] 摄像头捕获器已释放
[2026-07-12 13:50:54] [CAM] 摄像头未检测到，等待重连...
[2026-07-12 13:50:55] [CAM] 摄像头捕获器已释放
[2026-07-12 13:50:55] [CAM] 摄像头未检测到，等待重连...
[2026-07-12 13:50:55] [CAM] 摄像头捕获器已释放
[2026-07-12 13:50:55] [CAM] 摄像头未检测到，等待重连...
[2026-07-12 13:50:56] [CAM] 摄像头捕获器已释放
[2026-07-12 13:50:56] [CAM] 摄像头未检测到，等待重连...
[2026-07-12 13:50:56] [CAM] 摄像头捕获器已释放
[2026-07-12 13:50:56] [CAM] 摄像头未检测到，等待重连...
[2026-07-12 13:50:57] [CAM] 摄像头捕获器已释放
[2026-07-12 13:50:57] [CAM] 摄像头未检测到，等待重连...
[2026-07-12 13:50:57] [CAM] 摄像头捕获器已释放
[2026-07-12 13:50:57] [CAM] 摄像头未检测到，等待重连...
[2026-07-12 13:50:58] [CAM] 摄像头捕获器已释放
[2026-07-12 13:50:58] [CAM] 摄像头未检测到，等待重连...
[2026-07-12 13:50:58] [CAM] 摄像头捕获器已释放
[2026-07-12 13:50:58] [CAM] 摄像头未检测到，等待重连...
[2026-07-12 13:50:59] [CAM] 摄像头捕获器已释放
[2026-07-12 13:50:59] [CAM] 摄像头未检测到，等待重连...
[2026-07-12 13:50:59] [CAM] 摄像头捕获器已释放
[2026-07-12 13:50:59] [CAM] 摄像头未检测到，等待重连...
[2026-07-12 13:51:00] [CAM] 摄像头捕获器已释放
[2026-07-12 13:51:00] [CAM] 摄像头未检测到，等待重连...
[2026-07-12 13:51:00] [CAM] 摄像头捕获器已释放
[2026-07-12 13:51:00] [CAM] 摄像头未检测到，等待重连...
[2026-07-12 13:51:01] [CAM] 摄像头捕获器已释放
[2026-07-12 13:51:01] [CAM] 摄像头未检测到，等待重连...
[2026-07-12 13:51:01] [CAM] 摄像头捕获器已释放
[2026-07-12 13:51:01] [CAM] 摄像头未检测到，等待重连...
[2026-07-12 13:51:02] [CAM] 摄像头捕获器已释放
[2026-07-12 13:51:02] [CAM] 摄像头未检测到，等待重连...
[2026-07-12 13:51:02] [CAM] 摄像头捕获器已释放
[2026-07-12 13:51:02] [CAM] 摄像头未检测到，等待重连...
[2026-07-12 13:51:03] [CAM] 摄像头捕获器已释放
[2026-07-12 13:51:03] [CAM] 摄像头未检测到，等待重连...
[2026-07-12 13:51:03] [CAM] 摄像头捕获器已释放
[2026-07-12 13:51:03] [CAM] 摄像头未检测到，等待重连...
[2026-07-12 13:51:04] [CAM] 摄像头捕获器已释放
[2026-07-12 13:51:04] [CAM] 摄像头未检测到，等待重连...
[2026-07-12 13:51:04] [CAM] 摄像头捕获器已释放
[2026-07-12 13:51:04] [CAM] 摄像头未检测到，等待重连...
[2026-07-12 13:51:05] [CAM] 摄像头捕获器已释放
[2026-07-12 13:51:05] [CAM] 摄像头未检测到，等待重连...
[2026-07-12 13:51:05] [CAM] 摄像头捕获器已释放
[2026-07-12 13:51:05] [CAM] 摄像头未检测到，等待重连...
[2026-07-12 13:51:06] [CAM] 摄像头捕获器已释放
[2026-07-12 13:51:06] [CAM] 摄像头未检测到，等待重连...
[2026-07-12 13:51:06] [CAM] 摄像头捕获器已释放
[2026-07-12 13:51:06] [CAM] 摄像头未检测到，等待重连...
[2026-07-12 13:51:07] [CAM] 摄像头捕获器已释放
[2026-07-12 13:51:07] [CAM] 摄像头未检测到，等待重连...
[2026-07-12 13:51:07] [CAM] 摄像头捕获器已释放
[2026-07-12 13:51:07] [CAM] 摄像头未检测到，等待重连...
[2026-07-12 13:51:08] [CAM] 摄像头捕获器已释放
[2026-07-12 13:51:08] [CAM] 摄像头未检测到，等待重连...
[2026-07-12 13:51:08] [CAM] 摄像头捕获器已释放
[2026-07-12 13:51:08] [CAM] 摄像头未检测到，等待重连...
[2026-07-12 13:51:09] [CAM] 摄像头捕获器已释放
[2026-07-12 13:51:09] [CAM] 摄像头未检测到，等待重连...
[2026-07-12 13:51:09] [CAM] 摄像头捕获器已释放
[2026-07-12 13:51:09] [CAM] 摄像头未检测到，等待重连...
[2026-07-12 13:51:10] [CAM] 摄像头捕获器已释放
[2026-07-12 13:51:10] [CAM] 摄像头未检测到，等待重连...
[2026-07-12 13:51:10] [CAM] 摄像头捕获器已释放
[2026-07-12 13:51:10] [CAM] 摄像头未检测到，等待重连...
[2026-07-12 13:51:11] [CAM] 摄像头捕获器已释放
[2026-07-12 13:51:11] [CAM] 摄像头未检测到，等待重连...
[2026-07-12 13:51:11] [CAM] 摄像头捕获器已释放
[2026-07-12 13:51:11] [CAM] 摄像头未检测到，等待重连...
[2026-07-12 13:51:12] [CAM] 摄像头捕获器已释放
[2026-07-12 13:51:12] [CAM] 摄像头未检测到，等待重连...
[2026-07-12 13:51:12] [CAM] 摄像头捕获器已释放
[2026-07-12 13:51:12] [CAM] 摄像头未检测到，等待重连...
[2026-07-12 13:51:13] [CAM] 摄像头捕获器已释放
[2026-07-12 13:51:13] [CAM] 摄像头未检测到，等待重连...
[2026-07-12 13:51:13] [CAM] 摄像头捕获器已释放
[2026-07-12 13:51:13] [CAM] 摄像头未检测到，等待重连...
[2026-07-12 13:51:14] [CAM] 摄像头捕获器已释放
[2026-07-12 13:51:14] [CAM] 摄像头未检测到，等待重连...
[2026-07-12 13:51:14] [CAM] 摄像头捕获器已释放
[2026-07-12 13:51:14] [CAM] 摄像头未检测到，等待重连...
[2026-07-12 13:51:15] [CAM] 摄像头捕获器已释放
[2026-07-12 13:51:15] [CAM] 摄像头未检测到，等待重连...
[2026-07-12 13:51:15] [CAM] 摄像头捕获器已释放
[2026-07-12 13:51:15] [CAM] 摄像头未检测到，等待重连...
[2026-07-12 13:51:16] [CAM] 摄像头捕获器已释放
[2026-07-12 13:51:16] [CAM] 摄像头未检测到，等待重连...
[2026-07-12 13:51:16] [CAM] 摄像头捕获器已释放
[2026-07-12 13:51:16] [CAM] 摄像头未检测到，等待重连...
[2026-07-12 13:51:17] [CAM] 摄像头捕获器已释放
[2026-07-12 13:51:17] [CAM] 摄像头未检测到，等待重连...
[2026-07-12 13:51:17] [CAM] 摄像头捕获器已释放
[2026-07-12 13:51:17] [CAM] 摄像头未检测到，等待重连...
[2026-07-12 13:51:18] [CAM] 摄像头捕获器已释放
[2026-07-12 13:51:18] [CAM] 摄像头未检测到，等待重连...
[2026-07-12 13:51:18] [CAM] 摄像头捕获器已释放
[2026-07-12 13:51:18] [CAM] 摄像头未检测到，等待重连...
[2026-07-12 13:51:19] [CAM] 摄像头捕获器已释放
[2026-07-12 13:51:19] [CAM] 摄像头未检测到，等待重连...
[2026-07-12 13:51:19] [CAM] 摄像头捕获器已释放
[2026-07-12 13:51:19] [CAM] 摄像头未检测到，等待重连...
[2026-07-12 13:51:20] [CAM] 摄像头捕获器已释放
[2026-07-12 13:51:20] [CAM] 摄像头未检测到，等待重连...
[2026-07-12 13:51:20] [CAM] 摄像头捕获器已释放
[2026-07-12 13:51:20] [CAM] 摄像头未检测到，等待重连...
[2026-07-12 13:51:21] [CAM] 摄像头捕获器已释放
[2026-07-12 13:51:21] [CAM] 摄像头未检测到，等待重连...
[2026-07-12 13:51:21] [CAM] 摄像头捕获器已释放
[2026-07-12 13:51:21] [CAM] 摄像头未检测到，等待重连...
[2026-07-12 13:51:22] [CAM] 摄像头捕获器已释放
[2026-07-12 13:51:22] [CAM] 摄像头未检测到，等待重连...
[2026-07-12 13:51:22] [CAM] 摄像头捕获器已释放
[2026-07-12 13:51:22] [CAM] 摄像头未检测到，等待重连...
[2026-07-12 13:51:23] [CAM] 摄像头捕获器已释放
[2026-07-12 13:51:23] [CAM] 摄像头未检测到，等待重连...
[2026-07-12 13:51:23] [CAM] 摄像头捕获器已释放
[2026-07-12 13:51:23] [CAM] 摄像头未检测到，等待重连...
[2026-07-12 13:51:24] [CAM] 摄像头捕获器已释放
[2026-07-12 13:51:24] [CAM] 摄像头未检测到，等待重连...
[2026-07-12 13:51:24] [CAM] 摄像头捕获器已释放
[2026-07-12 13:51:24] [CAM] 摄像头未检测到，等待重连...
[2026-07-12 13:51:25] [CAM] 摄像头捕获器已释放
[2026-07-12 13:51:25] [CAM] 摄像头未检测到，等待重连...
[2026-07-12 13:51:25] [CAM] 摄像头捕获器已释放
[2026-07-12 13:51:25] [CAM] 摄像头未检测到，等待重连...
[2026-07-12 13:51:26] [ERROR] 网络断开，无法访问外网
[2026-07-12 13:51:26] [INFO] 程序收到关闭信号，开始安全退出流程
[2026-07-12 13:51:26] [CAM] 摄像头捕获器已释放
[2026-07-12 13:51:26] [CAM] 摄像头未检测到，等待重连...
[2026-07-12 13:51:26] [CAM] 摄像头捕获器已释放
[2026-07-12 13:51:26] [CAM] 摄像头未检测到，等待重连...
[2026-07-12 13:51:27] [SENSOR] RS485采集线程已停止
[2026-07-12 13:51:27] [CAM] 摄像头捕获器已释放
[2026-07-12 13:51:27] [INFO] 摄像头采集线程正常退出
[2026-07-12 13:51:27] [INFO] 程序正常退出
[2026-07-12 13:51:27] [NET] 网络已恢复连通
[2026-07-12 13:51:27] [INFO] 程序结束，退出码:0
[2026-07-12 13:52:58] [INFO] ========== 幼儿园AI安全卫士程序启动 ==========
[2026-07-12 13:52:58] [INFO] 主程序窗口初始化完成
[2026-07-12 13:52:58] [SENSOR] RS485传感器采集线程已启动，串口：/dev/ttyUSB0
[2026-07-12 13:52:59] [INFO] AI环境模拟线程启动
[2026-07-12 13:52:59] [INFO] 摄像头采集线程启动
[2026-07-12 13:52:59] [CAM] 摄像头未检测到，等待重连...
[2026-07-12 13:52:59] [SENSOR] 开机未检测到温湿度传感器，延时播报
[2026-07-12 13:53:01] [NET] 网络已恢复连通
[2026-07-12 13:53:01] [MIC] 开机未检测到USB麦克风，延时播报
[2026-07-12 13:53:01] [CAM] 摄像头捕获器已释放
[2026-07-12 13:53:01] [CAM] 摄像头未检测到，等待重连...
[2026-07-12 13:53:02] [CAM] 摄像头捕获器已释放
[2026-07-12 13:53:02] [CAM] 摄像头未检测到，等待重连...
[2026-07-12 13:53:02] [CAM] 摄像头捕获器已释放
[2026-07-12 13:53:02] [CAM] 摄像头未检测到，等待重连...
[2026-07-12 13:53:03] [CAM] 摄像头捕获器已释放
[2026-07-12 13:53:03] [CAM] 摄像头未检测到，等待重连...
[2026-07-12 13:53:03] [CAM] 摄像头捕获器已释放
[2026-07-12 13:53:03] [CAM] 摄像头未检测到，等待重连...
[2026-07-12 13:53:04] [CAM] 摄像头捕获器已释放
[2026-07-12 13:53:04] [CAM] 摄像头未检测到，等待重连...
[2026-07-12 13:53:04] [CAM] 摄像头捕获器已释放
[2026-07-12 13:53:04] [CAM] 摄像头未检测到，等待重连...
[2026-07-12 13:53:05] [CAM] 摄像头捕获器已释放
[2026-07-12 13:53:05] [CAM] 摄像头未检测到，等待重连...
[2026-07-12 13:53:05] [CAM] 摄像头捕获器已释放
[2026-07-12 13:53:05] [CAM] 摄像头未检测到，等待重连...
[2026-07-12 13:53:06] [CAM] 摄像头捕获器已释放
[2026-07-12 13:53:06] [CAM] 摄像头未检测到，等待重连...
[2026-07-12 13:53:06] [CAM] 摄像头捕获器已释放
[2026-07-12 13:53:06] [CAM] 摄像头未检测到，等待重连...
[2026-07-12 13:53:07] [CAM] 摄像头捕获器已释放
[2026-07-12 13:53:07] [CAM] 摄像头未检测到，等待重连...
[2026-07-12 13:53:07] [CAM] 摄像头捕获器已释放
[2026-07-12 13:53:07] [CAM] 摄像头未检测到，等待重连...
[2026-07-12 13:53:08] [CAM] 摄像头捕获器已释放
[2026-07-12 13:53:08] [CAM] 摄像头未检测到，等待重连...
[2026-07-12 13:53:08] [CAM] 摄像头捕获器已释放
[2026-07-12 13:53:08] [CAM] 摄像头未检测到，等待重连...
[2026-07-12 13:53:09] [CAM] 摄像头捕获器已释放
[2026-07-12 13:53:09] [CAM] 摄像头未检测到，等待重连...
[2026-07-12 13:53:09] [CAM] 摄像头捕获器已释放
[2026-07-12 13:53:09] [CAM] 摄像头未检测到，等待重连...
[2026-07-12 13:53:10] [CAM] 摄像头捕获器已释放
[2026-07-12 13:53:10] [CAM] 摄像头未检测到，等待重连...
[2026-07-12 13:53:10] [CAM] 摄像头捕获器已释放
[2026-07-12 13:53:10] [CAM] 摄像头未检测到，等待重连...
[2026-07-12 13:53:11] [CAM] 摄像头捕获器已释放
[2026-07-12 13:53:11] [CAM] 摄像头未检测到，等待重连...
[2026-07-12 13:53:11] [CAM] 摄像头捕获器已释放
[2026-07-12 13:53:11] [CAM] 摄像头未检测到，等待重连...
[2026-07-12 13:53:12] [CAM] 摄像头捕获器已释放
[2026-07-12 13:53:12] [CAM] 摄像头未检测到，等待重连...
[2026-07-12 13:53:12] [CAM] 摄像头捕获器已释放
[2026-07-12 13:53:12] [CAM] 摄像头未检测到，等待重连...
[2026-07-12 13:53:13] [CAM] 摄像头捕获器已释放
[2026-07-12 13:53:13] [CAM] 摄像头未检测到，等待重连...
[2026-07-12 13:53:13] [CAM] 摄像头捕获器已释放
[2026-07-12 13:53:13] [CAM] 摄像头未检测到，等待重连...
[2026-07-12 13:53:14] [CAM] 摄像头捕获器已释放
[2026-07-12 13:53:14] [CAM] 摄像头未检测到，等待重连...
[2026-07-12 13:53:14] [CAM] 摄像头捕获器已释放
[2026-07-12 13:53:14] [CAM] 摄像头未检测到，等待重连...
[2026-07-12 13:53:15] [CAM] 摄像头捕获器已释放
[2026-07-12 13:53:15] [CAM] 摄像头未检测到，等待重连...
[2026-07-12 13:53:15] [CAM] 摄像头捕获器已释放
[2026-07-12 13:53:15] [CAM] 摄像头未检测到，等待重连...
[2026-07-12 13:53:16] [CAM] 摄像头捕获器已释放
[2026-07-12 13:53:16] [CAM] 摄像头未检测到，等待重连...
[2026-07-12 13:53:16] [CAM] 摄像头捕获器已释放
[2026-07-12 13:53:16] [CAM] 摄像头未检测到，等待重连...
[2026-07-12 13:53:17] [CAM] 摄像头捕获器已释放
[2026-07-12 13:53:17] [CAM] 摄像头未检测到，等待重连...
[2026-07-12 13:53:17] [CAM] 摄像头捕获器已释放
[2026-07-12 13:53:17] [CAM] 摄像头未检测到，等待重连...
[2026-07-12 13:53:18] [CAM] 摄像头捕获器已释放
[2026-07-12 13:53:18] [CAM] 摄像头未检测到，等待重连...
[2026-07-12 13:53:18] [CAM] 摄像头捕获器已释放
[2026-07-12 13:53:18] [CAM] 摄像头未检测到，等待重连...
[2026-07-12 13:53:19] [CAM] 摄像头捕获器已释放
[2026-07-12 13:53:19] [CAM] 摄像头未检测到，等待重连...
[2026-07-12 13:53:19] [CAM] 摄像头捕获器已释放
[2026-07-12 13:53:19] [CAM] 摄像头未检测到，等待重连...
[2026-07-12 13:53:20] [CAM] 摄像头捕获器已释放
[2026-07-12 13:53:20] [CAM] 摄像头未检测到，等待重连...
[2026-07-12 13:53:20] [CAM] 摄像头捕获器已释放
[2026-07-12 13:53:20] [CAM] 摄像头未检测到，等待重连...
[2026-07-12 13:53:21] [CAM] 摄像头捕获器已释放
[2026-07-12 13:53:21] [CAM] 摄像头未检测到，等待重连...
[2026-07-12 13:53:21] [CAM] 摄像头捕获器已释放
[2026-07-12 13:53:21] [CAM] 摄像头未检测到，等待重连...
[2026-07-12 13:53:22] [CAM] 摄像头捕获器已释放
[2026-07-12 13:53:22] [CAM] 摄像头未检测到，等待重连...
[2026-07-12 13:53:22] [CAM] 摄像头捕获器已释放
[2026-07-12 13:53:22] [CAM] 摄像头未检测到，等待重连...
[2026-07-12 13:53:23] [CAM] 摄像头捕获器已释放
[2026-07-12 13:53:23] [CAM] 摄像头未检测到，等待重连...
[2026-07-12 13:53:23] [CAM] 摄像头捕获器已释放
[2026-07-12 13:53:23] [CAM] 摄像头未检测到，等待重连...
[2026-07-12 13:53:24] [CAM] 摄像头捕获器已释放
[2026-07-12 13:53:24] [CAM] 摄像头未检测到，等待重连...
[2026-07-12 13:53:24] [CAM] 摄像头捕获器已释放
[2026-07-12 13:53:24] [CAM] 摄像头未检测到，等待重连...
[2026-07-12 13:53:25] [CAM] 摄像头捕获器已释放
[2026-07-12 13:53:25] [CAM] 摄像头未检测到，等待重连...
[2026-07-12 13:53:25] [CAM] 摄像头捕获器已释放
[2026-07-12 13:53:25] [CAM] 摄像头未检测到，等待重连...
[2026-07-12 13:53:26] [CAM] 摄像头捕获器已释放
[2026-07-12 13:53:26] [CAM] 摄像头未检测到，等待重连...
[2026-07-12 13:53:26] [CAM] 摄像头捕获器已释放
[2026-07-12 13:53:26] [CAM] 摄像头未检测到，等待重连...
[2026-07-12 13:53:27] [CAM] 摄像头捕获器已释放
[2026-07-12 13:53:27] [CAM] 摄像头未检测到，等待重连...
[2026-07-12 13:53:27] [CAM] 摄像头捕获器已释放
[2026-07-12 13:53:27] [CAM] 摄像头未检测到，等待重连...
[2026-07-12 13:53:28] [CAM] 摄像头捕获器已释放
[2026-07-12 13:53:28] [CAM] 摄像头未检测到，等待重连...
[2026-07-12 13:53:28] [CAM] 摄像头捕获器已释放
[2026-07-12 13:53:28] [CAM] 摄像头未检测到，等待重连...
[2026-07-12 13:53:29] [CAM] 摄像头捕获器已释放
[2026-07-12 13:53:29] [CAM] 摄像头未检测到，等待重连...
[2026-07-12 13:53:29] [CAM] 摄像头捕获器已释放
[2026-07-12 13:53:29] [CAM] 摄像头未检测到，等待重连...
[2026-07-12 13:53:30] [CAM] 摄像头捕获器已释放
[2026-07-12 13:53:30] [CAM] 摄像头未检测到，等待重连...
[2026-07-12 13:53:30] [CAM] 摄像头捕获器已释放
[2026-07-12 13:53:30] [CAM] 摄像头未检测到，等待重连...
[2026-07-12 13:53:31] [CAM] 摄像头捕获器已释放
[2026-07-12 13:53:31] [CAM] 摄像头未检测到，等待重连...
[2026-07-12 13:53:31] [CAM] 摄像头捕获器已释放
[2026-07-12 13:53:31] [CAM] 摄像头未检测到，等待重连...
[2026-07-12 13:53:32] [CAM] 摄像头捕获器已释放
[2026-07-12 13:53:32] [CAM] 摄像头未检测到，等待重连...
[2026-07-12 13:53:32] [CAM] 摄像头捕获器已释放
[2026-07-12 13:53:32] [CAM] 摄像头未检测到，等待重连...
[2026-07-12 13:53:33] [CAM] 摄像头捕获器已释放
[2026-07-12 13:53:33] [CAM] 摄像头未检测到，等待重连...
[2026-07-12 13:53:33] [CAM] 摄像头捕获器已释放
[2026-07-12 13:53:33] [CAM] 摄像头未检测到，等待重连...
[2026-07-12 13:53:34] [CAM] 摄像头捕获器已释放
[2026-07-12 13:53:34] [CAM] 摄像头未检测到，等待重连...
[2026-07-12 13:53:34] [CAM] 摄像头捕获器已释放
[2026-07-12 13:53:34] [CAM] 摄像头未检测到，等待重连...
[2026-07-12 13:53:35] [CAM] 摄像头捕获器已释放
[2026-07-12 13:53:35] [CAM] 摄像头未检测到，等待重连...
[2026-07-12 13:53:35] [CAM] 摄像头捕获器已释放
[2026-07-12 13:53:35] [CAM] 摄像头未检测到，等待重连...
[2026-07-12 13:53:36] [CAM] 摄像头捕获器已释放
[2026-07-12 13:53:36] [CAM] 摄像头未检测到，等待重连...
[2026-07-12 13:53:36] [CAM] 摄像头捕获器已释放
[2026-07-12 13:53:36] [CAM] 摄像头未检测到，等待重连...
[2026-07-12 13:53:37] [CAM] 摄像头捕获器已释放
[2026-07-12 13:53:37] [CAM] 摄像头未检测到，等待重连...
[2026-07-12 13:53:37] [CAM] 摄像头捕获器已释放
[2026-07-12 13:53:37] [CAM] 摄像头未检测到，等待重连...
[2026-07-12 13:53:38] [CAM] 摄像头捕获器已释放
[2026-07-12 13:53:38] [CAM] 摄像头未检测到，等待重连...
[2026-07-12 13:53:38] [CAM] 摄像头捕获器已释放
[2026-07-12 13:53:38] [CAM] 摄像头未检测到，等待重连...
[2026-07-12 13:53:39] [CAM] 摄像头捕获器已释放
[2026-07-12 13:53:39] [CAM] 摄像头未检测到，等待重连...
[2026-07-12 13:53:39] [CAM] 摄像头捕获器已释放
[2026-07-12 13:53:39] [CAM] 摄像头未检测到，等待重连...
[2026-07-12 13:53:40] [CAM] 摄像头捕获器已释放
[2026-07-12 13:53:40] [CAM] 摄像头未检测到，等待重连...
[2026-07-12 13:53:40] [CAM] 摄像头捕获器已释放
[2026-07-12 13:53:40] [CAM] 摄像头未检测到，等待重连...
[2026-07-12 13:53:41] [CAM] 摄像头捕获器已释放
[2026-07-12 13:53:41] [CAM] 摄像头未检测到，等待重连...
[2026-07-12 13:53:41] [CAM] 摄像头捕获器已释放
[2026-07-12 13:53:41] [CAM] 摄像头未检测到，等待重连...
[2026-07-12 13:53:42] [CAM] 摄像头捕获器已释放
[2026-07-12 13:53:42] [CAM] 摄像头未检测到，等待重连...
[2026-07-12 13:53:42] [CAM] 摄像头捕获器已释放
[2026-07-12 13:53:42] [CAM] 摄像头未检测到，等待重连...
[2026-07-12 13:53:43] [CAM] 摄像头捕获器已释放
[2026-07-12 13:53:43] [CAM] 摄像头未检测到，等待重连...
[2026-07-12 13:53:43] [CAM] 摄像头捕获器已释放
[2026-07-12 13:53:43] [CAM] 摄像头未检测到，等待重连...
[2026-07-12 13:53:44] [CAM] 摄像头捕获器已释放
[2026-07-12 13:53:44] [CAM] 摄像头未检测到，等待重连...
[2026-07-12 13:53:44] [CAM] 摄像头捕获器已释放
[2026-07-12 13:53:44] [CAM] 摄像头未检测到，等待重连...
[2026-07-12 13:53:45] [CAM] 摄像头捕获器已释放
[2026-07-12 13:53:45] [CAM] 摄像头未检测到，等待重连...
[2026-07-12 13:53:45] [CAM] 摄像头捕获器已释放
[2026-07-12 13:53:45] [CAM] 摄像头未检测到，等待重连...
[2026-07-12 13:53:46] [CAM] 摄像头捕获器已释放
[2026-07-12 13:53:46] [CAM] 摄像头未检测到，等待重连...
[2026-07-12 13:53:46] [CAM] 摄像头捕获器已释放
[2026-07-12 13:53:46] [CAM] 摄像头未检测到，等待重连...
[2026-07-12 13:53:47] [CAM] 摄像头捕获器已释放
[2026-07-12 13:53:47] [CAM] 摄像头未检测到，等待重连...
[2026-07-12 13:53:47] [CAM] 摄像头捕获器已释放
[2026-07-12 13:53:47] [CAM] 摄像头未检测到，等待重连...
[2026-07-12 13:53:48] [CAM] 摄像头捕获器已释放
[2026-07-12 13:53:48] [CAM] 摄像头未检测到，等待重连...
[2026-07-12 13:53:48] [CAM] 摄像头捕获器已释放
[2026-07-12 13:53:48] [CAM] 摄像头未检测到，等待重连...
[2026-07-12 13:53:49] [CAM] 摄像头捕获器已释放
[2026-07-12 13:53:49] [CAM] 摄像头未检测到，等待重连...
[2026-07-12 13:53:49] [CAM] 摄像头捕获器已释放
[2026-07-12 13:53:49] [CAM] 摄像头未检测到，等待重连...
[2026-07-12 13:53:50] [CAM] 摄像头捕获器已释放
[2026-07-12 13:53:50] [CAM] 摄像头未检测到，等待重连...
[2026-07-12 13:53:50] [CAM] 摄像头捕获器已释放
[2026-07-12 13:53:50] [CAM] 摄像头未检测到，等待重连...
[2026-07-12 13:53:51] [CAM] 摄像头捕获器已释放
[2026-07-12 13:53:51] [CAM] 摄像头未检测到，等待重连...
[2026-07-12 13:53:51] [CAM] 摄像头捕获器已释放
[2026-07-12 13:53:51] [CAM] 摄像头未检测到，等待重连...
[2026-07-12 13:53:52] [CAM] 摄像头捕获器已释放
[2026-07-12 13:53:52] [CAM] 摄像头未检测到，等待重连...
[2026-07-12 13:53:52] [CAM] 摄像头捕获器已释放
[2026-07-12 13:53:52] [CAM] 摄像头未检测到，等待重连...
[2026-07-12 13:53:53] [CAM] 摄像头捕获器已释放
[2026-07-12 13:53:53] [CAM] 摄像头未检测到，等待重连...
[2026-07-12 13:53:53] [CAM] 摄像头捕获器已释放
[2026-07-12 13:53:53] [CAM] 摄像头未检测到，等待重连...
[2026-07-12 13:53:54] [CAM] 摄像头捕获器已释放
[2026-07-12 13:53:54] [CAM] 摄像头未检测到，等待重连...
[2026-07-12 13:53:54] [CAM] 摄像头捕获器已释放
[2026-07-12 13:53:54] [CAM] 摄像头未检测到，等待重连...
[2026-07-12 13:53:55] [CAM] 摄像头捕获器已释放
[2026-07-12 13:53:55] [CAM] 摄像头未检测到，等待重连...
[2026-07-12 13:53:55] [CAM] 摄像头捕获器已释放
[2026-07-12 13:53:55] [CAM] 摄像头未检测到，等待重连...
[2026-07-12 13:53:56] [CAM] 摄像头捕获器已释放
[2026-07-12 13:53:56] [CAM] 摄像头未检测到，等待重连...
[2026-07-12 13:53:56] [CAM] 摄像头捕获器已释放
[2026-07-12 13:53:56] [CAM] 摄像头未检测到，等待重连...
[2026-07-12 13:53:57] [CAM] 摄像头捕获器已释放
[2026-07-12 13:53:57] [CAM] 摄像头未检测到，等待重连...
[2026-07-12 13:53:57] [CAM] 摄像头捕获器已释放
[2026-07-12 13:53:57] [CAM] 摄像头未检测到，等待重连...
[2026-07-12 13:53:58] [CAM] 摄像头捕获器已释放
[2026-07-12 13:53:58] [CAM] 摄像头未检测到，等待重连...
[2026-07-12 13:53:58] [CAM] 摄像头捕获器已释放
[2026-07-12 13:53:58] [CAM] 摄像头未检测到，等待重连...
[2026-07-12 13:53:59] [CAM] 摄像头捕获器已释放
[2026-07-12 13:53:59] [CAM] 摄像头未检测到，等待重连...
[2026-07-12 13:53:59] [CAM] 摄像头捕获器已释放
[2026-07-12 13:53:59] [CAM] 摄像头未检测到，等待重连...
[2026-07-12 13:54:00] [CAM] 摄像头捕获器已释放
[2026-07-12 13:54:00] [CAM] 摄像头未检测到，等待重连...
[2026-07-12 13:54:00] [CAM] 摄像头捕获器已释放
[2026-07-12 13:54:00] [CAM] 摄像头未检测到，等待重连...
[2026-07-12 13:54:01] [CAM] 摄像头捕获器已释放
[2026-07-12 13:54:01] [CAM] 摄像头未检测到，等待重连...
[2026-07-12 13:54:01] [CAM] 摄像头捕获器已释放
[2026-07-12 13:54:01] [CAM] 摄像头未检测到，等待重连...
[2026-07-12 13:54:02] [CAM] 摄像头捕获器已释放
[2026-07-12 13:54:02] [CAM] 摄像头未检测到，等待重连...
[2026-07-12 13:54:02] [CAM] 摄像头捕获器已释放
[2026-07-12 13:54:02] [CAM] 摄像头未检测到，等待重连...
[2026-07-12 13:54:03] [CAM] 摄像头捕获器已释放
[2026-07-12 13:54:03] [CAM] 摄像头未检测到，等待重连...
[2026-07-12 13:54:03] [CAM] 摄像头捕获器已释放
[2026-07-12 13:54:03] [CAM] 摄像头未检测到，等待重连...
[2026-07-12 13:54:04] [CAM] 摄像头捕获器已释放
[2026-07-12 13:54:04] [CAM] 摄像头未检测到，等待重连...
[2026-07-12 13:54:04] [CAM] 摄像头捕获器已释放
[2026-07-12 13:54:04] [CAM] 摄像头未检测到，等待重连...
[2026-07-12 13:54:05] [CAM] 摄像头捕获器已释放
[2026-07-12 13:54:05] [CAM] 摄像头未检测到，等待重连...
[2026-07-12 13:54:05] [CAM] 摄像头捕获器已释放
[2026-07-12 13:54:05] [CAM] 摄像头未检测到，等待重连...
[2026-07-12 13:54:06] [ERROR] 网络断开，无法访问外网
[2026-07-12 13:54:06] [CAM] 摄像头捕获器已释放
[2026-07-12 13:54:06] [CAM] 摄像头未检测到，等待重连...
[2026-07-12 13:54:06] [CAM] 摄像头捕获器已释放
[2026-07-12 13:54:06] [CAM] 摄像头未检测到，等待重连...
[2026-07-12 13:54:07] [CAM] 摄像头捕获器已释放
[2026-07-12 13:54:07] [CAM] 摄像头未检测到，等待重连...
[2026-07-12 13:54:07] [CAM] 摄像头捕获器已释放
[2026-07-12 13:54:07] [CAM] 摄像头未检测到，等待重连...
[2026-07-12 13:54:08] [NET] 开机检测无网络，语音提醒
[2026-07-12 13:54:08] [CAM] 摄像头捕获器已释放
[2026-07-12 13:54:08] [CAM] 摄像头未检测到，等待重连...
[2026-07-12 13:54:08] [CAM] 摄像头捕获器已释放
[2026-07-12 13:54:08] [CAM] 摄像头未检测到，等待重连...
[2026-07-12 13:54:09] [CAM] 摄像头捕获器已释放
[2026-07-12 13:54:09] [CAM] 摄像头未检测到，等待重连...
[2026-07-12 13:54:09] [CAM] 摄像头捕获器已释放
[2026-07-12 13:54:09] [CAM] 摄像头未检测到，等待重连...
[2026-07-12 13:54:10] [CAM] 摄像头捕获器已释放
[2026-07-12 13:54:10] [CAM] 摄像头未检测到，等待重连...
[2026-07-12 13:54:10] [CAM] 摄像头捕获器已释放
[2026-07-12 13:54:10] [CAM] 摄像头未检测到，等待重连...
[2026-07-12 13:54:11] [CAM] 摄像头捕获器已释放
[2026-07-12 13:54:11] [CAM] 摄像头未检测到，等待重连...
[2026-07-12 13:54:11] [CAM] 摄像头捕获器已释放
[2026-07-12 13:54:11] [CAM] 摄像头未检测到，等待重连...
[2026-07-12 13:54:12] [CAM] 摄像头捕获器已释放
[2026-07-12 13:54:12] [CAM] 摄像头未检测到，等待重连...
[2026-07-12 13:54:12] [CAM] 摄像头捕获器已释放
[2026-07-12 13:54:12] [CAM] 摄像头未检测到，等待重连...
[2026-07-12 13:54:13] [CAM] 摄像头捕获器已释放
[2026-07-12 13:54:13] [CAM] 摄像头未检测到，等待重连...
[2026-07-12 13:54:13] [CAM] 摄像头捕获器已释放
[2026-07-12 13:54:13] [CAM] 摄像头未检测到，等待重连...
[2026-07-12 13:54:14] [CAM] 摄像头捕获器已释放
[2026-07-12 13:54:14] [CAM] 摄像头未检测到，等待重连...
[2026-07-12 13:54:14] [CAM] 摄像头捕获器已释放
[2026-07-12 13:54:14] [CAM] 摄像头未检测到，等待重连...
[2026-07-12 13:54:15] [CAM] 摄像头捕获器已释放
[2026-07-12 13:54:15] [CAM] 摄像头未检测到，等待重连...
[2026-07-12 13:54:15] [CAM] 摄像头捕获器已释放
[2026-07-12 13:54:15] [CAM] 摄像头未检测到，等待重连...
[2026-07-12 13:54:16] [CAM] 摄像头捕获器已释放
[2026-07-12 13:54:16] [CAM] 摄像头未检测到，等待重连...
[2026-07-12 13:54:16] [CAM] 摄像头捕获器已释放
[2026-07-12 13:54:16] [CAM] 摄像头未检测到，等待重连...
[2026-07-12 13:54:17] [CAM] 摄像头捕获器已释放
[2026-07-12 13:54:17] [CAM] 摄像头未检测到，等待重连...
[2026-07-12 13:54:17] [CAM] 摄像头捕获器已释放
[2026-07-12 13:54:17] [CAM] 摄像头未检测到，等待重连...
[2026-07-12 13:54:18] [CAM] 摄像头捕获器已释放
[2026-07-12 13:54:18] [CAM] 摄像头未检测到，等待重连...
[2026-07-12 13:54:18] [CAM] 摄像头捕获器已释放
[2026-07-12 13:54:18] [CAM] 摄像头未检测到，等待重连...
[2026-07-12 13:54:19] [CAM] 摄像头捕获器已释放
[2026-07-12 13:54:19] [CAM] 摄像头未检测到，等待重连...
[2026-07-12 13:54:19] [CAM] 摄像头捕获器已释放
[2026-07-12 13:54:19] [CAM] 摄像头未检测到，等待重连...
[2026-07-12 13:54:20] [CAM] 摄像头捕获器已释放
[2026-07-12 13:54:20] [CAM] 摄像头未检测到，等待重连...
[2026-07-12 13:54:20] [CAM] 摄像头捕获器已释放
[2026-07-12 13:54:20] [CAM] 摄像头未检测到，等待重连...
[2026-07-12 13:54:21] [NET] 网络已恢复连通
[2026-07-12 13:54:21] [CAM] 摄像头捕获器已释放
[2026-07-12 13:54:21] [CAM] 摄像头未检测到，等待重连...
[2026-07-12 13:54:21] [CAM] 摄像头捕获器已释放
[2026-07-12 13:54:21] [CAM] 摄像头未检测到，等待重连...
[2026-07-12 13:54:22] [CAM] 摄像头捕获器已释放
[2026-07-12 13:54:22] [CAM] 摄像头未检测到，等待重连...
[2026-07-12 13:54:22] [CAM] 摄像头捕获器已释放
[2026-07-12 13:54:22] [CAM] 摄像头未检测到，等待重连...
[2026-07-12 13:54:23] [CAM] 摄像头捕获器已释放
[2026-07-12 13:54:23] [CAM] 摄像头未检测到，等待重连...
[2026-07-12 13:54:23] [CAM] 摄像头捕获器已释放
[2026-07-12 13:54:23] [CAM] 摄像头未检测到，等待重连...
[2026-07-12 13:54:24] [CAM] 摄像头捕获器已释放
[2026-07-12 13:54:24] [CAM] 摄像头未检测到，等待重连...
[2026-07-12 13:54:24] [CAM] 摄像头捕获器已释放
[2026-07-12 13:54:24] [CAM] 摄像头未检测到，等待重连...
[2026-07-12 13:54:25] [CAM] 摄像头捕获器已释放
[2026-07-12 13:54:25] [CAM] 摄像头未检测到，等待重连...
[2026-07-12 13:54:25] [CAM] 摄像头捕获器已释放
[2026-07-12 13:54:25] [CAM] 摄像头未检测到，等待重连...
[2026-07-12 13:54:26] [CAM] 摄像头捕获器已释放
[2026-07-12 13:54:26] [CAM] 摄像头未检测到，等待重连...
[2026-07-12 13:54:26] [CAM] 摄像头捕获器已释放
[2026-07-12 13:54:26] [CAM] 摄像头未检测到，等待重连...
[2026-07-12 13:54:27] [CAM] 摄像头捕获器已释放
[2026-07-12 13:54:27] [CAM] 摄像头未检测到，等待重连...
[2026-07-12 13:54:27] [INFO] 程序收到关闭信号，开始安全退出流程
[2026-07-12 13:54:27] [SENSOR] RS485采集线程已停止
[2026-07-12 13:54:27] [CAM] 摄像头捕获器已释放
[2026-07-12 13:54:27] [INFO] 摄像头采集线程正常退出
[2026-07-12 13:54:27] [INFO] 程序正常退出
[2026-07-12 13:54:27] [INFO] 程序结束，退出码:0
[2026-07-12 14:04:17] [INFO] ========== 幼儿园AI安全卫士程序启动 ==========
[2026-07-12 14:04:17] [INFO] 主程序窗口初始化完成
[2026-07-12 14:04:17] [SENSOR] RS485传感器采集线程已启动，串口：/dev/ttyUSB0
[2026-07-12 14:04:17] [INFO] AI环境模拟线程启动
[2026-07-12 14:04:17] [INFO] 摄像头采集线程启动
[2026-07-12 14:04:17] [CAM] 摄像头未检测到，等待重连...
[2026-07-12 14:04:17] [SENSOR] 开机未检测到温湿度传感器，延时播报
[2026-07-12 14:04:19] [NET] 网络已恢复连通
[2026-07-12 14:04:19] [MIC] 开机未检测到USB麦克风，延时播报
[2026-07-12 14:04:20] [CAM] 摄像头捕获器已释放
[2026-07-12 14:04:20] [CAM] 摄像头未检测到，等待重连...
[2026-07-12 14:04:20] [CAM] 摄像头捕获器已释放
[2026-07-12 14:04:20] [CAM] 摄像头未检测到，等待重连...
[2026-07-12 14:04:21] [CAM] 摄像头捕获器已释放
[2026-07-12 14:04:21] [CAM] 摄像头未检测到，等待重连...
[2026-07-12 14:04:21] [CAM] 摄像头捕获器已释放
[2026-07-12 14:04:21] [CAM] 摄像头未检测到，等待重连...
[2026-07-12 14:04:22] [CAM] 摄像头捕获器已释放
[2026-07-12 14:04:22] [CAM] 摄像头未检测到，等待重连...
[2026-07-12 14:04:22] [CAM] 摄像头捕获器已释放
[2026-07-12 14:04:22] [CAM] 摄像头未检测到，等待重连...
[2026-07-12 14:04:23] [CAM] 摄像头捕获器已释放
[2026-07-12 14:04:23] [CAM] 摄像头未检测到，等待重连...
[2026-07-12 14:04:23] [CAM] 摄像头捕获器已释放
[2026-07-12 14:04:23] [CAM] 摄像头未检测到，等待重连...
[2026-07-12 14:04:24] [CAM] 摄像头捕获器已释放
[2026-07-12 14:04:24] [CAM] 摄像头未检测到，等待重连...
[2026-07-12 14:04:24] [CAM] 摄像头捕获器已释放
[2026-07-12 14:04:24] [CAM] 摄像头未检测到，等待重连...
[2026-07-12 14:04:25] [CAM] 摄像头捕获器已释放
[2026-07-12 14:04:25] [CAM] 摄像头未检测到，等待重连...
[2026-07-12 14:04:25] [CAM] 摄像头捕获器已释放
[2026-07-12 14:04:25] [CAM] 摄像头未检测到，等待重连...
[2026-07-12 14:04:26] [CAM] 摄像头捕获器已释放
[2026-07-12 14:04:26] [CAM] 摄像头未检测到，等待重连...
[2026-07-12 14:04:26] [CAM] 摄像头捕获器已释放
[2026-07-12 14:04:26] [CAM] 摄像头未检测到，等待重连...
[2026-07-12 14:04:27] [CAM] 摄像头捕获器已释放
[2026-07-12 14:04:27] [CAM] 摄像头未检测到，等待重连...
[2026-07-12 14:04:27] [CAM] 摄像头捕获器已释放
[2026-07-12 14:04:27] [CAM] 摄像头未检测到，等待重连...
[2026-07-12 14:04:28] [CAM] 摄像头捕获器已释放
[2026-07-12 14:04:28] [CAM] 摄像头未检测到，等待重连...
[2026-07-12 14:04:28] [CAM] 摄像头捕获器已释放
[2026-07-12 14:04:28] [CAM] 摄像头未检测到，等待重连...
[2026-07-12 14:04:29] [CAM] 摄像头捕获器已释放
[2026-07-12 14:04:29] [CAM] 摄像头未检测到，等待重连...
[2026-07-12 14:04:29] [CAM] 摄像头捕获器已释放
[2026-07-12 14:04:29] [CAM] 摄像头未检测到，等待重连...
[2026-07-12 14:04:30] [CAM] 摄像头捕获器已释放
[2026-07-12 14:04:30] [CAM] 摄像头未检测到，等待重连...
[2026-07-12 14:04:30] [CAM] 摄像头捕获器已释放
[2026-07-12 14:04:30] [CAM] 摄像头未检测到，等待重连...
[2026-07-12 14:04:31] [CAM] 摄像头捕获器已释放
[2026-07-12 14:04:31] [CAM] 摄像头未检测到，等待重连...
[2026-07-12 14:04:31] [CAM] 摄像头捕获器已释放
[2026-07-12 14:04:31] [CAM] 摄像头未检测到，等待重连...
[2026-07-12 14:04:32] [CAM] 摄像头捕获器已释放
[2026-07-12 14:04:32] [CAM] 摄像头未检测到，等待重连...
[2026-07-12 14:04:32] [CAM] 摄像头捕获器已释放
[2026-07-12 14:04:32] [CAM] 摄像头未检测到，等待重连...
[2026-07-12 14:04:33] [CAM] 摄像头捕获器已释放
[2026-07-12 14:04:33] [CAM] 摄像头未检测到，等待重连...
[2026-07-12 14:04:33] [CAM] 摄像头捕获器已释放
[2026-07-12 14:04:33] [CAM] 摄像头未检测到，等待重连...
[2026-07-12 14:04:34] [CAM] 摄像头捕获器已释放
[2026-07-12 14:04:34] [CAM] 摄像头未检测到，等待重连...
[2026-07-12 14:04:34] [CAM] 摄像头捕获器已释放
[2026-07-12 14:04:34] [CAM] 摄像头未检测到，等待重连...
[2026-07-12 14:04:35] [CAM] 摄像头捕获器已释放
[2026-07-12 14:04:35] [CAM] 摄像头未检测到，等待重连...
[2026-07-12 14:04:35] [CAM] 摄像头捕获器已释放
[2026-07-12 14:04:35] [CAM] 摄像头未检测到，等待重连...
[2026-07-12 14:04:36] [CAM] 摄像头捕获器已释放
[2026-07-12 14:04:36] [CAM] 摄像头未检测到，等待重连...
[2026-07-12 14:04:36] [CAM] 摄像头捕获器已释放
[2026-07-12 14:04:36] [CAM] 摄像头未检测到，等待重连...
[2026-07-12 14:04:37] [CAM] 摄像头捕获器已释放
[2026-07-12 14:04:37] [CAM] 摄像头未检测到，等待重连...
[2026-07-12 14:04:37] [CAM] 摄像头捕获器已释放
[2026-07-12 14:04:37] [CAM] 摄像头未检测到，等待重连...
[2026-07-12 14:04:38] [CAM] 摄像头捕获器已释放
[2026-07-12 14:04:38] [CAM] 摄像头未检测到，等待重连...
[2026-07-12 14:04:38] [CAM] 摄像头捕获器已释放
[2026-07-12 14:04:38] [CAM] 摄像头未检测到，等待重连...
[2026-07-12 14:04:39] [CAM] 摄像头捕获器已释放
[2026-07-12 14:04:39] [CAM] 摄像头未检测到，等待重连...
[2026-07-12 14:04:39] [CAM] 摄像头捕获器已释放
[2026-07-12 14:04:39] [CAM] 摄像头未检测到，等待重连...
[2026-07-12 14:04:40] [CAM] 摄像头捕获器已释放
[2026-07-12 14:04:40] [CAM] 摄像头未检测到，等待重连...
[2026-07-12 14:04:40] [CAM] 摄像头捕获器已释放
[2026-07-12 14:04:40] [CAM] 摄像头未检测到，等待重连...
[2026-07-12 14:04:41] [CAM] 摄像头捕获器已释放
[2026-07-12 14:04:41] [CAM] 摄像头未检测到，等待重连...
[2026-07-12 14:04:41] [CAM] 摄像头捕获器已释放
[2026-07-12 14:04:41] [CAM] 摄像头未检测到，等待重连...
[2026-07-12 14:04:42] [CAM] 摄像头捕获器已释放
[2026-07-12 14:04:42] [CAM] 摄像头未检测到，等待重连...
[2026-07-12 14:04:42] [CAM] 摄像头捕获器已释放
[2026-07-12 14:04:42] [CAM] 摄像头未检测到，等待重连...
[2026-07-12 14:04:43] [CAM] 摄像头捕获器已释放
[2026-07-12 14:04:43] [CAM] 摄像头未检测到，等待重连...
[2026-07-12 14:04:43] [CAM] 摄像头捕获器已释放
[2026-07-12 14:04:43] [CAM] 摄像头未检测到，等待重连...
[2026-07-12 14:04:44] [CAM] 摄像头捕获器已释放
[2026-07-12 14:04:44] [CAM] 摄像头未检测到，等待重连...
[2026-07-12 14:04:44] [CAM] 摄像头捕获器已释放
[2026-07-12 14:04:44] [CAM] 摄像头未检测到，等待重连...
[2026-07-12 14:04:45] [CAM] 摄像头捕获器已释放
[2026-07-12 14:04:45] [CAM] 摄像头未检测到，等待重连...
[2026-07-12 14:04:45] [CAM] 摄像头捕获器已释放
[2026-07-12 14:04:45] [CAM] 摄像头未检测到，等待重连...
[2026-07-12 14:04:46] [CAM] 摄像头捕获器已释放
[2026-07-12 14:04:46] [CAM] 摄像头未检测到，等待重连...
[2026-07-12 14:04:46] [CAM] 摄像头捕获器已释放
[2026-07-12 14:04:46] [CAM] 摄像头未检测到，等待重连...
[2026-07-12 14:04:47] [CAM] 摄像头捕获器已释放
[2026-07-12 14:04:47] [CAM] 摄像头未检测到，等待重连...
[2026-07-12 14:04:47] [CAM] 摄像头捕获器已释放
[2026-07-12 14:04:47] [CAM] 摄像头未检测到，等待重连...
[2026-07-12 14:04:48] [CAM] 摄像头捕获器已释放
[2026-07-12 14:04:48] [CAM] 摄像头未检测到，等待重连...
[2026-07-12 14:04:48] [CAM] 摄像头捕获器已释放
[2026-07-12 14:04:48] [CAM] 摄像头未检测到，等待重连...
[2026-07-12 14:04:49] [CAM] 摄像头捕获器已释放
[2026-07-12 14:04:49] [CAM] 摄像头未检测到，等待重连...
[2026-07-12 14:04:49] [CAM] 摄像头捕获器已释放
[2026-07-12 14:04:49] [CAM] 摄像头未检测到，等待重连...
[2026-07-12 14:04:50] [CAM] 摄像头捕获器已释放
[2026-07-12 14:04:50] [CAM] 摄像头未检测到，等待重连...
[2026-07-12 14:04:50] [CAM] 摄像头捕获器已释放
[2026-07-12 14:04:50] [CAM] 摄像头未检测到，等待重连...
[2026-07-12 14:04:51] [CAM] 摄像头捕获器已释放
[2026-07-12 14:04:51] [CAM] 摄像头未检测到，等待重连...
[2026-07-12 14:04:51] [CAM] 摄像头捕获器已释放
[2026-07-12 14:04:51] [CAM] 摄像头未检测到，等待重连...
[2026-07-12 14:04:52] [CAM] 摄像头捕获器已释放
[2026-07-12 14:04:52] [CAM] 摄像头未检测到，等待重连...
[2026-07-12 14:04:52] [CAM] 摄像头捕获器已释放
[2026-07-12 14:04:52] [CAM] 摄像头未检测到，等待重连...
[2026-07-12 14:04:53] [CAM] 摄像头捕获器已释放
[2026-07-12 14:04:53] [CAM] 摄像头未检测到，等待重连...
[2026-07-12 14:04:53] [CAM] 摄像头捕获器已释放
[2026-07-12 14:04:53] [CAM] 摄像头未检测到，等待重连...
[2026-07-12 14:04:54] [CAM] 摄像头捕获器已释放
[2026-07-12 14:04:54] [CAM] 摄像头未检测到，等待重连...
[2026-07-12 14:04:54] [CAM] 摄像头捕获器已释放
[2026-07-12 14:04:54] [CAM] 摄像头未检测到，等待重连...
[2026-07-12 14:04:55] [CAM] 摄像头捕获器已释放
[2026-07-12 14:04:55] [CAM] 摄像头未检测到，等待重连...
[2026-07-12 14:04:55] [CAM] 摄像头捕获器已释放
[2026-07-12 14:04:55] [CAM] 摄像头未检测到，等待重连...
[2026-07-12 14:04:56] [CAM] 摄像头捕获器已释放
[2026-07-12 14:04:56] [CAM] 摄像头未检测到，等待重连...
[2026-07-12 14:04:56] [CAM] 摄像头捕获器已释放
[2026-07-12 14:04:56] [CAM] 摄像头未检测到，等待重连...
[2026-07-12 14:04:57] [CAM] 摄像头捕获器已释放
[2026-07-12 14:04:57] [CAM] 摄像头未检测到，等待重连...
[2026-07-12 14:04:57] [CAM] 摄像头捕获器已释放
[2026-07-12 14:04:57] [CAM] 摄像头未检测到，等待重连...
[2026-07-12 14:04:58] [CAM] 摄像头捕获器已释放
[2026-07-12 14:04:58] [CAM] 摄像头未检测到，等待重连...
[2026-07-12 14:04:58] [CAM] 摄像头捕获器已释放
[2026-07-12 14:04:58] [CAM] 摄像头未检测到，等待重连...
[2026-07-12 14:04:59] [CAM] 摄像头捕获器已释放
[2026-07-12 14:04:59] [CAM] 摄像头未检测到，等待重连...
[2026-07-12 14:04:59] [CAM] 摄像头捕获器已释放
[2026-07-12 14:04:59] [CAM] 摄像头未检测到，等待重连...
[2026-07-12 14:05:00] [CAM] 摄像头捕获器已释放
[2026-07-12 14:05:00] [CAM] 摄像头未检测到，等待重连...
[2026-07-12 14:05:00] [CAM] 摄像头捕获器已释放
[2026-07-12 14:05:00] [CAM] 摄像头未检测到，等待重连...
[2026-07-12 14:05:01] [CAM] 摄像头捕获器已释放
[2026-07-12 14:05:01] [CAM] 摄像头未检测到，等待重连...
[2026-07-12 14:05:01] [CAM] 摄像头捕获器已释放
[2026-07-12 14:05:01] [CAM] 摄像头未检测到，等待重连...
[2026-07-12 14:05:02] [CAM] 摄像头捕获器已释放
[2026-07-12 14:05:02] [CAM] 摄像头未检测到，等待重连...
[2026-07-12 14:05:02] [CAM] 摄像头捕获器已释放
[2026-07-12 14:05:02] [CAM] 摄像头未检测到，等待重连...
[2026-07-12 14:05:03] [CAM] 摄像头捕获器已释放
[2026-07-12 14:05:03] [CAM] 摄像头未检测到，等待重连...
[2026-07-12 14:05:03] [CAM] 摄像头捕获器已释放
[2026-07-12 14:05:03] [CAM] 摄像头未检测到，等待重连...
[2026-07-12 14:05:04] [CAM] 摄像头捕获器已释放
[2026-07-12 14:05:04] [CAM] 摄像头未检测到，等待重连...
[2026-07-12 14:05:04] [CAM] 摄像头捕获器已释放
[2026-07-12 14:05:04] [CAM] 摄像头未检测到，等待重连...
[2026-07-12 14:05:05] [CAM] 摄像头捕获器已释放
[2026-07-12 14:05:05] [CAM] 摄像头未检测到，等待重连...
[2026-07-12 14:05:05] [CAM] 摄像头捕获器已释放
[2026-07-12 14:05:05] [CAM] 摄像头未检测到，等待重连...
[2026-07-12 14:05:06] [CAM] 摄像头捕获器已释放
[2026-07-12 14:05:06] [CAM] 摄像头未检测到，等待重连...
[2026-07-12 14:05:06] [CAM] 摄像头捕获器已释放
[2026-07-12 14:05:06] [CAM] 摄像头未检测到，等待重连...
[2026-07-12 14:05:07] [CAM] 摄像头捕获器已释放
[2026-07-12 14:05:07] [CAM] 摄像头未检测到，等待重连...
[2026-07-12 14:05:07] [CAM] 摄像头捕获器已释放
[2026-07-12 14:05:07] [CAM] 摄像头未检测到，等待重连...
[2026-07-12 14:05:08] [CAM] 摄像头捕获器已释放
[2026-07-12 14:05:08] [CAM] 摄像头未检测到，等待重连...
[2026-07-12 14:05:08] [CAM] 摄像头捕获器已释放
[2026-07-12 14:05:08] [CAM] 摄像头未检测到，等待重连...
[2026-07-12 14:05:09] [CAM] 摄像头捕获器已释放
[2026-07-12 14:05:09] [CAM] 摄像头未检测到，等待重连...
[2026-07-12 14:05:09] [CAM] 摄像头捕获器已释放
[2026-07-12 14:05:09] [CAM] 摄像头未检测到，等待重连...
[2026-07-12 14:05:10] [CAM] 摄像头捕获器已释放
[2026-07-12 14:05:10] [CAM] 摄像头未检测到，等待重连...
[2026-07-12 14:05:10] [CAM] 摄像头捕获器已释放
[2026-07-12 14:05:10] [CAM] 摄像头未检测到，等待重连...
[2026-07-12 14:05:11] [CAM] 摄像头捕获器已释放
[2026-07-12 14:05:11] [CAM] 摄像头未检测到，等待重连...
[2026-07-12 14:05:11] [CAM] 摄像头捕获器已释放
[2026-07-12 14:05:11] [CAM] 摄像头未检测到，等待重连...
[2026-07-12 14:05:12] [CAM] 摄像头捕获器已释放
[2026-07-12 14:05:12] [CAM] 摄像头未检测到，等待重连...
[2026-07-12 14:05:12] [CAM] 摄像头捕获器已释放
[2026-07-12 14:05:12] [CAM] 摄像头未检测到，等待重连...
[2026-07-12 14:05:13] [CAM] 摄像头捕获器已释放
[2026-07-12 14:05:13] [CAM] 摄像头未检测到，等待重连...
[2026-07-12 14:05:13] [CAM] 摄像头捕获器已释放
[2026-07-12 14:05:13] [CAM] 摄像头未检测到，等待重连...
[2026-07-12 14:05:14] [CAM] 摄像头捕获器已释放
[2026-07-12 14:05:14] [CAM] 摄像头未检测到，等待重连...
[2026-07-12 14:05:14] [CAM] 摄像头捕获器已释放
[2026-07-12 14:05:14] [CAM] 摄像头未检测到，等待重连...
[2026-07-12 14:05:15] [CAM] 摄像头捕获器已释放
[2026-07-12 14:05:15] [CAM] 摄像头未检测到，等待重连...
[2026-07-12 14:05:15] [CAM] 摄像头捕获器已释放
[2026-07-12 14:05:15] [CAM] 摄像头未检测到，等待重连...
[2026-07-12 14:05:16] [CAM] 摄像头捕获器已释放
[2026-07-12 14:05:16] [CAM] 摄像头未检测到，等待重连...
[2026-07-12 14:05:16] [CAM] 摄像头捕获器已释放
[2026-07-12 14:05:16] [CAM] 摄像头未检测到，等待重连...
[2026-07-12 14:05:17] [CAM] 摄像头捕获器已释放
[2026-07-12 14:05:17] [CAM] 摄像头未检测到，等待重连...
[2026-07-12 14:05:17] [CAM] 摄像头捕获器已释放
[2026-07-12 14:05:17] [CAM] 摄像头未检测到，等待重连...
[2026-07-12 14:05:18] [CAM] 摄像头捕获器已释放
[2026-07-12 14:05:18] [CAM] 摄像头未检测到，等待重连...
[2026-07-12 14:05:18] [CAM] 摄像头捕获器已释放
[2026-07-12 14:05:18] [CAM] 摄像头未检测到，等待重连...
[2026-07-12 14:05:19] [CAM] 摄像头捕获器已释放
[2026-07-12 14:05:19] [CAM] 摄像头未检测到，等待重连...
[2026-07-12 14:05:19] [CAM] 摄像头捕获器已释放
[2026-07-12 14:05:19] [CAM] 摄像头未检测到，等待重连...
[2026-07-12 14:05:20] [CAM] 摄像头捕获器已释放
[2026-07-12 14:05:20] [CAM] 摄像头未检测到，等待重连...
[2026-07-12 14:05:20] [CAM] 摄像头捕获器已释放
[2026-07-12 14:05:20] [CAM] 摄像头未检测到，等待重连...
[2026-07-12 14:05:21] [CAM] 摄像头捕获器已释放
[2026-07-12 14:05:21] [CAM] 摄像头未检测到，等待重连...
[2026-07-12 14:05:21] [CAM] 摄像头捕获器已释放
[2026-07-12 14:05:21] [CAM] 摄像头未检测到，等待重连...
[2026-07-12 14:05:22] [CAM] 摄像头捕获器已释放
[2026-07-12 14:05:22] [CAM] 摄像头未检测到，等待重连...
[2026-07-12 14:05:22] [CAM] 摄像头捕获器已释放
[2026-07-12 14:05:22] [CAM] 摄像头未检测到，等待重连...
[2026-07-12 14:05:23] [CAM] 摄像头捕获器已释放
[2026-07-12 14:05:23] [CAM] 摄像头未检测到，等待重连...
[2026-07-12 14:05:23] [CAM] 摄像头捕获器已释放
[2026-07-12 14:05:23] [CAM] 摄像头未检测到，等待重连...
[2026-07-12 14:05:24] [CAM] 摄像头捕获器已释放
[2026-07-12 14:05:24] [CAM] 摄像头未检测到，等待重连...
[2026-07-12 14:05:24] [CAM] 摄像头捕获器已释放
[2026-07-12 14:05:24] [CAM] 摄像头未检测到，等待重连...
[2026-07-12 14:05:25] [CAM] 摄像头捕获器已释放
[2026-07-12 14:05:25] [CAM] 摄像头未检测到，等待重连...
[2026-07-12 14:05:25] [CAM] 摄像头捕获器已释放
[2026-07-12 14:05:25] [CAM] 摄像头未检测到，等待重连...
[2026-07-12 14:05:26] [CAM] 摄像头捕获器已释放
[2026-07-12 14:05:26] [CAM] 摄像头未检测到，等待重连...
[2026-07-12 14:05:26] [CAM] 摄像头捕获器已释放
[2026-07-12 14:05:26] [CAM] 摄像头未检测到，等待重连...
[2026-07-12 14:05:27] [CAM] 摄像头捕获器已释放
[2026-07-12 14:05:27] [CAM] 摄像头未检测到，等待重连...
[2026-07-12 14:05:27] [CAM] 摄像头捕获器已释放
[2026-07-12 14:05:27] [CAM] 摄像头未检测到，等待重连...
[2026-07-12 14:05:28] [CAM] 摄像头捕获器已释放
[2026-07-12 14:05:28] [CAM] 摄像头未检测到，等待重连...
[2026-07-12 14:05:28] [CAM] 摄像头捕获器已释放
[2026-07-12 14:05:28] [CAM] 摄像头未检测到，等待重连...
[2026-07-12 14:05:29] [CAM] 摄像头捕获器已释放
[2026-07-12 14:05:29] [CAM] 摄像头未检测到，等待重连...
[2026-07-12 14:05:29] [CAM] 摄像头捕获器已释放
[2026-07-12 14:05:29] [CAM] 摄像头未检测到，等待重连...
[2026-07-12 14:05:30] [CAM] 摄像头捕获器已释放
[2026-07-12 14:05:30] [CAM] 摄像头未检测到，等待重连...
[2026-07-12 14:05:30] [CAM] 摄像头捕获器已释放
[2026-07-12 14:05:30] [CAM] 摄像头未检测到，等待重连...
[2026-07-12 14:05:31] [CAM] 摄像头捕获器已释放
[2026-07-12 14:05:31] [CAM] 摄像头未检测到，等待重连...
[2026-07-12 14:05:31] [CAM] 摄像头捕获器已释放
[2026-07-12 14:05:31] [CAM] 摄像头未检测到，等待重连...
[2026-07-12 14:05:32] [CAM] 摄像头捕获器已释放
[2026-07-12 14:05:32] [CAM] 摄像头未检测到，等待重连...
[2026-07-12 14:05:32] [CAM] 摄像头捕获器已释放
[2026-07-12 14:05:32] [CAM] 摄像头未检测到，等待重连...
[2026-07-12 14:05:33] [CAM] 摄像头捕获器已释放
[2026-07-12 14:05:33] [CAM] 摄像头未检测到，等待重连...
[2026-07-12 14:05:33] [CAM] 摄像头捕获器已释放
[2026-07-12 14:05:33] [CAM] 摄像头未检测到，等待重连...
[2026-07-12 14:05:34] [CAM] 摄像头捕获器已释放
[2026-07-12 14:05:34] [CAM] 摄像头未检测到，等待重连...
[2026-07-12 14:05:34] [CAM] 摄像头捕获器已释放
[2026-07-12 14:05:34] [CAM] 摄像头未检测到，等待重连...
[2026-07-12 14:05:35] [CAM] 摄像头捕获器已释放
[2026-07-12 14:05:35] [CAM] 摄像头未检测到，等待重连...
[2026-07-12 14:05:35] [CAM] 摄像头捕获器已释放
[2026-07-12 14:05:35] [CAM] 摄像头未检测到，等待重连...
[2026-07-12 14:05:36] [CAM] 摄像头捕获器已释放
[2026-07-12 14:05:36] [CAM] 摄像头未检测到，等待重连...
[2026-07-12 14:05:36] [CAM] 摄像头捕获器已释放
[2026-07-12 14:05:36] [CAM] 摄像头未检测到，等待重连...
[2026-07-12 14:05:37] [CAM] 摄像头捕获器已释放
[2026-07-12 14:05:37] [CAM] 摄像头未检测到，等待重连...
[2026-07-12 14:05:37] [CAM] 摄像头捕获器已释放
[2026-07-12 14:05:37] [CAM] 摄像头未检测到，等待重连...
[2026-07-12 14:05:38] [CAM] 摄像头捕获器已释放
[2026-07-12 14:05:38] [CAM] 摄像头未检测到，等待重连...
[2026-07-12 14:05:38] [CAM] 摄像头捕获器已释放
[2026-07-12 14:05:38] [CAM] 摄像头未检测到，等待重连...
[2026-07-12 14:05:39] [CAM] 摄像头捕获器已释放
[2026-07-12 14:05:39] [CAM] 摄像头未检测到，等待重连...
[2026-07-12 14:05:39] [CAM] 摄像头捕获器已释放
[2026-07-12 14:05:39] [CAM] 摄像头未检测到，等待重连...
[2026-07-12 14:05:40] [CAM] 摄像头捕获器已释放
[2026-07-12 14:05:40] [CAM] 摄像头未检测到，等待重连...
[2026-07-12 14:05:40] [CAM] 摄像头捕获器已释放
[2026-07-12 14:05:40] [CAM] 摄像头未检测到，等待重连...
[2026-07-12 14:05:41] [CAM] 摄像头捕获器已释放
[2026-07-12 14:05:41] [CAM] 摄像头未检测到，等待重连...
[2026-07-12 14:05:41] [CAM] 摄像头捕获器已释放
[2026-07-12 14:05:41] [CAM] 摄像头未检测到，等待重连...
[2026-07-12 14:05:42] [INFO] 程序收到关闭信号，开始安全退出流程
[2026-07-12 14:05:42] [CAM] 摄像头捕获器已释放
[2026-07-12 14:05:42] [CAM] 摄像头未检测到，等待重连...
[2026-07-12 14:05:42] [CAM] 摄像头捕获器已释放
[2026-07-12 14:05:42] [CAM] 摄像头未检测到，等待重连...
[2026-07-12 14:05:43] [SENSOR] RS485采集线程已停止
[2026-07-12 14:05:43] [CAM] 摄像头捕获器已释放
[2026-07-12 14:05:43] [INFO] 摄像头采集线程正常退出
[2026-07-12 14:05:43] [INFO] 程序正常退出
[2026-07-12 14:05:43] [INFO] 程序结束，退出码:0
[2026-07-12 14:05:47] [INFO] ========== 幼儿园AI安全卫士程序启动 ==========
[2026-07-12 14:05:48] [INFO] 主程序窗口初始化完成
[2026-07-12 14:05:48] [SENSOR] RS485传感器采集线程已启动，串口：/dev/ttyUSB0
[2026-07-12 14:05:48] [INFO] AI环境模拟线程启动
[2026-07-12 14:05:48] [INFO] 摄像头采集线程启动
[2026-07-12 14:05:48] [CAM] 摄像头未检测到，等待重连...
[2026-07-12 14:05:48] [SENSOR] 开机未检测到温湿度传感器，延时播报
[2026-07-12 14:07:09] [INFO] ========== 幼儿园AI安全卫士程序启动 ==========
[2026-07-12 14:07:09] [INFO] 主程序窗口初始化完成
[2026-07-12 14:07:09] [SENSOR] RS485传感器采集线程已启动，串口：/dev/ttyUSB0
[2026-07-12 14:07:09] [INFO] AI环境模拟线程启动
[2026-07-12 14:07:09] [INFO] 摄像头采集线程启动
[2026-07-12 14:07:09] [CAM] 摄像头未检测到，等待重连...
[2026-07-12 14:07:09] [SENSOR] 开机未检测到温湿度传感器，延时播报
[2026-07-12 14:07:58] [INFO] ========== 幼儿园AI安全卫士程序启动 ==========
[2026-07-12 14:07:58] [INFO] 主程序窗口初始化完成
[2026-07-12 14:07:58] [SENSOR] RS485传感器采集线程已启动，串口：/dev/ttyUSB0
[2026-07-12 14:07:58] [INFO] AI环境模拟线程启动
[2026-07-12 14:07:58] [INFO] 摄像头采集线程启动
[2026-07-12 14:07:58] [CAM] 摄像头未检测到，等待重连...
[2026-07-12 14:07:58] [SENSOR] 开机未检测到温湿度传感器，延时播报
[2026-07-12 14:09:32] [INFO] ========== 幼儿园AI安全卫士程序启动 ==========
[2026-07-12 14:09:32] [INFO] 主程序窗口初始化完成
[2026-07-12 14:09:32] [SENSOR] RS485传感器采集线程已启动，串口：/dev/ttyUSB0
[2026-07-12 14:09:33] [INFO] AI环境模拟线程启动
[2026-07-12 14:09:33] [INFO] 摄像头采集线程启动
[2026-07-12 14:09:33] [CAM] 摄像头未检测到，等待重连...
[2026-07-12 14:09:33] [SENSOR] 开机未检测到温湿度传感器，延时播报
[2026-07-12 14:09:35] [CAM] 摄像头捕获器已释放
[2026-07-12 14:09:35] [CAM] 摄像头未检测到，等待重连...
[2026-07-12 14:09:36] [CAM] 摄像头捕获器已释放
[2026-07-12 14:09:36] [CAM] 摄像头未检测到，等待重连...
[2026-07-12 14:09:36] [MIC] 开机未检测到USB麦克风，延时播报
[2026-07-12 14:09:36] [CAM] 摄像头捕获器已释放
[2026-07-12 14:09:36] [CAM] 摄像头未检测到，等待重连...
[2026-07-12 14:09:37] [CAM] 摄像头捕获器已释放
[2026-07-12 14:09:37] [CAM] 摄像头未检测到，等待重连...
[2026-07-12 14:09:37] [NET] 网络已恢复连通
[2026-07-12 14:09:37] [CAM] 摄像头捕获器已释放
[2026-07-12 14:09:37] [CAM] 摄像头未检测到，等待重连...
[2026-07-12 14:09:38] [CAM] 摄像头捕获器已释放
[2026-07-12 14:09:38] [CAM] 摄像头未检测到，等待重连...
[2026-07-12 14:09:38] [CAM] 摄像头捕获器已释放
[2026-07-12 14:09:38] [CAM] 摄像头未检测到，等待重连...
[2026-07-12 14:09:39] [CAM] 摄像头捕获器已释放
[2026-07-12 14:09:39] [CAM] 摄像头未检测到，等待重连...
[2026-07-12 14:09:39] [CAM] 摄像头捕获器已释放
[2026-07-12 14:09:39] [CAM] 摄像头未检测到，等待重连...
[2026-07-12 14:09:40] [CAM] 摄像头捕获器已释放
[2026-07-12 14:09:40] [CAM] 摄像头未检测到，等待重连...
[2026-07-12 14:09:40] [CAM] 摄像头捕获器已释放
[2026-07-12 14:09:40] [CAM] 摄像头未检测到，等待重连...
[2026-07-12 14:09:41] [CAM] 摄像头捕获器已释放
[2026-07-12 14:09:41] [CAM] 摄像头未检测到，等待重连...
[2026-07-12 14:09:41] [CAM] 摄像头捕获器已释放
[2026-07-12 14:09:41] [CAM] 摄像头未检测到，等待重连...
[2026-07-12 14:09:42] [CAM] 摄像头捕获器已释放
[2026-07-12 14:09:42] [CAM] 摄像头未检测到，等待重连...
[2026-07-12 14:09:42] [CAM] 摄像头捕获器已释放
[2026-07-12 14:09:42] [CAM] 摄像头未检测到，等待重连...
[2026-07-12 14:09:43] [CAM] 摄像头捕获器已释放
[2026-07-12 14:09:43] [CAM] 摄像头未检测到，等待重连...
[2026-07-12 14:09:43] [CAM] 摄像头捕获器已释放
[2026-07-12 14:09:43] [CAM] 摄像头未检测到，等待重连...
[2026-07-12 14:09:44] [CAM] 摄像头捕获器已释放
[2026-07-12 14:09:44] [CAM] 摄像头未检测到，等待重连...
[2026-07-12 14:09:44] [CAM] 摄像头捕获器已释放
[2026-07-12 14:09:44] [CAM] 摄像头未检测到，等待重连...
[2026-07-12 14:09:45] [CAM] 摄像头捕获器已释放
[2026-07-12 14:09:45] [CAM] 摄像头未检测到，等待重连...
[2026-07-12 14:09:45] [CAM] 摄像头捕获器已释放
[2026-07-12 14:09:45] [CAM] 摄像头未检测到，等待重连...
[2026-07-12 14:09:46] [CAM] 摄像头捕获器已释放
[2026-07-12 14:09:46] [CAM] 摄像头未检测到，等待重连...
[2026-07-12 14:09:46] [CAM] 摄像头捕获器已释放
[2026-07-12 14:09:46] [CAM] 摄像头未检测到，等待重连...
[2026-07-12 14:09:47] [CAM] 摄像头捕获器已释放
[2026-07-12 14:09:47] [CAM] 摄像头未检测到，等待重连...
[2026-07-12 14:09:47] [CAM] 摄像头捕获器已释放
[2026-07-12 14:09:47] [CAM] 摄像头未检测到，等待重连...
[2026-07-12 14:09:48] [CAM] 摄像头捕获器已释放
[2026-07-12 14:09:48] [CAM] 摄像头未检测到，等待重连...
[2026-07-12 14:09:48] [CAM] 摄像头捕获器已释放
[2026-07-12 14:09:48] [CAM] 摄像头未检测到，等待重连...
[2026-07-12 14:09:49] [CAM] 摄像头捕获器已释放
[2026-07-12 14:09:49] [CAM] 摄像头未检测到，等待重连...
[2026-07-12 14:09:49] [CAM] 摄像头捕获器已释放
[2026-07-12 14:09:49] [CAM] 摄像头未检测到，等待重连...
[2026-07-12 14:09:50] [CAM] 摄像头捕获器已释放
[2026-07-12 14:09:50] [CAM] 摄像头未检测到，等待重连...
[2026-07-12 14:09:50] [CAM] 摄像头捕获器已释放
[2026-07-12 14:09:50] [CAM] 摄像头未检测到，等待重连...
[2026-07-12 14:09:51] [CAM] 摄像头捕获器已释放
[2026-07-12 14:09:51] [CAM] 摄像头未检测到，等待重连...
[2026-07-12 14:09:51] [CAM] 摄像头捕获器已释放
[2026-07-12 14:09:51] [CAM] 摄像头未检测到，等待重连...
[2026-07-12 14:09:52] [CAM] 摄像头捕获器已释放
[2026-07-12 14:09:52] [CAM] 摄像头未检测到，等待重连...
[2026-07-12 14:09:52] [CAM] 摄像头捕获器已释放
[2026-07-12 14:09:52] [CAM] 摄像头未检测到，等待重连...
[2026-07-12 14:09:53] [CAM] 摄像头捕获器已释放
[2026-07-12 14:09:53] [CAM] 摄像头未检测到，等待重连...
[2026-07-12 14:09:53] [CAM] 摄像头捕获器已释放
[2026-07-12 14:09:53] [CAM] 摄像头未检测到，等待重连...
[2026-07-12 14:09:54] [CAM] 摄像头捕获器已释放
[2026-07-12 14:09:54] [CAM] 摄像头未检测到，等待重连...
[2026-07-12 14:09:54] [CAM] 摄像头捕获器已释放
[2026-07-12 14:09:54] [CAM] 摄像头未检测到，等待重连...
[2026-07-12 14:09:55] [CAM] 摄像头捕获器已释放
[2026-07-12 14:09:55] [CAM] 摄像头未检测到，等待重连...
[2026-07-12 14:09:55] [CAM] 摄像头捕获器已释放
[2026-07-12 14:09:55] [CAM] 摄像头未检测到，等待重连...
[2026-07-12 14:09:56] [CAM] 摄像头捕获器已释放
[2026-07-12 14:09:56] [CAM] 摄像头未检测到，等待重连...
[2026-07-12 14:09:56] [CAM] 摄像头捕获器已释放
[2026-07-12 14:09:56] [CAM] 摄像头未检测到，等待重连...
[2026-07-12 14:09:57] [CAM] 摄像头捕获器已释放
[2026-07-12 14:09:57] [CAM] 摄像头未检测到，等待重连...
[2026-07-12 14:09:57] [CAM] 摄像头捕获器已释放
[2026-07-12 14:09:57] [CAM] 摄像头未检测到，等待重连...
[2026-07-12 14:09:58] [CAM] 摄像头捕获器已释放
[2026-07-12 14:09:58] [CAM] 摄像头未检测到，等待重连...
[2026-07-12 14:09:58] [CAM] 摄像头捕获器已释放
[2026-07-12 14:09:58] [CAM] 摄像头未检测到，等待重连...
[2026-07-12 14:09:59] [CAM] 摄像头捕获器已释放
[2026-07-12 14:09:59] [CAM] 摄像头未检测到，等待重连...
[2026-07-12 14:09:59] [CAM] 摄像头捕获器已释放
[2026-07-12 14:09:59] [CAM] 摄像头未检测到，等待重连...
[2026-07-12 14:10:00] [CAM] 摄像头捕获器已释放
[2026-07-12 14:10:00] [CAM] 摄像头未检测到，等待重连...
[2026-07-12 14:10:00] [CAM] 摄像头捕获器已释放
[2026-07-12 14:10:00] [CAM] 摄像头未检测到，等待重连...
[2026-07-12 14:10:01] [CAM] 摄像头捕获器已释放
[2026-07-12 14:10:01] [CAM] 摄像头未检测到，等待重连...
[2026-07-12 14:10:01] [CAM] 摄像头捕获器已释放
[2026-07-12 14:10:01] [CAM] 摄像头未检测到，等待重连...
[2026-07-12 14:10:02] [CAM] 摄像头捕获器已释放
[2026-07-12 14:10:02] [CAM] 摄像头未检测到，等待重连...
[2026-07-12 14:10:02] [CAM] 摄像头捕获器已释放
[2026-07-12 14:10:02] [CAM] 摄像头未检测到，等待重连...
[2026-07-12 14:10:03] [CAM] 摄像头捕获器已释放
[2026-07-12 14:10:03] [CAM] 摄像头未检测到，等待重连...
[2026-07-12 14:10:03] [CAM] 摄像头捕获器已释放
[2026-07-12 14:10:03] [CAM] 摄像头未检测到，等待重连...
[2026-07-12 14:10:04] [ERROR] 网络断开，无法访问外网
[2026-07-12 14:10:04] [CAM] 摄像头捕获器已释放
[2026-07-12 14:10:04] [CAM] 摄像头未检测到，等待重连...
[2026-07-12 14:10:04] [CAM] 摄像头捕获器已释放
[2026-07-12 14:10:04] [CAM] 摄像头未检测到，等待重连...
[2026-07-12 14:10:05] [CAM] 摄像头捕获器已释放
[2026-07-12 14:10:05] [CAM] 摄像头未检测到，等待重连...
[2026-07-12 14:10:05] [NET] 网络已恢复连通
[2026-07-12 14:10:05] [CAM] 摄像头捕获器已释放
[2026-07-12 14:10:05] [CAM] 摄像头未检测到，等待重连...
[2026-07-12 14:10:06] [CAM] 摄像头捕获器已释放
[2026-07-12 14:10:06] [CAM] 摄像头未检测到，等待重连...
[2026-07-12 14:10:06] [CAM] 摄像头捕获器已释放
[2026-07-12 14:10:06] [CAM] 摄像头未检测到，等待重连...
[2026-07-12 14:10:07] [CAM] 摄像头捕获器已释放
[2026-07-12 14:10:07] [CAM] 摄像头未检测到，等待重连...
[2026-07-12 14:10:07] [CAM] 摄像头捕获器已释放
[2026-07-12 14:10:07] [CAM] 摄像头未检测到，等待重连...
[2026-07-12 14:10:08] [CAM] 摄像头捕获器已释放
[2026-07-12 14:10:08] [CAM] 摄像头未检测到，等待重连...
[2026-07-12 14:10:08] [CAM] 摄像头捕获器已释放
[2026-07-12 14:10:08] [CAM] 摄像头未检测到，等待重连...
[2026-07-12 14:10:09] [CAM] 摄像头捕获器已释放
[2026-07-12 14:10:09] [CAM] 摄像头未检测到，等待重连...
[2026-07-12 14:10:09] [CAM] 摄像头捕获器已释放
[2026-07-12 14:10:09] [CAM] 摄像头未检测到，等待重连...
[2026-07-12 14:10:10] [CAM] 摄像头捕获器已释放
[2026-07-12 14:10:10] [CAM] 摄像头未检测到，等待重连...
[2026-07-12 14:10:10] [CAM] 摄像头捕获器已释放
[2026-07-12 14:10:10] [CAM] 摄像头未检测到，等待重连...
[2026-07-12 14:10:11] [CAM] 摄像头捕获器已释放
[2026-07-12 14:10:11] [CAM] 摄像头未检测到，等待重连...
[2026-07-12 14:10:11] [CAM] 摄像头捕获器已释放
[2026-07-12 14:10:11] [CAM] 摄像头未检测到，等待重连...
[2026-07-12 14:10:12] [CAM] 摄像头捕获器已释放
[2026-07-12 14:10:12] [CAM] 摄像头未检测到，等待重连...
[2026-07-12 14:10:12] [CAM] 摄像头捕获器已释放
[2026-07-12 14:10:12] [CAM] 摄像头未检测到，等待重连...
[2026-07-12 14:10:13] [CAM] 摄像头捕获器已释放
[2026-07-12 14:10:13] [CAM] 摄像头未检测到，等待重连...
[2026-07-12 14:10:13] [CAM] 摄像头捕获器已释放
[2026-07-12 14:10:13] [CAM] 摄像头未检测到，等待重连...
[2026-07-12 14:10:14] [CAM] 摄像头捕获器已释放
[2026-07-12 14:10:14] [CAM] 摄像头未检测到，等待重连...
[2026-07-12 14:10:14] [CAM] 摄像头捕获器已释放
[2026-07-12 14:10:14] [CAM] 摄像头未检测到，等待重连...
[2026-07-12 14:10:15] [CAM] 摄像头捕获器已释放
[2026-07-12 14:10:15] [CAM] 摄像头未检测到，等待重连...
[2026-07-12 14:10:15] [CAM] 摄像头捕获器已释放
[2026-07-12 14:10:15] [CAM] 摄像头未检测到，等待重连...
[2026-07-12 14:10:16] [CAM] 摄像头捕获器已释放
[2026-07-12 14:10:16] [CAM] 摄像头未检测到，等待重连...
[2026-07-12 14:10:16] [CAM] 摄像头捕获器已释放
[2026-07-12 14:10:16] [CAM] 摄像头未检测到，等待重连...
[2026-07-12 14:10:17] [CAM] 摄像头捕获器已释放
[2026-07-12 14:10:17] [CAM] 摄像头未检测到，等待重连...
[2026-07-12 14:10:17] [CAM] 摄像头捕获器已释放
[2026-07-12 14:10:17] [CAM] 摄像头未检测到，等待重连...
[2026-07-12 14:10:18] [CAM] 摄像头捕获器已释放
[2026-07-12 14:10:18] [CAM] 摄像头未检测到，等待重连...
[2026-07-12 14:10:18] [CAM] 摄像头捕获器已释放
[2026-07-12 14:10:18] [CAM] 摄像头未检测到，等待重连...
[2026-07-12 14:10:19] [CAM] 摄像头捕获器已释放
[2026-07-12 14:10:19] [CAM] 摄像头未检测到，等待重连...
[2026-07-12 14:10:19] [CAM] 摄像头捕获器已释放
[2026-07-12 14:10:19] [CAM] 摄像头未检测到，等待重连...
[2026-07-12 14:10:20] [CAM] 摄像头捕获器已释放
[2026-07-12 14:10:20] [CAM] 摄像头未检测到，等待重连...
[2026-07-12 14:10:20] [CAM] 摄像头捕获器已释放
[2026-07-12 14:10:20] [CAM] 摄像头未检测到，等待重连...
[2026-07-12 14:10:21] [CAM] 摄像头捕获器已释放
[2026-07-12 14:10:21] [CAM] 摄像头未检测到，等待重连...
[2026-07-12 14:10:21] [CAM] 摄像头捕获器已释放
[2026-07-12 14:10:21] [CAM] 摄像头未检测到，等待重连...
[2026-07-12 14:10:22] [CAM] 摄像头捕获器已释放
[2026-07-12 14:10:22] [CAM] 摄像头未检测到，等待重连...
[2026-07-12 14:10:22] [CAM] 摄像头捕获器已释放
[2026-07-12 14:10:22] [CAM] 摄像头未检测到，等待重连...
[2026-07-12 14:10:23] [CAM] 摄像头捕获器已释放
[2026-07-12 14:10:23] [CAM] 摄像头未检测到，等待重连...
[2026-07-12 14:10:23] [CAM] 摄像头捕获器已释放
[2026-07-12 14:10:23] [CAM] 摄像头未检测到，等待重连...
[2026-07-12 14:10:24] [CAM] 摄像头捕获器已释放
[2026-07-12 14:10:24] [CAM] 摄像头未检测到，等待重连...
[2026-07-12 14:10:24] [CAM] 摄像头捕获器已释放
[2026-07-12 14:10:24] [CAM] 摄像头未检测到，等待重连...
[2026-07-12 14:10:25] [CAM] 摄像头捕获器已释放
[2026-07-12 14:10:25] [CAM] 摄像头未检测到，等待重连...
[2026-07-12 14:10:25] [CAM] 摄像头捕获器已释放
[2026-07-12 14:10:25] [CAM] 摄像头未检测到，等待重连...
[2026-07-12 14:10:26] [CAM] 摄像头捕获器已释放
[2026-07-12 14:10:26] [CAM] 摄像头未检测到，等待重连...
[2026-07-12 14:10:26] [CAM] 摄像头捕获器已释放
[2026-07-12 14:10:26] [CAM] 摄像头未检测到，等待重连...
[2026-07-12 14:10:27] [CAM] 摄像头捕获器已释放
[2026-07-12 14:10:27] [CAM] 摄像头未检测到，等待重连...
[2026-07-12 14:10:27] [CAM] 摄像头捕获器已释放
[2026-07-12 14:10:27] [CAM] 摄像头未检测到，等待重连...
[2026-07-12 14:10:28] [CAM] 摄像头捕获器已释放
[2026-07-12 14:10:28] [CAM] 摄像头未检测到，等待重连...
[2026-07-12 14:10:28] [CAM] 摄像头捕获器已释放
[2026-07-12 14:10:28] [CAM] 摄像头未检测到，等待重连...
[2026-07-12 14:10:29] [CAM] 摄像头捕获器已释放
[2026-07-12 14:10:29] [CAM] 摄像头未检测到，等待重连...
[2026-07-12 14:10:29] [CAM] 摄像头捕获器已释放
[2026-07-12 14:10:29] [CAM] 摄像头未检测到，等待重连...
[2026-07-12 14:10:30] [CAM] 摄像头捕获器已释放
[2026-07-12 14:10:30] [CAM] 摄像头未检测到，等待重连...
[2026-07-12 14:10:30] [CAM] 摄像头捕获器已释放
[2026-07-12 14:10:30] [CAM] 摄像头未检测到，等待重连...
[2026-07-12 14:10:31] [CAM] 摄像头捕获器已释放
[2026-07-12 14:10:31] [CAM] 摄像头未检测到，等待重连...
[2026-07-12 14:10:31] [CAM] 摄像头捕获器已释放
[2026-07-12 14:10:31] [CAM] 摄像头未检测到，等待重连...
[2026-07-12 14:10:32] [CAM] 摄像头捕获器已释放
[2026-07-12 14:10:32] [CAM] 摄像头未检测到，等待重连...
[2026-07-12 14:10:32] [CAM] 摄像头捕获器已释放
[2026-07-12 14:10:32] [CAM] 摄像头未检测到，等待重连...
[2026-07-12 14:10:33] [CAM] 摄像头捕获器已释放
[2026-07-12 14:10:33] [CAM] 摄像头未检测到，等待重连...
[2026-07-12 14:10:33] [CAM] 摄像头捕获器已释放
[2026-07-12 14:10:33] [CAM] 摄像头未检测到，等待重连...
[2026-07-12 14:10:34] [CAM] 摄像头捕获器已释放
[2026-07-12 14:10:34] [CAM] 摄像头未检测到，等待重连...
[2026-07-12 14:10:34] [CAM] 摄像头捕获器已释放
[2026-07-12 14:10:34] [CAM] 摄像头未检测到，等待重连...
[2026-07-12 14:10:35] [CAM] 摄像头捕获器已释放
[2026-07-12 14:10:35] [CAM] 摄像头未检测到，等待重连...
[2026-07-12 14:10:35] [CAM] 摄像头捕获器已释放
[2026-07-12 14:10:35] [CAM] 摄像头未检测到，等待重连...
[2026-07-12 14:10:36] [CAM] 摄像头捕获器已释放
[2026-07-12 14:10:36] [CAM] 摄像头未检测到，等待重连...
[2026-07-12 14:10:36] [CAM] 摄像头捕获器已释放
[2026-07-12 14:10:36] [CAM] 摄像头未检测到，等待重连...
[2026-07-12 14:10:37] [CAM] 摄像头捕获器已释放
[2026-07-12 14:10:37] [CAM] 摄像头未检测到，等待重连...
[2026-07-12 14:10:37] [CAM] 摄像头捕获器已释放
[2026-07-12 14:10:37] [CAM] 摄像头未检测到，等待重连...
[2026-07-12 14:10:38] [CAM] 摄像头捕获器已释放
[2026-07-12 14:10:38] [CAM] 摄像头未检测到，等待重连...
[2026-07-12 14:10:38] [CAM] 摄像头捕获器已释放
[2026-07-12 14:10:38] [CAM] 摄像头未检测到，等待重连...
[2026-07-12 14:10:39] [CAM] 摄像头捕获器已释放
[2026-07-12 14:10:39] [CAM] 摄像头未检测到，等待重连...
[2026-07-12 14:10:39] [CAM] 摄像头捕获器已释放
[2026-07-12 14:10:39] [CAM] 摄像头未检测到，等待重连...
[2026-07-12 14:10:40] [CAM] 摄像头捕获器已释放
[2026-07-12 14:10:40] [CAM] 摄像头未检测到，等待重连...
[2026-07-12 14:10:40] [CAM] 摄像头捕获器已释放
[2026-07-12 14:10:40] [CAM] 摄像头未检测到，等待重连...
[2026-07-12 14:10:41] [CAM] 摄像头捕获器已释放
[2026-07-12 14:10:41] [CAM] 摄像头未检测到，等待重连...
[2026-07-12 14:10:41] [CAM] 摄像头捕获器已释放
[2026-07-12 14:10:41] [CAM] 摄像头未检测到，等待重连...
[2026-07-12 14:10:42] [CAM] 摄像头捕获器已释放
[2026-07-12 14:10:42] [CAM] 摄像头未检测到，等待重连...
[2026-07-12 14:10:42] [CAM] 摄像头捕获器已释放
[2026-07-12 14:10:42] [CAM] 摄像头未检测到，等待重连...
[2026-07-12 14:10:43] [CAM] 摄像头捕获器已释放
[2026-07-12 14:10:43] [CAM] 摄像头未检测到，等待重连...
[2026-07-12 14:10:43] [CAM] 摄像头捕获器已释放
[2026-07-12 14:10:43] [CAM] 摄像头未检测到，等待重连...
[2026-07-12 14:10:44] [CAM] 摄像头捕获器已释放
[2026-07-12 14:10:44] [CAM] 摄像头未检测到，等待重连...
[2026-07-12 14:10:44] [CAM] 摄像头捕获器已释放
[2026-07-12 14:10:44] [CAM] 摄像头未检测到，等待重连...
[2026-07-12 14:10:45] [CAM] 摄像头捕获器已释放
[2026-07-12 14:10:45] [CAM] 摄像头未检测到，等待重连...
[2026-07-12 14:10:45] [CAM] 摄像头捕获器已释放
[2026-07-12 14:10:45] [CAM] 摄像头未检测到，等待重连...
[2026-07-12 14:10:46] [CAM] 摄像头捕获器已释放
[2026-07-12 14:10:46] [CAM] 摄像头未检测到，等待重连...
[2026-07-12 14:11:13] [INFO] ========== 幼儿园AI安全卫士程序启动 ==========
[2026-07-12 14:11:13] [INFO] 主程序窗口初始化完成
[2026-07-12 14:11:13] [SENSOR] RS485传感器采集线程已启动，串口：/dev/ttyUSB0
[2026-07-12 14:11:13] [INFO] AI环境模拟线程启动
[2026-07-12 14:11:13] [INFO] 摄像头采集线程启动
[2026-07-12 14:11:13] [CAM] 摄像头未检测到，等待重连...
[2026-07-12 14:11:13] [SENSOR] 开机未检测到温湿度传感器，延时播报
[2026-07-12 14:11:15] [NET] 网络已恢复连通
[2026-07-12 14:11:15] [MIC] 开机未检测到USB麦克风，延时播报
[2026-07-12 14:11:16] [CAM] 摄像头捕获器已释放
[2026-07-12 14:11:16] [CAM] 摄像头未检测到，等待重连...
[2026-07-12 14:11:16] [CAM] 摄像头捕获器已释放
[2026-07-12 14:11:16] [CAM] 摄像头未检测到，等待重连...
[2026-07-12 14:11:17] [CAM] 摄像头捕获器已释放
[2026-07-12 14:11:17] [CAM] 摄像头未检测到，等待重连...
[2026-07-12 14:11:17] [CAM] 摄像头捕获器已释放
[2026-07-12 14:11:17] [CAM] 摄像头未检测到，等待重连...
[2026-07-12 14:11:18] [CAM] 摄像头捕获器已释放
[2026-07-12 14:11:18] [CAM] 摄像头未检测到，等待重连...
[2026-07-12 14:11:18] [CAM] 摄像头捕获器已释放
[2026-07-12 14:11:18] [CAM] 摄像头未检测到，等待重连...
[2026-07-12 14:11:19] [CAM] 摄像头捕获器已释放
[2026-07-12 14:11:19] [CAM] 摄像头未检测到，等待重连...
[2026-07-12 14:11:19] [CAM] 摄像头捕获器已释放
[2026-07-12 14:11:19] [CAM] 摄像头未检测到，等待重连...
[2026-07-12 14:11:20] [CAM] 摄像头捕获器已释放
[2026-07-12 14:11:20] [CAM] 摄像头未检测到，等待重连...
[2026-07-12 14:11:20] [CAM] 摄像头捕获器已释放
[2026-07-12 14:11:20] [CAM] 摄像头未检测到，等待重连...
[2026-07-12 14:11:21] [CAM] 摄像头捕获器已释放
[2026-07-12 14:11:21] [CAM] 摄像头未检测到，等待重连...
[2026-07-12 14:11:21] [CAM] 摄像头捕获器已释放
[2026-07-12 14:11:21] [CAM] 摄像头未检测到，等待重连...
[2026-07-12 14:11:22] [CAM] 摄像头捕获器已释放
[2026-07-12 14:11:22] [CAM] 摄像头未检测到，等待重连...
[2026-07-12 14:11:22] [CAM] 摄像头捕获器已释放
[2026-07-12 14:11:22] [CAM] 摄像头未检测到，等待重连...
[2026-07-12 14:11:23] [CAM] 摄像头捕获器已释放
[2026-07-12 14:11:23] [CAM] 摄像头未检测到，等待重连...
[2026-07-12 14:11:23] [CAM] 摄像头捕获器已释放
[2026-07-12 14:11:23] [CAM] 摄像头未检测到，等待重连...
[2026-07-12 14:11:24] [CAM] 摄像头捕获器已释放
[2026-07-12 14:11:24] [CAM] 摄像头未检测到，等待重连...
[2026-07-12 14:11:24] [CAM] 摄像头捕获器已释放
[2026-07-12 14:11:24] [CAM] 摄像头未检测到，等待重连...
[2026-07-12 14:11:25] [CAM] 摄像头捕获器已释放
[2026-07-12 14:11:25] [CAM] 摄像头未检测到，等待重连...
[2026-07-12 14:11:25] [CAM] 摄像头捕获器已释放
[2026-07-12 14:11:25] [CAM] 摄像头未检测到，等待重连...
[2026-07-12 14:11:26] [CAM] 摄像头捕获器已释放
[2026-07-12 14:11:26] [CAM] 摄像头未检测到，等待重连...
[2026-07-12 14:11:26] [CAM] 摄像头捕获器已释放
[2026-07-12 14:11:26] [CAM] 摄像头未检测到，等待重连...
[2026-07-12 14:11:27] [CAM] 摄像头捕获器已释放
[2026-07-12 14:11:27] [CAM] 摄像头未检测到，等待重连...
[2026-07-12 14:11:27] [CAM] 摄像头捕获器已释放
[2026-07-12 14:11:27] [CAM] 摄像头未检测到，等待重连...
[2026-07-12 14:11:28] [CAM] 摄像头捕获器已释放
[2026-07-12 14:11:28] [CAM] 摄像头未检测到，等待重连...
[2026-07-12 14:11:28] [CAM] 摄像头捕获器已释放
[2026-07-12 14:11:28] [CAM] 摄像头未检测到，等待重连...
[2026-07-12 14:11:29] [CAM] 摄像头捕获器已释放
[2026-07-12 14:11:29] [CAM] 摄像头未检测到，等待重连...
[2026-07-12 14:11:29] [CAM] 摄像头捕获器已释放
[2026-07-12 14:11:29] [CAM] 摄像头未检测到，等待重连...
[2026-07-12 14:11:30] [CAM] 摄像头捕获器已释放
[2026-07-12 14:11:30] [CAM] 摄像头未检测到，等待重连...
[2026-07-12 14:11:30] [CAM] 摄像头捕获器已释放
[2026-07-12 14:11:30] [CAM] 摄像头未检测到，等待重连...
[2026-07-12 14:11:31] [CAM] 摄像头捕获器已释放
[2026-07-12 14:11:31] [CAM] 摄像头未检测到，等待重连...
[2026-07-12 14:11:31] [CAM] 摄像头捕获器已释放
[2026-07-12 14:11:31] [CAM] 摄像头未检测到，等待重连...
[2026-07-12 14:11:32] [CAM] 摄像头捕获器已释放
[2026-07-12 14:11:32] [CAM] 摄像头未检测到，等待重连...
[2026-07-12 14:11:32] [CAM] 摄像头捕获器已释放
[2026-07-12 14:11:32] [CAM] 摄像头未检测到，等待重连...
[2026-07-12 14:11:33] [CAM] 摄像头捕获器已释放
[2026-07-12 14:11:33] [CAM] 摄像头未检测到，等待重连...
[2026-07-12 14:11:33] [CAM] 摄像头捕获器已释放
[2026-07-12 14:11:33] [CAM] 摄像头未检测到，等待重连...
[2026-07-12 14:11:34] [CAM] 摄像头捕获器已释放
[2026-07-12 14:11:34] [CAM] 摄像头未检测到，等待重连...
[2026-07-12 14:11:34] [CAM] 摄像头捕获器已释放
[2026-07-12 14:11:34] [CAM] 摄像头未检测到，等待重连...
[2026-07-12 14:11:35] [CAM] 摄像头捕获器已释放
[2026-07-12 14:11:35] [CAM] 摄像头未检测到，等待重连...
[2026-07-12 14:11:35] [CAM] 摄像头捕获器已释放
[2026-07-12 14:11:35] [CAM] 摄像头未检测到，等待重连...
[2026-07-12 14:11:36] [CAM] 摄像头捕获器已释放
[2026-07-12 14:11:36] [CAM] 摄像头未检测到，等待重连...
[2026-07-12 14:11:36] [CAM] 摄像头捕获器已释放
[2026-07-12 14:11:36] [CAM] 摄像头未检测到，等待重连...
[2026-07-12 14:11:37] [CAM] 摄像头捕获器已释放
[2026-07-12 14:11:37] [CAM] 摄像头未检测到，等待重连...
[2026-07-12 14:11:37] [CAM] 摄像头捕获器已释放
[2026-07-12 14:11:37] [CAM] 摄像头未检测到，等待重连...
[2026-07-12 14:11:38] [CAM] 摄像头捕获器已释放
[2026-07-12 14:11:38] [CAM] 摄像头未检测到，等待重连...
[2026-07-12 14:11:38] [CAM] 摄像头捕获器已释放
[2026-07-12 14:11:38] [CAM] 摄像头未检测到，等待重连...
[2026-07-12 14:11:39] [CAM] 摄像头捕获器已释放
[2026-07-12 14:11:39] [CAM] 摄像头未检测到，等待重连...
[2026-07-12 14:11:39] [CAM] 摄像头捕获器已释放
[2026-07-12 14:11:39] [CAM] 摄像头未检测到，等待重连...
[2026-07-12 14:11:40] [CAM] 摄像头捕获器已释放
[2026-07-12 14:11:40] [CAM] 摄像头未检测到，等待重连...
[2026-07-12 14:11:40] [CAM] 摄像头捕获器已释放
[2026-07-12 14:11:40] [CAM] 摄像头未检测到，等待重连...
[2026-07-12 14:11:41] [CAM] 摄像头捕获器已释放
[2026-07-12 14:11:41] [CAM] 摄像头未检测到，等待重连...
[2026-07-12 14:11:41] [CAM] 摄像头捕获器已释放
[2026-07-12 14:11:41] [CAM] 摄像头未检测到，等待重连...
[2026-07-12 14:11:42] [CAM] 摄像头捕获器已释放
[2026-07-12 14:11:42] [CAM] 摄像头未检测到，等待重连...
[2026-07-12 14:11:42] [CAM] 摄像头捕获器已释放
[2026-07-12 14:11:42] [CAM] 摄像头未检测到，等待重连...
[2026-07-12 14:11:43] [CAM] 摄像头捕获器已释放
[2026-07-12 14:11:43] [CAM] 摄像头未检测到，等待重连...
[2026-07-12 14:11:43] [CAM] 摄像头捕获器已释放
[2026-07-12 14:11:43] [CAM] 摄像头未检测到，等待重连...
[2026-07-12 14:11:44] [CAM] 摄像头捕获器已释放
[2026-07-12 14:11:44] [CAM] 摄像头未检测到，等待重连...
[2026-07-12 14:11:44] [CAM] 摄像头捕获器已释放
[2026-07-12 14:11:44] [CAM] 摄像头未检测到，等待重连...
[2026-07-12 14:11:45] [CAM] 摄像头捕获器已释放
[2026-07-12 14:11:45] [CAM] 摄像头未检测到，等待重连...
[2026-07-12 14:11:45] [CAM] 摄像头捕获器已释放
[2026-07-12 14:11:45] [CAM] 摄像头未检测到，等待重连...
[2026-07-12 14:11:46] [CAM] 摄像头捕获器已释放
[2026-07-12 14:11:46] [CAM] 摄像头未检测到，等待重连...
[2026-07-12 14:11:46] [CAM] 摄像头捕获器已释放
[2026-07-12 14:11:46] [CAM] 摄像头未检测到，等待重连...
[2026-07-12 14:11:47] [CAM] 摄像头捕获器已释放
[2026-07-12 14:11:47] [CAM] 摄像头未检测到，等待重连...
[2026-07-12 14:11:47] [CAM] 摄像头捕获器已释放
[2026-07-12 14:11:47] [CAM] 摄像头未检测到，等待重连...
[2026-07-12 14:11:48] [CAM] 摄像头捕获器已释放
[2026-07-12 14:11:48] [CAM] 摄像头未检测到，等待重连...
[2026-07-12 14:11:48] [CAM] 摄像头捕获器已释放
[2026-07-12 14:11:48] [CAM] 摄像头未检测到，等待重连...
[2026-07-12 14:11:49] [CAM] 摄像头捕获器已释放
[2026-07-12 14:11:49] [CAM] 摄像头未检测到，等待重连...
[2026-07-12 14:11:49] [CAM] 摄像头捕获器已释放
[2026-07-12 14:11:49] [CAM] 摄像头未检测到，等待重连...
[2026-07-12 14:11:50] [CAM] 摄像头捕获器已释放
[2026-07-12 14:11:50] [CAM] 摄像头未检测到，等待重连...
[2026-07-12 14:11:50] [CAM] 摄像头捕获器已释放
[2026-07-12 14:11:50] [CAM] 摄像头未检测到，等待重连...
[2026-07-12 14:11:51] [CAM] 摄像头捕获器已释放
[2026-07-12 14:11:51] [CAM] 摄像头未检测到，等待重连...
[2026-07-12 14:11:51] [CAM] 摄像头捕获器已释放
[2026-07-12 14:11:51] [CAM] 摄像头未检测到，等待重连...
[2026-07-12 14:11:52] [CAM] 摄像头捕获器已释放
[2026-07-12 14:11:52] [CAM] 摄像头未检测到，等待重连...
[2026-07-12 14:11:52] [CAM] 摄像头捕获器已释放
[2026-07-12 14:11:52] [CAM] 摄像头未检测到，等待重连...
[2026-07-12 14:11:53] [CAM] 摄像头捕获器已释放
[2026-07-12 14:11:53] [CAM] 摄像头未检测到，等待重连...
[2026-07-12 14:11:53] [CAM] 摄像头捕获器已释放
[2026-07-12 14:11:53] [CAM] 摄像头未检测到，等待重连...
[2026-07-12 14:11:54] [CAM] 摄像头捕获器已释放
[2026-07-12 14:11:54] [CAM] 摄像头未检测到，等待重连...
[2026-07-12 14:11:54] [CAM] 摄像头捕获器已释放
[2026-07-12 14:11:54] [CAM] 摄像头未检测到，等待重连...
[2026-07-12 14:11:55] [CAM] 摄像头捕获器已释放
[2026-07-12 14:11:55] [CAM] 摄像头未检测到，等待重连...
[2026-07-12 14:11:55] [CAM] 摄像头捕获器已释放
[2026-07-12 14:11:55] [CAM] 摄像头未检测到，等待重连...
[2026-07-12 14:11:56] [CAM] 摄像头捕获器已释放
[2026-07-12 14:11:56] [CAM] 摄像头未检测到，等待重连...
[2026-07-12 14:11:56] [CAM] 摄像头捕获器已释放
[2026-07-12 14:11:56] [CAM] 摄像头未检测到，等待重连...
[2026-07-12 14:11:57] [CAM] 摄像头捕获器已释放
[2026-07-12 14:11:57] [CAM] 摄像头未检测到，等待重连...
[2026-07-12 14:11:57] [CAM] 摄像头捕获器已释放
[2026-07-12 14:11:57] [CAM] 摄像头未检测到，等待重连...
[2026-07-12 14:11:58] [CAM] 摄像头捕获器已释放
[2026-07-12 14:11:58] [CAM] 摄像头未检测到，等待重连...
[2026-07-12 14:11:58] [CAM] 摄像头捕获器已释放
[2026-07-12 14:11:58] [CAM] 摄像头未检测到，等待重连...
[2026-07-12 14:11:59] [CAM] 摄像头捕获器已释放
[2026-07-12 14:11:59] [CAM] 摄像头未检测到，等待重连...
[2026-07-12 14:11:59] [CAM] 摄像头捕获器已释放
[2026-07-12 14:11:59] [CAM] 摄像头未检测到，等待重连...
[2026-07-12 14:12:00] [CAM] 摄像头捕获器已释放
[2026-07-12 14:12:00] [CAM] 摄像头未检测到，等待重连...
[2026-07-12 14:12:00] [CAM] 摄像头捕获器已释放
[2026-07-12 14:12:00] [CAM] 摄像头未检测到，等待重连...
[2026-07-12 14:12:01] [CAM] 摄像头捕获器已释放
[2026-07-12 14:12:01] [CAM] 摄像头未检测到，等待重连...
[2026-07-12 14:12:01] [CAM] 摄像头捕获器已释放
[2026-07-12 14:12:01] [CAM] 摄像头未检测到，等待重连...
[2026-07-12 14:12:02] [CAM] 摄像头捕获器已释放
[2026-07-12 14:12:02] [CAM] 摄像头未检测到，等待重连...
[2026-07-12 14:12:02] [CAM] 摄像头捕获器已释放
[2026-07-12 14:12:02] [CAM] 摄像头未检测到，等待重连...
[2026-07-12 14:12:03] [CAM] 摄像头捕获器已释放
[2026-07-12 14:12:03] [CAM] 摄像头未检测到，等待重连...
[2026-07-12 14:12:03] [CAM] 摄像头捕获器已释放
[2026-07-12 14:12:03] [CAM] 摄像头未检测到，等待重连...
[2026-07-12 14:12:04] [CAM] 摄像头捕获器已释放
[2026-07-12 14:12:04] [CAM] 摄像头未检测到，等待重连...
[2026-07-12 14:12:04] [CAM] 摄像头捕获器已释放
[2026-07-12 14:12:04] [CAM] 摄像头未检测到，等待重连...
[2026-07-12 14:12:05] [CAM] 摄像头捕获器已释放
[2026-07-12 14:12:05] [CAM] 摄像头未检测到，等待重连...
[2026-07-12 14:12:05] [CAM] 摄像头捕获器已释放
[2026-07-12 14:12:05] [CAM] 摄像头未检测到，等待重连...
[2026-07-12 14:12:06] [CAM] 摄像头捕获器已释放
[2026-07-12 14:12:06] [CAM] 摄像头未检测到，等待重连...
[2026-07-12 14:12:06] [CAM] 摄像头捕获器已释放
[2026-07-12 14:12:06] [CAM] 摄像头未检测到，等待重连...
[2026-07-12 14:12:07] [CAM] 摄像头捕获器已释放
[2026-07-12 14:12:07] [CAM] 摄像头未检测到，等待重连...
[2026-07-12 14:12:07] [CAM] 摄像头捕获器已释放
[2026-07-12 14:12:07] [CAM] 摄像头未检测到，等待重连...
[2026-07-12 14:12:08] [CAM] 摄像头捕获器已释放
[2026-07-12 14:12:08] [CAM] 摄像头未检测到，等待重连...
[2026-07-12 14:12:08] [CAM] 摄像头捕获器已释放
[2026-07-12 14:12:08] [CAM] 摄像头未检测到，等待重连...
[2026-07-12 14:12:09] [CAM] 摄像头捕获器已释放
[2026-07-12 14:12:09] [CAM] 摄像头未检测到，等待重连...
[2026-07-12 14:12:09] [CAM] 摄像头捕获器已释放
[2026-07-12 14:12:09] [CAM] 摄像头未检测到，等待重连...
[2026-07-12 14:12:10] [CAM] 摄像头捕获器已释放
[2026-07-12 14:12:10] [CAM] 摄像头未检测到，等待重连...
[2026-07-12 14:12:10] [CAM] 摄像头捕获器已释放
[2026-07-12 14:12:10] [CAM] 摄像头未检测到，等待重连...
[2026-07-12 14:12:11] [CAM] 摄像头捕获器已释放
[2026-07-12 14:12:11] [CAM] 摄像头未检测到，等待重连...
[2026-07-12 14:12:11] [CAM] 摄像头捕获器已释放
[2026-07-12 14:12:11] [CAM] 摄像头未检测到，等待重连...
[2026-07-12 14:12:12] [CAM] 摄像头捕获器已释放
[2026-07-12 14:12:12] [CAM] 摄像头未检测到，等待重连...
[2026-07-12 14:12:12] [CAM] 摄像头捕获器已释放
[2026-07-12 14:12:12] [CAM] 摄像头未检测到，等待重连...
[2026-07-12 14:12:13] [CAM] 摄像头捕获器已释放
[2026-07-12 14:12:13] [CAM] 摄像头未检测到，等待重连...
[2026-07-12 14:12:13] [CAM] 摄像头捕获器已释放
[2026-07-12 14:12:13] [CAM] 摄像头未检测到，等待重连...
[2026-07-12 14:12:14] [CAM] 摄像头捕获器已释放
[2026-07-12 14:12:14] [CAM] 摄像头未检测到，等待重连...
[2026-07-12 14:12:14] [CAM] 摄像头捕获器已释放
[2026-07-12 14:12:14] [CAM] 摄像头未检测到，等待重连...
[2026-07-12 14:12:15] [CAM] 摄像头捕获器已释放
[2026-07-12 14:12:15] [CAM] 摄像头未检测到，等待重连...
[2026-07-12 14:12:15] [CAM] 摄像头捕获器已释放
[2026-07-12 14:12:15] [CAM] 摄像头未检测到，等待重连...
[2026-07-12 14:12:16] [CAM] 摄像头捕获器已释放
[2026-07-12 14:12:16] [CAM] 摄像头未检测到，等待重连...
[2026-07-12 14:12:16] [CAM] 摄像头捕获器已释放
[2026-07-12 14:12:16] [CAM] 摄像头未检测到，等待重连...
[2026-07-12 14:12:17] [CAM] 摄像头捕获器已释放
[2026-07-12 14:12:17] [CAM] 摄像头未检测到，等待重连...
[2026-07-12 14:12:17] [CAM] 摄像头捕获器已释放
[2026-07-12 14:12:17] [CAM] 摄像头未检测到，等待重连...
[2026-07-12 14:12:18] [CAM] 摄像头捕获器已释放
[2026-07-12 14:12:18] [CAM] 摄像头未检测到，等待重连...
[2026-07-12 14:12:18] [CAM] 摄像头捕获器已释放
[2026-07-12 14:12:18] [CAM] 摄像头未检测到，等待重连...
[2026-07-12 14:12:19] [CAM] 摄像头捕获器已释放
[2026-07-12 14:12:19] [CAM] 摄像头未检测到，等待重连...
[2026-07-12 14:12:19] [CAM] 摄像头捕获器已释放
[2026-07-12 14:12:19] [CAM] 摄像头未检测到，等待重连...
[2026-07-12 14:12:20] [CAM] 摄像头捕获器已释放
[2026-07-12 14:12:20] [CAM] 摄像头未检测到，等待重连...
[2026-07-12 14:12:20] [CAM] 摄像头捕获器已释放
[2026-07-12 14:12:20] [CAM] 摄像头未检测到，等待重连...
[2026-07-12 14:12:21] [CAM] 摄像头捕获器已释放
[2026-07-12 14:12:21] [CAM] 摄像头未检测到，等待重连...
[2026-07-12 14:12:21] [CAM] 摄像头捕获器已释放
[2026-07-12 14:12:21] [CAM] 摄像头未检测到，等待重连...
[2026-07-12 14:12:22] [CAM] 摄像头捕获器已释放
[2026-07-12 14:12:22] [CAM] 摄像头未检测到，等待重连...
[2026-07-12 14:12:22] [CAM] 摄像头捕获器已释放
[2026-07-12 14:12:22] [CAM] 摄像头未检测到，等待重连...
[2026-07-12 14:12:23] [CAM] 摄像头捕获器已释放
[2026-07-12 14:12:23] [CAM] 摄像头未检测到，等待重连...
[2026-07-12 14:12:23] [CAM] 摄像头捕获器已释放
[2026-07-12 14:12:23] [CAM] 摄像头未检测到，等待重连...
[2026-07-12 14:12:24] [CAM] 摄像头捕获器已释放
[2026-07-12 14:12:24] [CAM] 摄像头未检测到，等待重连...
[2026-07-12 14:12:24] [CAM] 摄像头捕获器已释放
[2026-07-12 14:12:24] [CAM] 摄像头未检测到，等待重连...
[2026-07-12 14:12:25] [CAM] 摄像头捕获器已释放
[2026-07-12 14:12:25] [CAM] 摄像头未检测到，等待重连...
[2026-07-12 14:12:25] [CAM] 摄像头捕获器已释放
[2026-07-12 14:12:25] [CAM] 摄像头未检测到，等待重连...
[2026-07-12 14:12:26] [CAM] 摄像头捕获器已释放
[2026-07-12 14:12:26] [CAM] 摄像头未检测到，等待重连...
[2026-07-12 14:12:26] [CAM] 摄像头捕获器已释放
[2026-07-12 14:12:26] [CAM] 摄像头未检测到，等待重连...
[2026-07-12 14:12:27] [CAM] 摄像头捕获器已释放
[2026-07-12 14:12:27] [CAM] 摄像头未检测到，等待重连...
[2026-07-12 14:12:27] [CAM] 摄像头捕获器已释放
[2026-07-12 14:12:27] [CAM] 摄像头未检测到，等待重连...
[2026-07-12 14:12:28] [CAM] 摄像头捕获器已释放
[2026-07-12 14:12:28] [CAM] 摄像头未检测到，等待重连...
[2026-07-12 14:12:28] [CAM] 摄像头捕获器已释放
[2026-07-12 14:12:28] [CAM] 摄像头未检测到，等待重连...
[2026-07-12 14:12:29] [CAM] 摄像头捕获器已释放
[2026-07-12 14:12:29] [CAM] 摄像头未检测到，等待重连...
[2026-07-12 14:12:29] [CAM] 摄像头捕获器已释放
[2026-07-12 14:12:29] [CAM] 摄像头未检测到，等待重连...
[2026-07-12 14:12:30] [CAM] 摄像头捕获器已释放
[2026-07-12 14:12:30] [CAM] 摄像头未检测到，等待重连...
[2026-07-12 14:12:30] [CAM] 摄像头捕获器已释放
[2026-07-12 14:12:30] [CAM] 摄像头未检测到，等待重连...
[2026-07-12 14:12:31] [CAM] 摄像头捕获器已释放
[2026-07-12 14:12:31] [CAM] 摄像头未检测到，等待重连...
[2026-07-12 14:12:31] [CAM] 摄像头捕获器已释放
[2026-07-12 14:12:31] [CAM] 摄像头未检测到，等待重连...
[2026-07-12 14:12:32] [CAM] 摄像头捕获器已释放
[2026-07-12 14:12:32] [CAM] 摄像头未检测到，等待重连...
[2026-07-12 14:12:32] [CAM] 摄像头捕获器已释放
[2026-07-12 14:12:32] [CAM] 摄像头未检测到，等待重连...
[2026-07-12 14:12:33] [CAM] 摄像头捕获器已释放
[2026-07-12 14:12:33] [CAM] 摄像头未检测到，等待重连...
[2026-07-12 14:12:34] [CAM] 摄像头捕获器已释放
[2026-07-12 14:12:34] [CAM] 摄像头未检测到，等待重连...
[2026-07-12 14:12:34] [CAM] 摄像头捕获器已释放
[2026-07-12 14:12:34] [CAM] 摄像头未检测到，等待重连...
[2026-07-12 14:12:35] [CAM] 摄像头捕获器已释放
[2026-07-12 14:12:35] [CAM] 摄像头未检测到，等待重连...
[2026-07-12 14:12:35] [CAM] 摄像头捕获器已释放
[2026-07-12 14:12:35] [CAM] 摄像头未检测到，等待重连...
[2026-07-12 14:12:36] [CAM] 摄像头捕获器已释放
[2026-07-12 14:12:36] [CAM] 摄像头未检测到，等待重连...
[2026-07-12 14:12:36] [CAM] 摄像头捕获器已释放
[2026-07-12 14:12:36] [CAM] 摄像头未检测到，等待重连...
[2026-07-12 14:12:37] [CAM] 摄像头捕获器已释放
[2026-07-12 14:12:37] [CAM] 摄像头未检测到，等待重连...
[2026-07-12 14:12:37] [CAM] 摄像头捕获器已释放
[2026-07-12 14:12:37] [CAM] 摄像头未检测到，等待重连...
[2026-07-12 14:12:38] [CAM] 摄像头捕获器已释放
[2026-07-12 14:12:38] [CAM] 摄像头未检测到，等待重连...
[2026-07-12 14:12:38] [CAM] 摄像头捕获器已释放
[2026-07-12 14:12:38] [CAM] 摄像头未检测到，等待重连...
[2026-07-12 14:12:39] [CAM] 摄像头捕获器已释放
[2026-07-12 14:12:39] [CAM] 摄像头未检测到，等待重连...
[2026-07-12 14:12:39] [CAM] 摄像头捕获器已释放
[2026-07-12 14:12:39] [CAM] 摄像头未检测到，等待重连...
[2026-07-12 14:12:40] [CAM] 摄像头捕获器已释放
[2026-07-12 14:12:40] [CAM] 摄像头未检测到，等待重连...
[2026-07-12 14:12:40] [CAM] 摄像头捕获器已释放
[2026-07-12 14:12:40] [CAM] 摄像头未检测到，等待重连...
[2026-07-12 14:12:41] [CAM] 摄像头捕获器已释放
[2026-07-12 14:12:41] [CAM] 摄像头未检测到，等待重连...
[2026-07-12 14:12:41] [CAM] 摄像头捕获器已释放
[2026-07-12 14:12:41] [CAM] 摄像头未检测到，等待重连...
[2026-07-12 14:12:42] [CAM] 摄像头捕获器已释放
[2026-07-12 14:12:42] [CAM] 摄像头未检测到，等待重连...
[2026-07-12 14:12:42] [CAM] 摄像头捕获器已释放
[2026-07-12 14:12:42] [CAM] 摄像头未检测到，等待重连...
[2026-07-12 14:12:43] [CAM] 摄像头捕获器已释放
[2026-07-12 14:12:43] [CAM] 摄像头未检测到，等待重连...
[2026-07-12 14:12:43] [CAM] 摄像头捕获器已释放
[2026-07-12 14:12:43] [CAM] 摄像头未检测到，等待重连...
[2026-07-12 14:12:44] [CAM] 摄像头捕获器已释放
[2026-07-12 14:12:44] [CAM] 摄像头未检测到，等待重连...
[2026-07-12 14:12:44] [CAM] 摄像头捕获器已释放
[2026-07-12 14:12:44] [CAM] 摄像头未检测到，等待重连...
[2026-07-12 14:12:45] [CAM] 摄像头捕获器已释放
[2026-07-12 14:12:45] [CAM] 摄像头未检测到，等待重连...
[2026-07-12 14:12:45] [CAM] 摄像头捕获器已释放
[2026-07-12 14:12:45] [CAM] 摄像头未检测到，等待重连...
[2026-07-12 14:12:46] [CAM] 摄像头捕获器已释放
[2026-07-12 14:12:46] [CAM] 摄像头未检测到，等待重连...
[2026-07-12 14:12:46] [CAM] 摄像头捕获器已释放
[2026-07-12 14:12:46] [CAM] 摄像头未检测到，等待重连...
[2026-07-12 14:12:47] [CAM] 摄像头捕获器已释放
[2026-07-12 14:12:47] [CAM] 摄像头未检测到，等待重连...
[2026-07-12 14:12:47] [CAM] 摄像头捕获器已释放
[2026-07-12 14:12:47] [CAM] 摄像头未检测到，等待重连...
[2026-07-12 14:12:48] [CAM] 摄像头捕获器已释放
[2026-07-12 14:12:48] [CAM] 摄像头未检测到，等待重连...
[2026-07-12 14:12:48] [CAM] 摄像头捕获器已释放
[2026-07-12 14:12:48] [CAM] 摄像头未检测到，等待重连...
[2026-07-12 14:12:49] [CAM] 摄像头捕获器已释放
[2026-07-12 14:12:49] [CAM] 摄像头未检测到，等待重连...
[2026-07-12 14:12:49] [CAM] 摄像头捕获器已释放
[2026-07-12 14:12:49] [CAM] 摄像头未检测到，等待重连...
[2026-07-12 14:12:50] [CAM] 摄像头捕获器已释放
[2026-07-12 14:12:50] [CAM] 摄像头未检测到，等待重连...
[2026-07-12 14:12:50] [CAM] 摄像头捕获器已释放
[2026-07-12 14:12:50] [CAM] 摄像头未检测到，等待重连...
[2026-07-12 14:12:51] [CAM] 摄像头捕获器已释放
[2026-07-12 14:12:51] [CAM] 摄像头未检测到，等待重连...
[2026-07-12 14:12:51] [CAM] 摄像头捕获器已释放
[2026-07-12 14:12:51] [CAM] 摄像头未检测到，等待重连...
[2026-07-12 14:12:52] [CAM] 摄像头捕获器已释放
[2026-07-12 14:12:52] [CAM] 摄像头未检测到，等待重连...
[2026-07-12 14:12:52] [CAM] 摄像头捕获器已释放
[2026-07-12 14:12:52] [CAM] 摄像头未检测到，等待重连...
[2026-07-12 14:12:53] [CAM] 摄像头捕获器已释放
[2026-07-12 14:12:53] [CAM] 摄像头未检测到，等待重连...
[2026-07-12 14:12:53] [CAM] 摄像头捕获器已释放
[2026-07-12 14:12:53] [CAM] 摄像头未检测到，等待重连...
[2026-07-12 14:12:54] [CAM] 摄像头捕获器已释放
[2026-07-12 14:12:54] [CAM] 摄像头未检测到，等待重连...
[2026-07-12 14:12:54] [CAM] 摄像头捕获器已释放
[2026-07-12 14:12:54] [CAM] 摄像头未检测到，等待重连...
[2026-07-12 14:12:55] [CAM] 摄像头捕获器已释放
[2026-07-12 14:12:55] [CAM] 摄像头未检测到，等待重连...
[2026-07-12 14:12:55] [CAM] 摄像头捕获器已释放
[2026-07-12 14:12:55] [CAM] 摄像头未检测到，等待重连...
[2026-07-12 14:12:56] [CAM] 摄像头捕获器已释放
[2026-07-12 14:12:56] [CAM] 摄像头未检测到，等待重连...
[2026-07-12 14:12:56] [CAM] 摄像头捕获器已释放
[2026-07-12 14:12:56] [CAM] 摄像头未检测到，等待重连...
[2026-07-12 14:12:57] [CAM] 摄像头捕获器已释放
[2026-07-12 14:12:57] [CAM] 摄像头未检测到，等待重连...
[2026-07-12 14:12:57] [CAM] 摄像头捕获器已释放
[2026-07-12 14:12:57] [CAM] 摄像头未检测到，等待重连...
[2026-07-12 14:12:58] [CAM] 摄像头捕获器已释放
[2026-07-12 14:12:58] [CAM] 摄像头未检测到，等待重连...
[2026-07-12 14:12:58] [CAM] 摄像头捕获器已释放
[2026-07-12 14:12:58] [CAM] 摄像头未检测到，等待重连...
[2026-07-12 14:12:59] [CAM] 摄像头捕获器已释放
[2026-07-12 14:12:59] [CAM] 摄像头未检测到，等待重连...
[2026-07-12 14:12:59] [CAM] 摄像头捕获器已释放
[2026-07-12 14:12:59] [CAM] 摄像头未检测到，等待重连...
[2026-07-12 14:13:00] [CAM] 摄像头捕获器已释放
[2026-07-12 14:13:00] [CAM] 摄像头未检测到，等待重连...
[2026-07-12 14:13:00] [CAM] 摄像头捕获器已释放
[2026-07-12 14:13:00] [CAM] 摄像头未检测到，等待重连...
[2026-07-12 14:13:01] [CAM] 摄像头捕获器已释放
[2026-07-12 14:13:01] [CAM] 摄像头未检测到，等待重连...
[2026-07-12 14:13:01] [CAM] 摄像头捕获器已释放
[2026-07-12 14:13:01] [CAM] 摄像头未检测到，等待重连...
[2026-07-12 14:13:02] [CAM] 摄像头捕获器已释放
[2026-07-12 14:13:02] [CAM] 摄像头未检测到，等待重连...
[2026-07-12 14:13:02] [CAM] 摄像头捕获器已释放
[2026-07-12 14:13:02] [CAM] 摄像头未检测到，等待重连...
[2026-07-12 14:13:03] [CAM] 摄像头捕获器已释放
[2026-07-12 14:13:03] [CAM] 摄像头未检测到，等待重连...
[2026-07-12 14:13:03] [CAM] 摄像头捕获器已释放
[2026-07-12 14:13:03] [CAM] 摄像头未检测到，等待重连...
[2026-07-12 14:13:04] [CAM] 摄像头捕获器已释放
[2026-07-12 14:13:04] [CAM] 摄像头未检测到，等待重连...
[2026-07-12 14:13:04] [CAM] 摄像头捕获器已释放
[2026-07-12 14:13:04] [CAM] 摄像头未检测到，等待重连...
[2026-07-12 14:13:05] [CAM] 摄像头捕获器已释放
[2026-07-12 14:13:05] [CAM] 摄像头未检测到，等待重连...
[2026-07-12 14:13:05] [CAM] 摄像头捕获器已释放
[2026-07-12 14:13:05] [CAM] 摄像头未检测到，等待重连...
[2026-07-12 14:13:06] [CAM] 摄像头捕获器已释放
[2026-07-12 14:13:06] [CAM] 摄像头未检测到，等待重连...
[2026-07-12 14:13:06] [CAM] 摄像头捕获器已释放
[2026-07-12 14:13:06] [CAM] 摄像头未检测到，等待重连...
[2026-07-12 14:13:07] [CAM] 摄像头捕获器已释放
[2026-07-12 14:13:07] [CAM] 摄像头未检测到，等待重连...
[2026-07-12 14:13:07] [CAM] 摄像头捕获器已释放
[2026-07-12 14:13:07] [CAM] 摄像头未检测到，等待重连...
[2026-07-12 14:13:08] [CAM] 摄像头捕获器已释放
[2026-07-12 14:13:08] [CAM] 摄像头未检测到，等待重连...
[2026-07-12 14:13:08] [CAM] 摄像头捕获器已释放
[2026-07-12 14:13:08] [CAM] 摄像头未检测到，等待重连...
[2026-07-12 14:13:09] [CAM] 摄像头捕获器已释放
[2026-07-12 14:13:09] [CAM] 摄像头未检测到，等待重连...
[2026-07-12 14:13:09] [CAM] 摄像头捕获器已释放
[2026-07-12 14:13:09] [CAM] 摄像头未检测到，等待重连...
[2026-07-12 14:13:10] [CAM] 摄像头捕获器已释放
[2026-07-12 14:13:10] [CAM] 摄像头未检测到，等待重连...
[2026-07-12 14:13:10] [CAM] 摄像头捕获器已释放
[2026-07-12 14:13:10] [CAM] 摄像头未检测到，等待重连...
[2026-07-12 14:13:11] [CAM] 摄像头捕获器已释放
[2026-07-12 14:13:11] [CAM] 摄像头未检测到，等待重连...
[2026-07-12 14:13:11] [CAM] 摄像头捕获器已释放
[2026-07-12 14:13:11] [CAM] 摄像头未检测到，等待重连...
[2026-07-12 14:13:12] [CAM] 摄像头捕获器已释放
[2026-07-12 14:13:12] [CAM] 摄像头未检测到，等待重连...
[2026-07-12 14:13:12] [CAM] 摄像头捕获器已释放
[2026-07-12 14:13:12] [CAM] 摄像头未检测到，等待重连...
[2026-07-12 14:13:13] [CAM] 摄像头捕获器已释放
[2026-07-12 14:13:13] [CAM] 摄像头未检测到，等待重连...
[2026-07-12 14:13:13] [CAM] 摄像头捕获器已释放
[2026-07-12 14:13:13] [CAM] 摄像头未检测到，等待重连...
[2026-07-12 14:13:14] [CAM] 摄像头捕获器已释放
[2026-07-12 14:13:14] [CAM] 摄像头未检测到，等待重连...
[2026-07-12 14:13:14] [CAM] 摄像头捕获器已释放
[2026-07-12 14:13:14] [CAM] 摄像头未检测到，等待重连...
[2026-07-12 14:13:15] [CAM] 摄像头捕获器已释放
[2026-07-12 14:13:15] [CAM] 摄像头未检测到，等待重连...
[2026-07-12 14:13:15] [CAM] 摄像头捕获器已释放
[2026-07-12 14:13:15] [CAM] 摄像头未检测到，等待重连...
[2026-07-12 14:13:16] [CAM] 摄像头捕获器已释放
[2026-07-12 14:13:16] [CAM] 摄像头未检测到，等待重连...
[2026-07-12 14:13:16] [CAM] 摄像头捕获器已释放
[2026-07-12 14:13:16] [CAM] 摄像头未检测到，等待重连...
[2026-07-12 14:13:17] [CAM] 摄像头捕获器已释放
[2026-07-12 14:13:17] [CAM] 摄像头未检测到，等待重连...
[2026-07-12 14:13:17] [CAM] 摄像头捕获器已释放
[2026-07-12 14:13:17] [CAM] 摄像头未检测到，等待重连...
[2026-07-12 14:13:18] [CAM] 摄像头捕获器已释放
[2026-07-12 14:13:18] [CAM] 摄像头未检测到，等待重连...
[2026-07-12 14:13:18] [CAM] 摄像头捕获器已释放
[2026-07-12 14:13:18] [CAM] 摄像头未检测到，等待重连...
[2026-07-12 14:13:19] [CAM] 摄像头捕获器已释放
[2026-07-12 14:13:19] [CAM] 摄像头未检测到，等待重连...
[2026-07-12 14:13:19] [CAM] 摄像头捕获器已释放
[2026-07-12 14:13:19] [CAM] 摄像头未检测到，等待重连...
[2026-07-12 14:13:20] [CAM] 摄像头捕获器已释放
[2026-07-12 14:13:20] [CAM] 摄像头未检测到，等待重连...
[2026-07-12 14:13:20] [CAM] 摄像头捕获器已释放
[2026-07-12 14:13:20] [CAM] 摄像头未检测到，等待重连...
[2026-07-12 14:13:21] [CAM] 摄像头捕获器已释放
[2026-07-12 14:13:21] [CAM] 摄像头未检测到，等待重连...
[2026-07-12 14:13:21] [CAM] 摄像头捕获器已释放
[2026-07-12 14:13:21] [CAM] 摄像头未检测到，等待重连...
[2026-07-12 14:13:22] [CAM] 摄像头捕获器已释放
[2026-07-12 14:13:22] [CAM] 摄像头未检测到，等待重连...
[2026-07-12 14:13:22] [CAM] 摄像头捕获器已释放
[2026-07-12 14:13:22] [CAM] 摄像头未检测到，等待重连...
[2026-07-12 14:13:23] [CAM] 摄像头捕获器已释放
[2026-07-12 14:13:23] [CAM] 摄像头未检测到，等待重连...
[2026-07-12 14:13:23] [CAM] 摄像头捕获器已释放
[2026-07-12 14:13:23] [CAM] 摄像头未检测到，等待重连...
[2026-07-12 14:13:24] [CAM] 摄像头捕获器已释放
[2026-07-12 14:13:24] [CAM] 摄像头未检测到，等待重连...
[2026-07-12 14:13:24] [CAM] 摄像头捕获器已释放
[2026-07-12 14:13:24] [CAM] 摄像头未检测到，等待重连...
[2026-07-12 14:13:25] [CAM] 摄像头捕获器已释放
[2026-07-12 14:13:25] [CAM] 摄像头未检测到，等待重连...
[2026-07-12 14:13:25] [CAM] 摄像头捕获器已释放
[2026-07-12 14:13:25] [CAM] 摄像头未检测到，等待重连...
[2026-07-12 14:13:26] [CAM] 摄像头捕获器已释放
[2026-07-12 14:13:26] [CAM] 摄像头未检测到，等待重连...
[2026-07-12 14:13:26] [CAM] 摄像头捕获器已释放
[2026-07-12 14:13:26] [CAM] 摄像头未检测到，等待重连...
[2026-07-12 14:13:27] [CAM] 摄像头捕获器已释放
[2026-07-12 14:13:27] [CAM] 摄像头未检测到，等待重连...
[2026-07-12 14:13:27] [CAM] 摄像头捕获器已释放
[2026-07-12 14:13:27] [CAM] 摄像头未检测到，等待重连...
[2026-07-12 14:13:28] [CAM] 摄像头捕获器已释放
[2026-07-12 14:13:28] [CAM] 摄像头未检测到，等待重连...
[2026-07-12 14:13:28] [CAM] 摄像头捕获器已释放
[2026-07-12 14:13:28] [CAM] 摄像头未检测到，等待重连...
[2026-07-12 14:13:29] [CAM] 摄像头捕获器已释放
[2026-07-12 14:13:29] [CAM] 摄像头未检测到，等待重连...
[2026-07-12 14:13:29] [CAM] 摄像头捕获器已释放
[2026-07-12 14:13:29] [CAM] 摄像头未检测到，等待重连...
[2026-07-12 14:13:30] [CAM] 摄像头捕获器已释放
[2026-07-12 14:13:30] [CAM] 摄像头未检测到，等待重连...
[2026-07-12 14:13:30] [CAM] 摄像头捕获器已释放
[2026-07-12 14:13:30] [CAM] 摄像头未检测到，等待重连...
[2026-07-12 14:13:31] [CAM] 摄像头捕获器已释放
[2026-07-12 14:13:31] [CAM] 摄像头未检测到，等待重连...
[2026-07-12 14:13:31] [CAM] 摄像头捕获器已释放
[2026-07-12 14:13:31] [CAM] 摄像头未检测到，等待重连...
[2026-07-12 14:13:32] [CAM] 摄像头捕获器已释放
[2026-07-12 14:13:32] [CAM] 摄像头未检测到，等待重连...
[2026-07-12 14:13:32] [CAM] 摄像头捕获器已释放
[2026-07-12 14:13:32] [CAM] 摄像头未检测到，等待重连...
[2026-07-12 14:13:33] [CAM] 摄像头捕获器已释放
[2026-07-12 14:13:33] [CAM] 摄像头未检测到，等待重连...
[2026-07-12 14:13:33] [CAM] 摄像头捕获器已释放
[2026-07-12 14:13:33] [CAM] 摄像头未检测到，等待重连...
[2026-07-12 14:13:34] [CAM] 摄像头捕获器已释放
[2026-07-12 14:13:34] [CAM] 摄像头未检测到，等待重连...
[2026-07-12 14:13:34] [CAM] 摄像头捕获器已释放
[2026-07-12 14:13:34] [CAM] 摄像头未检测到，等待重连...
[2026-07-12 14:13:35] [CAM] 摄像头捕获器已释放
[2026-07-12 14:13:35] [CAM] 摄像头未检测到，等待重连...
[2026-07-12 14:13:35] [CAM] 摄像头捕获器已释放
[2026-07-12 14:13:35] [CAM] 摄像头未检测到，等待重连...
[2026-07-12 14:13:36] [CAM] 摄像头捕获器已释放
[2026-07-12 14:13:36] [CAM] 摄像头未检测到，等待重连...
[2026-07-12 14:13:36] [CAM] 摄像头捕获器已释放
[2026-07-12 14:13:36] [CAM] 摄像头未检测到，等待重连...
[2026-07-12 14:13:37] [CAM] 摄像头捕获器已释放
[2026-07-12 14:13:37] [CAM] 摄像头未检测到，等待重连...
[2026-07-12 14:13:37] [CAM] 摄像头捕获器已释放
[2026-07-12 14:13:37] [CAM] 摄像头未检测到，等待重连...
[2026-07-12 14:13:38] [CAM] 摄像头捕获器已释放
[2026-07-12 14:13:38] [CAM] 摄像头未检测到，等待重连...
[2026-07-12 14:13:38] [CAM] 摄像头捕获器已释放
[2026-07-12 14:13:38] [CAM] 摄像头未检测到，等待重连...
[2026-07-12 14:13:39] [CAM] 摄像头捕获器已释放
[2026-07-12 14:13:39] [CAM] 摄像头未检测到，等待重连...
[2026-07-12 14:13:39] [CAM] 摄像头捕获器已释放
[2026-07-12 14:13:39] [CAM] 摄像头未检测到，等待重连...
[2026-07-12 14:13:40] [CAM] 摄像头捕获器已释放
[2026-07-12 14:13:40] [CAM] 摄像头未检测到，等待重连...
[2026-07-12 14:13:40] [CAM] 摄像头捕获器已释放
[2026-07-12 14:13:40] [CAM] 摄像头未检测到，等待重连...
[2026-07-12 14:13:41] [CAM] 摄像头捕获器已释放
[2026-07-12 14:13:41] [CAM] 摄像头未检测到，等待重连...
[2026-07-12 14:18:26] [INFO] ========== 幼儿园AI安全卫士程序启动 ==========
[2026-07-12 14:18:26] [INFO] 主程序窗口初始化完成
[2026-07-12 14:18:26] [SENSOR] RS485传感器采集线程已启动，串口：/dev/ttyUSB0
[2026-07-12 14:18:26] [INFO] AI环境模拟线程启动
[2026-07-12 14:18:26] [INFO] 摄像头采集线程启动
[2026-07-12 14:18:26] [CAM] 摄像头未检测到，等待重连...
[2026-07-12 14:18:26] [SENSOR] 开机未检测到温湿度传感器，延时播报
[2026-07-12 14:18:29] [CAM] 摄像头捕获器已释放
[2026-07-12 14:18:29] [CAM] 摄像头未检测到，等待重连...
[2026-07-12 14:18:29] [CAM] 摄像头捕获器已释放
[2026-07-12 14:18:29] [CAM] 摄像头未检测到，等待重连...
[2026-07-12 14:18:30] [MIC] 开机未检测到USB麦克风，延时播报
[2026-07-12 14:18:30] [CAM] 摄像头捕获器已释放
[2026-07-12 14:18:30] [CAM] 摄像头未检测到，等待重连...
[2026-07-12 14:19:46] [INFO] ========== 幼儿园AI安全卫士程序启动 ==========
[2026-07-12 14:19:46] [INFO] 主程序窗口初始化完成
[2026-07-12 14:19:46] [SENSOR] RS485传感器采集线程已启动，串口：/dev/ttyUSB0
[2026-07-12 14:19:46] [INFO] AI环境模拟线程启动
[2026-07-12 14:19:46] [INFO] 摄像头采集线程启动
[2026-07-12 14:19:46] [CAM] 摄像头未检测到，等待重连...
[2026-07-12 14:19:46] [SENSOR] 开机未检测到温湿度传感器，延时播报
[2026-07-12 14:19:48] [NET] 网络已恢复连通
[2026-07-12 14:19:48] [MIC] 开机未检测到USB麦克风，延时播报
[2026-07-12 14:19:49] [CAM] 摄像头捕获器已释放
[2026-07-12 14:19:49] [CAM] 摄像头未检测到，等待重连...
[2026-07-12 14:19:49] [CAM] 摄像头捕获器已释放
[2026-07-12 14:19:49] [CAM] 摄像头未检测到，等待重连...
[2026-07-12 14:19:50] [CAM] 摄像头捕获器已释放
[2026-07-12 14:19:50] [CAM] 摄像头未检测到，等待重连...
[2026-07-12 14:19:50] [CAM] 摄像头捕获器已释放
[2026-07-12 14:19:50] [CAM] 摄像头未检测到，等待重连...
[2026-07-12 14:19:51] [CAM] 摄像头捕获器已释放
[2026-07-12 14:19:51] [CAM] 摄像头未检测到，等待重连...
[2026-07-12 14:19:51] [CAM] 摄像头捕获器已释放
[2026-07-12 14:19:51] [CAM] 摄像头未检测到，等待重连...
[2026-07-12 14:19:52] [CAM] 摄像头捕获器已释放
[2026-07-12 14:19:52] [CAM] 摄像头未检测到，等待重连...
[2026-07-12 14:19:52] [CAM] 摄像头捕获器已释放
[2026-07-12 14:19:52] [CAM] 摄像头未检测到，等待重连...
[2026-07-12 14:19:53] [CAM] 摄像头捕获器已释放
[2026-07-12 14:19:53] [CAM] 摄像头未检测到，等待重连...
[2026-07-12 14:19:53] [CAM] 摄像头捕获器已释放
[2026-07-12 14:19:53] [CAM] 摄像头未检测到，等待重连...
[2026-07-12 14:19:54] [CAM] 摄像头捕获器已释放
[2026-07-12 14:19:54] [CAM] 摄像头未检测到，等待重连...
[2026-07-12 14:19:54] [CAM] 摄像头捕获器已释放
[2026-07-12 14:19:54] [CAM] 摄像头未检测到，等待重连...
[2026-07-12 14:21:50] [INFO] ========== 幼儿园AI安全卫士程序启动 ==========
[2026-07-12 14:21:50] [INFO] 主程序窗口初始化完成
[2026-07-12 14:21:50] [SENSOR] RS485传感器采集线程已启动，串口：/dev/ttyUSB0
[2026-07-12 14:21:50] [INFO] AI环境模拟线程启动
[2026-07-12 14:21:50] [INFO] 摄像头采集线程启动
[2026-07-12 14:21:50] [CAM] 摄像头未检测到，等待重连...
[2026-07-12 14:21:50] [SENSOR] 开机未检测到温湿度传感器，延时播报
[2026-07-12 14:21:52] [NET] 网络已恢复连通
[2026-07-12 14:21:52] [MIC] 开机未检测到USB麦克风，延时播报
[2026-07-12 14:21:53] [CAM] 摄像头捕获器已释放
[2026-07-12 14:21:53] [CAM] 摄像头未检测到，等待重连...
[2026-07-12 14:21:53] [CAM] 摄像头捕获器已释放
[2026-07-12 14:21:53] [CAM] 摄像头未检测到，等待重连...
[2026-07-12 14:21:54] [CAM] 摄像头捕获器已释放
[2026-07-12 14:21:54] [CAM] 摄像头未检测到，等待重连...
[2026-07-12 14:21:54] [CAM] 摄像头捕获器已释放
[2026-07-12 14:21:54] [CAM] 摄像头未检测到，等待重连...
[2026-07-12 14:21:55] [CAM] 摄像头捕获器已释放
[2026-07-12 14:21:55] [CAM] 摄像头未检测到，等待重连...
[2026-07-12 14:21:55] [CAM] 摄像头捕获器已释放
[2026-07-12 14:21:55] [CAM] 摄像头未检测到，等待重连...
[2026-07-12 14:21:56] [CAM] 摄像头捕获器已释放
[2026-07-12 14:21:56] [CAM] 摄像头未检测到，等待重连...
[2026-07-12 14:21:56] [CAM] 摄像头捕获器已释放
[2026-07-12 14:21:56] [CAM] 摄像头未检测到，等待重连...
[2026-07-12 14:21:57] [CAM] 摄像头捕获器已释放
[2026-07-12 14:21:57] [CAM] 摄像头未检测到，等待重连...
[2026-07-12 14:21:57] [CAM] 摄像头捕获器已释放
[2026-07-12 14:21:57] [CAM] 摄像头未检测到，等待重连...
[2026-07-12 14:21:58] [CAM] 摄像头捕获器已释放
[2026-07-12 14:21:58] [CAM] 摄像头未检测到，等待重连...
[2026-07-12 14:21:58] [CAM] 摄像头捕获器已释放
[2026-07-12 14:21:58] [CAM] 摄像头未检测到，等待重连...
[2026-07-12 14:21:59] [CAM] 摄像头捕获器已释放
[2026-07-12 14:21:59] [CAM] 摄像头未检测到，等待重连...
[2026-07-12 14:21:59] [CAM] 摄像头捕获器已释放
[2026-07-12 14:21:59] [CAM] 摄像头未检测到，等待重连...
[2026-07-12 14:22:00] [CAM] 摄像头捕获器已释放
[2026-07-12 14:22:00] [CAM] 摄像头未检测到，等待重连...
[2026-07-12 14:22:00] [CAM] 摄像头捕获器已释放
[2026-07-12 14:22:00] [CAM] 摄像头未检测到，等待重连...
[2026-07-12 14:22:01] [CAM] 摄像头捕获器已释放
[2026-07-12 14:22:01] [CAM] 摄像头未检测到，等待重连...
[2026-07-12 14:22:01] [CAM] 摄像头捕获器已释放
[2026-07-12 14:22:01] [CAM] 摄像头未检测到，等待重连...
[2026-07-12 14:22:02] [CAM] 摄像头捕获器已释放
[2026-07-12 14:22:02] [CAM] 摄像头未检测到，等待重连...
[2026-07-12 14:22:02] [CAM] 摄像头捕获器已释放
[2026-07-12 14:22:02] [CAM] 摄像头未检测到，等待重连...
[2026-07-12 14:22:03] [CAM] 摄像头捕获器已释放
[2026-07-12 14:22:03] [CAM] 摄像头未检测到，等待重连...
[2026-07-12 14:22:03] [CAM] 摄像头捕获器已释放
[2026-07-12 14:22:03] [CAM] 摄像头未检测到，等待重连...
[2026-07-12 14:22:04] [CAM] 摄像头捕获器已释放
[2026-07-12 14:22:04] [CAM] 摄像头未检测到，等待重连...
[2026-07-12 14:22:04] [CAM] 摄像头捕获器已释放
[2026-07-12 14:22:04] [CAM] 摄像头未检测到，等待重连...
[2026-07-12 14:22:05] [CAM] 摄像头捕获器已释放
[2026-07-12 14:22:05] [CAM] 摄像头未检测到，等待重连...
[2026-07-12 14:22:05] [CAM] 摄像头捕获器已释放
[2026-07-12 14:22:05] [CAM] 摄像头未检测到，等待重连...
[2026-07-12 14:22:06] [CAM] 摄像头捕获器已释放
[2026-07-12 14:22:06] [CAM] 摄像头未检测到，等待重连...
[2026-07-12 14:22:06] [CAM] 摄像头捕获器已释放
[2026-07-12 14:22:06] [CAM] 摄像头未检测到，等待重连...
[2026-07-12 14:22:07] [CAM] 摄像头捕获器已释放
[2026-07-12 14:22:07] [CAM] 摄像头未检测到，等待重连...
[2026-07-12 14:22:07] [CAM] 摄像头捕获器已释放
[2026-07-12 14:22:07] [CAM] 摄像头未检测到，等待重连...
[2026-07-12 14:22:08] [CAM] 摄像头捕获器已释放
[2026-07-12 14:22:08] [CAM] 摄像头未检测到，等待重连...
[2026-07-12 14:22:08] [CAM] 摄像头捕获器已释放
[2026-07-12 14:22:08] [CAM] 摄像头未检测到，等待重连...
[2026-07-12 14:22:09] [CAM] 摄像头捕获器已释放
[2026-07-12 14:22:09] [CAM] 摄像头未检测到，等待重连...
[2026-07-12 14:22:09] [CAM] 摄像头捕获器已释放
[2026-07-12 14:22:09] [CAM] 摄像头未检测到，等待重连...
[2026-07-12 14:22:10] [CAM] 摄像头捕获器已释放
[2026-07-12 14:22:10] [CAM] 摄像头未检测到，等待重连...
[2026-07-12 14:22:10] [CAM] 摄像头捕获器已释放
[2026-07-12 14:22:10] [CAM] 摄像头未检测到，等待重连...
[2026-07-12 14:22:11] [CAM] 摄像头捕获器已释放
[2026-07-12 14:22:11] [CAM] 摄像头未检测到，等待重连...
[2026-07-12 14:22:11] [CAM] 摄像头捕获器已释放
[2026-07-12 14:22:11] [CAM] 摄像头未检测到，等待重连...
[2026-07-12 14:22:12] [CAM] 摄像头捕获器已释放
[2026-07-12 14:22:12] [CAM] 摄像头未检测到，等待重连...
[2026-07-12 14:22:12] [CAM] 摄像头捕获器已释放
[2026-07-12 14:22:12] [CAM] 摄像头未检测到，等待重连...
[2026-07-12 14:22:13] [CAM] 摄像头捕获器已释放
[2026-07-12 14:22:13] [CAM] 摄像头未检测到，等待重连...
[2026-07-12 14:22:13] [CAM] 摄像头捕获器已释放
[2026-07-12 14:22:13] [CAM] 摄像头未检测到，等待重连...
[2026-07-12 14:22:14] [CAM] 摄像头捕获器已释放
[2026-07-12 14:22:14] [CAM] 摄像头未检测到，等待重连...
[2026-07-12 14:22:14] [CAM] 摄像头捕获器已释放
[2026-07-12 14:22:14] [CAM] 摄像头未检测到，等待重连...
[2026-07-12 14:22:15] [CAM] 摄像头捕获器已释放
[2026-07-12 14:22:15] [CAM] 摄像头未检测到，等待重连...
[2026-07-12 14:22:15] [CAM] 摄像头捕获器已释放
[2026-07-12 14:22:15] [CAM] 摄像头未检测到，等待重连...
[2026-07-12 14:22:16] [CAM] 摄像头捕获器已释放
[2026-07-12 14:22:16] [CAM] 摄像头未检测到，等待重连...
[2026-07-12 14:22:16] [CAM] 摄像头捕获器已释放
[2026-07-12 14:22:16] [CAM] 摄像头未检测到，等待重连...
[2026-07-12 14:22:17] [CAM] 摄像头捕获器已释放
[2026-07-12 14:22:17] [CAM] 摄像头未检测到，等待重连...
[2026-07-12 14:22:17] [CAM] 摄像头捕获器已释放
[2026-07-12 14:22:17] [CAM] 摄像头未检测到，等待重连...
[2026-07-12 14:22:18] [CAM] 摄像头捕获器已释放
[2026-07-12 14:22:18] [CAM] 摄像头未检测到，等待重连...
[2026-07-12 14:22:18] [CAM] 摄像头捕获器已释放
[2026-07-12 14:22:18] [CAM] 摄像头未检测到，等待重连...
[2026-07-12 14:22:19] [CAM] 摄像头捕获器已释放
[2026-07-12 14:22:19] [CAM] 摄像头未检测到，等待重连...
[2026-07-12 14:22:19] [CAM] 摄像头捕获器已释放
[2026-07-12 14:22:19] [CAM] 摄像头未检测到，等待重连...
[2026-07-12 14:22:20] [CAM] 摄像头捕获器已释放
[2026-07-12 14:22:20] [CAM] 摄像头未检测到，等待重连...
[2026-07-12 14:22:20] [CAM] 摄像头捕获器已释放
[2026-07-12 14:22:20] [CAM] 摄像头未检测到，等待重连...
[2026-07-12 14:22:21] [CAM] 摄像头捕获器已释放
[2026-07-12 14:22:21] [CAM] 摄像头未检测到，等待重连...
[2026-07-12 14:22:21] [CAM] 摄像头捕获器已释放
[2026-07-12 14:22:21] [CAM] 摄像头未检测到，等待重连...
[2026-07-12 14:22:22] [CAM] 摄像头捕获器已释放
[2026-07-12 14:22:22] [CAM] 摄像头未检测到，等待重连...
[2026-07-12 14:22:22] [CAM] 摄像头捕获器已释放
[2026-07-12 14:22:22] [CAM] 摄像头未检测到，等待重连...
[2026-07-12 14:22:23] [CAM] 摄像头捕获器已释放
[2026-07-12 14:22:23] [CAM] 摄像头未检测到，等待重连...
[2026-07-12 14:22:23] [CAM] 摄像头捕获器已释放
[2026-07-12 14:22:23] [CAM] 摄像头未检测到，等待重连...
[2026-07-12 14:22:24] [CAM] 摄像头捕获器已释放
[2026-07-12 14:22:24] [CAM] 摄像头未检测到，等待重连...
[2026-07-12 14:22:24] [CAM] 摄像头捕获器已释放
[2026-07-12 14:22:24] [CAM] 摄像头未检测到，等待重连...
[2026-07-12 14:22:25] [CAM] 摄像头捕获器已释放
[2026-07-12 14:22:25] [CAM] 摄像头未检测到，等待重连...
[2026-07-12 14:22:25] [CAM] 摄像头捕获器已释放
[2026-07-12 14:22:25] [CAM] 摄像头未检测到，等待重连...
[2026-07-12 14:22:26] [CAM] 摄像头捕获器已释放
[2026-07-12 14:22:26] [CAM] 摄像头未检测到，等待重连...
[2026-07-12 14:22:26] [CAM] 摄像头捕获器已释放
[2026-07-12 14:22:26] [CAM] 摄像头未检测到，等待重连...
[2026-07-12 14:22:27] [CAM] 摄像头捕获器已释放
[2026-07-12 14:22:27] [CAM] 摄像头未检测到，等待重连...
[2026-07-12 14:22:27] [CAM] 摄像头捕获器已释放
[2026-07-12 14:22:27] [CAM] 摄像头未检测到，等待重连...
[2026-07-12 14:22:28] [CAM] 摄像头捕获器已释放
[2026-07-12 14:22:28] [CAM] 摄像头未检测到，等待重连...
[2026-07-12 14:22:28] [CAM] 摄像头捕获器已释放
[2026-07-12 14:22:28] [CAM] 摄像头未检测到，等待重连...
[2026-07-12 14:22:29] [CAM] 摄像头捕获器已释放
[2026-07-12 14:22:29] [CAM] 摄像头未检测到，等待重连...
[2026-07-12 14:22:29] [CAM] 摄像头捕获器已释放
[2026-07-12 14:22:29] [CAM] 摄像头未检测到，等待重连...
[2026-07-12 14:22:30] [CAM] 摄像头捕获器已释放
[2026-07-12 14:22:30] [CAM] 摄像头未检测到，等待重连...
[2026-07-12 14:22:30] [CAM] 摄像头捕获器已释放
[2026-07-12 14:22:30] [CAM] 摄像头未检测到，等待重连...
[2026-07-12 14:22:31] [CAM] 摄像头捕获器已释放
[2026-07-12 14:22:31] [CAM] 摄像头未检测到，等待重连...
[2026-07-12 14:22:31] [CAM] 摄像头捕获器已释放
[2026-07-12 14:22:31] [CAM] 摄像头未检测到，等待重连...
[2026-07-12 14:22:32] [CAM] 摄像头捕获器已释放
[2026-07-12 14:22:32] [CAM] 摄像头未检测到，等待重连...
[2026-07-12 14:22:32] [CAM] 摄像头捕获器已释放
[2026-07-12 14:22:32] [CAM] 摄像头未检测到，等待重连...
[2026-07-12 14:22:33] [CAM] 摄像头捕获器已释放
[2026-07-12 14:22:33] [CAM] 摄像头未检测到，等待重连...
[2026-07-12 14:22:33] [CAM] 摄像头捕获器已释放
[2026-07-12 14:22:33] [CAM] 摄像头未检测到，等待重连...
[2026-07-12 14:22:34] [CAM] 摄像头捕获器已释放
[2026-07-12 14:22:34] [CAM] 摄像头未检测到，等待重连...
[2026-07-12 14:22:34] [CAM] 摄像头捕获器已释放
[2026-07-12 14:22:34] [CAM] 摄像头未检测到，等待重连...
[2026-07-12 14:22:35] [CAM] 摄像头捕获器已释放
[2026-07-12 14:22:35] [CAM] 摄像头未检测到，等待重连...
[2026-07-12 14:22:35] [CAM] 摄像头捕获器已释放
[2026-07-12 14:22:35] [CAM] 摄像头未检测到，等待重连...
[2026-07-12 14:22:36] [CAM] 摄像头捕获器已释放
[2026-07-12 14:22:36] [CAM] 摄像头未检测到，等待重连...
[2026-07-12 14:22:36] [CAM] 摄像头捕获器已释放
[2026-07-12 14:22:36] [CAM] 摄像头未检测到，等待重连...
[2026-07-12 14:22:37] [CAM] 摄像头捕获器已释放
[2026-07-12 14:22:37] [CAM] 摄像头未检测到，等待重连...
[2026-07-12 14:22:37] [CAM] 摄像头捕获器已释放
[2026-07-12 14:22:37] [CAM] 摄像头未检测到，等待重连...
[2026-07-12 14:22:38] [CAM] 摄像头捕获器已释放
[2026-07-12 14:22:38] [CAM] 摄像头未检测到，等待重连...
[2026-07-12 14:22:38] [CAM] 摄像头捕获器已释放
[2026-07-12 14:22:38] [CAM] 摄像头未检测到，等待重连...
[2026-07-12 14:22:39] [CAM] 摄像头捕获器已释放
[2026-07-12 14:22:39] [CAM] 摄像头未检测到，等待重连...
[2026-07-12 14:22:39] [CAM] 摄像头捕获器已释放
[2026-07-12 14:22:39] [CAM] 摄像头未检测到，等待重连...
[2026-07-12 14:22:40] [CAM] 摄像头捕获器已释放
[2026-07-12 14:22:40] [CAM] 摄像头未检测到，等待重连...
[2026-07-12 14:22:40] [CAM] 摄像头捕获器已释放
[2026-07-12 14:22:40] [CAM] 摄像头未检测到，等待重连...
[2026-07-12 14:22:41] [CAM] 摄像头捕获器已释放
[2026-07-12 14:22:41] [CAM] 摄像头未检测到，等待重连...
[2026-07-12 14:22:41] [CAM] 摄像头捕获器已释放
[2026-07-12 14:22:41] [CAM] 摄像头未检测到，等待重连...
[2026-07-12 14:22:42] [CAM] 摄像头捕获器已释放
[2026-07-12 14:22:42] [CAM] 摄像头未检测到，等待重连...
[2026-07-12 14:22:42] [CAM] 摄像头捕获器已释放
[2026-07-12 14:22:42] [CAM] 摄像头未检测到，等待重连...
[2026-07-12 14:22:43] [CAM] 摄像头捕获器已释放
[2026-07-12 14:22:43] [CAM] 摄像头未检测到，等待重连...
[2026-07-12 14:22:43] [CAM] 摄像头捕获器已释放
[2026-07-12 14:22:43] [CAM] 摄像头未检测到，等待重连...
[2026-07-12 14:22:44] [CAM] 摄像头捕获器已释放
[2026-07-12 14:22:44] [CAM] 摄像头未检测到，等待重连...
[2026-07-12 14:22:44] [CAM] 摄像头捕获器已释放
[2026-07-12 14:22:44] [CAM] 摄像头未检测到，等待重连...
[2026-07-12 14:22:45] [CAM] 摄像头捕获器已释放
[2026-07-12 14:22:45] [CAM] 摄像头未检测到，等待重连...
[2026-07-12 14:22:45] [CAM] 摄像头捕获器已释放
[2026-07-12 14:22:45] [CAM] 摄像头未检测到，等待重连...
[2026-07-12 14:22:46] [CAM] 摄像头捕获器已释放
[2026-07-12 14:22:46] [CAM] 摄像头未检测到，等待重连...
[2026-07-12 14:22:46] [CAM] 摄像头捕获器已释放
[2026-07-12 14:22:46] [CAM] 摄像头未检测到，等待重连...
[2026-07-12 14:22:47] [CAM] 摄像头捕获器已释放
[2026-07-12 14:22:47] [CAM] 摄像头未检测到，等待重连...
[2026-07-12 14:22:47] [CAM] 摄像头捕获器已释放
[2026-07-12 14:22:47] [CAM] 摄像头未检测到，等待重连...
[2026-07-12 14:22:48] [CAM] 摄像头捕获器已释放
[2026-07-12 14:22:48] [CAM] 摄像头未检测到，等待重连...
[2026-07-12 14:22:48] [CAM] 摄像头捕获器已释放
[2026-07-12 14:22:48] [CAM] 摄像头未检测到，等待重连...
[2026-07-12 14:22:49] [CAM] 摄像头捕获器已释放
[2026-07-12 14:22:49] [CAM] 摄像头未检测到，等待重连...
[2026-07-12 14:22:49] [CAM] 摄像头捕获器已释放
[2026-07-12 14:22:49] [CAM] 摄像头未检测到，等待重连...
[2026-07-12 14:22:50] [CAM] 摄像头捕获器已释放
[2026-07-12 14:22:50] [CAM] 摄像头未检测到，等待重连...
[2026-07-12 14:22:50] [CAM] 摄像头捕获器已释放
[2026-07-12 14:22:50] [CAM] 摄像头未检测到，等待重连...
[2026-07-12 14:22:51] [CAM] 摄像头捕获器已释放
[2026-07-12 14:22:51] [CAM] 摄像头未检测到，等待重连...
[2026-07-12 14:22:51] [CAM] 摄像头捕获器已释放
[2026-07-12 14:22:51] [CAM] 摄像头未检测到，等待重连...
[2026-07-12 14:22:52] [CAM] 摄像头捕获器已释放
[2026-07-12 14:22:52] [CAM] 摄像头未检测到，等待重连...
[2026-07-12 14:22:52] [CAM] 摄像头捕获器已释放
[2026-07-12 14:22:52] [CAM] 摄像头未检测到，等待重连...
[2026-07-12 14:22:53] [CAM] 摄像头捕获器已释放
[2026-07-12 14:22:53] [CAM] 摄像头未检测到，等待重连...
[2026-07-12 14:22:53] [CAM] 摄像头捕获器已释放
[2026-07-12 14:22:53] [CAM] 摄像头未检测到，等待重连...
[2026-07-12 14:22:54] [CAM] 摄像头捕获器已释放
[2026-07-12 14:22:54] [CAM] 摄像头未检测到，等待重连...
[2026-07-12 14:22:54] [CAM] 摄像头捕获器已释放
[2026-07-12 14:22:54] [CAM] 摄像头未检测到，等待重连...
[2026-07-12 14:22:55] [CAM] 摄像头捕获器已释放
[2026-07-12 14:22:55] [CAM] 摄像头未检测到，等待重连...
[2026-07-12 14:22:55] [CAM] 摄像头捕获器已释放
[2026-07-12 14:22:55] [CAM] 摄像头未检测到，等待重连...
[2026-07-12 14:22:56] [CAM] 摄像头捕获器已释放
[2026-07-12 14:22:56] [CAM] 摄像头未检测到，等待重连...
[2026-07-12 14:22:56] [CAM] 摄像头捕获器已释放
[2026-07-12 14:22:56] [CAM] 摄像头未检测到，等待重连...
[2026-07-12 14:22:57] [CAM] 摄像头捕获器已释放
[2026-07-12 14:22:57] [CAM] 摄像头未检测到，等待重连...
[2026-07-12 14:22:57] [CAM] 摄像头捕获器已释放
[2026-07-12 14:22:57] [CAM] 摄像头未检测到，等待重连...
[2026-07-12 14:22:58] [CAM] 摄像头捕获器已释放
[2026-07-12 14:22:58] [CAM] 摄像头未检测到，等待重连...
[2026-07-12 14:22:58] [CAM] 摄像头捕获器已释放
[2026-07-12 14:22:58] [CAM] 摄像头未检测到，等待重连...
[2026-07-12 14:22:59] [CAM] 摄像头捕获器已释放
[2026-07-12 14:22:59] [CAM] 摄像头未检测到，等待重连...
[2026-07-12 14:22:59] [CAM] 摄像头捕获器已释放
[2026-07-12 14:22:59] [CAM] 摄像头未检测到，等待重连...
[2026-07-12 14:23:00] [CAM] 摄像头捕获器已释放
[2026-07-12 14:23:00] [CAM] 摄像头未检测到，等待重连...
[2026-07-12 14:23:00] [CAM] 摄像头捕获器已释放
[2026-07-12 14:23:00] [CAM] 摄像头未检测到，等待重连...
[2026-07-12 14:23:01] [CAM] 摄像头捕获器已释放
[2026-07-12 14:23:01] [CAM] 摄像头未检测到，等待重连...
[2026-07-12 14:23:01] [CAM] 摄像头捕获器已释放
[2026-07-12 14:23:01] [CAM] 摄像头未检测到，等待重连...
[2026-07-12 14:23:02] [CAM] 摄像头捕获器已释放
[2026-07-12 14:23:02] [CAM] 摄像头未检测到，等待重连...
[2026-07-12 14:23:02] [CAM] 摄像头捕获器已释放
[2026-07-12 14:23:02] [CAM] 摄像头未检测到，等待重连...
[2026-07-12 14:23:03] [CAM] 摄像头捕获器已释放
[2026-07-12 14:23:03] [CAM] 摄像头未检测到，等待重连...
[2026-07-12 14:23:03] [CAM] 摄像头捕获器已释放
[2026-07-12 14:23:03] [CAM] 摄像头未检测到，等待重连...
[2026-07-12 14:23:04] [CAM] 摄像头捕获器已释放
[2026-07-12 14:23:04] [CAM] 摄像头未检测到，等待重连...
[2026-07-12 14:23:04] [CAM] 摄像头捕获器已释放
[2026-07-12 14:23:04] [CAM] 摄像头未检测到，等待重连...
[2026-07-12 14:23:05] [CAM] 摄像头捕获器已释放
[2026-07-12 14:23:05] [CAM] 摄像头未检测到，等待重连...
[2026-07-12 14:23:05] [CAM] 摄像头捕获器已释放
[2026-07-12 14:23:05] [CAM] 摄像头未检测到，等待重连...
[2026-07-12 14:23:06] [CAM] 摄像头捕获器已释放
[2026-07-12 14:23:06] [CAM] 摄像头未检测到，等待重连...
[2026-07-12 14:23:06] [CAM] 摄像头捕获器已释放
[2026-07-12 14:23:06] [CAM] 摄像头未检测到，等待重连...
[2026-07-12 14:23:07] [CAM] 摄像头捕获器已释放
[2026-07-12 14:23:07] [CAM] 摄像头未检测到，等待重连...
[2026-07-12 14:23:07] [CAM] 摄像头捕获器已释放
[2026-07-12 14:23:07] [CAM] 摄像头未检测到，等待重连...
[2026-07-12 14:23:08] [CAM] 摄像头捕获器已释放
[2026-07-12 14:23:08] [CAM] 摄像头未检测到，等待重连...
[2026-07-12 14:23:08] [CAM] 摄像头捕获器已释放
[2026-07-12 14:23:08] [CAM] 摄像头未检测到，等待重连...
[2026-07-12 14:23:09] [CAM] 摄像头捕获器已释放
[2026-07-12 14:23:09] [CAM] 摄像头未检测到，等待重连...
[2026-07-12 14:23:09] [CAM] 摄像头捕获器已释放
[2026-07-12 14:23:09] [CAM] 摄像头未检测到，等待重连...
[2026-07-12 14:23:10] [CAM] 摄像头捕获器已释放
[2026-07-12 14:23:10] [CAM] 摄像头未检测到，等待重连...
[2026-07-12 14:23:10] [CAM] 摄像头捕获器已释放
[2026-07-12 14:23:10] [CAM] 摄像头未检测到，等待重连...
[2026-07-12 14:23:11] [CAM] 摄像头捕获器已释放
[2026-07-12 14:23:11] [CAM] 摄像头未检测到，等待重连...
[2026-07-12 14:23:11] [CAM] 摄像头捕获器已释放
[2026-07-12 14:23:11] [CAM] 摄像头未检测到，等待重连...
[2026-07-12 14:23:12] [CAM] 摄像头捕获器已释放
[2026-07-12 14:23:12] [CAM] 摄像头未检测到，等待重连...
[2026-07-12 14:23:12] [CAM] 摄像头捕获器已释放
[2026-07-12 14:23:12] [CAM] 摄像头未检测到，等待重连...
[2026-07-12 14:23:13] [CAM] 摄像头捕获器已释放
[2026-07-12 14:23:13] [CAM] 摄像头未检测到，等待重连...
[2026-07-12 14:23:13] [CAM] 摄像头捕获器已释放
[2026-07-12 14:23:13] [CAM] 摄像头未检测到，等待重连...
[2026-07-12 14:23:14] [CAM] 摄像头捕获器已释放
[2026-07-12 14:23:14] [CAM] 摄像头未检测到，等待重连...
[2026-07-12 14:23:14] [CAM] 摄像头捕获器已释放
[2026-07-12 14:23:14] [CAM] 摄像头未检测到，等待重连...
[2026-07-12 14:23:15] [CAM] 摄像头捕获器已释放
[2026-07-12 14:23:15] [CAM] 摄像头未检测到，等待重连...
[2026-07-12 14:23:15] [CAM] 摄像头捕获器已释放
[2026-07-12 14:23:15] [CAM] 摄像头未检测到，等待重连...
[2026-07-12 14:23:16] [CAM] 摄像头捕获器已释放
[2026-07-12 14:23:16] [CAM] 摄像头未检测到，等待重连...
[2026-07-12 14:23:16] [CAM] 摄像头捕获器已释放
[2026-07-12 14:23:16] [CAM] 摄像头未检测到，等待重连...
[2026-07-12 14:23:17] [CAM] 摄像头捕获器已释放
[2026-07-12 14:23:17] [CAM] 摄像头未检测到，等待重连...
[2026-07-12 14:23:17] [CAM] 摄像头捕获器已释放
[2026-07-12 14:23:17] [CAM] 摄像头未检测到，等待重连...
[2026-07-12 14:23:18] [CAM] 摄像头捕获器已释放
[2026-07-12 14:23:18] [CAM] 摄像头未检测到，等待重连...
[2026-07-12 14:23:18] [CAM] 摄像头捕获器已释放
[2026-07-12 14:23:18] [CAM] 摄像头未检测到，等待重连...
[2026-07-12 14:23:19] [CAM] 摄像头捕获器已释放
[2026-07-12 14:23:19] [CAM] 摄像头未检测到，等待重连...
[2026-07-12 14:23:19] [CAM] 摄像头捕获器已释放
[2026-07-12 14:23:19] [CAM] 摄像头未检测到，等待重连...
[2026-07-12 14:23:20] [CAM] 摄像头捕获器已释放
[2026-07-12 14:23:20] [CAM] 摄像头未检测到，等待重连...
[2026-07-12 14:23:20] [CAM] 摄像头捕获器已释放
[2026-07-12 14:23:20] [CAM] 摄像头未检测到，等待重连...
[2026-07-12 14:23:21] [CAM] 摄像头捕获器已释放
[2026-07-12 14:23:21] [CAM] 摄像头未检测到，等待重连...
[2026-07-12 14:23:21] [CAM] 摄像头捕获器已释放
[2026-07-12 14:23:21] [CAM] 摄像头未检测到，等待重连...
[2026-07-12 14:23:22] [CAM] 摄像头捕获器已释放
[2026-07-12 14:23:22] [CAM] 摄像头未检测到，等待重连...
[2026-07-12 14:23:22] [CAM] 摄像头捕获器已释放
[2026-07-12 14:23:22] [CAM] 摄像头未检测到，等待重连...
[2026-07-12 14:23:23] [CAM] 摄像头捕获器已释放
[2026-07-12 14:23:23] [CAM] 摄像头未检测到，等待重连...
[2026-07-12 14:23:23] [CAM] 摄像头捕获器已释放
[2026-07-12 14:23:23] [CAM] 摄像头未检测到，等待重连...
[2026-07-12 14:23:24] [CAM] 摄像头捕获器已释放
[2026-07-12 14:23:24] [CAM] 摄像头未检测到，等待重连...
[2026-07-12 14:23:24] [CAM] 摄像头捕获器已释放
[2026-07-12 14:23:24] [CAM] 摄像头未检测到，等待重连...
[2026-07-12 14:23:25] [CAM] 摄像头捕获器已释放
[2026-07-12 14:23:25] [CAM] 摄像头未检测到，等待重连...
[2026-07-12 14:23:25] [CAM] 摄像头捕获器已释放
[2026-07-12 14:23:25] [CAM] 摄像头未检测到，等待重连...
[2026-07-12 14:23:26] [CAM] 摄像头捕获器已释放
[2026-07-12 14:23:26] [CAM] 摄像头未检测到，等待重连...
[2026-07-12 14:23:26] [CAM] 摄像头捕获器已释放
[2026-07-12 14:23:26] [CAM] 摄像头未检测到，等待重连...
[2026-07-12 14:23:27] [CAM] 摄像头捕获器已释放
[2026-07-12 14:23:27] [CAM] 摄像头未检测到，等待重连...
[2026-07-12 14:23:27] [CAM] 摄像头捕获器已释放
[2026-07-12 14:23:27] [CAM] 摄像头未检测到，等待重连...
[2026-07-12 14:23:28] [CAM] 摄像头捕获器已释放
[2026-07-12 14:23:28] [CAM] 摄像头未检测到，等待重连...
[2026-07-12 14:23:28] [CAM] 摄像头捕获器已释放
[2026-07-12 14:23:28] [CAM] 摄像头未检测到，等待重连...
[2026-07-12 14:23:29] [CAM] 摄像头捕获器已释放
[2026-07-12 14:23:29] [CAM] 摄像头未检测到，等待重连...
[2026-07-12 14:23:29] [CAM] 摄像头捕获器已释放
[2026-07-12 14:23:29] [CAM] 摄像头未检测到，等待重连...
[2026-07-12 14:23:30] [CAM] 摄像头捕获器已释放
[2026-07-12 14:23:30] [CAM] 摄像头未检测到，等待重连...
[2026-07-12 14:23:30] [CAM] 摄像头捕获器已释放
[2026-07-12 14:23:30] [CAM] 摄像头未检测到，等待重连...
[2026-07-12 14:23:31] [CAM] 摄像头捕获器已释放
[2026-07-12 14:23:31] [CAM] 摄像头未检测到，等待重连...
[2026-07-12 14:23:31] [CAM] 摄像头捕获器已释放
[2026-07-12 14:23:31] [CAM] 摄像头未检测到，等待重连...
[2026-07-12 14:23:32] [CAM] 摄像头捕获器已释放
[2026-07-12 14:23:32] [CAM] 摄像头未检测到，等待重连...
[2026-07-12 14:23:32] [CAM] 摄像头捕获器已释放
[2026-07-12 14:23:32] [CAM] 摄像头未检测到，等待重连...
[2026-07-12 14:23:33] [CAM] 摄像头捕获器已释放
[2026-07-12 14:23:33] [CAM] 摄像头未检测到，等待重连...
[2026-07-12 14:23:33] [CAM] 摄像头捕获器已释放
[2026-07-12 14:23:33] [CAM] 摄像头未检测到，等待重连...
[2026-07-12 14:23:34] [CAM] 摄像头捕获器已释放
[2026-07-12 14:23:34] [CAM] 摄像头未检测到，等待重连...
[2026-07-12 14:23:34] [CAM] 摄像头捕获器已释放
[2026-07-12 14:23:34] [CAM] 摄像头未检测到，等待重连...
[2026-07-12 14:23:35] [CAM] 摄像头捕获器已释放
[2026-07-12 14:23:35] [CAM] 摄像头未检测到，等待重连...
[2026-07-12 14:23:35] [CAM] 摄像头捕获器已释放
[2026-07-12 14:23:35] [CAM] 摄像头未检测到，等待重连...
[2026-07-12 14:23:36] [CAM] 摄像头捕获器已释放
[2026-07-12 14:23:36] [CAM] 摄像头未检测到，等待重连...
[2026-07-12 14:23:36] [CAM] 摄像头捕获器已释放
[2026-07-12 14:23:36] [CAM] 摄像头未检测到，等待重连...
[2026-07-12 14:23:37] [CAM] 摄像头捕获器已释放
[2026-07-12 14:23:37] [CAM] 摄像头未检测到，等待重连...
[2026-07-12 14:23:37] [CAM] 摄像头捕获器已释放
[2026-07-12 14:23:37] [CAM] 摄像头未检测到，等待重连...
[2026-07-12 14:23:38] [CAM] 摄像头捕获器已释放
[2026-07-12 14:23:38] [CAM] 摄像头未检测到，等待重连...
[2026-07-12 14:23:38] [CAM] 摄像头捕获器已释放
[2026-07-12 14:23:38] [CAM] 摄像头未检测到，等待重连...
[2026-07-12 14:23:39] [CAM] 摄像头捕获器已释放
[2026-07-12 14:23:39] [CAM] 摄像头未检测到，等待重连...
[2026-07-12 14:23:39] [CAM] 摄像头捕获器已释放
[2026-07-12 14:23:39] [CAM] 摄像头未检测到，等待重连...
[2026-07-12 14:23:40] [CAM] 摄像头捕获器已释放
[2026-07-12 14:23:40] [CAM] 摄像头未检测到，等待重连...
[2026-07-12 14:23:40] [CAM] 摄像头捕获器已释放
[2026-07-12 14:23:40] [CAM] 摄像头未检测到，等待重连...
[2026-07-12 14:23:41] [CAM] 摄像头捕获器已释放
[2026-07-12 14:23:41] [CAM] 摄像头未检测到，等待重连...
[2026-07-12 14:23:41] [CAM] 摄像头捕获器已释放
[2026-07-12 14:23:41] [CAM] 摄像头未检测到，等待重连...
[2026-07-12 14:23:42] [CAM] 摄像头捕获器已释放
[2026-07-12 14:23:42] [CAM] 摄像头未检测到，等待重连...
[2026-07-12 14:23:42] [CAM] 摄像头捕获器已释放
[2026-07-12 14:23:42] [CAM] 摄像头未检测到，等待重连...
[2026-07-12 14:23:43] [CAM] 摄像头捕获器已释放
[2026-07-12 14:23:43] [CAM] 摄像头未检测到，等待重连...
[2026-07-12 14:23:43] [CAM] 摄像头捕获器已释放
[2026-07-12 14:23:43] [CAM] 摄像头未检测到，等待重连...
[2026-07-12 14:23:44] [CAM] 摄像头捕获器已释放
[2026-07-12 14:23:44] [CAM] 摄像头未检测到，等待重连...
[2026-07-12 14:23:44] [CAM] 摄像头捕获器已释放
[2026-07-12 14:23:44] [CAM] 摄像头未检测到，等待重连...
[2026-07-12 14:23:45] [CAM] 摄像头捕获器已释放
[2026-07-12 14:23:45] [CAM] 摄像头未检测到，等待重连...
[2026-07-12 14:23:45] [CAM] 摄像头捕获器已释放
[2026-07-12 14:23:45] [CAM] 摄像头未检测到，等待重连...
[2026-07-12 14:23:46] [CAM] 摄像头捕获器已释放
[2026-07-12 14:23:46] [CAM] 摄像头未检测到，等待重连...
[2026-07-12 14:23:46] [CAM] 摄像头捕获器已释放
[2026-07-12 14:23:46] [CAM] 摄像头未检测到，等待重连...
[2026-07-12 14:23:47] [CAM] 摄像头捕获器已释放
[2026-07-12 14:23:47] [CAM] 摄像头未检测到，等待重连...
[2026-07-12 14:23:47] [CAM] 摄像头捕获器已释放
[2026-07-12 14:23:47] [CAM] 摄像头未检测到，等待重连...
[2026-07-12 14:23:48] [CAM] 摄像头捕获器已释放
[2026-07-12 14:23:48] [CAM] 摄像头未检测到，等待重连...
[2026-07-12 14:23:48] [CAM] 摄像头捕获器已释放
[2026-07-12 14:23:48] [CAM] 摄像头未检测到，等待重连...
[2026-07-12 14:23:49] [CAM] 摄像头捕获器已释放
[2026-07-12 14:23:49] [CAM] 摄像头未检测到，等待重连...
[2026-07-12 14:23:49] [CAM] 摄像头捕获器已释放
[2026-07-12 14:23:49] [CAM] 摄像头未检测到，等待重连...
[2026-07-12 14:23:50] [CAM] 摄像头捕获器已释放
[2026-07-12 14:23:50] [CAM] 摄像头未检测到，等待重连...
[2026-07-12 14:23:50] [CAM] 摄像头捕获器已释放
[2026-07-12 14:23:50] [CAM] 摄像头未检测到，等待重连...
[2026-07-12 14:23:51] [CAM] 摄像头捕获器已释放
[2026-07-12 14:23:51] [CAM] 摄像头未检测到，等待重连...
[2026-07-12 14:23:51] [CAM] 摄像头捕获器已释放
[2026-07-12 14:23:51] [CAM] 摄像头未检测到，等待重连...
[2026-07-12 14:23:52] [CAM] 摄像头捕获器已释放
[2026-07-12 14:23:52] [CAM] 摄像头未检测到，等待重连...
[2026-07-12 14:23:52] [CAM] 摄像头捕获器已释放
[2026-07-12 14:23:52] [CAM] 摄像头未检测到，等待重连...
[2026-07-12 14:23:53] [CAM] 摄像头捕获器已释放
[2026-07-12 14:23:53] [CAM] 摄像头未检测到，等待重连...
[2026-07-12 14:23:53] [CAM] 摄像头捕获器已释放
[2026-07-12 14:23:53] [CAM] 摄像头未检测到，等待重连...
[2026-07-12 14:23:54] [CAM] 摄像头捕获器已释放
[2026-07-12 14:23:54] [CAM] 摄像头未检测到，等待重连...
[2026-07-12 14:23:54] [CAM] 摄像头捕获器已释放
[2026-07-12 14:23:54] [CAM] 摄像头未检测到，等待重连...
[2026-07-12 14:23:55] [CAM] 摄像头捕获器已释放
[2026-07-12 14:23:55] [CAM] 摄像头未检测到，等待重连...
[2026-07-12 14:23:55] [CAM] 摄像头捕获器已释放
[2026-07-12 14:23:55] [CAM] 摄像头未检测到，等待重连...
[2026-07-12 14:23:56] [CAM] 摄像头捕获器已释放
[2026-07-12 14:23:56] [CAM] 摄像头未检测到，等待重连...
[2026-07-12 14:23:56] [CAM] 摄像头捕获器已释放
[2026-07-12 14:23:56] [CAM] 摄像头未检测到，等待重连...
[2026-07-12 14:23:57] [CAM] 摄像头捕获器已释放
[2026-07-12 14:23:57] [CAM] 摄像头未检测到，等待重连...
[2026-07-12 14:23:57] [CAM] 摄像头捕获器已释放
[2026-07-12 14:23:57] [CAM] 摄像头未检测到，等待重连...
[2026-07-12 14:23:58] [CAM] 摄像头捕获器已释放
[2026-07-12 14:23:58] [CAM] 摄像头未检测到，等待重连...
[2026-07-12 14:23:58] [CAM] 摄像头捕获器已释放
[2026-07-12 14:23:58] [CAM] 摄像头未检测到，等待重连...
[2026-07-12 14:23:59] [CAM] 摄像头捕获器已释放
[2026-07-12 14:23:59] [CAM] 摄像头未检测到，等待重连...
[2026-07-12 14:23:59] [CAM] 摄像头捕获器已释放
[2026-07-12 14:23:59] [CAM] 摄像头未检测到，等待重连...
[2026-07-12 14:24:00] [CAM] 摄像头捕获器已释放
[2026-07-12 14:24:00] [CAM] 摄像头未检测到，等待重连...
[2026-07-12 14:24:00] [CAM] 摄像头捕获器已释放
[2026-07-12 14:24:00] [CAM] 摄像头未检测到，等待重连...
[2026-07-12 14:24:01] [CAM] 摄像头捕获器已释放
[2026-07-12 14:24:01] [CAM] 摄像头未检测到，等待重连...
[2026-07-12 14:24:01] [CAM] 摄像头捕获器已释放
[2026-07-12 14:24:01] [CAM] 摄像头未检测到，等待重连...
[2026-07-12 14:24:02] [CAM] 摄像头捕获器已释放
[2026-07-12 14:24:02] [CAM] 摄像头未检测到，等待重连...
[2026-07-12 14:24:02] [CAM] 摄像头捕获器已释放
[2026-07-12 14:24:02] [CAM] 摄像头未检测到，等待重连...
[2026-07-12 14:24:03] [CAM] 摄像头捕获器已释放
[2026-07-12 14:24:03] [CAM] 摄像头未检测到，等待重连...
[2026-07-12 14:24:03] [CAM] 摄像头捕获器已释放
[2026-07-12 14:24:03] [CAM] 摄像头未检测到，等待重连...
[2026-07-12 14:24:04] [CAM] 摄像头捕获器已释放
[2026-07-12 14:24:04] [CAM] 摄像头未检测到，等待重连...
[2026-07-12 14:24:04] [CAM] 摄像头捕获器已释放
[2026-07-12 14:24:04] [CAM] 摄像头未检测到，等待重连...
[2026-07-12 14:24:05] [CAM] 摄像头捕获器已释放
[2026-07-12 14:24:05] [CAM] 摄像头未检测到，等待重连...
[2026-07-12 14:24:05] [CAM] 摄像头捕获器已释放
[2026-07-12 14:24:05] [CAM] 摄像头未检测到，等待重连...
[2026-07-12 14:24:06] [CAM] 摄像头捕获器已释放
[2026-07-12 14:24:06] [CAM] 摄像头未检测到，等待重连...
[2026-07-12 14:24:06] [CAM] 摄像头捕获器已释放
[2026-07-12 14:24:06] [CAM] 摄像头未检测到，等待重连...
[2026-07-12 14:24:07] [CAM] 摄像头捕获器已释放
[2026-07-12 14:24:07] [CAM] 摄像头未检测到，等待重连...
[2026-07-12 14:24:07] [CAM] 摄像头捕获器已释放
[2026-07-12 14:24:07] [CAM] 摄像头未检测到，等待重连...
[2026-07-12 14:24:08] [CAM] 摄像头捕获器已释放
[2026-07-12 14:24:08] [CAM] 摄像头未检测到，等待重连...
[2026-07-12 14:24:08] [CAM] 摄像头捕获器已释放
[2026-07-12 14:24:08] [CAM] 摄像头未检测到，等待重连...
[2026-07-12 14:24:09] [CAM] 摄像头捕获器已释放
[2026-07-12 14:24:09] [CAM] 摄像头未检测到，等待重连...
[2026-07-12 14:24:09] [CAM] 摄像头捕获器已释放
[2026-07-12 14:24:09] [CAM] 摄像头未检测到，等待重连...
[2026-07-12 14:24:10] [CAM] 摄像头捕获器已释放
[2026-07-12 14:24:10] [CAM] 摄像头未检测到，等待重连...
[2026-07-12 14:24:10] [CAM] 摄像头捕获器已释放
[2026-07-12 14:24:10] [CAM] 摄像头未检测到，等待重连...
[2026-07-12 14:24:11] [CAM] 摄像头捕获器已释放
[2026-07-12 14:24:11] [CAM] 摄像头未检测到，等待重连...
[2026-07-12 14:24:11] [CAM] 摄像头捕获器已释放
[2026-07-12 14:24:11] [CAM] 摄像头未检测到，等待重连...
[2026-07-12 14:24:12] [CAM] 摄像头捕获器已释放
[2026-07-12 14:24:12] [CAM] 摄像头未检测到，等待重连...
[2026-07-12 14:24:12] [CAM] 摄像头捕获器已释放
[2026-07-12 14:24:12] [CAM] 摄像头未检测到，等待重连...
[2026-07-12 14:24:13] [CAM] 摄像头捕获器已释放
[2026-07-12 14:24:13] [CAM] 摄像头未检测到，等待重连...
[2026-07-12 14:24:13] [CAM] 摄像头捕获器已释放
[2026-07-12 14:24:13] [CAM] 摄像头未检测到，等待重连...
[2026-07-12 14:24:14] [CAM] 摄像头捕获器已释放
[2026-07-12 14:24:14] [CAM] 摄像头未检测到，等待重连...
[2026-07-12 14:24:14] [CAM] 摄像头捕获器已释放
[2026-07-12 14:24:14] [CAM] 摄像头未检测到，等待重连...
[2026-07-12 14:24:15] [CAM] 摄像头捕获器已释放
[2026-07-12 14:24:15] [CAM] 摄像头未检测到，等待重连...
[2026-07-12 14:24:15] [CAM] 摄像头捕获器已释放
[2026-07-12 14:24:15] [CAM] 摄像头未检测到，等待重连...
[2026-07-12 14:24:16] [CAM] 摄像头捕获器已释放
[2026-07-12 14:24:16] [CAM] 摄像头未检测到，等待重连...
[2026-07-12 14:24:16] [CAM] 摄像头捕获器已释放
[2026-07-12 14:24:16] [CAM] 摄像头未检测到，等待重连...
[2026-07-12 14:24:17] [CAM] 摄像头捕获器已释放
[2026-07-12 14:24:17] [CAM] 摄像头未检测到，等待重连...
[2026-07-12 14:24:17] [CAM] 摄像头捕获器已释放
[2026-07-12 14:24:17] [CAM] 摄像头未检测到，等待重连...
[2026-07-12 14:24:18] [CAM] 摄像头捕获器已释放
[2026-07-12 14:24:18] [CAM] 摄像头未检测到，等待重连...
[2026-07-12 14:24:18] [CAM] 摄像头捕获器已释放
[2026-07-12 14:24:18] [CAM] 摄像头未检测到，等待重连...
[2026-07-12 14:24:19] [CAM] 摄像头捕获器已释放
[2026-07-12 14:24:19] [CAM] 摄像头未检测到，等待重连...
[2026-07-12 14:24:19] [CAM] 摄像头捕获器已释放
[2026-07-12 14:24:19] [CAM] 摄像头未检测到，等待重连...
[2026-07-12 14:24:20] [CAM] 摄像头捕获器已释放
[2026-07-12 14:24:20] [CAM] 摄像头未检测到，等待重连...
[2026-07-12 14:24:20] [CAM] 摄像头捕获器已释放
[2026-07-12 14:24:20] [CAM] 摄像头未检测到，等待重连...
[2026-07-12 14:24:21] [CAM] 摄像头捕获器已释放
[2026-07-12 14:24:21] [CAM] 摄像头未检测到，等待重连...
[2026-07-12 14:24:21] [CAM] 摄像头捕获器已释放
[2026-07-12 14:24:21] [CAM] 摄像头未检测到，等待重连...
[2026-07-12 14:24:22] [CAM] 摄像头捕获器已释放
[2026-07-12 14:24:22] [CAM] 摄像头未检测到，等待重连...
[2026-07-12 14:24:22] [CAM] 摄像头捕获器已释放
[2026-07-12 14:24:22] [CAM] 摄像头未检测到，等待重连...
[2026-07-12 14:24:23] [CAM] 摄像头捕获器已释放
[2026-07-12 14:24:23] [CAM] 摄像头未检测到，等待重连...
[2026-07-12 14:24:23] [CAM] 摄像头捕获器已释放
[2026-07-12 14:24:23] [CAM] 摄像头未检测到，等待重连...
[2026-07-12 14:24:24] [CAM] 摄像头捕获器已释放
[2026-07-12 14:24:24] [CAM] 摄像头未检测到，等待重连...
[2026-07-12 14:24:24] [CAM] 摄像头捕获器已释放
[2026-07-12 14:24:24] [CAM] 摄像头未检测到，等待重连...
[2026-07-12 14:24:25] [CAM] 摄像头捕获器已释放
[2026-07-12 14:24:25] [CAM] 摄像头未检测到，等待重连...
[2026-07-12 14:24:25] [CAM] 摄像头捕获器已释放
[2026-07-12 14:24:25] [CAM] 摄像头未检测到，等待重连...
[2026-07-12 14:24:26] [CAM] 摄像头捕获器已释放
[2026-07-12 14:24:26] [CAM] 摄像头未检测到，等待重连...
[2026-07-12 14:24:26] [CAM] 摄像头捕获器已释放
[2026-07-12 14:24:26] [CAM] 摄像头未检测到，等待重连...
[2026-07-12 14:24:27] [CAM] 摄像头捕获器已释放
[2026-07-12 14:24:27] [CAM] 摄像头未检测到，等待重连...
[2026-07-12 14:24:27] [CAM] 摄像头捕获器已释放
[2026-07-12 14:24:27] [CAM] 摄像头未检测到，等待重连...
[2026-07-12 14:24:28] [CAM] 摄像头捕获器已释放
[2026-07-12 14:24:28] [CAM] 摄像头未检测到，等待重连...
[2026-07-12 14:24:28] [CAM] 摄像头捕获器已释放
[2026-07-12 14:24:28] [CAM] 摄像头未检测到，等待重连...
[2026-07-12 14:24:29] [CAM] 摄像头捕获器已释放
[2026-07-12 14:24:29] [CAM] 摄像头未检测到，等待重连...
[2026-07-12 14:24:29] [CAM] 摄像头捕获器已释放
[2026-07-12 14:24:29] [CAM] 摄像头未检测到，等待重连...
[2026-07-12 14:24:30] [CAM] 摄像头捕获器已释放
[2026-07-12 14:24:30] [CAM] 摄像头未检测到，等待重连...
[2026-07-12 14:24:30] [CAM] 摄像头捕获器已释放
[2026-07-12 14:24:30] [CAM] 摄像头未检测到，等待重连...
[2026-07-12 14:24:31] [CAM] 摄像头捕获器已释放
[2026-07-12 14:24:31] [CAM] 摄像头未检测到，等待重连...
[2026-07-12 14:24:31] [CAM] 摄像头捕获器已释放
[2026-07-12 14:24:31] [CAM] 摄像头未检测到，等待重连...
[2026-07-12 14:24:32] [CAM] 摄像头捕获器已释放
[2026-07-12 14:24:32] [CAM] 摄像头未检测到，等待重连...
[2026-07-12 14:24:32] [CAM] 摄像头捕获器已释放
[2026-07-12 14:24:32] [CAM] 摄像头未检测到，等待重连...
[2026-07-12 14:24:33] [CAM] 摄像头捕获器已释放
[2026-07-12 14:24:33] [CAM] 摄像头未检测到，等待重连...
[2026-07-12 14:24:33] [CAM] 摄像头捕获器已释放
[2026-07-12 14:24:33] [CAM] 摄像头未检测到，等待重连...
[2026-07-12 14:24:34] [CAM] 摄像头捕获器已释放
[2026-07-12 14:24:34] [CAM] 摄像头未检测到，等待重连...
[2026-07-12 14:24:34] [CAM] 摄像头捕获器已释放
[2026-07-12 14:24:34] [CAM] 摄像头未检测到，等待重连...
[2026-07-12 14:24:35] [CAM] 摄像头捕获器已释放
[2026-07-12 14:24:35] [CAM] 摄像头未检测到，等待重连...
[2026-07-12 14:24:35] [CAM] 摄像头捕获器已释放
[2026-07-12 14:24:35] [CAM] 摄像头未检测到，等待重连...
[2026-07-12 14:24:36] [CAM] 摄像头捕获器已释放
[2026-07-12 14:24:36] [CAM] 摄像头未检测到，等待重连...
[2026-07-12 14:24:36] [CAM] 摄像头捕获器已释放
[2026-07-12 14:24:36] [CAM] 摄像头未检测到，等待重连...
[2026-07-12 14:24:37] [CAM] 摄像头捕获器已释放
[2026-07-12 14:24:37] [CAM] 摄像头未检测到，等待重连...
[2026-07-12 14:24:37] [CAM] 摄像头捕获器已释放
[2026-07-12 14:24:37] [CAM] 摄像头未检测到，等待重连...
[2026-07-12 14:24:38] [CAM] 摄像头捕获器已释放
[2026-07-12 14:24:38] [CAM] 摄像头未检测到，等待重连...
[2026-07-12 14:24:38] [CAM] 摄像头捕获器已释放
[2026-07-12 14:24:38] [CAM] 摄像头未检测到，等待重连...
[2026-07-12 14:24:39] [CAM] 摄像头捕获器已释放
[2026-07-12 14:24:39] [CAM] 摄像头未检测到，等待重连...
[2026-07-12 14:24:39] [CAM] 摄像头捕获器已释放
[2026-07-12 14:24:39] [CAM] 摄像头未检测到，等待重连...
[2026-07-12 14:24:40] [CAM] 摄像头捕获器已释放
[2026-07-12 14:24:40] [CAM] 摄像头未检测到，等待重连...
[2026-07-12 14:24:40] [CAM] 摄像头捕获器已释放
[2026-07-12 14:24:40] [CAM] 摄像头未检测到，等待重连...
[2026-07-12 14:24:41] [CAM] 摄像头捕获器已释放
[2026-07-12 14:24:41] [CAM] 摄像头未检测到，等待重连...
[2026-07-12 14:24:41] [CAM] 摄像头捕获器已释放
[2026-07-12 14:24:41] [CAM] 摄像头未检测到，等待重连...
[2026-07-12 14:24:42] [CAM] 摄像头捕获器已释放
[2026-07-12 14:24:42] [CAM] 摄像头未检测到，等待重连...
[2026-07-12 14:24:42] [CAM] 摄像头捕获器已释放
[2026-07-12 14:24:42] [CAM] 摄像头未检测到，等待重连...
[2026-07-12 14:24:43] [CAM] 摄像头捕获器已释放
[2026-07-12 14:24:43] [CAM] 摄像头未检测到，等待重连...
[2026-07-12 14:24:43] [CAM] 摄像头捕获器已释放
[2026-07-12 14:24:43] [CAM] 摄像头未检测到，等待重连...
[2026-07-12 14:24:44] [CAM] 摄像头捕获器已释放
[2026-07-12 14:24:44] [CAM] 摄像头未检测到，等待重连...
[2026-07-12 14:24:44] [CAM] 摄像头捕获器已释放
[2026-07-12 14:24:44] [CAM] 摄像头未检测到，等待重连...
[2026-07-12 14:24:45] [CAM] 摄像头捕获器已释放
[2026-07-12 14:24:45] [CAM] 摄像头未检测到，等待重连...
[2026-07-12 14:24:45] [CAM] 摄像头捕获器已释放
[2026-07-12 14:24:45] [CAM] 摄像头未检测到，等待重连...
[2026-07-12 14:24:46] [CAM] 摄像头捕获器已释放
[2026-07-12 14:24:46] [CAM] 摄像头未检测到，等待重连...
[2026-07-12 14:24:46] [CAM] 摄像头捕获器已释放
[2026-07-12 14:24:46] [CAM] 摄像头未检测到，等待重连...
[2026-07-12 14:24:47] [CAM] 摄像头捕获器已释放
[2026-07-12 14:24:47] [CAM] 摄像头未检测到，等待重连...
[2026-07-12 14:24:47] [CAM] 摄像头捕获器已释放
[2026-07-12 14:24:47] [CAM] 摄像头未检测到，等待重连...
[2026-07-12 14:24:48] [CAM] 摄像头捕获器已释放
[2026-07-12 14:24:48] [CAM] 摄像头未检测到，等待重连...
[2026-07-12 14:24:48] [CAM] 摄像头捕获器已释放
[2026-07-12 14:24:48] [CAM] 摄像头未检测到，等待重连...
[2026-07-12 14:24:49] [CAM] 摄像头捕获器已释放
[2026-07-12 14:24:49] [CAM] 摄像头未检测到，等待重连...
[2026-07-12 14:24:49] [CAM] 摄像头捕获器已释放
[2026-07-12 14:24:49] [CAM] 摄像头未检测到，等待重连...
[2026-07-12 14:24:50] [CAM] 摄像头捕获器已释放
[2026-07-12 14:24:50] [CAM] 摄像头未检测到，等待重连...
[2026-07-12 14:24:50] [CAM] 摄像头捕获器已释放
[2026-07-12 14:24:50] [CAM] 摄像头未检测到，等待重连...
[2026-07-12 14:24:51] [CAM] 摄像头捕获器已释放
[2026-07-12 14:24:51] [CAM] 摄像头未检测到，等待重连...
[2026-07-12 14:24:51] [CAM] 摄像头捕获器已释放
[2026-07-12 14:24:51] [CAM] 摄像头未检测到，等待重连...
[2026-07-12 14:24:52] [CAM] 摄像头捕获器已释放
[2026-07-12 14:24:52] [CAM] 摄像头未检测到，等待重连...
[2026-07-12 14:24:52] [CAM] 摄像头捕获器已释放
[2026-07-12 14:24:52] [CAM] 摄像头未检测到，等待重连...
[2026-07-12 14:24:53] [CAM] 摄像头捕获器已释放
[2026-07-12 14:24:53] [CAM] 摄像头未检测到，等待重连...
[2026-07-12 14:24:53] [CAM] 摄像头捕获器已释放
[2026-07-12 14:24:53] [CAM] 摄像头未检测到，等待重连...
[2026-07-12 14:24:54] [CAM] 摄像头捕获器已释放
[2026-07-12 14:24:54] [CAM] 摄像头未检测到，等待重连...
[2026-07-12 14:24:54] [CAM] 摄像头捕获器已释放
[2026-07-12 14:24:54] [CAM] 摄像头未检测到，等待重连...
[2026-07-12 14:24:55] [CAM] 摄像头捕获器已释放
[2026-07-12 14:24:55] [CAM] 摄像头未检测到，等待重连...
[2026-07-12 14:24:55] [CAM] 摄像头捕获器已释放
[2026-07-12 14:24:55] [CAM] 摄像头未检测到，等待重连...
[2026-07-12 14:24:56] [CAM] 摄像头捕获器已释放
[2026-07-12 14:24:56] [CAM] 摄像头未检测到，等待重连...
[2026-07-12 14:24:56] [CAM] 摄像头捕获器已释放
[2026-07-12 14:24:56] [CAM] 摄像头未检测到，等待重连...
[2026-07-12 14:24:57] [CAM] 摄像头捕获器已释放
[2026-07-12 14:24:57] [CAM] 摄像头未检测到，等待重连...
[2026-07-12 14:24:57] [CAM] 摄像头捕获器已释放
[2026-07-12 14:24:57] [CAM] 摄像头未检测到，等待重连...
[2026-07-12 14:24:58] [CAM] 摄像头捕获器已释放
[2026-07-12 14:24:58] [CAM] 摄像头未检测到，等待重连...
[2026-07-12 14:24:58] [CAM] 摄像头捕获器已释放
[2026-07-12 14:24:58] [CAM] 摄像头未检测到，等待重连...
[2026-07-12 14:24:59] [CAM] 摄像头捕获器已释放
[2026-07-12 14:24:59] [CAM] 摄像头未检测到，等待重连...
[2026-07-12 14:24:59] [CAM] 摄像头捕获器已释放
[2026-07-12 14:24:59] [CAM] 摄像头未检测到，等待重连...
[2026-07-12 14:25:00] [CAM] 摄像头捕获器已释放
[2026-07-12 14:25:00] [CAM] 摄像头未检测到，等待重连...
[2026-07-12 14:25:00] [CAM] 摄像头捕获器已释放
[2026-07-12 14:25:00] [CAM] 摄像头未检测到，等待重连...
[2026-07-12 14:25:01] [CAM] 摄像头捕获器已释放
[2026-07-12 14:25:01] [CAM] 摄像头未检测到，等待重连...
[2026-07-12 14:25:01] [CAM] 摄像头捕获器已释放
[2026-07-12 14:25:01] [CAM] 摄像头未检测到，等待重连...
[2026-07-12 14:25:02] [CAM] 摄像头捕获器已释放
[2026-07-12 14:25:02] [CAM] 摄像头未检测到，等待重连...
[2026-07-12 14:25:02] [CAM] 摄像头捕获器已释放
[2026-07-12 14:25:02] [CAM] 摄像头未检测到，等待重连...
[2026-07-12 14:25:03] [CAM] 摄像头捕获器已释放
[2026-07-12 14:25:03] [CAM] 摄像头未检测到，等待重连...
[2026-07-12 14:25:03] [CAM] 摄像头捕获器已释放
[2026-07-12 14:25:03] [CAM] 摄像头未检测到，等待重连...
[2026-07-12 14:25:04] [CAM] 摄像头捕获器已释放
[2026-07-12 14:25:04] [CAM] 摄像头未检测到，等待重连...
[2026-07-12 14:25:04] [CAM] 摄像头捕获器已释放
[2026-07-12 14:25:04] [CAM] 摄像头未检测到，等待重连...
[2026-07-12 14:25:05] [CAM] 摄像头捕获器已释放
[2026-07-12 14:25:05] [CAM] 摄像头未检测到，等待重连...
[2026-07-12 14:25:05] [CAM] 摄像头捕获器已释放
[2026-07-12 14:25:05] [CAM] 摄像头未检测到，等待重连...
[2026-07-12 14:25:06] [CAM] 摄像头捕获器已释放
[2026-07-12 14:25:06] [CAM] 摄像头未检测到，等待重连...
[2026-07-12 14:25:06] [CAM] 摄像头捕获器已释放
[2026-07-12 14:25:06] [CAM] 摄像头未检测到，等待重连...
[2026-07-12 14:25:07] [CAM] 摄像头捕获器已释放
[2026-07-12 14:25:07] [CAM] 摄像头未检测到，等待重连...
[2026-07-12 14:25:07] [CAM] 摄像头捕获器已释放
[2026-07-12 14:25:07] [CAM] 摄像头未检测到，等待重连...
[2026-07-12 14:25:08] [CAM] 摄像头捕获器已释放
[2026-07-12 14:25:08] [CAM] 摄像头未检测到，等待重连...
[2026-07-12 14:25:08] [CAM] 摄像头捕获器已释放
[2026-07-12 14:25:08] [CAM] 摄像头未检测到，等待重连...
[2026-07-12 14:25:09] [CAM] 摄像头捕获器已释放
[2026-07-12 14:25:09] [CAM] 摄像头未检测到，等待重连...
[2026-07-12 14:25:09] [CAM] 摄像头捕获器已释放
[2026-07-12 14:25:09] [CAM] 摄像头未检测到，等待重连...
[2026-07-12 14:25:10] [CAM] 摄像头捕获器已释放
[2026-07-12 14:25:10] [CAM] 摄像头未检测到，等待重连...
[2026-07-12 14:25:10] [CAM] 摄像头捕获器已释放
[2026-07-12 14:25:10] [CAM] 摄像头未检测到，等待重连...
[2026-07-12 14:25:11] [CAM] 摄像头捕获器已释放
[2026-07-12 14:25:11] [CAM] 摄像头未检测到，等待重连...
[2026-07-12 14:25:11] [CAM] 摄像头捕获器已释放
[2026-07-12 14:25:11] [CAM] 摄像头未检测到，等待重连...
[2026-07-12 14:25:12] [CAM] 摄像头捕获器已释放
[2026-07-12 14:25:12] [CAM] 摄像头未检测到，等待重连...
[2026-07-12 14:25:12] [CAM] 摄像头捕获器已释放
[2026-07-12 14:25:12] [CAM] 摄像头未检测到，等待重连...
[2026-07-12 14:25:13] [CAM] 摄像头捕获器已释放
[2026-07-12 14:25:13] [CAM] 摄像头未检测到，等待重连...
[2026-07-12 14:25:13] [CAM] 摄像头捕获器已释放
[2026-07-12 14:25:13] [CAM] 摄像头未检测到，等待重连...
[2026-07-12 14:25:14] [CAM] 摄像头捕获器已释放
[2026-07-12 14:25:14] [CAM] 摄像头未检测到，等待重连...
[2026-07-12 14:25:14] [CAM] 摄像头捕获器已释放
[2026-07-12 14:25:14] [CAM] 摄像头未检测到，等待重连...
[2026-07-12 14:25:15] [CAM] 摄像头捕获器已释放
[2026-07-12 14:25:15] [CAM] 摄像头未检测到，等待重连...
[2026-07-12 14:25:15] [CAM] 摄像头捕获器已释放
[2026-07-12 14:25:15] [CAM] 摄像头未检测到，等待重连...
[2026-07-12 14:25:16] [CAM] 摄像头捕获器已释放
[2026-07-12 14:25:16] [CAM] 摄像头未检测到，等待重连...
[2026-07-12 14:25:16] [CAM] 摄像头捕获器已释放
[2026-07-12 14:25:16] [CAM] 摄像头未检测到，等待重连...
[2026-07-12 14:25:17] [CAM] 摄像头捕获器已释放
[2026-07-12 14:25:17] [CAM] 摄像头未检测到，等待重连...
[2026-07-12 14:25:17] [CAM] 摄像头捕获器已释放
[2026-07-12 14:25:17] [CAM] 摄像头未检测到，等待重连...
[2026-07-12 14:25:18] [CAM] 摄像头捕获器已释放
[2026-07-12 14:25:18] [CAM] 摄像头未检测到，等待重连...
[2026-07-12 14:25:18] [CAM] 摄像头捕获器已释放
[2026-07-12 14:25:18] [CAM] 摄像头未检测到，等待重连...
[2026-07-12 14:25:19] [CAM] 摄像头捕获器已释放
[2026-07-12 14:25:19] [CAM] 摄像头未检测到，等待重连...
[2026-07-12 14:25:19] [CAM] 摄像头捕获器已释放
[2026-07-12 14:25:19] [CAM] 摄像头未检测到，等待重连...
[2026-07-12 14:25:20] [CAM] 摄像头捕获器已释放
[2026-07-12 14:25:20] [CAM] 摄像头未检测到，等待重连...
[2026-07-12 14:25:20] [CAM] 摄像头捕获器已释放
[2026-07-12 14:25:20] [CAM] 摄像头未检测到，等待重连...
[2026-07-12 14:25:21] [CAM] 摄像头捕获器已释放
[2026-07-12 14:25:21] [CAM] 摄像头未检测到，等待重连...
[2026-07-12 14:25:21] [CAM] 摄像头捕获器已释放
[2026-07-12 14:25:21] [CAM] 摄像头未检测到，等待重连...
[2026-07-12 14:25:22] [CAM] 摄像头捕获器已释放
[2026-07-12 14:25:22] [CAM] 摄像头未检测到，等待重连...
[2026-07-12 14:25:22] [CAM] 摄像头捕获器已释放
[2026-07-12 14:25:22] [CAM] 摄像头未检测到，等待重连...
[2026-07-12 14:25:23] [CAM] 摄像头捕获器已释放
[2026-07-12 14:25:23] [CAM] 摄像头未检测到，等待重连...
[2026-07-12 14:25:23] [CAM] 摄像头捕获器已释放
[2026-07-12 14:25:23] [CAM] 摄像头未检测到，等待重连...
[2026-07-12 14:25:24] [CAM] 摄像头捕获器已释放
[2026-07-12 14:25:24] [CAM] 摄像头未检测到，等待重连...
[2026-07-12 14:25:24] [CAM] 摄像头捕获器已释放
[2026-07-12 14:25:24] [CAM] 摄像头未检测到，等待重连...
[2026-07-12 14:25:25] [CAM] 摄像头捕获器已释放
[2026-07-12 14:25:25] [CAM] 摄像头未检测到，等待重连...
[2026-07-12 14:25:25] [CAM] 摄像头捕获器已释放
[2026-07-12 14:25:25] [CAM] 摄像头未检测到，等待重连...
[2026-07-12 14:25:26] [CAM] 摄像头捕获器已释放
[2026-07-12 14:25:26] [CAM] 摄像头未检测到，等待重连...
[2026-07-12 14:25:26] [CAM] 摄像头捕获器已释放
[2026-07-12 14:25:26] [CAM] 摄像头未检测到，等待重连...
[2026-07-12 14:25:27] [CAM] 摄像头捕获器已释放
[2026-07-12 14:25:27] [CAM] 摄像头未检测到，等待重连...
[2026-07-12 14:25:27] [CAM] 摄像头捕获器已释放
[2026-07-12 14:25:27] [CAM] 摄像头未检测到，等待重连...
[2026-07-12 14:25:28] [CAM] 摄像头捕获器已释放
[2026-07-12 14:25:28] [CAM] 摄像头未检测到，等待重连...
[2026-07-12 14:25:28] [CAM] 摄像头捕获器已释放
[2026-07-12 14:25:28] [CAM] 摄像头未检测到，等待重连...
[2026-07-12 14:25:29] [CAM] 摄像头捕获器已释放
[2026-07-12 14:25:29] [CAM] 摄像头未检测到，等待重连...
[2026-07-12 14:25:29] [CAM] 摄像头捕获器已释放
[2026-07-12 14:25:29] [CAM] 摄像头未检测到，等待重连...
[2026-07-12 14:25:30] [CAM] 摄像头捕获器已释放
[2026-07-12 14:25:30] [CAM] 摄像头未检测到，等待重连...
[2026-07-12 14:25:30] [CAM] 摄像头捕获器已释放
[2026-07-12 14:25:30] [CAM] 摄像头未检测到，等待重连...
[2026-07-12 14:25:31] [CAM] 摄像头捕获器已释放
[2026-07-12 14:25:31] [CAM] 摄像头未检测到，等待重连...
[2026-07-12 14:25:31] [CAM] 摄像头捕获器已释放
[2026-07-12 14:25:31] [CAM] 摄像头未检测到，等待重连...
[2026-07-12 14:25:32] [CAM] 摄像头捕获器已释放
[2026-07-12 14:25:32] [CAM] 摄像头未检测到，等待重连...
[2026-07-12 14:25:32] [CAM] 摄像头捕获器已释放
[2026-07-12 14:25:32] [CAM] 摄像头未检测到，等待重连...
[2026-07-12 14:25:33] [CAM] 摄像头捕获器已释放
[2026-07-12 14:25:33] [CAM] 摄像头未检测到，等待重连...
[2026-07-12 14:25:33] [CAM] 摄像头捕获器已释放
[2026-07-12 14:25:33] [CAM] 摄像头未检测到，等待重连...
[2026-07-12 14:25:34] [CAM] 摄像头捕获器已释放
[2026-07-12 14:25:34] [CAM] 摄像头未检测到，等待重连...
[2026-07-12 14:25:34] [CAM] 摄像头捕获器已释放
[2026-07-12 14:25:34] [CAM] 摄像头未检测到，等待重连...
[2026-07-12 14:25:35] [CAM] 摄像头捕获器已释放
[2026-07-12 14:25:35] [CAM] 摄像头未检测到，等待重连...
[2026-07-12 14:25:35] [CAM] 摄像头捕获器已释放
[2026-07-12 14:25:35] [CAM] 摄像头未检测到，等待重连...
[2026-07-12 14:25:36] [CAM] 摄像头捕获器已释放
[2026-07-12 14:25:36] [CAM] 摄像头未检测到，等待重连...
[2026-07-12 14:25:36] [CAM] 摄像头捕获器已释放
[2026-07-12 14:25:36] [CAM] 摄像头未检测到，等待重连...
[2026-07-12 14:25:37] [CAM] 摄像头捕获器已释放
[2026-07-12 14:25:37] [CAM] 摄像头未检测到，等待重连...
[2026-07-12 14:25:37] [CAM] 摄像头捕获器已释放
[2026-07-12 14:25:37] [CAM] 摄像头未检测到，等待重连...
[2026-07-12 14:25:38] [CAM] 摄像头捕获器已释放
[2026-07-12 14:25:38] [CAM] 摄像头未检测到，等待重连...
[2026-07-12 14:25:38] [CAM] 摄像头捕获器已释放
[2026-07-12 14:25:39] [CAM] 摄像头未检测到，等待重连...
[2026-07-12 14:25:39] [CAM] 摄像头捕获器已释放
[2026-07-12 14:25:39] [CAM] 摄像头未检测到，等待重连...
[2026-07-12 14:25:40] [CAM] 摄像头捕获器已释放
[2026-07-12 14:25:40] [CAM] 摄像头未检测到，等待重连...
[2026-07-12 14:25:40] [CAM] 摄像头捕获器已释放
[2026-07-12 14:25:40] [CAM] 摄像头未检测到，等待重连...
[2026-07-12 14:25:41] [CAM] 摄像头捕获器已释放
[2026-07-12 14:25:41] [CAM] 摄像头未检测到，等待重连...
[2026-07-12 14:25:41] [CAM] 摄像头捕获器已释放
[2026-07-12 14:25:41] [CAM] 摄像头未检测到，等待重连...
[2026-07-12 14:25:42] [CAM] 摄像头捕获器已释放
[2026-07-12 14:25:42] [CAM] 摄像头未检测到，等待重连...
[2026-07-12 14:25:42] [CAM] 摄像头捕获器已释放
[2026-07-12 14:25:42] [CAM] 摄像头未检测到，等待重连...
[2026-07-12 14:25:43] [CAM] 摄像头捕获器已释放
[2026-07-12 14:25:43] [CAM] 摄像头未检测到，等待重连...
[2026-07-12 14:25:43] [CAM] 摄像头捕获器已释放
[2026-07-12 14:25:43] [CAM] 摄像头未检测到，等待重连...
[2026-07-12 14:25:44] [CAM] 摄像头捕获器已释放
[2026-07-12 14:25:44] [CAM] 摄像头未检测到，等待重连...
[2026-07-12 14:25:44] [CAM] 摄像头捕获器已释放
[2026-07-12 14:25:44] [CAM] 摄像头未检测到，等待重连...
[2026-07-12 14:25:45] [CAM] 摄像头捕获器已释放
[2026-07-12 14:25:45] [CAM] 摄像头未检测到，等待重连...
[2026-07-12 14:25:45] [CAM] 摄像头捕获器已释放
[2026-07-12 14:25:45] [CAM] 摄像头未检测到，等待重连...
[2026-07-12 14:25:46] [CAM] 摄像头捕获器已释放
[2026-07-12 14:25:46] [CAM] 摄像头未检测到，等待重连...
[2026-07-12 14:25:46] [CAM] 摄像头捕获器已释放
[2026-07-12 14:25:46] [CAM] 摄像头未检测到，等待重连...
[2026-07-12 14:25:47] [CAM] 摄像头捕获器已释放
[2026-07-12 14:25:47] [CAM] 摄像头未检测到，等待重连...
[2026-07-12 14:25:47] [CAM] 摄像头捕获器已释放
[2026-07-12 14:25:47] [CAM] 摄像头未检测到，等待重连...
[2026-07-12 14:25:48] [CAM] 摄像头捕获器已释放
[2026-07-12 14:25:48] [CAM] 摄像头未检测到，等待重连...
[2026-07-12 14:25:48] [CAM] 摄像头捕获器已释放
[2026-07-12 14:25:48] [CAM] 摄像头未检测到，等待重连...
[2026-07-12 14:25:49] [CAM] 摄像头捕获器已释放
[2026-07-12 14:25:49] [CAM] 摄像头未检测到，等待重连...
[2026-07-12 14:25:49] [CAM] 摄像头捕获器已释放
[2026-07-12 14:25:49] [CAM] 摄像头未检测到，等待重连...
[2026-07-12 14:25:50] [CAM] 摄像头捕获器已释放
[2026-07-12 14:25:50] [CAM] 摄像头未检测到，等待重连...
[2026-07-12 14:25:50] [CAM] 摄像头捕获器已释放
[2026-07-12 14:25:50] [CAM] 摄像头未检测到，等待重连...
[2026-07-12 14:25:51] [CAM] 摄像头捕获器已释放
[2026-07-12 14:25:51] [CAM] 摄像头未检测到，等待重连...
[2026-07-12 14:25:51] [CAM] 摄像头捕获器已释放
[2026-07-12 14:25:51] [CAM] 摄像头未检测到，等待重连...
[2026-07-12 14:25:52] [CAM] 摄像头捕获器已释放
[2026-07-12 14:25:52] [CAM] 摄像头未检测到，等待重连...
[2026-07-12 14:25:52] [CAM] 摄像头捕获器已释放
[2026-07-12 14:25:52] [CAM] 摄像头未检测到，等待重连...
[2026-07-12 14:25:53] [CAM] 摄像头捕获器已释放
[2026-07-12 14:25:53] [CAM] 摄像头未检测到，等待重连...
[2026-07-12 14:25:53] [CAM] 摄像头捕获器已释放
[2026-07-12 14:25:53] [CAM] 摄像头未检测到，等待重连...
[2026-07-12 14:25:54] [CAM] 摄像头捕获器已释放
[2026-07-12 14:25:54] [CAM] 摄像头未检测到，等待重连...
[2026-07-12 14:25:54] [CAM] 摄像头捕获器已释放
[2026-07-12 14:25:54] [CAM] 摄像头未检测到，等待重连...
[2026-07-12 14:25:55] [CAM] 摄像头捕获器已释放
[2026-07-12 14:25:55] [CAM] 摄像头未检测到，等待重连...
[2026-07-12 14:25:55] [CAM] 摄像头捕获器已释放
[2026-07-12 14:25:55] [CAM] 摄像头未检测到，等待重连...
[2026-07-12 14:25:56] [CAM] 摄像头捕获器已释放
[2026-07-12 14:25:56] [CAM] 摄像头未检测到，等待重连...
[2026-07-12 14:25:56] [CAM] 摄像头捕获器已释放
[2026-07-12 14:25:56] [CAM] 摄像头未检测到，等待重连...
[2026-07-12 14:25:57] [CAM] 摄像头捕获器已释放
[2026-07-12 14:25:57] [CAM] 摄像头未检测到，等待重连...
[2026-07-12 14:25:57] [CAM] 摄像头捕获器已释放
[2026-07-12 14:25:57] [CAM] 摄像头未检测到，等待重连...
[2026-07-12 14:25:58] [CAM] 摄像头捕获器已释放
[2026-07-12 14:25:58] [CAM] 摄像头未检测到，等待重连...
[2026-07-12 14:25:58] [CAM] 摄像头捕获器已释放
[2026-07-12 14:25:58] [CAM] 摄像头未检测到，等待重连...
[2026-07-12 14:25:59] [CAM] 摄像头捕获器已释放
[2026-07-12 14:25:59] [CAM] 摄像头未检测到，等待重连...
[2026-07-12 14:25:59] [CAM] 摄像头捕获器已释放
[2026-07-12 14:25:59] [CAM] 摄像头未检测到，等待重连...
[2026-07-12 14:26:00] [CAM] 摄像头捕获器已释放
[2026-07-12 14:26:00] [CAM] 摄像头未检测到，等待重连...
[2026-07-12 14:26:00] [CAM] 摄像头捕获器已释放
[2026-07-12 14:26:00] [CAM] 摄像头未检测到，等待重连...
[2026-07-12 14:26:01] [CAM] 摄像头捕获器已释放
[2026-07-12 14:26:01] [CAM] 摄像头未检测到，等待重连...
[2026-07-12 14:26:01] [CAM] 摄像头捕获器已释放
[2026-07-12 14:26:01] [CAM] 摄像头未检测到，等待重连...
[2026-07-12 14:26:02] [CAM] 摄像头捕获器已释放
[2026-07-12 14:26:02] [CAM] 摄像头未检测到，等待重连...
[2026-07-12 14:26:02] [CAM] 摄像头捕获器已释放
[2026-07-12 14:26:02] [CAM] 摄像头未检测到，等待重连...
[2026-07-12 14:26:03] [CAM] 摄像头捕获器已释放
[2026-07-12 14:26:03] [CAM] 摄像头未检测到，等待重连...
[2026-07-12 14:26:03] [CAM] 摄像头捕获器已释放
[2026-07-12 14:26:03] [CAM] 摄像头未检测到，等待重连...
[2026-07-12 14:26:04] [CAM] 摄像头捕获器已释放
[2026-07-12 14:26:04] [CAM] 摄像头未检测到，等待重连...
[2026-07-12 14:26:04] [CAM] 摄像头捕获器已释放
[2026-07-12 14:26:04] [CAM] 摄像头未检测到，等待重连...
[2026-07-12 14:26:05] [CAM] 摄像头捕获器已释放
[2026-07-12 14:26:05] [CAM] 摄像头未检测到，等待重连...
[2026-07-12 14:26:05] [CAM] 摄像头捕获器已释放
[2026-07-12 14:26:05] [CAM] 摄像头未检测到，等待重连...
[2026-07-12 14:26:06] [CAM] 摄像头捕获器已释放
[2026-07-12 14:26:06] [CAM] 摄像头未检测到，等待重连...
[2026-07-12 14:26:06] [CAM] 摄像头捕获器已释放
[2026-07-12 14:26:06] [CAM] 摄像头未检测到，等待重连...
[2026-07-12 14:26:07] [CAM] 摄像头捕获器已释放
[2026-07-12 14:26:07] [CAM] 摄像头未检测到，等待重连...
[2026-07-12 14:26:07] [CAM] 摄像头捕获器已释放
[2026-07-12 14:26:07] [CAM] 摄像头未检测到，等待重连...
[2026-07-12 14:26:08] [CAM] 摄像头捕获器已释放
[2026-07-12 14:26:08] [CAM] 摄像头未检测到，等待重连...
[2026-07-12 14:26:08] [CAM] 摄像头捕获器已释放
[2026-07-12 14:26:08] [CAM] 摄像头未检测到，等待重连...
[2026-07-12 14:26:09] [CAM] 摄像头捕获器已释放
[2026-07-12 14:26:09] [CAM] 摄像头未检测到，等待重连...
[2026-07-12 14:26:09] [CAM] 摄像头捕获器已释放
[2026-07-12 14:26:09] [CAM] 摄像头未检测到，等待重连...
[2026-07-12 14:26:10] [CAM] 摄像头捕获器已释放
[2026-07-12 14:26:10] [CAM] 摄像头未检测到，等待重连...
[2026-07-12 14:26:10] [CAM] 摄像头捕获器已释放
[2026-07-12 14:26:10] [CAM] 摄像头未检测到，等待重连...
[2026-07-12 14:26:11] [CAM] 摄像头捕获器已释放
[2026-07-12 14:26:11] [CAM] 摄像头未检测到，等待重连...
[2026-07-12 14:26:11] [CAM] 摄像头捕获器已释放
[2026-07-12 14:26:11] [CAM] 摄像头未检测到，等待重连...
[2026-07-12 14:26:12] [CAM] 摄像头捕获器已释放
[2026-07-12 14:26:12] [CAM] 摄像头未检测到，等待重连...
[2026-07-12 14:26:12] [CAM] 摄像头捕获器已释放
[2026-07-12 14:26:12] [CAM] 摄像头未检测到，等待重连...
[2026-07-12 14:26:13] [CAM] 摄像头捕获器已释放
[2026-07-12 14:26:13] [CAM] 摄像头未检测到，等待重连...
[2026-07-12 14:26:13] [CAM] 摄像头捕获器已释放
[2026-07-12 14:26:13] [CAM] 摄像头未检测到，等待重连...
[2026-07-12 14:26:14] [CAM] 摄像头捕获器已释放
[2026-07-12 14:26:14] [CAM] 摄像头未检测到，等待重连...
[2026-07-12 14:26:14] [CAM] 摄像头捕获器已释放
[2026-07-12 14:26:14] [CAM] 摄像头未检测到，等待重连...
[2026-07-12 14:26:15] [CAM] 摄像头捕获器已释放
[2026-07-12 14:26:15] [CAM] 摄像头未检测到，等待重连...
[2026-07-12 14:26:15] [CAM] 摄像头捕获器已释放
[2026-07-12 14:26:15] [CAM] 摄像头未检测到，等待重连...
[2026-07-12 14:26:16] [CAM] 摄像头捕获器已释放
[2026-07-12 14:26:16] [CAM] 摄像头未检测到，等待重连...
[2026-07-12 14:26:16] [CAM] 摄像头捕获器已释放
[2026-07-12 14:26:16] [CAM] 摄像头未检测到，等待重连...
[2026-07-12 14:26:17] [CAM] 摄像头捕获器已释放
[2026-07-12 14:26:17] [CAM] 摄像头未检测到，等待重连...
[2026-07-12 14:26:17] [CAM] 摄像头捕获器已释放
[2026-07-12 14:26:17] [CAM] 摄像头未检测到，等待重连...
[2026-07-12 14:26:18] [CAM] 摄像头捕获器已释放
[2026-07-12 14:26:18] [CAM] 摄像头未检测到，等待重连...
[2026-07-12 14:26:18] [CAM] 摄像头捕获器已释放
[2026-07-12 14:26:18] [CAM] 摄像头未检测到，等待重连...
[2026-07-12 14:26:19] [CAM] 摄像头捕获器已释放
[2026-07-12 14:26:19] [CAM] 摄像头未检测到，等待重连...
[2026-07-12 14:26:19] [CAM] 摄像头捕获器已释放
[2026-07-12 14:26:19] [CAM] 摄像头未检测到，等待重连...
[2026-07-12 14:26:20] [CAM] 摄像头捕获器已释放
[2026-07-12 14:26:20] [CAM] 摄像头未检测到，等待重连...
[2026-07-12 14:26:20] [CAM] 摄像头捕获器已释放
[2026-07-12 14:26:20] [CAM] 摄像头未检测到，等待重连...
[2026-07-12 14:26:21] [CAM] 摄像头捕获器已释放
[2026-07-12 14:26:21] [CAM] 摄像头未检测到，等待重连...
[2026-07-12 14:26:21] [CAM] 摄像头捕获器已释放
[2026-07-12 14:26:21] [CAM] 摄像头未检测到，等待重连...
[2026-07-12 14:26:22] [CAM] 摄像头捕获器已释放
[2026-07-12 14:26:22] [CAM] 摄像头未检测到，等待重连...
[2026-07-12 14:26:22] [CAM] 摄像头捕获器已释放
[2026-07-12 14:26:22] [CAM] 摄像头未检测到，等待重连...
[2026-07-12 14:26:23] [CAM] 摄像头捕获器已释放
[2026-07-12 14:26:23] [CAM] 摄像头未检测到，等待重连...
[2026-07-12 14:26:23] [CAM] 摄像头捕获器已释放
[2026-07-12 14:26:23] [CAM] 摄像头未检测到，等待重连...
[2026-07-12 14:26:24] [CAM] 摄像头捕获器已释放
[2026-07-12 14:26:24] [CAM] 摄像头未检测到，等待重连...
[2026-07-12 14:26:24] [CAM] 摄像头捕获器已释放
[2026-07-12 14:26:24] [CAM] 摄像头未检测到，等待重连...
[2026-07-12 14:26:25] [CAM] 摄像头捕获器已释放
[2026-07-12 14:26:25] [CAM] 摄像头未检测到，等待重连...
[2026-07-12 14:26:25] [CAM] 摄像头捕获器已释放
[2026-07-12 14:26:25] [CAM] 摄像头未检测到，等待重连...
[2026-07-12 14:26:26] [CAM] 摄像头捕获器已释放
[2026-07-12 14:26:26] [CAM] 摄像头未检测到，等待重连...
[2026-07-12 14:26:26] [CAM] 摄像头捕获器已释放
[2026-07-12 14:26:26] [CAM] 摄像头未检测到，等待重连...
[2026-07-12 14:26:27] [CAM] 摄像头捕获器已释放
[2026-07-12 14:26:27] [CAM] 摄像头未检测到，等待重连...
[2026-07-12 14:26:27] [CAM] 摄像头捕获器已释放
[2026-07-12 14:26:27] [CAM] 摄像头未检测到，等待重连...
[2026-07-12 14:26:28] [CAM] 摄像头捕获器已释放
[2026-07-12 14:26:28] [CAM] 摄像头未检测到，等待重连...
[2026-07-12 14:26:28] [CAM] 摄像头捕获器已释放
[2026-07-12 14:26:28] [CAM] 摄像头未检测到，等待重连...
[2026-07-12 14:26:29] [CAM] 摄像头捕获器已释放
[2026-07-12 14:26:29] [CAM] 摄像头未检测到，等待重连...
[2026-07-12 14:26:29] [CAM] 摄像头捕获器已释放
[2026-07-12 14:26:29] [CAM] 摄像头未检测到，等待重连...
[2026-07-12 14:26:30] [CAM] 摄像头捕获器已释放
[2026-07-12 14:26:30] [CAM] 摄像头未检测到，等待重连...
[2026-07-12 14:26:30] [CAM] 摄像头捕获器已释放
[2026-07-12 14:26:30] [CAM] 摄像头未检测到，等待重连...
[2026-07-12 14:26:31] [CAM] 摄像头捕获器已释放
[2026-07-12 14:26:31] [CAM] 摄像头未检测到，等待重连...
[2026-07-12 14:26:31] [CAM] 摄像头捕获器已释放
[2026-07-12 14:26:31] [CAM] 摄像头未检测到，等待重连...
[2026-07-12 14:26:32] [CAM] 摄像头捕获器已释放
[2026-07-12 14:26:32] [CAM] 摄像头未检测到，等待重连...
[2026-07-12 14:26:32] [CAM] 摄像头捕获器已释放
[2026-07-12 14:26:32] [CAM] 摄像头未检测到，等待重连...
[2026-07-12 14:26:33] [CAM] 摄像头捕获器已释放
[2026-07-12 14:26:33] [CAM] 摄像头未检测到，等待重连...
[2026-07-12 14:26:33] [CAM] 摄像头捕获器已释放
[2026-07-12 14:26:33] [CAM] 摄像头未检测到，等待重连...
[2026-07-12 14:26:34] [CAM] 摄像头捕获器已释放
[2026-07-12 14:26:34] [CAM] 摄像头未检测到，等待重连...
[2026-07-12 14:26:34] [CAM] 摄像头捕获器已释放
[2026-07-12 14:26:34] [CAM] 摄像头未检测到，等待重连...
[2026-07-12 14:26:35] [CAM] 摄像头捕获器已释放
[2026-07-12 14:26:35] [CAM] 摄像头未检测到，等待重连...
[2026-07-12 14:26:35] [CAM] 摄像头捕获器已释放
[2026-07-12 14:26:35] [CAM] 摄像头未检测到，等待重连...
[2026-07-12 14:26:36] [CAM] 摄像头捕获器已释放
[2026-07-12 14:26:36] [CAM] 摄像头未检测到，等待重连...
[2026-07-12 14:26:36] [CAM] 摄像头捕获器已释放
[2026-07-12 14:26:36] [CAM] 摄像头未检测到，等待重连...
[2026-07-12 14:26:37] [CAM] 摄像头捕获器已释放
[2026-07-12 14:26:37] [CAM] 摄像头未检测到，等待重连...
[2026-07-12 14:26:37] [CAM] 摄像头捕获器已释放
[2026-07-12 14:26:37] [CAM] 摄像头未检测到，等待重连...
[2026-07-12 14:26:38] [CAM] 摄像头捕获器已释放
[2026-07-12 14:26:38] [CAM] 摄像头未检测到，等待重连...
[2026-07-12 14:26:38] [CAM] 摄像头捕获器已释放
[2026-07-12 14:26:38] [CAM] 摄像头未检测到，等待重连...
[2026-07-12 14:26:39] [CAM] 摄像头捕获器已释放
[2026-07-12 14:26:39] [CAM] 摄像头未检测到，等待重连...
[2026-07-12 14:26:39] [CAM] 摄像头捕获器已释放
[2026-07-12 14:26:39] [CAM] 摄像头未检测到，等待重连...
[2026-07-12 14:26:40] [CAM] 摄像头捕获器已释放
[2026-07-12 14:26:40] [CAM] 摄像头未检测到，等待重连...
[2026-07-12 14:26:40] [CAM] 摄像头捕获器已释放
[2026-07-12 14:26:40] [CAM] 摄像头未检测到，等待重连...
[2026-07-12 14:26:41] [CAM] 摄像头捕获器已释放
[2026-07-12 14:26:41] [CAM] 摄像头未检测到，等待重连...
[2026-07-12 14:26:41] [CAM] 摄像头捕获器已释放
[2026-07-12 14:26:41] [CAM] 摄像头未检测到，等待重连...
[2026-07-12 14:26:42] [CAM] 摄像头捕获器已释放
[2026-07-12 14:26:42] [CAM] 摄像头未检测到，等待重连...
[2026-07-12 14:26:42] [CAM] 摄像头捕获器已释放
[2026-07-12 14:26:42] [CAM] 摄像头未检测到，等待重连...
[2026-07-12 14:26:43] [CAM] 摄像头捕获器已释放
[2026-07-12 14:26:43] [CAM] 摄像头未检测到，等待重连...
[2026-07-12 14:26:43] [CAM] 摄像头捕获器已释放
[2026-07-12 14:26:43] [CAM] 摄像头未检测到，等待重连...
[2026-07-12 14:26:44] [CAM] 摄像头捕获器已释放
[2026-07-12 14:26:44] [CAM] 摄像头未检测到，等待重连...
[2026-07-12 14:26:44] [CAM] 摄像头捕获器已释放
[2026-07-12 14:26:44] [CAM] 摄像头未检测到，等待重连...
[2026-07-12 14:26:45] [CAM] 摄像头捕获器已释放
[2026-07-12 14:26:45] [CAM] 摄像头未检测到，等待重连...
[2026-07-12 14:26:45] [CAM] 摄像头捕获器已释放
[2026-07-12 14:26:45] [CAM] 摄像头未检测到，等待重连...
[2026-07-12 14:26:46] [CAM] 摄像头捕获器已释放
[2026-07-12 14:26:46] [CAM] 摄像头未检测到，等待重连...
[2026-07-12 14:26:46] [CAM] 摄像头捕获器已释放
[2026-07-12 14:26:46] [CAM] 摄像头未检测到，等待重连...
[2026-07-12 14:26:47] [CAM] 摄像头捕获器已释放
[2026-07-12 14:26:47] [CAM] 摄像头未检测到，等待重连...
[2026-07-12 14:26:47] [CAM] 摄像头捕获器已释放
[2026-07-12 14:26:47] [CAM] 摄像头未检测到，等待重连...
[2026-07-12 14:26:48] [CAM] 摄像头捕获器已释放
[2026-07-12 14:26:48] [CAM] 摄像头未检测到，等待重连...
[2026-07-12 14:26:48] [CAM] 摄像头捕获器已释放
[2026-07-12 14:26:48] [CAM] 摄像头未检测到，等待重连...
[2026-07-12 14:26:49] [CAM] 摄像头捕获器已释放
[2026-07-12 14:26:49] [CAM] 摄像头未检测到，等待重连...
[2026-07-12 14:26:49] [CAM] 摄像头捕获器已释放
[2026-07-12 14:26:49] [CAM] 摄像头未检测到，等待重连...
[2026-07-12 14:26:50] [CAM] 摄像头捕获器已释放
[2026-07-12 14:26:50] [CAM] 摄像头未检测到，等待重连...
[2026-07-12 14:26:50] [CAM] 摄像头捕获器已释放
[2026-07-12 14:26:50] [CAM] 摄像头未检测到，等待重连...
[2026-07-12 14:26:51] [CAM] 摄像头捕获器已释放
[2026-07-12 14:26:51] [CAM] 摄像头未检测到，等待重连...
[2026-07-12 14:26:51] [CAM] 摄像头捕获器已释放
[2026-07-12 14:26:51] [CAM] 摄像头未检测到，等待重连...
[2026-07-12 14:26:52] [CAM] 摄像头捕获器已释放
[2026-07-12 14:26:52] [CAM] 摄像头未检测到，等待重连...
[2026-07-12 14:26:52] [CAM] 摄像头捕获器已释放
[2026-07-12 14:26:52] [CAM] 摄像头未检测到，等待重连...
[2026-07-12 14:26:53] [CAM] 摄像头捕获器已释放
[2026-07-12 14:26:53] [CAM] 摄像头未检测到，等待重连...
[2026-07-12 14:26:53] [CAM] 摄像头捕获器已释放
[2026-07-12 14:26:53] [CAM] 摄像头未检测到，等待重连...
[2026-07-12 14:26:54] [CAM] 摄像头捕获器已释放
[2026-07-12 14:26:54] [CAM] 摄像头未检测到，等待重连...
[2026-07-12 14:26:54] [CAM] 摄像头捕获器已释放
[2026-07-12 14:26:54] [CAM] 摄像头未检测到，等待重连...
[2026-07-12 14:26:55] [CAM] 摄像头捕获器已释放
[2026-07-12 14:26:55] [CAM] 摄像头未检测到，等待重连...
[2026-07-12 14:26:55] [CAM] 摄像头捕获器已释放
[2026-07-12 14:26:55] [CAM] 摄像头未检测到，等待重连...
[2026-07-12 14:26:56] [CAM] 摄像头捕获器已释放
[2026-07-12 14:26:56] [CAM] 摄像头未检测到，等待重连...
[2026-07-12 14:26:56] [CAM] 摄像头捕获器已释放
[2026-07-12 14:26:56] [CAM] 摄像头未检测到，等待重连...
[2026-07-12 14:26:57] [CAM] 摄像头捕获器已释放
[2026-07-12 14:26:57] [CAM] 摄像头未检测到，等待重连...
[2026-07-12 14:26:57] [CAM] 摄像头捕获器已释放
[2026-07-12 14:26:57] [CAM] 摄像头未检测到，等待重连...
[2026-07-12 14:26:58] [CAM] 摄像头捕获器已释放
[2026-07-12 14:26:58] [CAM] 摄像头未检测到，等待重连...
[2026-07-12 14:26:58] [CAM] 摄像头捕获器已释放
[2026-07-12 14:26:58] [CAM] 摄像头未检测到，等待重连...
[2026-07-12 14:26:59] [CAM] 摄像头捕获器已释放
[2026-07-12 14:26:59] [CAM] 摄像头未检测到，等待重连...
[2026-07-12 14:26:59] [CAM] 摄像头捕获器已释放
[2026-07-12 14:26:59] [CAM] 摄像头未检测到，等待重连...
[2026-07-12 14:27:00] [CAM] 摄像头捕获器已释放
[2026-07-12 14:27:00] [CAM] 摄像头未检测到，等待重连...
[2026-07-12 14:27:00] [CAM] 摄像头捕获器已释放
[2026-07-12 14:27:00] [CAM] 摄像头未检测到，等待重连...
[2026-07-12 14:27:01] [CAM] 摄像头捕获器已释放
[2026-07-12 14:27:01] [CAM] 摄像头未检测到，等待重连...
[2026-07-12 14:27:01] [CAM] 摄像头捕获器已释放
[2026-07-12 14:27:01] [CAM] 摄像头未检测到，等待重连...
[2026-07-12 14:27:02] [CAM] 摄像头捕获器已释放
[2026-07-12 14:27:02] [CAM] 摄像头未检测到，等待重连...
[2026-07-12 14:27:02] [CAM] 摄像头捕获器已释放
[2026-07-12 14:27:02] [CAM] 摄像头未检测到，等待重连...
[2026-07-12 14:27:03] [CAM] 摄像头捕获器已释放
[2026-07-12 14:27:03] [CAM] 摄像头未检测到，等待重连...
[2026-07-12 14:27:03] [CAM] 摄像头捕获器已释放
[2026-07-12 14:27:03] [CAM] 摄像头未检测到，等待重连...
[2026-07-12 14:27:04] [CAM] 摄像头捕获器已释放
[2026-07-12 14:27:04] [CAM] 摄像头未检测到，等待重连...
[2026-07-12 14:27:04] [CAM] 摄像头捕获器已释放
[2026-07-12 14:27:04] [CAM] 摄像头未检测到，等待重连...
[2026-07-12 14:27:05] [CAM] 摄像头捕获器已释放
[2026-07-12 14:27:05] [CAM] 摄像头未检测到，等待重连...
[2026-07-12 14:27:05] [CAM] 摄像头捕获器已释放
[2026-07-12 14:27:05] [CAM] 摄像头未检测到，等待重连...
[2026-07-12 14:27:06] [CAM] 摄像头捕获器已释放
[2026-07-12 14:27:06] [CAM] 摄像头未检测到，等待重连...
[2026-07-12 14:27:06] [CAM] 摄像头捕获器已释放
[2026-07-12 14:27:06] [CAM] 摄像头未检测到，等待重连...
[2026-07-12 14:27:07] [CAM] 摄像头捕获器已释放
[2026-07-12 14:27:07] [CAM] 摄像头未检测到，等待重连...
[2026-07-12 14:27:07] [CAM] 摄像头捕获器已释放
[2026-07-12 14:27:07] [CAM] 摄像头未检测到，等待重连...
[2026-07-12 14:27:08] [CAM] 摄像头捕获器已释放
[2026-07-12 14:27:08] [CAM] 摄像头未检测到，等待重连...
[2026-07-12 14:27:08] [CAM] 摄像头捕获器已释放
[2026-07-12 14:27:08] [CAM] 摄像头未检测到，等待重连...
[2026-07-12 14:27:09] [CAM] 摄像头捕获器已释放
[2026-07-12 14:27:09] [CAM] 摄像头未检测到，等待重连...
[2026-07-12 14:27:09] [CAM] 摄像头捕获器已释放
[2026-07-12 14:27:09] [CAM] 摄像头未检测到，等待重连...
[2026-07-12 14:27:10] [CAM] 摄像头捕获器已释放
[2026-07-12 14:27:10] [CAM] 摄像头未检测到，等待重连...
[2026-07-12 14:27:10] [CAM] 摄像头捕获器已释放
[2026-07-12 14:27:10] [CAM] 摄像头未检测到，等待重连...
[2026-07-12 14:27:11] [CAM] 摄像头捕获器已释放
[2026-07-12 14:27:11] [CAM] 摄像头未检测到，等待重连...
[2026-07-12 14:27:11] [CAM] 摄像头捕获器已释放
[2026-07-12 14:27:11] [CAM] 摄像头未检测到，等待重连...
[2026-07-12 14:27:12] [CAM] 摄像头捕获器已释放
[2026-07-12 14:27:12] [CAM] 摄像头未检测到，等待重连...
[2026-07-12 14:27:12] [CAM] 摄像头捕获器已释放
[2026-07-12 14:27:12] [CAM] 摄像头未检测到，等待重连...
[2026-07-12 14:27:13] [CAM] 摄像头捕获器已释放
[2026-07-12 14:27:13] [CAM] 摄像头未检测到，等待重连...
[2026-07-12 14:27:13] [CAM] 摄像头捕获器已释放
[2026-07-12 14:27:13] [CAM] 摄像头未检测到，等待重连...
[2026-07-12 14:27:14] [CAM] 摄像头捕获器已释放
[2026-07-12 14:27:14] [CAM] 摄像头未检测到，等待重连...
[2026-07-12 14:27:14] [CAM] 摄像头捕获器已释放
[2026-07-12 14:27:14] [CAM] 摄像头未检测到，等待重连...
[2026-07-12 14:27:15] [CAM] 摄像头捕获器已释放
[2026-07-12 14:27:15] [CAM] 摄像头未检测到，等待重连...
[2026-07-12 14:27:15] [CAM] 摄像头捕获器已释放
[2026-07-12 14:27:15] [CAM] 摄像头未检测到，等待重连...
[2026-07-12 14:27:16] [CAM] 摄像头捕获器已释放
[2026-07-12 14:27:16] [CAM] 摄像头未检测到，等待重连...
[2026-07-12 14:27:16] [CAM] 摄像头捕获器已释放
[2026-07-12 14:27:16] [CAM] 摄像头未检测到，等待重连...
[2026-07-12 14:27:17] [CAM] 摄像头捕获器已释放
[2026-07-12 14:27:17] [CAM] 摄像头未检测到，等待重连...
[2026-07-12 14:27:17] [CAM] 摄像头捕获器已释放
[2026-07-12 14:27:17] [CAM] 摄像头未检测到，等待重连...
[2026-07-12 14:27:18] [CAM] 摄像头捕获器已释放
[2026-07-12 14:27:18] [CAM] 摄像头未检测到，等待重连...
[2026-07-12 14:27:18] [CAM] 摄像头捕获器已释放
[2026-07-12 14:27:18] [CAM] 摄像头未检测到，等待重连...
[2026-07-12 14:27:19] [CAM] 摄像头捕获器已释放
[2026-07-12 14:27:19] [CAM] 摄像头未检测到，等待重连...
[2026-07-12 14:27:19] [CAM] 摄像头捕获器已释放
[2026-07-12 14:27:19] [CAM] 摄像头未检测到，等待重连...
[2026-07-12 14:27:20] [CAM] 摄像头捕获器已释放
[2026-07-12 14:27:20] [CAM] 摄像头未检测到，等待重连...
[2026-07-12 14:27:20] [CAM] 摄像头捕获器已释放
[2026-07-12 14:27:20] [CAM] 摄像头未检测到，等待重连...
[2026-07-12 14:27:21] [CAM] 摄像头捕获器已释放
[2026-07-12 14:27:21] [CAM] 摄像头未检测到，等待重连...
[2026-07-12 14:27:21] [CAM] 摄像头捕获器已释放
[2026-07-12 14:27:21] [CAM] 摄像头未检测到，等待重连...
[2026-07-12 14:27:22] [CAM] 摄像头捕获器已释放
[2026-07-12 14:27:22] [CAM] 摄像头未检测到，等待重连...
[2026-07-12 14:27:22] [CAM] 摄像头捕获器已释放
[2026-07-12 14:27:22] [CAM] 摄像头未检测到，等待重连...
[2026-07-12 14:27:23] [CAM] 摄像头捕获器已释放
[2026-07-12 14:27:23] [CAM] 摄像头未检测到，等待重连...
[2026-07-12 14:27:23] [CAM] 摄像头捕获器已释放
[2026-07-12 14:27:23] [CAM] 摄像头未检测到，等待重连...
[2026-07-12 14:27:24] [CAM] 摄像头捕获器已释放
[2026-07-12 14:27:24] [CAM] 摄像头未检测到，等待重连...
[2026-07-12 14:27:24] [CAM] 摄像头捕获器已释放
[2026-07-12 14:27:24] [CAM] 摄像头未检测到，等待重连...
[2026-07-12 14:27:25] [CAM] 摄像头捕获器已释放
[2026-07-12 14:27:25] [CAM] 摄像头未检测到，等待重连...
[2026-07-12 14:27:25] [CAM] 摄像头捕获器已释放
[2026-07-12 14:27:25] [CAM] 摄像头未检测到，等待重连...
[2026-07-12 14:27:26] [CAM] 摄像头捕获器已释放
[2026-07-12 14:27:26] [CAM] 摄像头未检测到，等待重连...
[2026-07-12 14:27:26] [CAM] 摄像头捕获器已释放
[2026-07-12 14:27:26] [CAM] 摄像头未检测到，等待重连...
[2026-07-12 14:27:27] [CAM] 摄像头捕获器已释放
[2026-07-12 14:27:27] [CAM] 摄像头未检测到，等待重连...
[2026-07-12 14:27:27] [CAM] 摄像头捕获器已释放
[2026-07-12 14:27:27] [CAM] 摄像头未检测到，等待重连...
[2026-07-12 14:27:28] [CAM] 摄像头捕获器已释放
[2026-07-12 14:27:28] [CAM] 摄像头未检测到，等待重连...
[2026-07-12 14:27:28] [CAM] 摄像头捕获器已释放
[2026-07-12 14:27:28] [CAM] 摄像头未检测到，等待重连...
[2026-07-12 14:27:29] [CAM] 摄像头捕获器已释放
[2026-07-12 14:27:29] [CAM] 摄像头未检测到，等待重连...
[2026-07-12 14:27:29] [CAM] 摄像头捕获器已释放
[2026-07-12 14:27:29] [CAM] 摄像头未检测到，等待重连...
[2026-07-12 14:27:30] [CAM] 摄像头捕获器已释放
[2026-07-12 14:27:30] [CAM] 摄像头未检测到，等待重连...
[2026-07-12 14:27:30] [CAM] 摄像头捕获器已释放
[2026-07-12 14:27:30] [CAM] 摄像头未检测到，等待重连...
[2026-07-12 14:27:31] [CAM] 摄像头捕获器已释放
[2026-07-12 14:27:31] [CAM] 摄像头未检测到，等待重连...
[2026-07-12 14:27:31] [CAM] 摄像头捕获器已释放
[2026-07-12 14:27:31] [CAM] 摄像头未检测到，等待重连...
[2026-07-12 14:27:32] [CAM] 摄像头捕获器已释放
[2026-07-12 14:27:32] [CAM] 摄像头未检测到，等待重连...
[2026-07-12 14:27:32] [INFO] 程序收到关闭信号，开始安全退出流程
[2026-07-12 14:27:32] [SENSOR] RS485采集线程已停止
[2026-07-12 14:27:32] [CAM] 摄像头捕获器已释放
[2026-07-12 14:27:32] [INFO] 摄像头采集线程正常退出
[2026-07-12 14:27:32] [INFO] 程序正常退出
[2026-07-12 14:27:32] [INFO] 程序结束，退出码:0
[2026-07-12 14:28:34] [INFO] ========== 幼儿园AI安全卫士程序启动 ==========
[2026-07-12 14:28:34] [INFO] 主程序窗口初始化完成
[2026-07-12 14:28:34] [SENSOR] RS485传感器采集线程已启动，串口：/dev/ttyUSB0
[2026-07-12 14:28:34] [INFO] AI环境模拟线程启动
[2026-07-12 14:28:34] [INFO] 摄像头采集线程启动
[2026-07-12 14:28:34] [CAM] 摄像头未检测到，等待重连...
[2026-07-12 14:28:34] [SENSOR] 开机未检测到温湿度传感器，延时播报
[2026-07-12 14:28:36] [NET] 网络已恢复连通
[2026-07-12 14:28:36] [MIC] 开机未检测到USB麦克风，延时播报
[2026-07-12 14:28:36] [CAM] 摄像头捕获器已释放
[2026-07-12 14:28:36] [CAM] 摄像头未检测到，等待重连...
[2026-07-12 14:28:37] [CAM] 摄像头捕获器已释放
[2026-07-12 14:28:37] [CAM] 摄像头未检测到，等待重连...
[2026-07-12 14:28:37] [CAM] 摄像头捕获器已释放
[2026-07-12 14:28:37] [CAM] 摄像头未检测到，等待重连...
[2026-07-12 14:28:38] [CAM] 摄像头捕获器已释放
[2026-07-12 14:28:38] [CAM] 摄像头未检测到，等待重连...
[2026-07-12 14:28:38] [CAM] 摄像头捕获器已释放
[2026-07-12 14:28:38] [CAM] 摄像头未检测到，等待重连...
[2026-07-12 14:28:39] [CAM] 摄像头捕获器已释放
[2026-07-12 14:28:39] [CAM] 摄像头未检测到，等待重连...
[2026-07-12 14:28:39] [CAM] 摄像头捕获器已释放
[2026-07-12 14:28:39] [CAM] 摄像头未检测到，等待重连...
[2026-07-12 14:28:40] [CAM] 摄像头捕获器已释放
[2026-07-12 14:28:40] [CAM] 摄像头未检测到，等待重连...
[2026-07-12 14:28:40] [CAM] 摄像头捕获器已释放
[2026-07-12 14:28:40] [CAM] 摄像头未检测到，等待重连...
[2026-07-12 14:28:41] [CAM] 摄像头捕获器已释放
[2026-07-12 14:28:41] [CAM] 摄像头未检测到，等待重连...
[2026-07-12 14:28:41] [CAM] 摄像头捕获器已释放
[2026-07-12 14:28:41] [CAM] 摄像头未检测到，等待重连...
[2026-07-12 14:28:42] [CAM] 摄像头捕获器已释放
[2026-07-12 14:28:42] [CAM] 摄像头未检测到，等待重连...
[2026-07-12 14:28:42] [CAM] 摄像头捕获器已释放
[2026-07-12 14:28:42] [CAM] 摄像头未检测到，等待重连...
[2026-07-12 14:28:43] [CAM] 摄像头捕获器已释放
[2026-07-12 14:28:43] [CAM] 摄像头未检测到，等待重连...
[2026-07-12 14:28:43] [CAM] 摄像头捕获器已释放
[2026-07-12 14:28:43] [CAM] 摄像头未检测到，等待重连...
[2026-07-12 14:28:44] [CAM] 摄像头捕获器已释放
[2026-07-12 14:28:44] [CAM] 摄像头未检测到，等待重连...
[2026-07-12 14:28:44] [CAM] 摄像头捕获器已释放
[2026-07-12 14:28:44] [CAM] 摄像头未检测到，等待重连...
[2026-07-12 14:28:45] [CAM] 摄像头捕获器已释放
[2026-07-12 14:28:45] [CAM] 摄像头未检测到，等待重连...
[2026-07-12 14:28:45] [CAM] 摄像头捕获器已释放
[2026-07-12 14:28:45] [CAM] 摄像头未检测到，等待重连...
[2026-07-12 14:28:46] [CAM] 摄像头捕获器已释放
[2026-07-12 14:28:46] [CAM] 摄像头未检测到，等待重连...
[2026-07-12 14:28:46] [CAM] 摄像头捕获器已释放
[2026-07-12 14:28:46] [CAM] 摄像头未检测到，等待重连...
[2026-07-12 14:28:47] [CAM] 摄像头捕获器已释放
[2026-07-12 14:28:47] [CAM] 摄像头未检测到，等待重连...
[2026-07-12 14:28:47] [CAM] 摄像头捕获器已释放
[2026-07-12 14:28:47] [CAM] 摄像头未检测到，等待重连...
[2026-07-12 14:28:48] [CAM] 摄像头捕获器已释放
[2026-07-12 14:28:48] [CAM] 摄像头未检测到，等待重连...
[2026-07-12 14:28:48] [CAM] 摄像头捕获器已释放
[2026-07-12 14:28:48] [CAM] 摄像头未检测到，等待重连...
[2026-07-12 14:28:49] [CAM] 摄像头捕获器已释放
[2026-07-12 14:28:49] [CAM] 摄像头未检测到，等待重连...
[2026-07-12 14:28:49] [CAM] 摄像头捕获器已释放
[2026-07-12 14:28:49] [CAM] 摄像头未检测到，等待重连...
[2026-07-12 14:28:50] [CAM] 摄像头捕获器已释放
[2026-07-12 14:28:50] [CAM] 摄像头未检测到，等待重连...
[2026-07-12 14:28:50] [CAM] 摄像头捕获器已释放
[2026-07-12 14:28:50] [CAM] 摄像头未检测到，等待重连...
[2026-07-12 14:28:51] [CAM] 摄像头捕获器已释放
[2026-07-12 14:28:51] [CAM] 摄像头未检测到，等待重连...
[2026-07-12 14:28:51] [CAM] 摄像头捕获器已释放
[2026-07-12 14:28:51] [CAM] 摄像头未检测到，等待重连...
[2026-07-12 14:28:52] [CAM] 摄像头捕获器已释放
[2026-07-12 14:28:52] [CAM] 摄像头未检测到，等待重连...
[2026-07-12 14:28:53] [CAM] 摄像头捕获器已释放
[2026-07-12 14:28:53] [CAM] 摄像头未检测到，等待重连...
[2026-07-12 14:28:53] [CAM] 摄像头捕获器已释放
[2026-07-12 14:28:53] [CAM] 摄像头未检测到，等待重连...
[2026-07-12 14:28:54] [CAM] 摄像头捕获器已释放
[2026-07-12 14:28:54] [CAM] 摄像头未检测到，等待重连...
[2026-07-12 14:28:54] [CAM] 摄像头捕获器已释放
[2026-07-12 14:28:54] [CAM] 摄像头未检测到，等待重连...
[2026-07-12 14:28:55] [CAM] 摄像头捕获器已释放
[2026-07-12 14:28:55] [CAM] 摄像头未检测到，等待重连...
[2026-07-12 14:28:55] [CAM] 摄像头捕获器已释放
[2026-07-12 14:28:55] [CAM] 摄像头未检测到，等待重连...
[2026-07-12 14:28:56] [CAM] 摄像头捕获器已释放
[2026-07-12 14:28:56] [CAM] 摄像头未检测到，等待重连...
[2026-07-12 14:28:56] [CAM] 摄像头捕获器已释放
[2026-07-12 14:28:56] [CAM] 摄像头未检测到，等待重连...
[2026-07-12 14:28:57] [CAM] 摄像头捕获器已释放
[2026-07-12 14:28:57] [CAM] 摄像头未检测到，等待重连...
[2026-07-12 14:28:57] [CAM] 摄像头捕获器已释放
[2026-07-12 14:28:57] [CAM] 摄像头未检测到，等待重连...
[2026-07-12 14:28:58] [CAM] 摄像头捕获器已释放
[2026-07-12 14:28:58] [CAM] 摄像头未检测到，等待重连...
[2026-07-12 14:28:58] [CAM] 摄像头捕获器已释放
[2026-07-12 14:28:58] [CAM] 摄像头未检测到，等待重连...
[2026-07-12 14:28:59] [CAM] 摄像头捕获器已释放
[2026-07-12 14:28:59] [CAM] 摄像头未检测到，等待重连...
[2026-07-12 14:28:59] [CAM] 摄像头捕获器已释放
[2026-07-12 14:28:59] [CAM] 摄像头未检测到，等待重连...
[2026-07-12 14:29:00] [CAM] 摄像头捕获器已释放
[2026-07-12 14:29:00] [CAM] 摄像头未检测到，等待重连...
[2026-07-12 14:29:00] [CAM] 摄像头捕获器已释放
[2026-07-12 14:29:00] [CAM] 摄像头未检测到，等待重连...
[2026-07-12 14:29:01] [CAM] 摄像头捕获器已释放
[2026-07-12 14:29:01] [CAM] 摄像头未检测到，等待重连...
[2026-07-12 14:29:01] [CAM] 摄像头捕获器已释放
[2026-07-12 14:29:01] [CAM] 摄像头未检测到，等待重连...
[2026-07-12 14:29:02] [CAM] 摄像头捕获器已释放
[2026-07-12 14:29:02] [CAM] 摄像头未检测到，等待重连...
[2026-07-12 14:29:02] [CAM] 摄像头捕获器已释放
[2026-07-12 14:29:02] [CAM] 摄像头未检测到，等待重连...
[2026-07-12 14:29:03] [CAM] 摄像头捕获器已释放
[2026-07-12 14:29:03] [CAM] 摄像头未检测到，等待重连...
[2026-07-12 14:29:03] [CAM] 摄像头捕获器已释放
[2026-07-12 14:29:03] [CAM] 摄像头未检测到，等待重连...
[2026-07-12 14:29:04] [CAM] 摄像头捕获器已释放
[2026-07-12 14:29:04] [CAM] 摄像头未检测到，等待重连...
[2026-07-12 14:29:04] [CAM] 摄像头捕获器已释放
[2026-07-12 14:29:04] [CAM] 摄像头未检测到，等待重连...
[2026-07-12 14:29:05] [CAM] 摄像头捕获器已释放
[2026-07-12 14:29:05] [CAM] 摄像头未检测到，等待重连...
[2026-07-12 14:29:05] [CAM] 摄像头捕获器已释放
[2026-07-12 14:29:05] [CAM] 摄像头未检测到，等待重连...
[2026-07-12 14:29:06] [CAM] 摄像头捕获器已释放
[2026-07-12 14:29:06] [CAM] 摄像头未检测到，等待重连...
[2026-07-12 14:29:06] [CAM] 摄像头捕获器已释放
[2026-07-12 14:29:06] [CAM] 摄像头未检测到，等待重连...
[2026-07-12 14:29:07] [CAM] 摄像头捕获器已释放
[2026-07-12 14:29:07] [CAM] 摄像头未检测到，等待重连...
[2026-07-12 14:29:07] [CAM] 摄像头捕获器已释放
[2026-07-12 14:29:07] [CAM] 摄像头未检测到，等待重连...
[2026-07-12 14:29:08] [CAM] 摄像头捕获器已释放
[2026-07-12 14:29:08] [CAM] 摄像头未检测到，等待重连...
[2026-07-12 14:29:08] [CAM] 摄像头捕获器已释放
[2026-07-12 14:29:08] [CAM] 摄像头未检测到，等待重连...
[2026-07-12 14:29:09] [CAM] 摄像头捕获器已释放
[2026-07-12 14:29:09] [CAM] 摄像头未检测到，等待重连...
[2026-07-12 14:29:09] [CAM] 摄像头捕获器已释放
[2026-07-12 14:29:09] [CAM] 摄像头未检测到，等待重连...
[2026-07-12 14:29:10] [CAM] 摄像头捕获器已释放
[2026-07-12 14:29:10] [CAM] 摄像头未检测到，等待重连...
[2026-07-12 14:29:10] [CAM] 摄像头捕获器已释放
[2026-07-12 14:29:10] [CAM] 摄像头未检测到，等待重连...
[2026-07-12 14:29:11] [CAM] 摄像头捕获器已释放
[2026-07-12 14:29:11] [CAM] 摄像头未检测到，等待重连...
[2026-07-12 14:29:11] [CAM] 摄像头捕获器已释放
[2026-07-12 14:29:11] [CAM] 摄像头未检测到，等待重连...
[2026-07-12 14:29:12] [CAM] 摄像头捕获器已释放
[2026-07-12 14:29:12] [CAM] 摄像头未检测到，等待重连...
[2026-07-12 14:29:12] [CAM] 摄像头捕获器已释放
[2026-07-12 14:29:12] [CAM] 摄像头未检测到，等待重连...
[2026-07-12 14:29:13] [CAM] 摄像头捕获器已释放
[2026-07-12 14:29:13] [CAM] 摄像头未检测到，等待重连...
[2026-07-12 14:29:13] [CAM] 摄像头捕获器已释放
[2026-07-12 14:29:13] [CAM] 摄像头未检测到，等待重连...
[2026-07-12 14:29:14] [CAM] 摄像头捕获器已释放
[2026-07-12 14:29:14] [CAM] 摄像头未检测到，等待重连...
[2026-07-12 14:29:14] [CAM] 摄像头捕获器已释放
[2026-07-12 14:29:14] [CAM] 摄像头未检测到，等待重连...
[2026-07-12 14:29:15] [CAM] 摄像头捕获器已释放
[2026-07-12 14:29:15] [CAM] 摄像头未检测到，等待重连...
[2026-07-12 14:29:15] [CAM] 摄像头捕获器已释放
[2026-07-12 14:29:15] [CAM] 摄像头未检测到，等待重连...
[2026-07-12 14:29:16] [CAM] 摄像头捕获器已释放
[2026-07-12 14:29:16] [CAM] 摄像头未检测到，等待重连...
[2026-07-12 14:29:16] [CAM] 摄像头捕获器已释放
[2026-07-12 14:29:16] [CAM] 摄像头未检测到，等待重连...
[2026-07-12 14:29:17] [CAM] 摄像头捕获器已释放
[2026-07-12 14:29:17] [CAM] 摄像头未检测到，等待重连...
[2026-07-12 14:29:17] [CAM] 摄像头捕获器已释放
[2026-07-12 14:29:17] [CAM] 摄像头未检测到，等待重连...
[2026-07-12 14:29:18] [CAM] 摄像头捕获器已释放
[2026-07-12 14:29:18] [CAM] 摄像头未检测到，等待重连...
[2026-07-12 14:29:18] [CAM] 摄像头捕获器已释放
[2026-07-12 14:29:18] [CAM] 摄像头未检测到，等待重连...
[2026-07-12 14:29:19] [CAM] 摄像头捕获器已释放
[2026-07-12 14:29:19] [CAM] 摄像头未检测到，等待重连...
[2026-07-12 14:29:19] [CAM] 摄像头捕获器已释放
[2026-07-12 14:29:19] [CAM] 摄像头未检测到，等待重连...
[2026-07-12 14:29:20] [CAM] 摄像头捕获器已释放
[2026-07-12 14:29:20] [CAM] 摄像头未检测到，等待重连...
[2026-07-12 14:29:20] [CAM] 摄像头捕获器已释放
[2026-07-12 14:29:20] [CAM] 摄像头未检测到，等待重连...
[2026-07-12 14:29:21] [CAM] 摄像头捕获器已释放
[2026-07-12 14:29:21] [CAM] 摄像头未检测到，等待重连...
[2026-07-12 14:29:21] [CAM] 摄像头捕获器已释放
[2026-07-12 14:29:21] [CAM] 摄像头未检测到，等待重连...
[2026-07-12 14:29:22] [CAM] 摄像头捕获器已释放
[2026-07-12 14:29:22] [CAM] 摄像头未检测到，等待重连...
[2026-07-12 14:29:22] [CAM] 摄像头捕获器已释放
[2026-07-12 14:29:22] [CAM] 摄像头未检测到，等待重连...
[2026-07-12 14:29:23] [CAM] 摄像头捕获器已释放
[2026-07-12 14:29:23] [CAM] 摄像头未检测到，等待重连...
[2026-07-12 14:29:23] [CAM] 摄像头捕获器已释放
[2026-07-12 14:29:23] [CAM] 摄像头未检测到，等待重连...
[2026-07-12 14:29:24] [CAM] 摄像头捕获器已释放
[2026-07-12 14:29:24] [CAM] 摄像头未检测到，等待重连...
[2026-07-12 14:29:24] [CAM] 摄像头捕获器已释放
[2026-07-12 14:29:24] [CAM] 摄像头未检测到，等待重连...
[2026-07-12 14:29:25] [CAM] 摄像头捕获器已释放
[2026-07-12 14:29:25] [CAM] 摄像头未检测到，等待重连...
[2026-07-12 14:29:25] [CAM] 摄像头捕获器已释放
[2026-07-12 14:29:25] [CAM] 摄像头未检测到，等待重连...
[2026-07-12 14:29:26] [CAM] 摄像头捕获器已释放
[2026-07-12 14:29:26] [CAM] 摄像头未检测到，等待重连...
[2026-07-12 14:29:26] [CAM] 摄像头捕获器已释放
[2026-07-12 14:29:26] [CAM] 摄像头未检测到，等待重连...
[2026-07-12 14:29:27] [CAM] 摄像头捕获器已释放
[2026-07-12 14:29:27] [CAM] 摄像头未检测到，等待重连...
[2026-07-12 14:29:27] [CAM] 摄像头捕获器已释放
[2026-07-12 14:29:27] [CAM] 摄像头未检测到，等待重连...
[2026-07-12 14:29:28] [CAM] 摄像头捕获器已释放
[2026-07-12 14:29:28] [CAM] 摄像头未检测到，等待重连...
[2026-07-12 14:29:28] [CAM] 摄像头捕获器已释放
[2026-07-12 14:29:28] [CAM] 摄像头未检测到，等待重连...
[2026-07-12 14:29:29] [CAM] 摄像头捕获器已释放
[2026-07-12 14:29:29] [CAM] 摄像头未检测到，等待重连...
[2026-07-12 14:29:29] [CAM] 摄像头捕获器已释放
[2026-07-12 14:29:29] [CAM] 摄像头未检测到，等待重连...
[2026-07-12 14:29:30] [CAM] 摄像头捕获器已释放
[2026-07-12 14:29:30] [CAM] 摄像头未检测到，等待重连...
[2026-07-12 14:29:30] [CAM] 摄像头捕获器已释放
[2026-07-12 14:29:30] [CAM] 摄像头未检测到，等待重连...
[2026-07-12 14:29:31] [CAM] 摄像头捕获器已释放
[2026-07-12 14:29:31] [CAM] 摄像头未检测到，等待重连...
[2026-07-12 14:29:31] [CAM] 摄像头捕获器已释放
[2026-07-12 14:29:31] [CAM] 摄像头未检测到，等待重连...
[2026-07-12 14:29:32] [CAM] 摄像头捕获器已释放
[2026-07-12 14:29:32] [CAM] 摄像头未检测到，等待重连...
[2026-07-12 14:29:32] [CAM] 摄像头捕获器已释放
[2026-07-12 14:29:32] [CAM] 摄像头未检测到，等待重连...
[2026-07-12 14:29:33] [CAM] 摄像头捕获器已释放
[2026-07-12 14:29:33] [CAM] 摄像头未检测到，等待重连...
[2026-07-12 14:29:33] [CAM] 摄像头捕获器已释放
[2026-07-12 14:29:33] [CAM] 摄像头未检测到，等待重连...
[2026-07-12 14:29:34] [CAM] 摄像头捕获器已释放
[2026-07-12 14:29:34] [CAM] 摄像头未检测到，等待重连...
[2026-07-12 14:29:34] [CAM] 摄像头捕获器已释放
[2026-07-12 14:29:34] [CAM] 摄像头未检测到，等待重连...
[2026-07-12 14:29:35] [CAM] 摄像头捕获器已释放
[2026-07-12 14:29:35] [CAM] 摄像头未检测到，等待重连...
[2026-07-12 14:29:35] [CAM] 摄像头捕获器已释放
[2026-07-12 14:29:35] [CAM] 摄像头未检测到，等待重连...
[2026-07-12 14:29:36] [CAM] 摄像头捕获器已释放
[2026-07-12 14:29:36] [CAM] 摄像头未检测到，等待重连...
[2026-07-12 14:29:36] [CAM] 摄像头捕获器已释放
[2026-07-12 14:29:36] [CAM] 摄像头未检测到，等待重连...
[2026-07-12 14:29:37] [CAM] 摄像头捕获器已释放
[2026-07-12 14:29:37] [CAM] 摄像头未检测到，等待重连...
[2026-07-12 14:29:37] [CAM] 摄像头捕获器已释放
[2026-07-12 14:29:37] [CAM] 摄像头未检测到，等待重连...
[2026-07-12 14:29:38] [CAM] 摄像头捕获器已释放
[2026-07-12 14:29:38] [CAM] 摄像头未检测到，等待重连...
[2026-07-12 14:29:38] [CAM] 摄像头捕获器已释放
[2026-07-12 14:29:38] [CAM] 摄像头未检测到，等待重连...
[2026-07-12 14:29:39] [CAM] 摄像头捕获器已释放
[2026-07-12 14:29:39] [CAM] 摄像头未检测到，等待重连...
[2026-07-12 14:29:39] [CAM] 摄像头捕获器已释放
[2026-07-12 14:29:39] [CAM] 摄像头未检测到，等待重连...
[2026-07-12 14:29:40] [CAM] 摄像头捕获器已释放
[2026-07-12 14:29:40] [CAM] 摄像头未检测到，等待重连...
[2026-07-12 14:29:40] [CAM] 摄像头捕获器已释放
[2026-07-12 14:29:40] [CAM] 摄像头未检测到，等待重连...
[2026-07-12 14:29:41] [CAM] 摄像头捕获器已释放
[2026-07-12 14:29:41] [CAM] 摄像头未检测到，等待重连...
[2026-07-12 14:29:41] [CAM] 摄像头捕获器已释放
[2026-07-12 14:29:41] [CAM] 摄像头未检测到，等待重连...
[2026-07-12 14:29:42] [CAM] 摄像头捕获器已释放
[2026-07-12 14:29:42] [CAM] 摄像头未检测到，等待重连...
[2026-07-12 14:29:42] [CAM] 摄像头捕获器已释放
[2026-07-12 14:29:42] [CAM] 摄像头未检测到，等待重连...
[2026-07-12 14:29:43] [CAM] 摄像头捕获器已释放
[2026-07-12 14:29:43] [CAM] 摄像头未检测到，等待重连...
[2026-07-12 14:29:43] [CAM] 摄像头捕获器已释放
[2026-07-12 14:29:43] [CAM] 摄像头未检测到，等待重连...
[2026-07-12 14:29:44] [CAM] 摄像头捕获器已释放
[2026-07-12 14:29:44] [CAM] 摄像头未检测到，等待重连...
[2026-07-12 14:29:44] [CAM] 摄像头捕获器已释放
[2026-07-12 14:29:44] [CAM] 摄像头未检测到，等待重连...
[2026-07-12 14:29:45] [CAM] 摄像头捕获器已释放
[2026-07-12 14:29:45] [CAM] 摄像头未检测到，等待重连...
[2026-07-12 14:29:45] [CAM] 摄像头捕获器已释放
[2026-07-12 14:29:45] [CAM] 摄像头未检测到，等待重连...
[2026-07-12 14:29:45] [ERROR] 网络断开，无法访问外网
[2026-07-12 14:29:46] [CAM] 摄像头捕获器已释放
[2026-07-12 14:29:46] [CAM] 摄像头未检测到，等待重连...
[2026-07-12 14:29:46] [CAM] 摄像头捕获器已释放
[2026-07-12 14:29:46] [CAM] 摄像头未检测到，等待重连...
[2026-07-12 14:29:46] [NET] 网络已恢复连通
[2026-07-12 14:29:47] [CAM] 摄像头捕获器已释放
[2026-07-12 14:29:47] [CAM] 摄像头未检测到，等待重连...
[2026-07-12 14:29:47] [CAM] 摄像头捕获器已释放
[2026-07-12 14:29:47] [CAM] 摄像头未检测到，等待重连...
[2026-07-12 14:29:48] [CAM] 摄像头捕获器已释放
[2026-07-12 14:29:48] [CAM] 摄像头未检测到，等待重连...
[2026-07-12 14:29:48] [CAM] 摄像头捕获器已释放
[2026-07-12 14:29:48] [CAM] 摄像头未检测到，等待重连...
[2026-07-12 14:29:49] [CAM] 摄像头捕获器已释放
[2026-07-12 14:29:49] [CAM] 摄像头未检测到，等待重连...
[2026-07-12 14:29:49] [CAM] 摄像头捕获器已释放
[2026-07-12 14:29:49] [CAM] 摄像头未检测到，等待重连...
[2026-07-12 14:29:50] [CAM] 摄像头捕获器已释放
[2026-07-12 14:29:50] [CAM] 摄像头未检测到，等待重连...
[2026-07-12 14:29:50] [CAM] 摄像头捕获器已释放
[2026-07-12 14:29:50] [CAM] 摄像头未检测到，等待重连...
[2026-07-12 14:29:51] [CAM] 摄像头捕获器已释放
[2026-07-12 14:29:51] [CAM] 摄像头未检测到，等待重连...
[2026-07-12 14:29:51] [CAM] 摄像头捕获器已释放
[2026-07-12 14:29:51] [CAM] 摄像头未检测到，等待重连...
[2026-07-12 14:29:52] [CAM] 摄像头捕获器已释放
[2026-07-12 14:29:52] [CAM] 摄像头未检测到，等待重连...
[2026-07-12 14:29:52] [CAM] 摄像头捕获器已释放
[2026-07-12 14:29:52] [CAM] 摄像头未检测到，等待重连...
[2026-07-12 14:29:53] [CAM] 摄像头捕获器已释放
[2026-07-12 14:29:53] [CAM] 摄像头未检测到，等待重连...
[2026-07-12 14:29:53] [CAM] 摄像头捕获器已释放
[2026-07-12 14:29:53] [CAM] 摄像头未检测到，等待重连...
[2026-07-12 14:29:54] [CAM] 摄像头捕获器已释放
[2026-07-12 14:29:54] [CAM] 摄像头未检测到，等待重连...
[2026-07-12 14:29:54] [CAM] 摄像头捕获器已释放
[2026-07-12 14:29:54] [CAM] 摄像头未检测到，等待重连...
[2026-07-12 14:29:55] [CAM] 摄像头捕获器已释放
[2026-07-12 14:29:55] [CAM] 摄像头未检测到，等待重连...
[2026-07-12 14:29:55] [CAM] 摄像头捕获器已释放
[2026-07-12 14:29:55] [CAM] 摄像头未检测到，等待重连...
[2026-07-12 14:29:56] [CAM] 摄像头捕获器已释放
[2026-07-12 14:29:56] [CAM] 摄像头未检测到，等待重连...
[2026-07-12 14:29:56] [CAM] 摄像头捕获器已释放
[2026-07-12 14:29:56] [CAM] 摄像头未检测到，等待重连...
[2026-07-12 14:29:57] [CAM] 摄像头捕获器已释放
[2026-07-12 14:29:57] [CAM] 摄像头未检测到，等待重连...
[2026-07-12 14:29:57] [CAM] 摄像头捕获器已释放
[2026-07-12 14:29:57] [CAM] 摄像头未检测到，等待重连...
[2026-07-12 14:29:58] [CAM] 摄像头捕获器已释放
[2026-07-12 14:29:58] [CAM] 摄像头未检测到，等待重连...
[2026-07-12 14:29:58] [CAM] 摄像头捕获器已释放
[2026-07-12 14:29:58] [CAM] 摄像头未检测到，等待重连...
[2026-07-12 14:29:59] [CAM] 摄像头捕获器已释放
[2026-07-12 14:29:59] [CAM] 摄像头未检测到，等待重连...
[2026-07-12 14:29:59] [CAM] 摄像头捕获器已释放
[2026-07-12 14:29:59] [CAM] 摄像头未检测到，等待重连...
[2026-07-12 14:30:00] [CAM] 摄像头捕获器已释放
[2026-07-12 14:30:00] [CAM] 摄像头未检测到，等待重连...
[2026-07-12 14:30:00] [CAM] 摄像头捕获器已释放
[2026-07-12 14:30:00] [CAM] 摄像头未检测到，等待重连...
[2026-07-12 14:30:01] [CAM] 摄像头捕获器已释放
[2026-07-12 14:30:01] [CAM] 摄像头未检测到，等待重连...
[2026-07-12 14:30:01] [CAM] 摄像头捕获器已释放
[2026-07-12 14:30:01] [CAM] 摄像头未检测到，等待重连...
[2026-07-12 14:30:02] [CAM] 摄像头捕获器已释放
[2026-07-12 14:30:02] [CAM] 摄像头未检测到，等待重连...
[2026-07-12 14:30:02] [CAM] 摄像头捕获器已释放
[2026-07-12 14:30:02] [CAM] 摄像头未检测到，等待重连...
[2026-07-12 14:30:03] [CAM] 摄像头捕获器已释放
[2026-07-12 14:30:03] [CAM] 摄像头未检测到，等待重连...
[2026-07-12 14:30:03] [CAM] 摄像头捕获器已释放
[2026-07-12 14:30:03] [CAM] 摄像头未检测到，等待重连...
[2026-07-12 14:30:04] [CAM] 摄像头捕获器已释放
[2026-07-12 14:30:04] [CAM] 摄像头未检测到，等待重连...
[2026-07-12 14:30:04] [CAM] 摄像头捕获器已释放
[2026-07-12 14:30:04] [CAM] 摄像头未检测到，等待重连...
[2026-07-12 14:30:05] [CAM] 摄像头捕获器已释放
[2026-07-12 14:30:05] [CAM] 摄像头未检测到，等待重连...
[2026-07-12 14:30:05] [CAM] 摄像头捕获器已释放
[2026-07-12 14:30:05] [CAM] 摄像头未检测到，等待重连...
[2026-07-12 14:30:06] [CAM] 摄像头捕获器已释放
[2026-07-12 14:30:06] [CAM] 摄像头未检测到，等待重连...
[2026-07-12 14:30:06] [CAM] 摄像头捕获器已释放
[2026-07-12 14:30:06] [CAM] 摄像头未检测到，等待重连...
[2026-07-12 14:30:07] [CAM] 摄像头捕获器已释放
[2026-07-12 14:30:07] [CAM] 摄像头未检测到，等待重连...
[2026-07-12 14:30:07] [CAM] 摄像头捕获器已释放
[2026-07-12 14:30:07] [CAM] 摄像头未检测到，等待重连...
[2026-07-12 14:30:08] [CAM] 摄像头捕获器已释放
[2026-07-12 14:30:08] [CAM] 摄像头未检测到，等待重连...
[2026-07-12 14:30:08] [CAM] 摄像头捕获器已释放
[2026-07-12 14:30:08] [CAM] 摄像头未检测到，等待重连...
[2026-07-12 14:30:09] [CAM] 摄像头捕获器已释放
[2026-07-12 14:30:09] [CAM] 摄像头未检测到，等待重连...
[2026-07-12 14:30:09] [CAM] 摄像头捕获器已释放
[2026-07-12 14:30:09] [CAM] 摄像头未检测到，等待重连...
[2026-07-12 14:30:10] [CAM] 摄像头捕获器已释放
[2026-07-12 14:30:10] [CAM] 摄像头未检测到，等待重连...
[2026-07-12 14:30:10] [CAM] 摄像头捕获器已释放
[2026-07-12 14:30:10] [CAM] 摄像头未检测到，等待重连...
[2026-07-12 14:30:11] [CAM] 摄像头捕获器已释放
[2026-07-12 14:30:11] [CAM] 摄像头未检测到，等待重连...
[2026-07-12 14:30:11] [CAM] 摄像头捕获器已释放
[2026-07-12 14:30:11] [CAM] 摄像头未检测到，等待重连...
[2026-07-12 14:30:12] [CAM] 摄像头捕获器已释放
[2026-07-12 14:30:12] [CAM] 摄像头未检测到，等待重连...
[2026-07-12 14:30:12] [CAM] 摄像头捕获器已释放
[2026-07-12 14:30:12] [CAM] 摄像头未检测到，等待重连...
[2026-07-12 14:30:13] [CAM] 摄像头捕获器已释放
[2026-07-12 14:30:13] [CAM] 摄像头未检测到，等待重连...
[2026-07-12 14:30:13] [CAM] 摄像头捕获器已释放
[2026-07-12 14:30:13] [CAM] 摄像头未检测到，等待重连...
[2026-07-12 14:30:14] [CAM] 摄像头捕获器已释放
[2026-07-12 14:30:14] [CAM] 摄像头未检测到，等待重连...
[2026-07-12 14:30:14] [CAM] 摄像头捕获器已释放
[2026-07-12 14:30:14] [CAM] 摄像头未检测到，等待重连...
[2026-07-12 14:30:15] [CAM] 摄像头捕获器已释放
[2026-07-12 14:30:15] [CAM] 摄像头未检测到，等待重连...
[2026-07-12 14:30:15] [CAM] 摄像头捕获器已释放
[2026-07-12 14:30:15] [CAM] 摄像头未检测到，等待重连...
[2026-07-12 14:30:16] [CAM] 摄像头捕获器已释放
[2026-07-12 14:30:16] [CAM] 摄像头未检测到，等待重连...
[2026-07-12 14:30:16] [CAM] 摄像头捕获器已释放
[2026-07-12 14:30:16] [CAM] 摄像头未检测到，等待重连...
[2026-07-12 14:30:17] [CAM] 摄像头捕获器已释放
[2026-07-12 14:30:17] [CAM] 摄像头未检测到，等待重连...
[2026-07-12 14:30:17] [CAM] 摄像头捕获器已释放
[2026-07-12 14:30:17] [CAM] 摄像头未检测到，等待重连...
[2026-07-12 14:30:18] [CAM] 摄像头捕获器已释放
[2026-07-12 14:30:18] [CAM] 摄像头未检测到，等待重连...
[2026-07-12 14:30:18] [CAM] 摄像头捕获器已释放
[2026-07-12 14:30:18] [CAM] 摄像头未检测到，等待重连...
[2026-07-12 14:30:19] [CAM] 摄像头捕获器已释放
[2026-07-12 14:30:19] [CAM] 摄像头未检测到，等待重连...
[2026-07-12 14:30:19] [CAM] 摄像头捕获器已释放
[2026-07-12 14:30:19] [CAM] 摄像头未检测到，等待重连...
[2026-07-12 14:30:20] [CAM] 摄像头捕获器已释放
[2026-07-12 14:30:20] [CAM] 摄像头未检测到，等待重连...
[2026-07-12 14:30:20] [CAM] 摄像头捕获器已释放
[2026-07-12 14:30:20] [CAM] 摄像头未检测到，等待重连...
[2026-07-12 14:30:21] [CAM] 摄像头捕获器已释放
[2026-07-12 14:30:21] [CAM] 摄像头未检测到，等待重连...
[2026-07-12 14:30:21] [CAM] 摄像头捕获器已释放
[2026-07-12 14:30:21] [CAM] 摄像头未检测到，等待重连...
[2026-07-12 14:30:22] [CAM] 摄像头捕获器已释放
[2026-07-12 14:30:22] [CAM] 摄像头未检测到，等待重连...
[2026-07-12 14:30:22] [CAM] 摄像头捕获器已释放
[2026-07-12 14:30:22] [CAM] 摄像头未检测到，等待重连...
[2026-07-12 14:30:23] [CAM] 摄像头捕获器已释放
[2026-07-12 14:30:23] [CAM] 摄像头未检测到，等待重连...
[2026-07-12 14:30:23] [CAM] 摄像头捕获器已释放
[2026-07-12 14:30:23] [CAM] 摄像头未检测到，等待重连...
[2026-07-12 14:30:24] [CAM] 摄像头捕获器已释放
[2026-07-12 14:30:24] [CAM] 摄像头未检测到，等待重连...
[2026-07-12 14:30:24] [CAM] 摄像头捕获器已释放
[2026-07-12 14:30:24] [CAM] 摄像头未检测到，等待重连...
[2026-07-12 14:30:25] [CAM] 摄像头捕获器已释放
[2026-07-12 14:30:25] [CAM] 摄像头未检测到，等待重连...
[2026-07-12 14:30:25] [CAM] 摄像头捕获器已释放
[2026-07-12 14:30:25] [CAM] 摄像头未检测到，等待重连...
[2026-07-12 14:30:26] [CAM] 摄像头捕获器已释放
[2026-07-12 14:30:26] [CAM] 摄像头未检测到，等待重连...
[2026-07-12 14:30:26] [CAM] 摄像头捕获器已释放
[2026-07-12 14:30:26] [CAM] 摄像头未检测到，等待重连...
[2026-07-12 14:30:27] [CAM] 摄像头捕获器已释放
[2026-07-12 14:30:27] [CAM] 摄像头未检测到，等待重连...
[2026-07-12 14:30:27] [CAM] 摄像头捕获器已释放
[2026-07-12 14:30:27] [CAM] 摄像头未检测到，等待重连...
[2026-07-12 14:30:28] [CAM] 摄像头捕获器已释放
[2026-07-12 14:30:28] [CAM] 摄像头未检测到，等待重连...
[2026-07-12 14:30:28] [CAM] 摄像头捕获器已释放
[2026-07-12 14:30:28] [CAM] 摄像头未检测到，等待重连...
[2026-07-12 14:30:29] [CAM] 摄像头捕获器已释放
[2026-07-12 14:30:29] [CAM] 摄像头未检测到，等待重连...
[2026-07-12 14:30:29] [CAM] 摄像头捕获器已释放
[2026-07-12 14:30:29] [CAM] 摄像头未检测到，等待重连...
[2026-07-12 14:30:30] [CAM] 摄像头捕获器已释放
[2026-07-12 14:30:30] [CAM] 摄像头未检测到，等待重连...
[2026-07-12 14:30:30] [CAM] 摄像头捕获器已释放
[2026-07-12 14:30:30] [CAM] 摄像头未检测到，等待重连...
[2026-07-12 14:30:31] [CAM] 摄像头捕获器已释放
[2026-07-12 14:30:31] [CAM] 摄像头未检测到，等待重连...
[2026-07-12 14:30:31] [CAM] 摄像头捕获器已释放
[2026-07-12 14:30:31] [CAM] 摄像头未检测到，等待重连...
[2026-07-12 14:30:32] [CAM] 摄像头捕获器已释放
[2026-07-12 14:30:32] [CAM] 摄像头未检测到，等待重连...
[2026-07-12 14:30:32] [CAM] 摄像头捕获器已释放
[2026-07-12 14:30:32] [CAM] 摄像头未检测到，等待重连...
[2026-07-12 14:30:33] [CAM] 摄像头捕获器已释放
[2026-07-12 14:30:33] [CAM] 摄像头未检测到，等待重连...
[2026-07-12 14:30:33] [CAM] 摄像头捕获器已释放
[2026-07-12 14:30:33] [CAM] 摄像头未检测到，等待重连...
[2026-07-12 14:30:34] [CAM] 摄像头捕获器已释放
[2026-07-12 14:30:34] [CAM] 摄像头未检测到，等待重连...
[2026-07-12 14:30:34] [CAM] 摄像头捕获器已释放
[2026-07-12 14:30:34] [CAM] 摄像头未检测到，等待重连...
[2026-07-12 14:30:35] [CAM] 摄像头捕获器已释放
[2026-07-12 14:30:35] [CAM] 摄像头未检测到，等待重连...
[2026-07-12 14:30:35] [CAM] 摄像头捕获器已释放
[2026-07-12 14:30:35] [CAM] 摄像头未检测到，等待重连...
[2026-07-12 14:30:36] [CAM] 摄像头捕获器已释放
[2026-07-12 14:30:36] [CAM] 摄像头未检测到，等待重连...
[2026-07-12 14:30:36] [CAM] 摄像头捕获器已释放
[2026-07-12 14:30:36] [CAM] 摄像头未检测到，等待重连...
[2026-07-12 14:30:37] [CAM] 摄像头捕获器已释放
[2026-07-12 14:30:37] [CAM] 摄像头未检测到，等待重连...
[2026-07-12 14:30:37] [CAM] 摄像头捕获器已释放
[2026-07-12 14:30:37] [CAM] 摄像头未检测到，等待重连...
[2026-07-12 14:30:38] [CAM] 摄像头捕获器已释放
[2026-07-12 14:30:38] [CAM] 摄像头未检测到，等待重连...
[2026-07-12 14:30:38] [CAM] 摄像头捕获器已释放
[2026-07-12 14:30:38] [CAM] 摄像头未检测到，等待重连...
[2026-07-12 14:30:39] [CAM] 摄像头捕获器已释放
[2026-07-12 14:30:39] [CAM] 摄像头未检测到，等待重连...
[2026-07-12 14:30:39] [CAM] 摄像头捕获器已释放
[2026-07-12 14:30:39] [CAM] 摄像头未检测到，等待重连...
[2026-07-12 14:30:40] [CAM] 摄像头捕获器已释放
[2026-07-12 14:30:40] [CAM] 摄像头未检测到，等待重连...
[2026-07-12 14:30:40] [CAM] 摄像头捕获器已释放
[2026-07-12 14:30:40] [CAM] 摄像头未检测到，等待重连...
[2026-07-12 14:30:41] [CAM] 摄像头捕获器已释放
[2026-07-12 14:30:41] [CAM] 摄像头未检测到，等待重连...
[2026-07-12 14:30:41] [CAM] 摄像头捕获器已释放
[2026-07-12 14:30:41] [CAM] 摄像头未检测到，等待重连...
[2026-07-12 14:30:42] [CAM] 摄像头捕获器已释放
[2026-07-12 14:30:42] [CAM] 摄像头未检测到，等待重连...
[2026-07-12 14:30:42] [CAM] 摄像头捕获器已释放
[2026-07-12 14:30:42] [CAM] 摄像头未检测到，等待重连...
[2026-07-12 14:30:43] [CAM] 摄像头捕获器已释放
[2026-07-12 14:30:43] [CAM] 摄像头未检测到，等待重连...
[2026-07-12 14:30:43] [CAM] 摄像头捕获器已释放
[2026-07-12 14:30:43] [CAM] 摄像头未检测到，等待重连...
[2026-07-12 14:30:44] [CAM] 摄像头捕获器已释放
[2026-07-12 14:30:44] [CAM] 摄像头未检测到，等待重连...
[2026-07-12 14:30:44] [CAM] 摄像头捕获器已释放
[2026-07-12 14:30:44] [CAM] 摄像头未检测到，等待重连...
[2026-07-12 14:30:45] [CAM] 摄像头捕获器已释放
[2026-07-12 14:30:45] [CAM] 摄像头未检测到，等待重连...
[2026-07-12 14:30:45] [CAM] 摄像头捕获器已释放
[2026-07-12 14:30:45] [CAM] 摄像头未检测到，等待重连...
[2026-07-12 14:30:46] [CAM] 摄像头捕获器已释放
[2026-07-12 14:30:46] [CAM] 摄像头未检测到，等待重连...
[2026-07-12 14:30:46] [CAM] 摄像头捕获器已释放
[2026-07-12 14:30:46] [CAM] 摄像头未检测到，等待重连...
[2026-07-12 14:30:47] [CAM] 摄像头捕获器已释放
[2026-07-12 14:30:47] [CAM] 摄像头未检测到，等待重连...
[2026-07-12 14:30:47] [CAM] 摄像头捕获器已释放
[2026-07-12 14:30:47] [CAM] 摄像头未检测到，等待重连...
[2026-07-12 14:30:48] [CAM] 摄像头捕获器已释放
[2026-07-12 14:30:48] [CAM] 摄像头未检测到，等待重连...
[2026-07-12 14:30:48] [CAM] 摄像头捕获器已释放
[2026-07-12 14:30:48] [CAM] 摄像头未检测到，等待重连...
[2026-07-12 14:30:49] [CAM] 摄像头捕获器已释放
[2026-07-12 14:30:49] [CAM] 摄像头未检测到，等待重连...
[2026-07-12 14:30:49] [CAM] 摄像头捕获器已释放
[2026-07-12 14:30:49] [CAM] 摄像头未检测到，等待重连...
[2026-07-12 14:30:50] [CAM] 摄像头捕获器已释放
[2026-07-12 14:30:50] [CAM] 摄像头未检测到，等待重连...
[2026-07-12 14:30:50] [CAM] 摄像头捕获器已释放
[2026-07-12 14:30:50] [CAM] 摄像头未检测到，等待重连...
[2026-07-12 14:30:51] [CAM] 摄像头捕获器已释放
[2026-07-12 14:30:51] [CAM] 摄像头未检测到，等待重连...
[2026-07-12 14:30:51] [CAM] 摄像头捕获器已释放
[2026-07-12 14:30:51] [CAM] 摄像头未检测到，等待重连...
[2026-07-12 14:30:52] [CAM] 摄像头捕获器已释放
[2026-07-12 14:30:52] [CAM] 摄像头未检测到，等待重连...
[2026-07-12 14:30:52] [CAM] 摄像头捕获器已释放
[2026-07-12 14:30:52] [CAM] 摄像头未检测到，等待重连...
[2026-07-12 14:30:53] [CAM] 摄像头捕获器已释放
[2026-07-12 14:30:53] [CAM] 摄像头未检测到，等待重连...
[2026-07-12 14:30:53] [CAM] 摄像头捕获器已释放
[2026-07-12 14:30:53] [CAM] 摄像头未检测到，等待重连...
[2026-07-12 14:30:54] [CAM] 摄像头捕获器已释放
[2026-07-12 14:30:54] [CAM] 摄像头未检测到，等待重连...
[2026-07-12 14:30:54] [CAM] 摄像头捕获器已释放
[2026-07-12 14:30:54] [CAM] 摄像头未检测到，等待重连...
[2026-07-12 14:30:55] [CAM] 摄像头捕获器已释放
[2026-07-12 14:30:55] [CAM] 摄像头未检测到，等待重连...
[2026-07-12 14:30:55] [CAM] 摄像头捕获器已释放
[2026-07-12 14:30:55] [CAM] 摄像头未检测到，等待重连...
[2026-07-12 14:30:56] [CAM] 摄像头捕获器已释放
[2026-07-12 14:30:56] [CAM] 摄像头未检测到，等待重连...
[2026-07-12 14:30:56] [CAM] 摄像头捕获器已释放
[2026-07-12 14:30:56] [CAM] 摄像头未检测到，等待重连...
[2026-07-12 14:30:57] [CAM] 摄像头捕获器已释放
[2026-07-12 14:30:57] [CAM] 摄像头未检测到，等待重连...
[2026-07-12 14:30:57] [CAM] 摄像头捕获器已释放
[2026-07-12 14:30:57] [CAM] 摄像头未检测到，等待重连...
[2026-07-12 14:30:58] [CAM] 摄像头捕获器已释放
[2026-07-12 14:30:58] [CAM] 摄像头未检测到，等待重连...
[2026-07-12 14:30:58] [CAM] 摄像头捕获器已释放
[2026-07-12 14:30:58] [CAM] 摄像头未检测到，等待重连...
[2026-07-12 14:30:59] [CAM] 摄像头捕获器已释放
[2026-07-12 14:30:59] [CAM] 摄像头未检测到，等待重连...
[2026-07-12 14:30:59] [CAM] 摄像头捕获器已释放
[2026-07-12 14:30:59] [CAM] 摄像头未检测到，等待重连...
[2026-07-12 14:31:00] [CAM] 摄像头捕获器已释放
[2026-07-12 14:31:00] [CAM] 摄像头未检测到，等待重连...
[2026-07-12 14:31:00] [CAM] 摄像头捕获器已释放
[2026-07-12 14:31:00] [CAM] 摄像头未检测到，等待重连...
[2026-07-12 14:31:01] [CAM] 摄像头捕获器已释放
[2026-07-12 14:31:01] [CAM] 摄像头未检测到，等待重连...
[2026-07-12 14:31:01] [CAM] 摄像头捕获器已释放
[2026-07-12 14:31:01] [CAM] 摄像头未检测到，等待重连...
[2026-07-12 14:31:02] [CAM] 摄像头捕获器已释放
[2026-07-12 14:31:02] [CAM] 摄像头未检测到，等待重连...
[2026-07-12 14:31:02] [CAM] 摄像头捕获器已释放
[2026-07-12 14:31:02] [CAM] 摄像头未检测到，等待重连...
[2026-07-12 14:31:03] [CAM] 摄像头捕获器已释放
[2026-07-12 14:31:03] [CAM] 摄像头未检测到，等待重连...
[2026-07-12 14:31:03] [CAM] 摄像头捕获器已释放
[2026-07-12 14:31:03] [CAM] 摄像头未检测到，等待重连...
[2026-07-12 14:31:04] [CAM] 摄像头捕获器已释放
[2026-07-12 14:31:04] [CAM] 摄像头未检测到，等待重连...
[2026-07-12 14:31:04] [CAM] 摄像头捕获器已释放
[2026-07-12 14:31:04] [CAM] 摄像头未检测到，等待重连...
[2026-07-12 14:31:05] [CAM] 摄像头捕获器已释放
[2026-07-12 14:31:05] [CAM] 摄像头未检测到，等待重连...
[2026-07-12 14:31:05] [CAM] 摄像头捕获器已释放
[2026-07-12 14:31:05] [CAM] 摄像头未检测到，等待重连...
[2026-07-12 14:31:06] [CAM] 摄像头捕获器已释放
[2026-07-12 14:31:06] [CAM] 摄像头未检测到，等待重连...
[2026-07-12 14:31:06] [CAM] 摄像头捕获器已释放
[2026-07-12 14:31:06] [CAM] 摄像头未检测到，等待重连...
[2026-07-12 14:31:07] [CAM] 摄像头捕获器已释放
[2026-07-12 14:31:07] [CAM] 摄像头未检测到，等待重连...
[2026-07-12 14:31:07] [CAM] 摄像头捕获器已释放
[2026-07-12 14:31:07] [CAM] 摄像头未检测到，等待重连...
[2026-07-12 14:31:08] [CAM] 摄像头捕获器已释放
[2026-07-12 14:31:08] [CAM] 摄像头未检测到，等待重连...
[2026-07-12 14:31:08] [CAM] 摄像头捕获器已释放
[2026-07-12 14:31:08] [CAM] 摄像头未检测到，等待重连...
[2026-07-12 14:31:09] [CAM] 摄像头捕获器已释放
[2026-07-12 14:31:09] [CAM] 摄像头未检测到，等待重连...
[2026-07-12 14:31:09] [CAM] 摄像头捕获器已释放
[2026-07-12 14:31:09] [CAM] 摄像头未检测到，等待重连...
[2026-07-12 14:31:10] [CAM] 摄像头捕获器已释放
[2026-07-12 14:31:10] [CAM] 摄像头未检测到，等待重连...
[2026-07-12 14:31:10] [CAM] 摄像头捕获器已释放
[2026-07-12 14:31:10] [CAM] 摄像头未检测到，等待重连...
[2026-07-12 14:31:11] [CAM] 摄像头捕获器已释放
[2026-07-12 14:31:11] [CAM] 摄像头未检测到，等待重连...
[2026-07-12 14:31:11] [CAM] 摄像头捕获器已释放
[2026-07-12 14:31:11] [CAM] 摄像头未检测到，等待重连...
[2026-07-12 14:31:12] [CAM] 摄像头捕获器已释放
[2026-07-12 14:31:12] [CAM] 摄像头未检测到，等待重连...
[2026-07-12 14:31:12] [CAM] 摄像头捕获器已释放
[2026-07-12 14:31:12] [CAM] 摄像头未检测到，等待重连...
[2026-07-12 14:31:13] [CAM] 摄像头捕获器已释放
[2026-07-12 14:31:13] [CAM] 摄像头未检测到，等待重连...
[2026-07-12 14:31:13] [CAM] 摄像头捕获器已释放
[2026-07-12 14:31:13] [CAM] 摄像头未检测到，等待重连...
[2026-07-12 14:31:14] [CAM] 摄像头捕获器已释放
[2026-07-12 14:31:14] [CAM] 摄像头未检测到，等待重连...
[2026-07-12 14:31:14] [CAM] 摄像头捕获器已释放
[2026-07-12 14:31:14] [CAM] 摄像头未检测到，等待重连...
[2026-07-12 14:31:15] [CAM] 摄像头捕获器已释放
[2026-07-12 14:31:15] [CAM] 摄像头未检测到，等待重连...
[2026-07-12 14:31:15] [CAM] 摄像头捕获器已释放
[2026-07-12 14:31:15] [CAM] 摄像头未检测到，等待重连...
[2026-07-12 14:31:16] [CAM] 摄像头捕获器已释放
[2026-07-12 14:31:16] [CAM] 摄像头未检测到，等待重连...
[2026-07-12 14:31:16] [CAM] 摄像头捕获器已释放
[2026-07-12 14:31:16] [CAM] 摄像头未检测到，等待重连...
[2026-07-12 14:31:17] [CAM] 摄像头捕获器已释放
[2026-07-12 14:31:17] [CAM] 摄像头未检测到，等待重连...
[2026-07-12 14:31:17] [CAM] 摄像头捕获器已释放
[2026-07-12 14:31:17] [CAM] 摄像头未检测到，等待重连...
[2026-07-12 14:31:18] [CAM] 摄像头捕获器已释放
[2026-07-12 14:31:18] [CAM] 摄像头未检测到，等待重连...
[2026-07-12 14:31:18] [CAM] 摄像头捕获器已释放
[2026-07-12 14:31:18] [CAM] 摄像头未检测到，等待重连...
[2026-07-12 14:31:19] [CAM] 摄像头捕获器已释放
[2026-07-12 14:31:19] [CAM] 摄像头未检测到，等待重连...
[2026-07-12 14:31:19] [CAM] 摄像头捕获器已释放
[2026-07-12 14:31:19] [CAM] 摄像头未检测到，等待重连...
[2026-07-12 14:31:20] [CAM] 摄像头捕获器已释放
[2026-07-12 14:31:20] [CAM] 摄像头未检测到，等待重连...
[2026-07-12 14:31:20] [CAM] 摄像头捕获器已释放
[2026-07-12 14:31:20] [CAM] 摄像头未检测到，等待重连...
[2026-07-12 14:31:21] [CAM] 摄像头捕获器已释放
[2026-07-12 14:31:21] [CAM] 摄像头未检测到，等待重连...
[2026-07-12 14:31:21] [CAM] 摄像头捕获器已释放
[2026-07-12 14:31:21] [CAM] 摄像头未检测到，等待重连...
[2026-07-12 14:31:22] [CAM] 摄像头捕获器已释放
[2026-07-12 14:31:22] [CAM] 摄像头未检测到，等待重连...
[2026-07-12 14:31:22] [CAM] 摄像头捕获器已释放
[2026-07-12 14:31:22] [CAM] 摄像头未检测到，等待重连...
[2026-07-12 14:31:23] [CAM] 摄像头捕获器已释放
[2026-07-12 14:31:23] [CAM] 摄像头未检测到，等待重连...
[2026-07-12 14:31:23] [CAM] 摄像头捕获器已释放
[2026-07-12 14:31:23] [CAM] 摄像头未检测到，等待重连...
[2026-07-12 14:31:24] [CAM] 摄像头捕获器已释放
[2026-07-12 14:31:24] [CAM] 摄像头未检测到，等待重连...
[2026-07-12 14:31:24] [CAM] 摄像头捕获器已释放
[2026-07-12 14:31:24] [CAM] 摄像头未检测到，等待重连...
[2026-07-12 14:31:25] [CAM] 摄像头捕获器已释放
[2026-07-12 14:31:25] [CAM] 摄像头未检测到，等待重连...
[2026-07-12 14:31:25] [CAM] 摄像头捕获器已释放
[2026-07-12 14:31:25] [CAM] 摄像头未检测到，等待重连...
[2026-07-12 14:31:26] [CAM] 摄像头捕获器已释放
[2026-07-12 14:31:26] [CAM] 摄像头未检测到，等待重连...
[2026-07-12 14:31:26] [CAM] 摄像头捕获器已释放
[2026-07-12 14:31:26] [CAM] 摄像头未检测到，等待重连...
[2026-07-12 14:31:27] [CAM] 摄像头捕获器已释放
[2026-07-12 14:31:27] [CAM] 摄像头未检测到，等待重连...
[2026-07-12 14:31:27] [CAM] 摄像头捕获器已释放
[2026-07-12 14:31:27] [CAM] 摄像头未检测到，等待重连...
[2026-07-12 14:31:28] [CAM] 摄像头捕获器已释放
[2026-07-12 14:31:28] [CAM] 摄像头未检测到，等待重连...
[2026-07-12 14:31:28] [CAM] 摄像头捕获器已释放
[2026-07-12 14:31:28] [CAM] 摄像头未检测到，等待重连...
[2026-07-12 14:31:29] [CAM] 摄像头捕获器已释放
[2026-07-12 14:31:29] [CAM] 摄像头未检测到，等待重连...
[2026-07-12 14:31:29] [CAM] 摄像头捕获器已释放
[2026-07-12 14:31:29] [CAM] 摄像头未检测到，等待重连...
[2026-07-12 14:31:30] [CAM] 摄像头捕获器已释放
[2026-07-12 14:31:30] [CAM] 摄像头未检测到，等待重连...
[2026-07-12 14:31:30] [CAM] 摄像头捕获器已释放
[2026-07-12 14:31:30] [CAM] 摄像头未检测到，等待重连...
[2026-07-12 14:31:31] [CAM] 摄像头捕获器已释放
[2026-07-12 14:31:31] [CAM] 摄像头未检测到，等待重连...
[2026-07-12 14:31:31] [CAM] 摄像头捕获器已释放
[2026-07-12 14:31:31] [CAM] 摄像头未检测到，等待重连...
[2026-07-12 14:31:32] [CAM] 摄像头捕获器已释放
[2026-07-12 14:31:32] [CAM] 摄像头未检测到，等待重连...
[2026-07-12 14:31:32] [CAM] 摄像头捕获器已释放
[2026-07-12 14:31:32] [CAM] 摄像头未检测到，等待重连...
[2026-07-12 14:31:33] [CAM] 摄像头捕获器已释放
[2026-07-12 14:31:33] [CAM] 摄像头未检测到，等待重连...
[2026-07-12 14:31:33] [CAM] 摄像头捕获器已释放
[2026-07-12 14:31:33] [CAM] 摄像头未检测到，等待重连...
[2026-07-12 14:31:34] [CAM] 摄像头捕获器已释放
[2026-07-12 14:31:34] [CAM] 摄像头未检测到，等待重连...
[2026-07-12 14:31:34] [CAM] 摄像头捕获器已释放
[2026-07-12 14:31:34] [CAM] 摄像头未检测到，等待重连...
[2026-07-12 14:31:35] [CAM] 摄像头捕获器已释放
[2026-07-12 14:31:35] [CAM] 摄像头未检测到，等待重连...
[2026-07-12 14:31:35] [CAM] 摄像头捕获器已释放
[2026-07-12 14:31:35] [CAM] 摄像头未检测到，等待重连...
[2026-07-12 14:31:36] [CAM] 摄像头捕获器已释放
[2026-07-12 14:31:36] [CAM] 摄像头未检测到，等待重连...
[2026-07-12 14:31:36] [CAM] 摄像头捕获器已释放
[2026-07-12 14:31:36] [CAM] 摄像头未检测到，等待重连...
[2026-07-12 14:31:37] [CAM] 摄像头捕获器已释放
[2026-07-12 14:31:37] [CAM] 摄像头未检测到，等待重连...
[2026-07-12 14:31:37] [CAM] 摄像头捕获器已释放
[2026-07-12 14:31:37] [CAM] 摄像头未检测到，等待重连...
[2026-07-12 14:31:38] [CAM] 摄像头捕获器已释放
[2026-07-12 14:31:38] [CAM] 摄像头未检测到，等待重连...
[2026-07-12 14:31:38] [CAM] 摄像头捕获器已释放
[2026-07-12 14:31:38] [CAM] 摄像头未检测到，等待重连...
[2026-07-12 14:31:39] [CAM] 摄像头捕获器已释放
[2026-07-12 14:31:39] [CAM] 摄像头未检测到，等待重连...
[2026-07-12 14:31:39] [CAM] 摄像头捕获器已释放
[2026-07-12 14:31:39] [CAM] 摄像头未检测到，等待重连...
[2026-07-12 14:31:40] [CAM] 摄像头捕获器已释放
[2026-07-12 14:31:40] [CAM] 摄像头未检测到，等待重连...
[2026-07-12 14:31:40] [CAM] 摄像头捕获器已释放
[2026-07-12 14:31:40] [CAM] 摄像头未检测到，等待重连...
[2026-07-12 14:31:41] [CAM] 摄像头捕获器已释放
[2026-07-12 14:31:41] [CAM] 摄像头未检测到，等待重连...
[2026-07-12 14:31:41] [CAM] 摄像头捕获器已释放
[2026-07-12 14:31:41] [CAM] 摄像头未检测到，等待重连...
[2026-07-12 14:31:42] [CAM] 摄像头捕获器已释放
[2026-07-12 14:31:42] [CAM] 摄像头未检测到，等待重连...
[2026-07-12 14:31:42] [CAM] 摄像头捕获器已释放
[2026-07-12 14:31:42] [CAM] 摄像头未检测到，等待重连...
[2026-07-12 14:31:43] [CAM] 摄像头捕获器已释放
[2026-07-12 14:31:43] [CAM] 摄像头未检测到，等待重连...
[2026-07-12 14:31:43] [CAM] 摄像头捕获器已释放
[2026-07-12 14:31:43] [CAM] 摄像头未检测到，等待重连...
[2026-07-12 14:31:44] [CAM] 摄像头捕获器已释放
[2026-07-12 14:31:44] [CAM] 摄像头未检测到，等待重连...
[2026-07-12 14:31:44] [CAM] 摄像头捕获器已释放
[2026-07-12 14:31:44] [CAM] 摄像头未检测到，等待重连...
[2026-07-12 14:31:45] [CAM] 摄像头捕获器已释放
[2026-07-12 14:31:45] [CAM] 摄像头未检测到，等待重连...
[2026-07-12 14:31:45] [CAM] 摄像头捕获器已释放
[2026-07-12 14:31:45] [CAM] 摄像头未检测到，等待重连...
[2026-07-12 14:31:46] [CAM] 摄像头捕获器已释放
[2026-07-12 14:31:46] [CAM] 摄像头未检测到，等待重连...
[2026-07-12 14:31:46] [CAM] 摄像头捕获器已释放
[2026-07-12 14:31:46] [CAM] 摄像头未检测到，等待重连...
[2026-07-12 14:31:47] [CAM] 摄像头捕获器已释放
[2026-07-12 14:31:47] [CAM] 摄像头未检测到，等待重连...
[2026-07-12 14:31:47] [CAM] 摄像头捕获器已释放
[2026-07-12 14:31:47] [CAM] 摄像头未检测到，等待重连...
[2026-07-12 14:31:48] [CAM] 摄像头捕获器已释放
[2026-07-12 14:31:48] [CAM] 摄像头未检测到，等待重连...
[2026-07-12 14:31:48] [CAM] 摄像头捕获器已释放
[2026-07-12 14:31:48] [CAM] 摄像头未检测到，等待重连...
[2026-07-12 14:31:49] [CAM] 摄像头捕获器已释放
[2026-07-12 14:31:49] [CAM] 摄像头未检测到，等待重连...
[2026-07-12 14:31:49] [CAM] 摄像头捕获器已释放
[2026-07-12 14:31:49] [CAM] 摄像头未检测到，等待重连...
[2026-07-12 14:31:50] [CAM] 摄像头捕获器已释放
[2026-07-12 14:31:50] [CAM] 摄像头未检测到，等待重连...
[2026-07-12 14:31:50] [CAM] 摄像头捕获器已释放
[2026-07-12 14:31:50] [CAM] 摄像头未检测到，等待重连...
[2026-07-12 14:31:51] [CAM] 摄像头捕获器已释放
[2026-07-12 14:31:51] [CAM] 摄像头未检测到，等待重连...
[2026-07-12 14:31:51] [CAM] 摄像头捕获器已释放
[2026-07-12 14:31:51] [CAM] 摄像头未检测到，等待重连...
[2026-07-12 14:31:52] [CAM] 摄像头捕获器已释放
[2026-07-12 14:31:52] [CAM] 摄像头未检测到，等待重连...
[2026-07-12 14:31:52] [CAM] 摄像头捕获器已释放
[2026-07-12 14:31:52] [CAM] 摄像头未检测到，等待重连...
[2026-07-12 14:31:53] [CAM] 摄像头捕获器已释放
[2026-07-12 14:31:53] [CAM] 摄像头未检测到，等待重连...
[2026-07-12 14:31:53] [CAM] 摄像头捕获器已释放
[2026-07-12 14:31:53] [CAM] 摄像头未检测到，等待重连...
[2026-07-12 14:31:54] [CAM] 摄像头捕获器已释放
[2026-07-12 14:31:54] [CAM] 摄像头未检测到，等待重连...
[2026-07-12 14:31:54] [CAM] 摄像头捕获器已释放
[2026-07-12 14:31:54] [CAM] 摄像头未检测到，等待重连...
[2026-07-12 14:31:55] [CAM] 摄像头捕获器已释放
[2026-07-12 14:31:55] [CAM] 摄像头未检测到，等待重连...
[2026-07-12 14:31:55] [CAM] 摄像头捕获器已释放
[2026-07-12 14:31:55] [CAM] 摄像头未检测到，等待重连...
[2026-07-12 14:31:56] [CAM] 摄像头捕获器已释放
[2026-07-12 14:31:56] [CAM] 摄像头未检测到，等待重连...
[2026-07-12 14:31:56] [CAM] 摄像头捕获器已释放
[2026-07-12 14:31:56] [CAM] 摄像头未检测到，等待重连...
[2026-07-12 14:31:57] [CAM] 摄像头捕获器已释放
[2026-07-12 14:31:57] [CAM] 摄像头未检测到，等待重连...
[2026-07-12 14:31:57] [CAM] 摄像头捕获器已释放
[2026-07-12 14:31:57] [CAM] 摄像头未检测到，等待重连...
[2026-07-12 14:31:58] [CAM] 摄像头捕获器已释放
[2026-07-12 14:31:58] [CAM] 摄像头未检测到，等待重连...
[2026-07-12 14:31:58] [CAM] 摄像头捕获器已释放
[2026-07-12 14:31:58] [CAM] 摄像头未检测到，等待重连...
[2026-07-12 14:31:59] [CAM] 摄像头捕获器已释放
[2026-07-12 14:31:59] [CAM] 摄像头未检测到，等待重连...
[2026-07-12 14:31:59] [CAM] 摄像头捕获器已释放
[2026-07-12 14:31:59] [CAM] 摄像头未检测到，等待重连...
[2026-07-12 14:32:00] [CAM] 摄像头捕获器已释放
[2026-07-12 14:32:00] [CAM] 摄像头未检测到，等待重连...
[2026-07-12 14:32:00] [CAM] 摄像头捕获器已释放
[2026-07-12 14:32:00] [CAM] 摄像头未检测到，等待重连...
[2026-07-12 14:32:01] [CAM] 摄像头捕获器已释放
[2026-07-12 14:32:01] [CAM] 摄像头未检测到，等待重连...
[2026-07-12 14:32:01] [CAM] 摄像头捕获器已释放
[2026-07-12 14:32:01] [CAM] 摄像头未检测到，等待重连...
[2026-07-12 14:32:02] [CAM] 摄像头捕获器已释放
[2026-07-12 14:32:02] [CAM] 摄像头未检测到，等待重连...
[2026-07-12 14:32:02] [CAM] 摄像头捕获器已释放
[2026-07-12 14:32:02] [CAM] 摄像头未检测到，等待重连...
[2026-07-12 14:32:03] [CAM] 摄像头捕获器已释放
[2026-07-12 14:32:03] [CAM] 摄像头未检测到，等待重连...
[2026-07-12 14:32:03] [CAM] 摄像头捕获器已释放
[2026-07-12 14:32:03] [CAM] 摄像头未检测到，等待重连...
[2026-07-12 14:32:04] [CAM] 摄像头捕获器已释放
[2026-07-12 14:32:04] [CAM] 摄像头未检测到，等待重连...
[2026-07-12 14:32:04] [CAM] 摄像头捕获器已释放
[2026-07-12 14:32:04] [CAM] 摄像头未检测到，等待重连...
[2026-07-12 14:32:05] [CAM] 摄像头捕获器已释放
[2026-07-12 14:32:05] [CAM] 摄像头未检测到，等待重连...
[2026-07-12 14:32:05] [CAM] 摄像头捕获器已释放
[2026-07-12 14:32:05] [CAM] 摄像头未检测到，等待重连...
[2026-07-12 14:32:06] [CAM] 摄像头捕获器已释放
[2026-07-12 14:32:06] [CAM] 摄像头未检测到，等待重连...
[2026-07-12 14:32:06] [CAM] 摄像头捕获器已释放
[2026-07-12 14:32:06] [CAM] 摄像头未检测到，等待重连...
[2026-07-12 14:32:07] [CAM] 摄像头捕获器已释放
[2026-07-12 14:32:07] [CAM] 摄像头未检测到，等待重连...
[2026-07-12 14:32:07] [CAM] 摄像头捕获器已释放
[2026-07-12 14:32:07] [CAM] 摄像头未检测到，等待重连...
[2026-07-12 14:32:08] [CAM] 摄像头捕获器已释放
[2026-07-12 14:32:08] [CAM] 摄像头未检测到，等待重连...
[2026-07-12 14:32:08] [CAM] 摄像头捕获器已释放
[2026-07-12 14:32:08] [CAM] 摄像头未检测到，等待重连...
[2026-07-12 14:32:09] [CAM] 摄像头捕获器已释放
[2026-07-12 14:32:09] [CAM] 摄像头未检测到，等待重连...
[2026-07-12 14:32:09] [CAM] 摄像头捕获器已释放
[2026-07-12 14:32:09] [CAM] 摄像头未检测到，等待重连...
[2026-07-12 14:32:10] [CAM] 摄像头捕获器已释放
[2026-07-12 14:32:10] [CAM] 摄像头未检测到，等待重连...
[2026-07-12 14:32:10] [CAM] 摄像头捕获器已释放
[2026-07-12 14:32:10] [CAM] 摄像头未检测到，等待重连...
[2026-07-12 14:32:11] [CAM] 摄像头捕获器已释放
[2026-07-12 14:32:11] [CAM] 摄像头未检测到，等待重连...
[2026-07-12 14:32:11] [CAM] 摄像头捕获器已释放
[2026-07-12 14:32:11] [CAM] 摄像头未检测到，等待重连...
[2026-07-12 14:32:12] [CAM] 摄像头捕获器已释放
[2026-07-12 14:32:12] [CAM] 摄像头未检测到，等待重连...
[2026-07-12 14:32:12] [CAM] 摄像头捕获器已释放
[2026-07-12 14:32:12] [CAM] 摄像头未检测到，等待重连...
[2026-07-12 14:32:13] [CAM] 摄像头捕获器已释放
[2026-07-12 14:32:13] [CAM] 摄像头未检测到，等待重连...
[2026-07-12 14:32:13] [CAM] 摄像头捕获器已释放
[2026-07-12 14:32:13] [CAM] 摄像头未检测到，等待重连...
[2026-07-12 14:32:14] [CAM] 摄像头捕获器已释放
[2026-07-12 14:32:14] [CAM] 摄像头未检测到，等待重连...
[2026-07-12 14:32:14] [CAM] 摄像头捕获器已释放
[2026-07-12 14:32:14] [CAM] 摄像头未检测到，等待重连...
[2026-07-12 14:32:15] [CAM] 摄像头捕获器已释放
[2026-07-12 14:32:15] [CAM] 摄像头未检测到，等待重连...
[2026-07-12 14:32:15] [CAM] 摄像头捕获器已释放
[2026-07-12 14:32:15] [CAM] 摄像头未检测到，等待重连...
[2026-07-12 14:32:16] [CAM] 摄像头捕获器已释放
[2026-07-12 14:32:16] [CAM] 摄像头未检测到，等待重连...
[2026-07-12 14:32:16] [CAM] 摄像头捕获器已释放
[2026-07-12 14:32:16] [CAM] 摄像头未检测到，等待重连...
[2026-07-12 14:32:17] [CAM] 摄像头捕获器已释放
[2026-07-12 14:32:17] [CAM] 摄像头未检测到，等待重连...
[2026-07-12 14:32:17] [CAM] 摄像头捕获器已释放
[2026-07-12 14:32:17] [CAM] 摄像头未检测到，等待重连...
[2026-07-12 14:32:18] [CAM] 摄像头捕获器已释放
[2026-07-12 14:32:18] [CAM] 摄像头未检测到，等待重连...
[2026-07-12 14:32:18] [CAM] 摄像头捕获器已释放
[2026-07-12 14:32:18] [CAM] 摄像头未检测到，等待重连...
[2026-07-12 14:32:19] [CAM] 摄像头捕获器已释放
[2026-07-12 14:32:19] [CAM] 摄像头未检测到，等待重连...
[2026-07-12 14:32:19] [CAM] 摄像头捕获器已释放
[2026-07-12 14:32:19] [CAM] 摄像头未检测到，等待重连...
[2026-07-12 14:32:20] [CAM] 摄像头捕获器已释放
[2026-07-12 14:32:20] [CAM] 摄像头未检测到，等待重连...
[2026-07-12 14:32:20] [CAM] 摄像头捕获器已释放
[2026-07-12 14:32:20] [CAM] 摄像头未检测到，等待重连...
[2026-07-12 14:32:21] [CAM] 摄像头捕获器已释放
[2026-07-12 14:32:21] [CAM] 摄像头未检测到，等待重连...
[2026-07-12 14:32:21] [CAM] 摄像头捕获器已释放
[2026-07-12 14:32:21] [CAM] 摄像头未检测到，等待重连...
[2026-07-12 14:32:22] [CAM] 摄像头捕获器已释放
[2026-07-12 14:32:22] [CAM] 摄像头未检测到，等待重连...
[2026-07-12 14:32:22] [CAM] 摄像头捕获器已释放
[2026-07-12 14:32:22] [CAM] 摄像头未检测到，等待重连...
[2026-07-12 14:32:23] [CAM] 摄像头捕获器已释放
[2026-07-12 14:32:23] [CAM] 摄像头未检测到，等待重连...
[2026-07-12 14:32:23] [CAM] 摄像头捕获器已释放
[2026-07-12 14:32:23] [CAM] 摄像头未检测到，等待重连...
[2026-07-12 14:32:24] [CAM] 摄像头捕获器已释放
[2026-07-12 14:32:24] [CAM] 摄像头未检测到，等待重连...
[2026-07-12 14:32:24] [CAM] 摄像头捕获器已释放
[2026-07-12 14:32:24] [CAM] 摄像头未检测到，等待重连...
[2026-07-12 14:32:25] [CAM] 摄像头捕获器已释放
[2026-07-12 14:32:25] [CAM] 摄像头未检测到，等待重连...
[2026-07-12 14:32:25] [CAM] 摄像头捕获器已释放
[2026-07-12 14:32:25] [CAM] 摄像头未检测到，等待重连...
[2026-07-12 14:32:26] [CAM] 摄像头捕获器已释放
[2026-07-12 14:32:26] [CAM] 摄像头未检测到，等待重连...
[2026-07-12 14:32:26] [CAM] 摄像头捕获器已释放
[2026-07-12 14:32:26] [CAM] 摄像头未检测到，等待重连...
[2026-07-12 14:32:27] [CAM] 摄像头捕获器已释放
[2026-07-12 14:32:27] [CAM] 摄像头未检测到，等待重连...
[2026-07-12 14:32:27] [CAM] 摄像头捕获器已释放
[2026-07-12 14:32:27] [CAM] 摄像头未检测到，等待重连...
[2026-07-12 14:32:28] [CAM] 摄像头捕获器已释放
[2026-07-12 14:32:28] [CAM] 摄像头未检测到，等待重连...
[2026-07-12 14:32:28] [CAM] 摄像头捕获器已释放
[2026-07-12 14:32:28] [CAM] 摄像头未检测到，等待重连...
[2026-07-12 14:32:29] [CAM] 摄像头捕获器已释放
[2026-07-12 14:32:29] [CAM] 摄像头未检测到，等待重连...
[2026-07-12 14:32:29] [CAM] 摄像头捕获器已释放
[2026-07-12 14:32:29] [CAM] 摄像头未检测到，等待重连...
[2026-07-12 14:32:30] [CAM] 摄像头捕获器已释放
[2026-07-12 14:32:30] [CAM] 摄像头未检测到，等待重连...
[2026-07-12 14:32:30] [CAM] 摄像头捕获器已释放
[2026-07-12 14:32:30] [CAM] 摄像头未检测到，等待重连...
[2026-07-12 14:32:31] [CAM] 摄像头捕获器已释放
[2026-07-12 14:32:31] [CAM] 摄像头未检测到，等待重连...
[2026-07-12 14:32:31] [CAM] 摄像头捕获器已释放
[2026-07-12 14:32:31] [CAM] 摄像头未检测到，等待重连...
[2026-07-12 14:32:32] [CAM] 摄像头捕获器已释放
[2026-07-12 14:32:32] [CAM] 摄像头未检测到，等待重连...
[2026-07-12 14:32:32] [CAM] 摄像头捕获器已释放
[2026-07-12 14:32:32] [CAM] 摄像头未检测到，等待重连...
[2026-07-12 14:32:33] [CAM] 摄像头捕获器已释放
[2026-07-12 14:32:33] [CAM] 摄像头未检测到，等待重连...
[2026-07-12 14:32:33] [CAM] 摄像头捕获器已释放
[2026-07-12 14:32:33] [CAM] 摄像头未检测到，等待重连...
[2026-07-12 14:32:34] [CAM] 摄像头捕获器已释放
[2026-07-12 14:32:34] [CAM] 摄像头未检测到，等待重连...
[2026-07-12 14:32:34] [CAM] 摄像头捕获器已释放
[2026-07-12 14:32:34] [CAM] 摄像头未检测到，等待重连...
[2026-07-12 14:32:35] [CAM] 摄像头捕获器已释放
[2026-07-12 14:32:35] [CAM] 摄像头未检测到，等待重连...
[2026-07-12 14:32:35] [CAM] 摄像头捕获器已释放
[2026-07-12 14:32:35] [CAM] 摄像头未检测到，等待重连...
[2026-07-12 14:32:36] [INFO] 程序收到关闭信号，开始安全退出流程
[2026-07-12 14:32:36] [CAM] 摄像头捕获器已释放
[2026-07-12 14:32:36] [CAM] 摄像头未检测到，等待重连...
[2026-07-12 14:32:36] [SENSOR] RS485采集线程已停止
[2026-07-12 14:32:36] [CAM] 摄像头捕获器已释放
[2026-07-12 14:32:36] [INFO] 摄像头采集线程正常退出
[2026-07-12 14:32:36] [INFO] 程序正常退出
[2026-07-12 14:32:37] [INFO] 程序结束，退出码:0
[2026-07-12 14:32:46] [INFO] ========== 幼儿园AI安全卫士程序启动 ==========
[2026-07-12 14:32:47] [INFO] 主程序窗口初始化完成
[2026-07-12 14:32:47] [SENSOR] RS485传感器采集线程已启动，串口：/dev/ttyUSB0
[2026-07-12 14:32:47] [INFO] AI环境模拟线程启动
[2026-07-12 14:32:47] [INFO] 摄像头采集线程启动
[2026-07-12 14:32:47] [CAM] 摄像头未检测到，等待重连...
[2026-07-12 14:32:47] [SENSOR] 开机未检测到温湿度传感器，延时播报
[2026-07-12 14:32:49] [NET] 网络已恢复连通
[2026-07-12 14:32:49] [MIC] 开机未检测到USB麦克风，延时播报
[2026-07-12 14:32:49] [CAM] 摄像头捕获器已释放
[2026-07-12 14:32:49] [CAM] 摄像头未检测到，等待重连...
[2026-07-12 14:32:50] [CAM] 摄像头捕获器已释放
[2026-07-12 14:32:50] [CAM] 摄像头未检测到，等待重连...
[2026-07-12 14:32:50] [CAM] 摄像头捕获器已释放
[2026-07-12 14:32:50] [CAM] 摄像头未检测到，等待重连...
[2026-07-12 14:32:51] [CAM] 摄像头捕获器已释放
[2026-07-12 14:32:51] [CAM] 摄像头未检测到，等待重连...
[2026-07-12 14:32:51] [INFO] 程序收到关闭信号，开始安全退出流程
[2026-07-12 14:32:51] [CAM] 摄像头捕获器已释放
[2026-07-12 14:32:51] [CAM] 摄像头未检测到，等待重连...
[2026-07-12 14:32:52] [SENSOR] RS485采集线程已停止
[2026-07-12 14:32:52] [CAM] 摄像头捕获器已释放
[2026-07-12 14:32:52] [INFO] 摄像头采集线程正常退出
[2026-07-12 14:32:52] [INFO] 程序正常退出
[2026-07-12 14:32:52] [INFO] 程序结束，退出码:0
[2026-07-12 14:33:43] [INFO] ========== 幼儿园AI安全卫士程序启动 ==========
[2026-07-12 14:33:43] [INFO] 主程序窗口初始化完成
[2026-07-12 14:33:43] [SENSOR] RS485传感器采集线程已启动，串口：/dev/ttyUSB0
[2026-07-12 14:33:43] [INFO] AI环境模拟线程启动
[2026-07-12 14:33:43] [INFO] 摄像头采集线程启动
[2026-07-12 14:33:43] [CAM] 摄像头未检测到，等待重连...
[2026-07-12 14:33:43] [SENSOR] 开机未检测到温湿度传感器，延时播报
[2026-07-12 14:33:45] [NET] 网络已恢复连通
[2026-07-12 14:33:45] [MIC] 开机未检测到USB麦克风，延时播报
[2026-07-12 14:33:46] [CAM] 摄像头捕获器已释放
[2026-07-12 14:33:46] [CAM] 摄像头未检测到，等待重连...
[2026-07-12 14:33:46] [CAM] 摄像头捕获器已释放
[2026-07-12 14:33:46] [CAM] 摄像头未检测到，等待重连...
[2026-07-12 14:33:47] [CAM] 摄像头捕获器已释放
[2026-07-12 14:33:47] [CAM] 摄像头未检测到，等待重连...
[2026-07-12 14:33:47] [CAM] 摄像头捕获器已释放
[2026-07-12 14:33:47] [CAM] 摄像头未检测到，等待重连...
[2026-07-12 14:33:48] [CAM] 摄像头捕获器已释放
[2026-07-12 14:33:48] [CAM] 摄像头未检测到，等待重连...
[2026-07-12 14:33:48] [CAM] 摄像头捕获器已释放
[2026-07-12 14:33:48] [CAM] 摄像头未检测到，等待重连...
[2026-07-12 14:33:49] [CAM] 摄像头捕获器已释放
[2026-07-12 14:33:49] [CAM] 摄像头未检测到，等待重连...
[2026-07-12 14:33:49] [CAM] 摄像头捕获器已释放
[2026-07-12 14:33:49] [CAM] 摄像头未检测到，等待重连...
[2026-07-12 14:33:50] [CAM] 摄像头捕获器已释放
[2026-07-12 14:33:50] [CAM] 摄像头未检测到，等待重连...
[2026-07-12 14:33:50] [CAM] 摄像头捕获器已释放
[2026-07-12 14:33:50] [CAM] 摄像头未检测到，等待重连...
[2026-07-12 14:33:51] [CAM] 摄像头捕获器已释放
[2026-07-12 14:33:51] [CAM] 摄像头未检测到，等待重连...
[2026-07-12 14:33:51] [CAM] 摄像头捕获器已释放
[2026-07-12 14:33:51] [CAM] 摄像头未检测到，等待重连...
[2026-07-12 14:33:52] [CAM] 摄像头捕获器已释放
[2026-07-12 14:33:52] [CAM] 摄像头未检测到，等待重连...
[2026-07-12 14:33:52] [CAM] 摄像头捕获器已释放
[2026-07-12 14:33:52] [CAM] 摄像头未检测到，等待重连...
[2026-07-12 14:33:53] [CAM] 摄像头捕获器已释放
[2026-07-12 14:33:53] [CAM] 摄像头未检测到，等待重连...
[2026-07-12 14:33:59] [INFO] ========== 幼儿园AI安全卫士程序启动 ==========
[2026-07-12 14:33:59] [INFO] 主程序窗口初始化完成
[2026-07-12 14:33:59] [SENSOR] RS485传感器采集线程已启动，串口：/dev/ttyUSB0
[2026-07-12 14:33:59] [INFO] AI环境模拟线程启动
[2026-07-12 14:33:59] [INFO] 摄像头采集线程启动
[2026-07-12 14:33:59] [CAM] 摄像头未检测到，等待重连...
[2026-07-12 14:33:59] [SENSOR] 开机未检测到温湿度传感器，延时播报
[2026-07-12 14:34:01] [NET] 网络已恢复连通
[2026-07-12 14:34:01] [MIC] 开机未检测到USB麦克风，延时播报
[2026-07-12 14:34:02] [CAM] 摄像头捕获器已释放
[2026-07-12 14:34:02] [CAM] 摄像头未检测到，等待重连...
[2026-07-12 14:34:02] [CAM] 摄像头捕获器已释放
[2026-07-12 14:34:02] [CAM] 摄像头未检测到，等待重连...
[2026-07-12 14:34:03] [CAM] 摄像头捕获器已释放
[2026-07-12 14:34:03] [CAM] 摄像头未检测到，等待重连...
[2026-07-12 14:34:03] [CAM] 摄像头捕获器已释放
[2026-07-12 14:34:03] [CAM] 摄像头未检测到，等待重连...
[2026-07-12 14:34:04] [CAM] 摄像头捕获器已释放
[2026-07-12 14:34:04] [CAM] 摄像头未检测到，等待重连...
[2026-07-12 14:34:04] [CAM] 摄像头捕获器已释放
[2026-07-12 14:34:04] [CAM] 摄像头未检测到，等待重连...
[2026-07-12 14:34:05] [CAM] 摄像头捕获器已释放
[2026-07-12 14:34:05] [CAM] 摄像头未检测到，等待重连...
[2026-07-12 14:34:05] [CAM] 摄像头捕获器已释放
[2026-07-12 14:34:05] [CAM] 摄像头未检测到，等待重连...
[2026-07-12 14:34:06] [CAM] 摄像头捕获器已释放
[2026-07-12 14:34:06] [CAM] 摄像头未检测到，等待重连...
[2026-07-12 14:34:06] [CAM] 摄像头捕获器已释放
[2026-07-12 14:34:06] [CAM] 摄像头未检测到，等待重连...
[2026-07-12 14:34:07] [CAM] 摄像头捕获器已释放
[2026-07-12 14:34:07] [CAM] 摄像头未检测到，等待重连...
[2026-07-12 14:34:07] [CAM] 摄像头捕获器已释放
[2026-07-12 14:34:07] [CAM] 摄像头未检测到，等待重连...
[2026-07-12 14:34:08] [CAM] 摄像头捕获器已释放
[2026-07-12 14:34:08] [CAM] 摄像头未检测到，等待重连...
[2026-07-12 14:34:08] [CAM] 摄像头捕获器已释放
[2026-07-12 14:34:08] [CAM] 摄像头未检测到，等待重连...
[2026-07-12 14:34:09] [CAM] 摄像头捕获器已释放
[2026-07-12 14:34:09] [CAM] 摄像头未检测到，等待重连...
[2026-07-12 14:34:09] [CAM] 摄像头捕获器已释放
[2026-07-12 14:34:09] [CAM] 摄像头未检测到，等待重连...
[2026-07-12 14:34:10] [CAM] 摄像头捕获器已释放
[2026-07-12 14:34:10] [CAM] 摄像头未检测到，等待重连...
[2026-07-12 14:34:10] [CAM] 摄像头捕获器已释放
[2026-07-12 14:34:10] [CAM] 摄像头未检测到，等待重连...
[2026-07-12 14:34:11] [CAM] 摄像头捕获器已释放
[2026-07-12 14:34:11] [CAM] 摄像头未检测到，等待重连...
[2026-07-12 14:34:11] [CAM] 摄像头捕获器已释放
[2026-07-12 14:34:11] [CAM] 摄像头未检测到，等待重连...
[2026-07-12 14:34:12] [CAM] 摄像头捕获器已释放
[2026-07-12 14:34:12] [CAM] 摄像头未检测到，等待重连...
[2026-07-12 14:34:12] [CAM] 摄像头捕获器已释放
[2026-07-12 14:34:12] [CAM] 摄像头未检测到，等待重连...
[2026-07-12 14:34:13] [CAM] 摄像头捕获器已释放
[2026-07-12 14:34:13] [CAM] 摄像头未检测到，等待重连...
[2026-07-12 14:34:13] [CAM] 摄像头捕获器已释放
[2026-07-12 14:34:13] [CAM] 摄像头未检测到，等待重连...
[2026-07-12 14:34:14] [CAM] 摄像头捕获器已释放
[2026-07-12 14:34:14] [CAM] 摄像头未检测到，等待重连...
[2026-07-12 14:34:14] [CAM] 摄像头捕获器已释放
[2026-07-12 14:34:14] [CAM] 摄像头未检测到，等待重连...
[2026-07-12 14:34:15] [CAM] 摄像头捕获器已释放
[2026-07-12 14:34:15] [CAM] 摄像头未检测到，等待重连...
[2026-07-12 14:34:15] [CAM] 摄像头捕获器已释放
[2026-07-12 14:34:15] [CAM] 摄像头未检测到，等待重连...
[2026-07-12 14:34:16] [CAM] 摄像头捕获器已释放
[2026-07-12 14:34:16] [CAM] 摄像头未检测到，等待重连...
[2026-07-12 14:34:16] [CAM] 摄像头捕获器已释放
[2026-07-12 14:34:16] [CAM] 摄像头未检测到，等待重连...
[2026-07-12 14:34:17] [CAM] 摄像头捕获器已释放
[2026-07-12 14:34:17] [CAM] 摄像头未检测到，等待重连...
[2026-07-12 14:34:17] [CAM] 摄像头捕获器已释放
[2026-07-12 14:34:17] [CAM] 摄像头未检测到，等待重连...
[2026-07-12 14:34:18] [CAM] 摄像头捕获器已释放
[2026-07-12 14:34:18] [CAM] 摄像头未检测到，等待重连...
[2026-07-12 14:34:18] [CAM] 摄像头捕获器已释放
[2026-07-12 14:34:18] [CAM] 摄像头未检测到，等待重连...
[2026-07-12 14:34:19] [CAM] 摄像头捕获器已释放
[2026-07-12 14:34:19] [CAM] 摄像头未检测到，等待重连...
[2026-07-12 14:34:19] [CAM] 摄像头捕获器已释放
[2026-07-12 14:34:19] [CAM] 摄像头未检测到，等待重连...
[2026-07-12 14:34:20] [CAM] 摄像头捕获器已释放
[2026-07-12 14:34:20] [CAM] 摄像头未检测到，等待重连...
[2026-07-12 14:34:20] [CAM] 摄像头捕获器已释放
[2026-07-12 14:34:20] [CAM] 摄像头未检测到，等待重连...
[2026-07-12 14:34:21] [CAM] 摄像头捕获器已释放
[2026-07-12 14:34:21] [CAM] 摄像头未检测到，等待重连...
[2026-07-12 14:34:21] [CAM] 摄像头捕获器已释放
[2026-07-12 14:34:21] [CAM] 摄像头未检测到，等待重连...
[2026-07-12 14:34:22] [CAM] 摄像头捕获器已释放
[2026-07-12 14:34:22] [CAM] 摄像头未检测到，等待重连...
[2026-07-12 14:34:22] [CAM] 摄像头捕获器已释放
[2026-07-12 14:34:22] [CAM] 摄像头未检测到，等待重连...
[2026-07-12 14:34:23] [CAM] 摄像头捕获器已释放
[2026-07-12 14:34:23] [CAM] 摄像头未检测到，等待重连...
[2026-07-12 14:34:23] [CAM] 摄像头捕获器已释放
[2026-07-12 14:34:23] [CAM] 摄像头未检测到，等待重连...
[2026-07-12 14:34:24] [CAM] 摄像头捕获器已释放
[2026-07-12 14:34:24] [CAM] 摄像头未检测到，等待重连...
[2026-07-12 14:34:24] [CAM] 摄像头捕获器已释放
[2026-07-12 14:34:24] [CAM] 摄像头未检测到，等待重连...
[2026-07-12 14:34:25] [CAM] 摄像头捕获器已释放
[2026-07-12 14:34:25] [CAM] 摄像头未检测到，等待重连...
[2026-07-12 14:34:25] [CAM] 摄像头捕获器已释放
[2026-07-12 14:34:25] [CAM] 摄像头未检测到，等待重连...
[2026-07-12 14:34:26] [CAM] 摄像头捕获器已释放
[2026-07-12 14:34:26] [CAM] 摄像头未检测到，等待重连...
[2026-07-12 14:34:26] [CAM] 摄像头捕获器已释放
[2026-07-12 14:34:26] [CAM] 摄像头未检测到，等待重连...
[2026-07-12 14:34:27] [CAM] 摄像头捕获器已释放
[2026-07-12 14:34:27] [CAM] 摄像头未检测到，等待重连...
[2026-07-12 14:34:27] [CAM] 摄像头捕获器已释放
[2026-07-12 14:34:27] [CAM] 摄像头未检测到，等待重连...
[2026-07-12 14:34:28] [CAM] 摄像头捕获器已释放
[2026-07-12 14:34:28] [CAM] 摄像头未检测到，等待重连...
[2026-07-12 14:34:28] [CAM] 摄像头捕获器已释放
[2026-07-12 14:34:28] [CAM] 摄像头未检测到，等待重连...
[2026-07-12 14:34:29] [CAM] 摄像头捕获器已释放
[2026-07-12 14:34:29] [CAM] 摄像头未检测到，等待重连...
[2026-07-12 14:34:29] [CAM] 摄像头捕获器已释放
[2026-07-12 14:34:29] [CAM] 摄像头未检测到，等待重连...
[2026-07-12 14:34:30] [CAM] 摄像头捕获器已释放
[2026-07-12 14:34:30] [CAM] 摄像头未检测到，等待重连...
[2026-07-12 14:34:30] [CAM] 摄像头捕获器已释放
[2026-07-12 14:34:30] [CAM] 摄像头未检测到，等待重连...
[2026-07-12 14:34:31] [CAM] 摄像头捕获器已释放
[2026-07-12 14:34:31] [CAM] 摄像头未检测到，等待重连...
[2026-07-12 14:34:31] [CAM] 摄像头捕获器已释放
[2026-07-12 14:34:31] [CAM] 摄像头未检测到，等待重连...
[2026-07-12 14:34:32] [CAM] 摄像头捕获器已释放
[2026-07-12 14:34:32] [CAM] 摄像头未检测到，等待重连...
[2026-07-12 14:34:32] [CAM] 摄像头捕获器已释放
[2026-07-12 14:34:32] [CAM] 摄像头未检测到，等待重连...
[2026-07-12 14:34:33] [CAM] 摄像头捕获器已释放
[2026-07-12 14:34:33] [CAM] 摄像头未检测到，等待重连...
[2026-07-12 14:34:33] [CAM] 摄像头捕获器已释放
[2026-07-12 14:34:33] [CAM] 摄像头未检测到，等待重连...
[2026-07-12 14:34:34] [CAM] 摄像头捕获器已释放
[2026-07-12 14:34:34] [CAM] 摄像头未检测到，等待重连...
[2026-07-12 14:34:34] [CAM] 摄像头捕获器已释放
[2026-07-12 14:34:34] [CAM] 摄像头未检测到，等待重连...
[2026-07-12 14:34:35] [CAM] 摄像头捕获器已释放
[2026-07-12 14:34:35] [CAM] 摄像头未检测到，等待重连...
[2026-07-12 14:34:35] [CAM] 摄像头捕获器已释放
[2026-07-12 14:34:35] [CAM] 摄像头未检测到，等待重连...
[2026-07-12 14:39:16] [INFO] ========== 幼儿园AI安全卫士程序启动 ==========
[2026-07-12 14:39:16] [INFO] 主程序窗口初始化完成
[2026-07-12 14:39:16] [SENSOR] RS485传感器采集线程已启动，串口：/dev/ttyUSB0
[2026-07-12 14:39:16] [INFO] AI环境模拟线程启动
[2026-07-12 14:39:16] [INFO] 摄像头采集线程启动
[2026-07-12 14:39:16] [CAM] 摄像头未检测到，等待重连...
[2026-07-12 14:39:16] [SENSOR] 开机未检测到温湿度传感器，延时播报
[2026-07-12 14:41:38] [INFO] ========== 幼儿园AI安全卫士程序启动 ==========
[2026-07-12 14:41:38] [INFO] 主程序窗口初始化完成
[2026-07-12 14:41:38] [SENSOR] RS485传感器采集线程已启动，串口：/dev/ttyUSB0
[2026-07-12 14:41:38] [INFO] 摄像头采集线程启动
[2026-07-12 14:41:38] [INFO] AI环境模拟线程启动
[2026-07-12 14:41:38] [CAM] 摄像头未检测到，等待重连...
[2026-07-12 14:41:38] [SENSOR] 开机未检测到温湿度传感器，延时播报
[2026-07-12 14:41:40] [NET] 网络已恢复连通
[2026-07-12 14:41:40] [MIC] 开机未检测到USB麦克风，延时播报
[2026-07-12 14:41:41] [CAM] 摄像头捕获器已释放
[2026-07-12 14:41:41] [CAM] 摄像头未检测到，等待重连...
[2026-07-12 14:41:41] [CAM] 摄像头捕获器已释放
[2026-07-12 14:41:41] [CAM] 摄像头未检测到，等待重连...
[2026-07-12 14:41:42] [CAM] 摄像头捕获器已释放
[2026-07-12 14:41:42] [CAM] 摄像头未检测到，等待重连...
[2026-07-12 14:41:42] [CAM] 摄像头捕获器已释放
[2026-07-12 14:41:42] [CAM] 摄像头未检测到，等待重连...
[2026-07-12 14:41:43] [CAM] 摄像头捕获器已释放
[2026-07-12 14:41:43] [CAM] 摄像头未检测到，等待重连...
[2026-07-12 14:41:43] [CAM] 摄像头捕获器已释放
[2026-07-12 14:41:43] [CAM] 摄像头未检测到，等待重连...
[2026-07-12 14:41:44] [CAM] 摄像头捕获器已释放
[2026-07-12 14:41:44] [CAM] 摄像头未检测到，等待重连...
[2026-07-12 14:41:44] [CAM] 摄像头捕获器已释放
[2026-07-12 14:41:44] [CAM] 摄像头未检测到，等待重连...
[2026-07-12 14:41:45] [CAM] 摄像头捕获器已释放
[2026-07-12 14:41:45] [CAM] 摄像头未检测到，等待重连...
[2026-07-12 14:41:45] [CAM] 摄像头捕获器已释放
[2026-07-12 14:41:45] [CAM] 摄像头未检测到，等待重连...
[2026-07-12 14:41:46] [CAM] 摄像头捕获器已释放
[2026-07-12 14:41:46] [CAM] 摄像头未检测到，等待重连...
[2026-07-12 14:41:46] [CAM] 摄像头捕获器已释放
[2026-07-12 14:41:46] [CAM] 摄像头未检测到，等待重连...
[2026-07-12 14:41:47] [CAM] 摄像头捕获器已释放
[2026-07-12 14:41:47] [CAM] 摄像头未检测到，等待重连...
[2026-07-12 14:41:47] [CAM] 摄像头捕获器已释放
[2026-07-12 14:41:47] [CAM] 摄像头未检测到，等待重连...
[2026-07-12 14:41:48] [CAM] 摄像头捕获器已释放
[2026-07-12 14:41:48] [CAM] 摄像头未检测到，等待重连...
[2026-07-12 14:41:48] [CAM] 摄像头捕获器已释放
[2026-07-12 14:41:48] [CAM] 摄像头未检测到，等待重连...
[2026-07-12 14:41:49] [CAM] 摄像头捕获器已释放
[2026-07-12 14:41:49] [CAM] 摄像头未检测到，等待重连...
[2026-07-12 14:41:49] [CAM] 摄像头捕获器已释放
[2026-07-12 14:41:49] [CAM] 摄像头未检测到，等待重连...
[2026-07-12 14:41:50] [CAM] 摄像头捕获器已释放
[2026-07-12 14:41:50] [CAM] 摄像头未检测到，等待重连...
[2026-07-12 14:41:50] [CAM] 摄像头捕获器已释放
[2026-07-12 14:41:50] [CAM] 摄像头未检测到，等待重连...
[2026-07-12 14:41:51] [CAM] 摄像头捕获器已释放
[2026-07-12 14:41:51] [CAM] 摄像头未检测到，等待重连...
[2026-07-12 14:41:51] [CAM] 摄像头捕获器已释放
[2026-07-12 14:41:51] [CAM] 摄像头未检测到，等待重连...
[2026-07-12 14:41:52] [CAM] 摄像头捕获器已释放
[2026-07-12 14:41:52] [CAM] 摄像头未检测到，等待重连...
[2026-07-12 14:41:52] [CAM] 摄像头捕获器已释放
[2026-07-12 14:41:52] [CAM] 摄像头未检测到，等待重连...
[2026-07-12 14:41:53] [CAM] 摄像头捕获器已释放
[2026-07-12 14:41:53] [CAM] 摄像头未检测到，等待重连...
[2026-07-12 14:41:53] [CAM] 摄像头捕获器已释放
[2026-07-12 14:41:53] [CAM] 摄像头未检测到，等待重连...
[2026-07-12 14:41:54] [CAM] 摄像头捕获器已释放
[2026-07-12 14:41:54] [CAM] 摄像头未检测到，等待重连...
[2026-07-12 14:41:54] [CAM] 摄像头捕获器已释放
[2026-07-12 14:41:54] [CAM] 摄像头未检测到，等待重连...
[2026-07-12 14:41:55] [CAM] 摄像头捕获器已释放
[2026-07-12 14:41:55] [CAM] 摄像头未检测到，等待重连...
[2026-07-12 14:41:55] [CAM] 摄像头捕获器已释放
[2026-07-12 14:41:55] [CAM] 摄像头未检测到，等待重连...
[2026-07-12 14:41:56] [CAM] 摄像头捕获器已释放
[2026-07-12 14:41:56] [CAM] 摄像头未检测到，等待重连...
[2026-07-12 14:41:56] [CAM] 摄像头捕获器已释放
[2026-07-12 14:41:56] [CAM] 摄像头未检测到，等待重连...
[2026-07-12 14:41:57] [CAM] 摄像头捕获器已释放
[2026-07-12 14:41:57] [CAM] 摄像头未检测到，等待重连...
[2026-07-12 14:41:57] [CAM] 摄像头捕获器已释放
[2026-07-12 14:41:57] [CAM] 摄像头未检测到，等待重连...
[2026-07-12 14:41:58] [CAM] 摄像头捕获器已释放
[2026-07-12 14:41:58] [CAM] 摄像头未检测到，等待重连...
[2026-07-12 14:41:58] [CAM] 摄像头捕获器已释放
[2026-07-12 14:41:58] [CAM] 摄像头未检测到，等待重连...
[2026-07-12 14:41:59] [CAM] 摄像头捕获器已释放
[2026-07-12 14:41:59] [CAM] 摄像头未检测到，等待重连...
[2026-07-12 14:41:59] [CAM] 摄像头捕获器已释放
[2026-07-12 14:41:59] [CAM] 摄像头未检测到，等待重连...
[2026-07-12 14:42:00] [CAM] 摄像头捕获器已释放
[2026-07-12 14:42:00] [CAM] 摄像头未检测到，等待重连...
[2026-07-12 14:42:00] [CAM] 摄像头捕获器已释放
[2026-07-12 14:42:00] [CAM] 摄像头未检测到，等待重连...
[2026-07-12 14:42:01] [CAM] 摄像头捕获器已释放
[2026-07-12 14:42:01] [CAM] 摄像头未检测到，等待重连...
[2026-07-12 14:42:01] [CAM] 摄像头捕获器已释放
[2026-07-12 14:42:01] [CAM] 摄像头未检测到，等待重连...
[2026-07-12 14:42:02] [CAM] 摄像头捕获器已释放
[2026-07-12 14:42:02] [CAM] 摄像头未检测到，等待重连...
[2026-07-12 14:42:02] [CAM] 摄像头捕获器已释放
[2026-07-12 14:42:02] [CAM] 摄像头未检测到，等待重连...
[2026-07-12 14:42:03] [CAM] 摄像头捕获器已释放
[2026-07-12 14:42:03] [CAM] 摄像头未检测到，等待重连...
[2026-07-12 14:42:03] [CAM] 摄像头捕获器已释放
[2026-07-12 14:42:03] [CAM] 摄像头未检测到，等待重连...
[2026-07-12 14:42:04] [CAM] 摄像头捕获器已释放
[2026-07-12 14:42:04] [CAM] 摄像头未检测到，等待重连...
[2026-07-12 14:42:04] [CAM] 摄像头捕获器已释放
[2026-07-12 14:42:04] [CAM] 摄像头未检测到，等待重连...
[2026-07-12 14:42:05] [CAM] 摄像头捕获器已释放
[2026-07-12 14:42:05] [CAM] 摄像头未检测到，等待重连...
[2026-07-12 14:42:05] [CAM] 摄像头捕获器已释放
[2026-07-12 14:42:05] [CAM] 摄像头未检测到，等待重连...
[2026-07-12 14:42:06] [CAM] 摄像头捕获器已释放
[2026-07-12 14:42:06] [CAM] 摄像头未检测到，等待重连...
[2026-07-12 14:42:06] [CAM] 摄像头捕获器已释放
[2026-07-12 14:42:06] [CAM] 摄像头未检测到，等待重连...
[2026-07-12 14:42:07] [CAM] 摄像头捕获器已释放
[2026-07-12 14:42:07] [CAM] 摄像头未检测到，等待重连...
[2026-07-12 14:42:07] [CAM] 摄像头捕获器已释放
[2026-07-12 14:42:07] [CAM] 摄像头未检测到，等待重连...
[2026-07-12 14:42:08] [CAM] 摄像头捕获器已释放
[2026-07-12 14:42:08] [CAM] 摄像头未检测到，等待重连...
[2026-07-12 14:42:08] [CAM] 摄像头捕获器已释放
[2026-07-12 14:42:08] [CAM] 摄像头未检测到，等待重连...
[2026-07-12 14:42:09] [CAM] 摄像头捕获器已释放
[2026-07-12 14:42:09] [CAM] 摄像头未检测到，等待重连...
[2026-07-12 14:42:09] [CAM] 摄像头捕获器已释放
[2026-07-12 14:42:09] [CAM] 摄像头未检测到，等待重连...
[2026-07-12 14:42:10] [CAM] 摄像头捕获器已释放
[2026-07-12 14:42:10] [CAM] 摄像头未检测到，等待重连...
[2026-07-12 14:42:10] [CAM] 摄像头捕获器已释放
[2026-07-12 14:42:10] [CAM] 摄像头未检测到，等待重连...
[2026-07-12 14:42:11] [CAM] 摄像头捕获器已释放
[2026-07-12 14:42:11] [CAM] 摄像头未检测到，等待重连...
[2026-07-12 14:42:11] [CAM] 摄像头捕获器已释放
[2026-07-12 14:42:11] [CAM] 摄像头未检测到，等待重连...
[2026-07-12 14:42:12] [CAM] 摄像头捕获器已释放
[2026-07-12 14:42:12] [CAM] 摄像头未检测到，等待重连...
[2026-07-12 14:42:12] [CAM] 摄像头捕获器已释放
[2026-07-12 14:42:12] [CAM] 摄像头未检测到，等待重连...
[2026-07-12 14:42:13] [CAM] 摄像头捕获器已释放
[2026-07-12 14:42:13] [CAM] 摄像头未检测到，等待重连...
[2026-07-12 14:42:13] [CAM] 摄像头捕获器已释放
[2026-07-12 14:42:13] [CAM] 摄像头未检测到，等待重连...
[2026-07-12 14:42:14] [CAM] 摄像头捕获器已释放
[2026-07-12 14:42:14] [CAM] 摄像头未检测到，等待重连...
[2026-07-12 14:42:14] [CAM] 摄像头捕获器已释放
[2026-07-12 14:42:14] [CAM] 摄像头未检测到，等待重连...
[2026-07-12 14:42:15] [CAM] 摄像头捕获器已释放
[2026-07-12 14:42:15] [CAM] 摄像头未检测到，等待重连...
[2026-07-12 14:42:15] [CAM] 摄像头捕获器已释放
[2026-07-12 14:42:15] [CAM] 摄像头未检测到，等待重连...
[2026-07-12 14:42:16] [CAM] 摄像头捕获器已释放
[2026-07-12 14:42:16] [CAM] 摄像头未检测到，等待重连...
[2026-07-12 14:42:16] [CAM] 摄像头捕获器已释放
[2026-07-12 14:42:16] [CAM] 摄像头未检测到，等待重连...
[2026-07-12 14:42:17] [CAM] 摄像头捕获器已释放
[2026-07-12 14:42:17] [CAM] 摄像头未检测到，等待重连...
[2026-07-12 14:42:17] [CAM] 摄像头捕获器已释放
[2026-07-12 14:42:17] [CAM] 摄像头未检测到，等待重连...
[2026-07-12 14:42:18] [CAM] 摄像头捕获器已释放
[2026-07-12 14:42:18] [CAM] 摄像头未检测到，等待重连...
[2026-07-12 14:42:18] [CAM] 摄像头捕获器已释放
[2026-07-12 14:42:18] [CAM] 摄像头未检测到，等待重连...
[2026-07-12 14:42:19] [CAM] 摄像头捕获器已释放
[2026-07-12 14:42:19] [CAM] 摄像头未检测到，等待重连...
[2026-07-12 14:42:19] [CAM] 摄像头捕获器已释放
[2026-07-12 14:42:19] [CAM] 摄像头未检测到，等待重连...
[2026-07-12 14:42:20] [CAM] 摄像头捕获器已释放
[2026-07-12 14:42:20] [CAM] 摄像头未检测到，等待重连...
[2026-07-12 14:42:20] [CAM] 摄像头捕获器已释放
[2026-07-12 14:42:20] [CAM] 摄像头未检测到，等待重连...
[2026-07-12 14:42:21] [CAM] 摄像头捕获器已释放
[2026-07-12 14:42:21] [CAM] 摄像头未检测到，等待重连...
[2026-07-12 14:42:21] [CAM] 摄像头捕获器已释放
[2026-07-12 14:42:21] [CAM] 摄像头未检测到，等待重连...
[2026-07-12 14:42:22] [CAM] 摄像头捕获器已释放
[2026-07-12 14:42:22] [CAM] 摄像头未检测到，等待重连...
[2026-07-12 14:42:22] [CAM] 摄像头捕获器已释放
[2026-07-12 14:42:22] [CAM] 摄像头未检测到，等待重连...
[2026-07-12 14:42:23] [CAM] 摄像头捕获器已释放
[2026-07-12 14:42:23] [CAM] 摄像头未检测到，等待重连...
[2026-07-12 14:42:23] [CAM] 摄像头捕获器已释放
[2026-07-12 14:42:23] [CAM] 摄像头未检测到，等待重连...
[2026-07-12 14:42:24] [CAM] 摄像头捕获器已释放
[2026-07-12 14:42:24] [CAM] 摄像头未检测到，等待重连...
[2026-07-12 14:42:24] [CAM] 摄像头捕获器已释放
[2026-07-12 14:42:24] [CAM] 摄像头未检测到，等待重连...
[2026-07-12 14:42:25] [CAM] 摄像头捕获器已释放
[2026-07-12 14:42:25] [CAM] 摄像头未检测到，等待重连...
[2026-07-12 14:42:25] [CAM] 摄像头捕获器已释放
[2026-07-12 14:42:25] [CAM] 摄像头未检测到，等待重连...
[2026-07-12 14:42:26] [CAM] 摄像头捕获器已释放
[2026-07-12 14:42:26] [CAM] 摄像头未检测到，等待重连...
[2026-07-12 14:42:26] [CAM] 摄像头捕获器已释放
[2026-07-12 14:42:26] [CAM] 摄像头未检测到，等待重连...
[2026-07-12 14:42:27] [CAM] 摄像头捕获器已释放
[2026-07-12 14:42:27] [CAM] 摄像头未检测到，等待重连...
[2026-07-12 14:42:27] [CAM] 摄像头捕获器已释放
[2026-07-12 14:42:27] [CAM] 摄像头未检测到，等待重连...
[2026-07-12 14:42:28] [CAM] 摄像头捕获器已释放
[2026-07-12 14:42:28] [CAM] 摄像头未检测到，等待重连...
[2026-07-12 14:42:28] [CAM] 摄像头捕获器已释放
[2026-07-12 14:42:28] [CAM] 摄像头未检测到，等待重连...
[2026-07-12 14:42:29] [CAM] 摄像头捕获器已释放
[2026-07-12 14:42:29] [CAM] 摄像头未检测到，等待重连...
[2026-07-12 14:42:29] [CAM] 摄像头捕获器已释放
[2026-07-12 14:42:29] [CAM] 摄像头未检测到，等待重连...
[2026-07-12 14:42:30] [CAM] 摄像头捕获器已释放
[2026-07-12 14:42:30] [CAM] 摄像头未检测到，等待重连...
[2026-07-12 14:42:30] [CAM] 摄像头捕获器已释放
[2026-07-12 14:42:30] [CAM] 摄像头未检测到，等待重连...
[2026-07-12 14:42:31] [CAM] 摄像头捕获器已释放
[2026-07-12 14:42:31] [CAM] 摄像头未检测到，等待重连...
[2026-07-12 14:42:31] [CAM] 摄像头捕获器已释放
[2026-07-12 14:42:31] [CAM] 摄像头未检测到，等待重连...
[2026-07-12 14:42:32] [CAM] 摄像头捕获器已释放
[2026-07-12 14:42:32] [CAM] 摄像头未检测到，等待重连...
[2026-07-12 14:42:32] [CAM] 摄像头捕获器已释放
[2026-07-12 14:42:32] [CAM] 摄像头未检测到，等待重连...
[2026-07-12 14:42:33] [CAM] 摄像头捕获器已释放
[2026-07-12 14:42:33] [CAM] 摄像头未检测到，等待重连...
[2026-07-12 14:42:33] [CAM] 摄像头捕获器已释放
[2026-07-12 14:42:33] [CAM] 摄像头未检测到，等待重连...
[2026-07-12 14:42:34] [CAM] 摄像头捕获器已释放
[2026-07-12 14:42:34] [CAM] 摄像头未检测到，等待重连...
[2026-07-12 14:42:34] [CAM] 摄像头捕获器已释放
[2026-07-12 14:42:34] [CAM] 摄像头未检测到，等待重连...
[2026-07-12 14:42:35] [CAM] 摄像头捕获器已释放
[2026-07-12 14:42:35] [CAM] 摄像头未检测到，等待重连...
[2026-07-12 14:42:35] [CAM] 摄像头捕获器已释放
[2026-07-12 14:42:35] [CAM] 摄像头未检测到，等待重连...
[2026-07-12 14:42:36] [CAM] 摄像头捕获器已释放
[2026-07-12 14:42:36] [CAM] 摄像头未检测到，等待重连...
[2026-07-12 14:42:36] [CAM] 摄像头捕获器已释放
[2026-07-12 14:42:36] [CAM] 摄像头未检测到，等待重连...
[2026-07-12 14:42:37] [CAM] 摄像头捕获器已释放
[2026-07-12 14:42:37] [CAM] 摄像头未检测到，等待重连...
[2026-07-12 14:42:37] [CAM] 摄像头捕获器已释放
[2026-07-12 14:42:37] [CAM] 摄像头未检测到，等待重连...
[2026-07-12 14:42:38] [CAM] 摄像头捕获器已释放
[2026-07-12 14:42:38] [CAM] 摄像头未检测到，等待重连...
[2026-07-12 14:42:38] [CAM] 摄像头捕获器已释放
[2026-07-12 14:42:38] [CAM] 摄像头未检测到，等待重连...
[2026-07-12 14:42:39] [CAM] 摄像头捕获器已释放
[2026-07-12 14:42:39] [CAM] 摄像头未检测到，等待重连...
[2026-07-12 14:42:39] [CAM] 摄像头捕获器已释放
[2026-07-12 14:42:39] [CAM] 摄像头未检测到，等待重连...
[2026-07-12 14:42:40] [CAM] 摄像头捕获器已释放
[2026-07-12 14:42:40] [CAM] 摄像头未检测到，等待重连...
[2026-07-12 14:42:40] [CAM] 摄像头捕获器已释放
[2026-07-12 14:42:40] [CAM] 摄像头未检测到，等待重连...
[2026-07-12 14:42:41] [CAM] 摄像头捕获器已释放
[2026-07-12 14:42:41] [CAM] 摄像头未检测到，等待重连...
[2026-07-12 14:42:41] [CAM] 摄像头捕获器已释放
[2026-07-12 14:42:41] [CAM] 摄像头未检测到，等待重连...
[2026-07-12 14:42:42] [CAM] 摄像头捕获器已释放
[2026-07-12 14:42:42] [CAM] 摄像头未检测到，等待重连...
[2026-07-12 14:42:42] [CAM] 摄像头捕获器已释放
[2026-07-12 14:42:42] [CAM] 摄像头未检测到，等待重连...
[2026-07-12 14:42:43] [CAM] 摄像头捕获器已释放
[2026-07-12 14:42:43] [CAM] 摄像头未检测到，等待重连...
[2026-07-12 14:42:43] [CAM] 摄像头捕获器已释放
[2026-07-12 14:42:43] [CAM] 摄像头未检测到，等待重连...
[2026-07-12 14:42:44] [CAM] 摄像头捕获器已释放
[2026-07-12 14:42:44] [CAM] 摄像头未检测到，等待重连...
[2026-07-12 14:42:44] [CAM] 摄像头捕获器已释放
[2026-07-12 14:42:44] [CAM] 摄像头未检测到，等待重连...
[2026-07-12 14:42:45] [CAM] 摄像头捕获器已释放
[2026-07-12 14:42:45] [CAM] 摄像头未检测到，等待重连...
[2026-07-12 14:42:45] [CAM] 摄像头捕获器已释放
[2026-07-12 14:42:45] [CAM] 摄像头未检测到，等待重连...
[2026-07-12 14:42:46] [CAM] 摄像头捕获器已释放
[2026-07-12 14:42:46] [CAM] 摄像头未检测到，等待重连...
[2026-07-12 14:42:47] [CAM] 摄像头捕获器已释放
[2026-07-12 14:42:47] [CAM] 摄像头未检测到，等待重连...
[2026-07-12 14:42:47] [CAM] 摄像头捕获器已释放
[2026-07-12 14:42:47] [CAM] 摄像头未检测到，等待重连...
[2026-07-12 14:42:48] [CAM] 摄像头捕获器已释放
[2026-07-12 14:42:48] [CAM] 摄像头未检测到，等待重连...
[2026-07-12 14:42:48] [CAM] 摄像头捕获器已释放
[2026-07-12 14:42:48] [CAM] 摄像头未检测到，等待重连...
[2026-07-12 14:42:49] [CAM] 摄像头捕获器已释放
[2026-07-12 14:42:49] [CAM] 摄像头未检测到，等待重连...
[2026-07-12 14:42:49] [CAM] 摄像头捕获器已释放
[2026-07-12 14:42:49] [CAM] 摄像头未检测到，等待重连...
[2026-07-12 14:42:50] [CAM] 摄像头捕获器已释放
[2026-07-12 14:42:50] [CAM] 摄像头未检测到，等待重连...
[2026-07-12 14:42:50] [CAM] 摄像头捕获器已释放
[2026-07-12 14:42:50] [CAM] 摄像头未检测到，等待重连...
[2026-07-12 14:42:51] [CAM] 摄像头捕获器已释放
[2026-07-12 14:42:51] [CAM] 摄像头未检测到，等待重连...
[2026-07-12 14:42:51] [CAM] 摄像头捕获器已释放
[2026-07-12 14:42:51] [CAM] 摄像头未检测到，等待重连...
[2026-07-12 14:42:52] [CAM] 摄像头捕获器已释放
[2026-07-12 14:42:52] [CAM] 摄像头未检测到，等待重连...
[2026-07-12 14:42:52] [CAM] 摄像头捕获器已释放
[2026-07-12 14:42:52] [CAM] 摄像头未检测到，等待重连...
[2026-07-12 14:42:53] [CAM] 摄像头捕获器已释放
[2026-07-12 14:42:53] [CAM] 摄像头未检测到，等待重连...
[2026-07-12 14:42:53] [CAM] 摄像头捕获器已释放
[2026-07-12 14:42:53] [CAM] 摄像头未检测到，等待重连...
[2026-07-12 14:42:54] [CAM] 摄像头捕获器已释放
[2026-07-12 14:42:54] [CAM] 摄像头未检测到，等待重连...
[2026-07-12 14:42:54] [CAM] 摄像头捕获器已释放
[2026-07-12 14:42:54] [CAM] 摄像头未检测到，等待重连...
[2026-07-12 14:42:55] [CAM] 摄像头捕获器已释放
[2026-07-12 14:42:55] [CAM] 摄像头未检测到，等待重连...
[2026-07-12 14:42:55] [CAM] 摄像头捕获器已释放
[2026-07-12 14:42:55] [CAM] 摄像头未检测到，等待重连...
[2026-07-12 14:42:56] [CAM] 摄像头捕获器已释放
[2026-07-12 14:42:56] [CAM] 摄像头未检测到，等待重连...
[2026-07-12 14:42:56] [CAM] 摄像头捕获器已释放
[2026-07-12 14:42:56] [CAM] 摄像头未检测到，等待重连...
[2026-07-12 14:42:57] [CAM] 摄像头捕获器已释放
[2026-07-12 14:42:57] [CAM] 摄像头未检测到，等待重连...
[2026-07-12 14:42:57] [CAM] 摄像头捕获器已释放
[2026-07-12 14:42:57] [CAM] 摄像头未检测到，等待重连...
[2026-07-12 14:42:58] [CAM] 摄像头捕获器已释放
[2026-07-12 14:42:58] [CAM] 摄像头未检测到，等待重连...
[2026-07-12 14:42:58] [CAM] 摄像头捕获器已释放
[2026-07-12 14:42:58] [CAM] 摄像头未检测到，等待重连...
[2026-07-12 14:42:59] [CAM] 摄像头捕获器已释放
[2026-07-12 14:42:59] [CAM] 摄像头未检测到，等待重连...
[2026-07-12 14:42:59] [CAM] 摄像头捕获器已释放
[2026-07-12 14:42:59] [CAM] 摄像头未检测到，等待重连...
[2026-07-12 14:43:00] [CAM] 摄像头捕获器已释放
[2026-07-12 14:43:00] [CAM] 摄像头未检测到，等待重连...
[2026-07-12 14:43:00] [CAM] 摄像头捕获器已释放
[2026-07-12 14:43:00] [CAM] 摄像头未检测到，等待重连...
[2026-07-12 14:43:01] [CAM] 摄像头捕获器已释放
[2026-07-12 14:43:01] [CAM] 摄像头未检测到，等待重连...
[2026-07-12 14:43:01] [CAM] 摄像头捕获器已释放
[2026-07-12 14:43:01] [CAM] 摄像头未检测到，等待重连...
[2026-07-12 14:43:02] [CAM] 摄像头捕获器已释放
[2026-07-12 14:43:02] [CAM] 摄像头未检测到，等待重连...
[2026-07-12 14:43:02] [CAM] 摄像头捕获器已释放
[2026-07-12 14:43:02] [CAM] 摄像头未检测到，等待重连...
[2026-07-12 14:43:03] [CAM] 摄像头捕获器已释放
[2026-07-12 14:43:03] [CAM] 摄像头未检测到，等待重连...
[2026-07-12 14:43:03] [CAM] 摄像头捕获器已释放
[2026-07-12 14:43:03] [CAM] 摄像头未检测到，等待重连...
[2026-07-12 14:43:04] [CAM] 摄像头捕获器已释放
[2026-07-12 14:43:04] [CAM] 摄像头未检测到，等待重连...
[2026-07-12 14:43:04] [CAM] 摄像头捕获器已释放
[2026-07-12 14:43:04] [CAM] 摄像头未检测到，等待重连...
[2026-07-12 14:43:05] [CAM] 摄像头捕获器已释放
[2026-07-12 14:43:05] [CAM] 摄像头未检测到，等待重连...
[2026-07-12 14:43:05] [CAM] 摄像头捕获器已释放
[2026-07-12 14:43:05] [CAM] 摄像头未检测到，等待重连...
[2026-07-12 14:43:06] [CAM] 摄像头捕获器已释放
[2026-07-12 14:43:06] [CAM] 摄像头未检测到，等待重连...
[2026-07-12 14:43:06] [CAM] 摄像头捕获器已释放
[2026-07-12 14:43:06] [CAM] 摄像头未检测到，等待重连...
[2026-07-12 14:43:07] [CAM] 摄像头捕获器已释放
[2026-07-12 14:43:07] [CAM] 摄像头未检测到，等待重连...
[2026-07-12 14:43:07] [CAM] 摄像头捕获器已释放
[2026-07-12 14:43:07] [CAM] 摄像头未检测到，等待重连...
[2026-07-12 14:43:08] [CAM] 摄像头捕获器已释放
[2026-07-12 14:43:08] [CAM] 摄像头未检测到，等待重连...
[2026-07-12 14:43:08] [CAM] 摄像头捕获器已释放
[2026-07-12 14:43:08] [CAM] 摄像头未检测到，等待重连...
[2026-07-12 14:43:09] [CAM] 摄像头捕获器已释放
[2026-07-12 14:43:09] [CAM] 摄像头未检测到，等待重连...
[2026-07-12 14:43:09] [CAM] 摄像头捕获器已释放
[2026-07-12 14:43:09] [CAM] 摄像头未检测到，等待重连...
[2026-07-12 14:43:10] [CAM] 摄像头捕获器已释放
[2026-07-12 14:43:10] [CAM] 摄像头未检测到，等待重连...
[2026-07-12 14:43:10] [CAM] 摄像头捕获器已释放
[2026-07-12 14:43:10] [CAM] 摄像头未检测到，等待重连...
[2026-07-12 14:43:11] [CAM] 摄像头捕获器已释放
[2026-07-12 14:43:11] [CAM] 摄像头未检测到，等待重连...
[2026-07-12 14:43:11] [CAM] 摄像头捕获器已释放
[2026-07-12 14:43:11] [CAM] 摄像头未检测到，等待重连...
[2026-07-12 14:43:12] [CAM] 摄像头捕获器已释放
[2026-07-12 14:43:12] [CAM] 摄像头未检测到，等待重连...
[2026-07-12 14:43:12] [CAM] 摄像头捕获器已释放
[2026-07-12 14:43:12] [CAM] 摄像头未检测到，等待重连...
[2026-07-12 14:43:13] [CAM] 摄像头捕获器已释放
[2026-07-12 14:43:13] [CAM] 摄像头未检测到，等待重连...
[2026-07-12 14:43:13] [CAM] 摄像头捕获器已释放
[2026-07-12 14:43:13] [CAM] 摄像头未检测到，等待重连...
[2026-07-12 14:43:14] [CAM] 摄像头捕获器已释放
[2026-07-12 14:43:14] [CAM] 摄像头未检测到，等待重连...
[2026-07-12 14:43:14] [CAM] 摄像头捕获器已释放
[2026-07-12 14:43:14] [CAM] 摄像头未检测到，等待重连...
[2026-07-12 14:43:15] [CAM] 摄像头捕获器已释放
[2026-07-12 14:43:15] [CAM] 摄像头未检测到，等待重连...
[2026-07-12 14:43:15] [CAM] 摄像头捕获器已释放
[2026-07-12 14:43:15] [CAM] 摄像头未检测到，等待重连...
[2026-07-12 14:43:16] [CAM] 摄像头捕获器已释放
[2026-07-12 14:43:16] [CAM] 摄像头未检测到，等待重连...
[2026-07-12 14:43:16] [CAM] 摄像头捕获器已释放
[2026-07-12 14:43:16] [CAM] 摄像头未检测到，等待重连...
[2026-07-12 14:43:17] [CAM] 摄像头捕获器已释放
[2026-07-12 14:43:17] [CAM] 摄像头未检测到，等待重连...
[2026-07-12 14:43:17] [CAM] 摄像头捕获器已释放
[2026-07-12 14:43:17] [CAM] 摄像头未检测到，等待重连...
[2026-07-12 14:43:18] [CAM] 摄像头捕获器已释放
[2026-07-12 14:43:18] [CAM] 摄像头未检测到，等待重连...
[2026-07-12 14:43:18] [CAM] 摄像头捕获器已释放
[2026-07-12 14:43:18] [CAM] 摄像头未检测到，等待重连...
[2026-07-12 14:43:19] [CAM] 摄像头捕获器已释放
[2026-07-12 14:43:19] [CAM] 摄像头未检测到，等待重连...
[2026-07-12 14:43:19] [CAM] 摄像头捕获器已释放
[2026-07-12 14:43:19] [CAM] 摄像头未检测到，等待重连...
[2026-07-12 14:43:20] [CAM] 摄像头捕获器已释放
[2026-07-12 14:43:20] [CAM] 摄像头未检测到，等待重连...
[2026-07-12 14:43:20] [CAM] 摄像头捕获器已释放
[2026-07-12 14:43:20] [CAM] 摄像头未检测到，等待重连...
[2026-07-12 14:43:21] [CAM] 摄像头捕获器已释放
[2026-07-12 14:43:21] [CAM] 摄像头未检测到，等待重连...
[2026-07-12 14:43:21] [CAM] 摄像头捕获器已释放
[2026-07-12 14:43:21] [CAM] 摄像头未检测到，等待重连...
[2026-07-12 14:43:22] [CAM] 摄像头捕获器已释放
[2026-07-12 14:43:22] [CAM] 摄像头未检测到，等待重连...
[2026-07-12 14:43:22] [CAM] 摄像头捕获器已释放
[2026-07-12 14:43:22] [CAM] 摄像头未检测到，等待重连...
[2026-07-12 14:43:23] [CAM] 摄像头捕获器已释放
[2026-07-12 14:43:23] [CAM] 摄像头未检测到，等待重连...
[2026-07-12 14:43:23] [CAM] 摄像头捕获器已释放
[2026-07-12 14:43:23] [CAM] 摄像头未检测到，等待重连...
[2026-07-12 14:43:24] [CAM] 摄像头捕获器已释放
[2026-07-12 14:43:24] [CAM] 摄像头未检测到，等待重连...
[2026-07-12 14:43:24] [CAM] 摄像头捕获器已释放
[2026-07-12 14:43:24] [CAM] 摄像头未检测到，等待重连...
[2026-07-12 14:43:25] [CAM] 摄像头捕获器已释放
[2026-07-12 14:43:25] [CAM] 摄像头未检测到，等待重连...
[2026-07-12 14:43:25] [CAM] 摄像头捕获器已释放
[2026-07-12 14:43:25] [CAM] 摄像头未检测到，等待重连...
[2026-07-12 14:43:26] [CAM] 摄像头捕获器已释放
[2026-07-12 14:43:26] [CAM] 摄像头未检测到，等待重连...
[2026-07-12 14:43:26] [CAM] 摄像头捕获器已释放
[2026-07-12 14:43:26] [CAM] 摄像头未检测到，等待重连...
[2026-07-12 14:43:27] [CAM] 摄像头捕获器已释放
[2026-07-12 14:43:27] [CAM] 摄像头未检测到，等待重连...
[2026-07-12 14:43:27] [CAM] 摄像头捕获器已释放
[2026-07-12 14:43:27] [CAM] 摄像头未检测到，等待重连...
[2026-07-12 14:43:28] [CAM] 摄像头捕获器已释放
[2026-07-12 14:43:28] [CAM] 摄像头未检测到，等待重连...
[2026-07-12 14:43:28] [CAM] 摄像头捕获器已释放
[2026-07-12 14:43:28] [CAM] 摄像头未检测到，等待重连...
[2026-07-12 14:43:29] [CAM] 摄像头捕获器已释放
[2026-07-12 14:43:29] [CAM] 摄像头未检测到，等待重连...
[2026-07-12 14:43:29] [CAM] 摄像头捕获器已释放
[2026-07-12 14:43:29] [CAM] 摄像头未检测到，等待重连...
[2026-07-12 14:43:30] [CAM] 摄像头捕获器已释放
[2026-07-12 14:43:30] [CAM] 摄像头未检测到，等待重连...
[2026-07-12 14:43:30] [CAM] 摄像头捕获器已释放
[2026-07-12 14:43:30] [CAM] 摄像头未检测到，等待重连...
[2026-07-12 14:43:31] [CAM] 摄像头捕获器已释放
[2026-07-12 14:43:31] [CAM] 摄像头未检测到，等待重连...
[2026-07-12 14:43:31] [CAM] 摄像头捕获器已释放
[2026-07-12 14:43:31] [CAM] 摄像头未检测到，等待重连...
[2026-07-12 14:43:32] [CAM] 摄像头捕获器已释放
[2026-07-12 14:43:32] [CAM] 摄像头未检测到，等待重连...
[2026-07-12 14:43:32] [CAM] 摄像头捕获器已释放
[2026-07-12 14:43:32] [CAM] 摄像头未检测到，等待重连...
[2026-07-12 14:43:33] [CAM] 摄像头捕获器已释放
[2026-07-12 14:43:33] [CAM] 摄像头未检测到，等待重连...
[2026-07-12 14:43:33] [CAM] 摄像头捕获器已释放
[2026-07-12 14:43:33] [CAM] 摄像头未检测到，等待重连...
[2026-07-12 14:43:34] [CAM] 摄像头捕获器已释放
[2026-07-12 14:43:34] [CAM] 摄像头未检测到，等待重连...
[2026-07-12 14:43:34] [CAM] 摄像头捕获器已释放
[2026-07-12 14:43:34] [CAM] 摄像头未检测到，等待重连...
[2026-07-12 14:43:35] [CAM] 摄像头捕获器已释放
[2026-07-12 14:43:35] [CAM] 摄像头未检测到，等待重连...
[2026-07-12 14:43:35] [CAM] 摄像头捕获器已释放
[2026-07-12 14:43:35] [CAM] 摄像头未检测到，等待重连...
[2026-07-12 14:43:36] [CAM] 摄像头捕获器已释放
[2026-07-12 14:43:36] [CAM] 摄像头未检测到，等待重连...
[2026-07-12 14:43:36] [CAM] 摄像头捕获器已释放
[2026-07-12 14:43:36] [CAM] 摄像头未检测到，等待重连...
[2026-07-12 14:43:37] [CAM] 摄像头捕获器已释放
[2026-07-12 14:43:37] [CAM] 摄像头未检测到，等待重连...
[2026-07-12 14:43:37] [CAM] 摄像头捕获器已释放
[2026-07-12 14:43:37] [CAM] 摄像头未检测到，等待重连...
[2026-07-12 14:43:38] [CAM] 摄像头捕获器已释放
[2026-07-12 14:43:38] [CAM] 摄像头未检测到，等待重连...
[2026-07-12 14:43:38] [CAM] 摄像头捕获器已释放
[2026-07-12 14:43:38] [CAM] 摄像头未检测到，等待重连...
[2026-07-12 14:43:39] [CAM] 摄像头捕获器已释放
[2026-07-12 14:43:39] [CAM] 摄像头未检测到，等待重连...
[2026-07-12 14:43:39] [CAM] 摄像头捕获器已释放
[2026-07-12 14:43:39] [CAM] 摄像头未检测到，等待重连...
[2026-07-12 14:43:40] [CAM] 摄像头捕获器已释放
[2026-07-12 14:43:40] [CAM] 摄像头未检测到，等待重连...
[2026-07-12 14:43:40] [CAM] 摄像头捕获器已释放
[2026-07-12 14:43:40] [CAM] 摄像头未检测到，等待重连...
[2026-07-12 14:43:41] [CAM] 摄像头捕获器已释放
[2026-07-12 14:43:41] [CAM] 摄像头未检测到，等待重连...
[2026-07-12 14:43:41] [CAM] 摄像头捕获器已释放
[2026-07-12 14:43:41] [CAM] 摄像头未检测到，等待重连...
[2026-07-12 14:43:42] [CAM] 摄像头捕获器已释放
[2026-07-12 14:43:42] [CAM] 摄像头未检测到，等待重连...
[2026-07-12 14:43:42] [CAM] 摄像头捕获器已释放
[2026-07-12 14:43:42] [CAM] 摄像头未检测到，等待重连...
[2026-07-12 14:43:43] [CAM] 摄像头捕获器已释放
[2026-07-12 14:43:43] [CAM] 摄像头未检测到，等待重连...
[2026-07-12 14:43:43] [CAM] 摄像头捕获器已释放
[2026-07-12 14:43:43] [CAM] 摄像头未检测到，等待重连...
[2026-07-12 14:43:44] [CAM] 摄像头捕获器已释放
[2026-07-12 14:43:44] [CAM] 摄像头未检测到，等待重连...
[2026-07-12 14:43:44] [CAM] 摄像头捕获器已释放
[2026-07-12 14:43:44] [CAM] 摄像头未检测到，等待重连...
[2026-07-12 14:43:45] [CAM] 摄像头捕获器已释放
[2026-07-12 14:43:45] [CAM] 摄像头未检测到，等待重连...
[2026-07-12 14:43:45] [CAM] 摄像头捕获器已释放
[2026-07-12 14:43:45] [CAM] 摄像头未检测到，等待重连...
[2026-07-12 14:43:46] [CAM] 摄像头捕获器已释放
[2026-07-12 14:43:46] [CAM] 摄像头未检测到，等待重连...
[2026-07-12 14:43:46] [CAM] 摄像头捕获器已释放
[2026-07-12 14:43:46] [CAM] 摄像头未检测到，等待重连...
[2026-07-12 14:43:47] [CAM] 摄像头捕获器已释放
[2026-07-12 14:43:47] [CAM] 摄像头未检测到，等待重连...
[2026-07-12 14:43:47] [CAM] 摄像头捕获器已释放
[2026-07-12 14:43:47] [CAM] 摄像头未检测到，等待重连...
[2026-07-12 14:43:48] [CAM] 摄像头捕获器已释放
[2026-07-12 14:43:48] [CAM] 摄像头未检测到，等待重连...
[2026-07-12 14:43:48] [CAM] 摄像头捕获器已释放
[2026-07-12 14:43:48] [CAM] 摄像头未检测到，等待重连...
[2026-07-12 14:43:49] [CAM] 摄像头捕获器已释放
[2026-07-12 14:43:49] [CAM] 摄像头未检测到，等待重连...
[2026-07-12 14:43:49] [CAM] 摄像头捕获器已释放
[2026-07-12 14:43:49] [CAM] 摄像头未检测到，等待重连...
[2026-07-12 14:43:50] [CAM] 摄像头捕获器已释放
[2026-07-12 14:43:50] [CAM] 摄像头未检测到，等待重连...
[2026-07-12 14:43:50] [CAM] 摄像头捕获器已释放
[2026-07-12 14:43:50] [CAM] 摄像头未检测到，等待重连...
[2026-07-12 14:43:51] [CAM] 摄像头捕获器已释放
[2026-07-12 14:43:51] [CAM] 摄像头未检测到，等待重连...
[2026-07-12 14:43:51] [CAM] 摄像头捕获器已释放
[2026-07-12 14:43:51] [CAM] 摄像头未检测到，等待重连...
[2026-07-12 14:43:52] [CAM] 摄像头捕获器已释放
[2026-07-12 14:43:52] [CAM] 摄像头未检测到，等待重连...
[2026-07-12 14:43:52] [CAM] 摄像头捕获器已释放
[2026-07-12 14:43:52] [CAM] 摄像头未检测到，等待重连...
[2026-07-12 14:43:53] [CAM] 摄像头捕获器已释放
[2026-07-12 14:43:53] [CAM] 摄像头未检测到，等待重连...
[2026-07-12 14:43:53] [CAM] 摄像头捕获器已释放
[2026-07-12 14:43:53] [CAM] 摄像头未检测到，等待重连...
[2026-07-12 14:43:54] [CAM] 摄像头捕获器已释放
[2026-07-12 14:43:54] [CAM] 摄像头未检测到，等待重连...
[2026-07-12 14:43:54] [CAM] 摄像头捕获器已释放
[2026-07-12 14:43:54] [CAM] 摄像头未检测到，等待重连...
[2026-07-12 14:43:55] [CAM] 摄像头捕获器已释放
[2026-07-12 14:43:55] [CAM] 摄像头未检测到，等待重连...
[2026-07-12 14:43:55] [CAM] 摄像头捕获器已释放
[2026-07-12 14:43:55] [CAM] 摄像头未检测到，等待重连...
[2026-07-12 14:43:56] [CAM] 摄像头捕获器已释放
[2026-07-12 14:43:56] [CAM] 摄像头未检测到，等待重连...
[2026-07-12 14:43:56] [CAM] 摄像头捕获器已释放
[2026-07-12 14:43:56] [CAM] 摄像头未检测到，等待重连...
[2026-07-12 14:43:57] [CAM] 摄像头捕获器已释放
[2026-07-12 14:43:57] [CAM] 摄像头未检测到，等待重连...
[2026-07-12 14:43:57] [CAM] 摄像头捕获器已释放
[2026-07-12 14:43:57] [CAM] 摄像头未检测到，等待重连...
[2026-07-12 14:43:58] [CAM] 摄像头捕获器已释放
[2026-07-12 14:43:58] [CAM] 摄像头未检测到，等待重连...
[2026-07-12 14:43:58] [CAM] 摄像头捕获器已释放
[2026-07-12 14:43:58] [CAM] 摄像头未检测到，等待重连...
[2026-07-12 14:43:59] [CAM] 摄像头捕获器已释放
[2026-07-12 14:43:59] [CAM] 摄像头未检测到，等待重连...
[2026-07-12 14:43:59] [CAM] 摄像头捕获器已释放
[2026-07-12 14:43:59] [CAM] 摄像头未检测到，等待重连...
[2026-07-12 14:44:00] [CAM] 摄像头捕获器已释放
[2026-07-12 14:44:00] [CAM] 摄像头未检测到，等待重连...
[2026-07-12 14:44:00] [CAM] 摄像头捕获器已释放
[2026-07-12 14:44:00] [CAM] 摄像头未检测到，等待重连...
[2026-07-12 14:44:01] [CAM] 摄像头捕获器已释放
[2026-07-12 14:44:01] [CAM] 摄像头未检测到，等待重连...
[2026-07-12 14:44:01] [CAM] 摄像头捕获器已释放
[2026-07-12 14:44:01] [CAM] 摄像头未检测到，等待重连...
[2026-07-12 14:44:02] [CAM] 摄像头捕获器已释放
[2026-07-12 14:44:02] [CAM] 摄像头未检测到，等待重连...
[2026-07-12 14:44:02] [CAM] 摄像头捕获器已释放
[2026-07-12 14:44:02] [CAM] 摄像头未检测到，等待重连...
[2026-07-12 14:44:03] [CAM] 摄像头捕获器已释放
[2026-07-12 14:44:03] [CAM] 摄像头未检测到，等待重连...
[2026-07-12 14:44:03] [CAM] 摄像头捕获器已释放
[2026-07-12 14:44:03] [CAM] 摄像头未检测到，等待重连...
[2026-07-12 14:44:04] [CAM] 摄像头捕获器已释放
[2026-07-12 14:44:04] [CAM] 摄像头未检测到，等待重连...
[2026-07-12 14:44:04] [CAM] 摄像头捕获器已释放
[2026-07-12 14:44:04] [CAM] 摄像头未检测到，等待重连...
[2026-07-12 14:44:05] [CAM] 摄像头捕获器已释放
[2026-07-12 14:44:05] [CAM] 摄像头未检测到，等待重连...
[2026-07-12 14:44:05] [CAM] 摄像头捕获器已释放
[2026-07-12 14:44:05] [CAM] 摄像头未检测到，等待重连...
[2026-07-12 14:44:06] [CAM] 摄像头捕获器已释放
[2026-07-12 14:44:06] [CAM] 摄像头未检测到，等待重连...
[2026-07-12 14:44:06] [CAM] 摄像头捕获器已释放
[2026-07-12 14:44:06] [CAM] 摄像头未检测到，等待重连...
[2026-07-12 14:44:07] [CAM] 摄像头捕获器已释放
[2026-07-12 14:44:07] [CAM] 摄像头未检测到，等待重连...
[2026-07-12 14:44:07] [INFO] 程序收到关闭信号，开始安全退出流程
[2026-07-12 14:44:07] [SENSOR] RS485采集线程已停止
[2026-07-12 14:44:07] [CAM] 摄像头捕获器已释放
[2026-07-12 14:44:07] [INFO] 摄像头采集线程正常退出
[2026-07-12 14:44:07] [INFO] 程序正常退出
[2026-07-12 14:44:07] [INFO] 程序结束，退出码:0
[2026-07-12 14:49:45] [INFO] ========== 幼儿园AI安全卫士程序启动 ==========
[2026-07-12 14:49:45] [INFO] 主程序窗口初始化完成
[2026-07-12 14:49:45] [SENSOR] RS485传感器采集线程已启动，串口：/dev/ttyUSB0
[2026-07-12 14:49:46] [INFO] AI环境模拟线程启动
[2026-07-12 14:49:46] [INFO] 摄像头采集线程启动
[2026-07-12 14:49:46] [CAM] 摄像头未检测到，等待重连...
[2026-07-12 14:49:46] [SENSOR] 开机未检测到温湿度传感器，延时播报
[2026-07-12 14:49:48] [NET] 网络已恢复连通
[2026-07-12 14:49:48] [MIC] 开机未检测到USB麦克风，延时播报
[2026-07-12 14:49:48] [CAM] 摄像头捕获器已释放
[2026-07-12 14:49:48] [CAM] 摄像头未检测到，等待重连...
[2026-07-12 14:49:49] [CAM] 摄像头捕获器已释放
[2026-07-12 14:49:49] [CAM] 摄像头未检测到，等待重连...
[2026-07-12 14:49:49] [CAM] 摄像头捕获器已释放
[2026-07-12 14:49:49] [CAM] 摄像头未检测到，等待重连...
[2026-07-12 14:49:50] [CAM] 摄像头捕获器已释放
[2026-07-12 14:49:50] [CAM] 摄像头未检测到，等待重连...
[2026-07-12 14:49:50] [CAM] 摄像头捕获器已释放
[2026-07-12 14:49:50] [CAM] 摄像头未检测到，等待重连...
[2026-07-12 14:49:51] [CAM] 摄像头捕获器已释放
[2026-07-12 14:49:51] [CAM] 摄像头未检测到，等待重连...
[2026-07-12 14:49:51] [CAM] 摄像头捕获器已释放
[2026-07-12 14:49:51] [CAM] 摄像头未检测到，等待重连...
[2026-07-12 14:49:52] [CAM] 摄像头捕获器已释放
[2026-07-12 14:49:52] [CAM] 摄像头未检测到，等待重连...
[2026-07-12 14:49:52] [CAM] 摄像头捕获器已释放
[2026-07-12 14:49:52] [CAM] 摄像头未检测到，等待重连...
[2026-07-12 14:49:53] [CAM] 摄像头捕获器已释放
[2026-07-12 14:49:53] [CAM] 摄像头未检测到，等待重连...
[2026-07-12 14:49:53] [CAM] 摄像头捕获器已释放
[2026-07-12 14:49:53] [CAM] 摄像头未检测到，等待重连...
[2026-07-12 14:49:54] [CAM] 摄像头捕获器已释放
[2026-07-12 14:49:54] [CAM] 摄像头未检测到，等待重连...
[2026-07-12 14:49:54] [CAM] 摄像头捕获器已释放
[2026-07-12 14:49:54] [CAM] 摄像头未检测到，等待重连...
[2026-07-12 14:49:55] [CAM] 摄像头捕获器已释放
[2026-07-12 14:49:55] [CAM] 摄像头未检测到，等待重连...
[2026-07-12 14:49:55] [CAM] 摄像头捕获器已释放
[2026-07-12 14:49:55] [CAM] 摄像头未检测到，等待重连...
[2026-07-12 14:49:56] [CAM] 摄像头捕获器已释放
[2026-07-12 14:49:56] [CAM] 摄像头未检测到，等待重连...
[2026-07-12 14:49:56] [CAM] 摄像头捕获器已释放
[2026-07-12 14:49:56] [CAM] 摄像头未检测到，等待重连...
[2026-07-12 14:49:57] [CAM] 摄像头捕获器已释放
[2026-07-12 14:49:57] [CAM] 摄像头未检测到，等待重连...
[2026-07-12 14:49:57] [CAM] 摄像头捕获器已释放
[2026-07-12 14:49:57] [CAM] 摄像头未检测到，等待重连...
[2026-07-12 14:49:58] [CAM] 摄像头捕获器已释放
[2026-07-12 14:49:58] [CAM] 摄像头未检测到，等待重连...
[2026-07-12 14:49:58] [CAM] 摄像头捕获器已释放
[2026-07-12 14:49:58] [CAM] 摄像头未检测到，等待重连...
[2026-07-12 14:49:59] [CAM] 摄像头捕获器已释放
[2026-07-12 14:49:59] [CAM] 摄像头未检测到，等待重连...
[2026-07-12 14:49:59] [CAM] 摄像头捕获器已释放
[2026-07-12 14:49:59] [CAM] 摄像头未检测到，等待重连...
[2026-07-12 14:50:00] [CAM] 摄像头捕获器已释放
[2026-07-12 14:50:00] [CAM] 摄像头未检测到，等待重连...
[2026-07-12 14:50:00] [CAM] 摄像头捕获器已释放
[2026-07-12 14:50:00] [CAM] 摄像头未检测到，等待重连...
[2026-07-12 14:50:01] [CAM] 摄像头捕获器已释放
[2026-07-12 14:50:01] [CAM] 摄像头未检测到，等待重连...
[2026-07-12 14:50:01] [CAM] 摄像头捕获器已释放
[2026-07-12 14:50:01] [CAM] 摄像头未检测到，等待重连...
[2026-07-12 14:50:02] [CAM] 摄像头捕获器已释放
[2026-07-12 14:50:02] [CAM] 摄像头未检测到，等待重连...
[2026-07-12 14:50:02] [CAM] 摄像头捕获器已释放
[2026-07-12 14:50:02] [CAM] 摄像头未检测到，等待重连...
[2026-07-12 14:50:03] [CAM] 摄像头捕获器已释放
[2026-07-12 14:50:03] [CAM] 摄像头未检测到，等待重连...
[2026-07-12 14:50:03] [CAM] 摄像头捕获器已释放
[2026-07-12 14:50:03] [CAM] 摄像头未检测到，等待重连...
[2026-07-12 14:50:04] [CAM] 摄像头捕获器已释放
[2026-07-12 14:50:04] [CAM] 摄像头未检测到，等待重连...
[2026-07-12 14:50:04] [CAM] 摄像头捕获器已释放
[2026-07-12 14:50:04] [CAM] 摄像头未检测到，等待重连...
[2026-07-12 14:50:05] [CAM] 摄像头捕获器已释放
[2026-07-12 14:50:05] [CAM] 摄像头未检测到，等待重连...
[2026-07-12 14:50:05] [CAM] 摄像头捕获器已释放
[2026-07-12 14:50:05] [CAM] 摄像头未检测到，等待重连...
[2026-07-12 14:50:06] [CAM] 摄像头捕获器已释放
[2026-07-12 14:50:06] [CAM] 摄像头未检测到，等待重连...
[2026-07-12 14:50:06] [CAM] 摄像头捕获器已释放
[2026-07-12 14:50:06] [CAM] 摄像头未检测到，等待重连...
[2026-07-12 14:50:07] [CAM] 摄像头捕获器已释放
[2026-07-12 14:50:07] [CAM] 摄像头未检测到，等待重连...
[2026-07-12 14:50:07] [CAM] 摄像头捕获器已释放
[2026-07-12 14:50:07] [CAM] 摄像头未检测到，等待重连...
[2026-07-12 14:50:08] [CAM] 摄像头捕获器已释放
[2026-07-12 14:50:08] [CAM] 摄像头未检测到，等待重连...
[2026-07-12 14:50:08] [CAM] 摄像头捕获器已释放
[2026-07-12 14:50:08] [CAM] 摄像头未检测到，等待重连...
[2026-07-12 14:50:09] [CAM] 摄像头捕获器已释放
[2026-07-12 14:50:09] [CAM] 摄像头未检测到，等待重连...
[2026-07-12 14:50:09] [CAM] 摄像头捕获器已释放
[2026-07-12 14:50:09] [CAM] 摄像头未检测到，等待重连...
[2026-07-12 14:50:10] [CAM] 摄像头捕获器已释放
[2026-07-12 14:50:10] [CAM] 摄像头未检测到，等待重连...
[2026-07-12 14:50:10] [CAM] 摄像头捕获器已释放
[2026-07-12 14:50:10] [CAM] 摄像头未检测到，等待重连...
[2026-07-12 14:50:11] [CAM] 摄像头捕获器已释放
[2026-07-12 14:50:11] [CAM] 摄像头未检测到，等待重连...
[2026-07-12 14:50:11] [CAM] 摄像头捕获器已释放
[2026-07-12 14:50:11] [CAM] 摄像头未检测到，等待重连...
[2026-07-12 14:50:12] [CAM] 摄像头捕获器已释放
[2026-07-12 14:50:12] [CAM] 摄像头未检测到，等待重连...
[2026-07-12 14:50:12] [CAM] 摄像头捕获器已释放
[2026-07-12 14:50:12] [CAM] 摄像头未检测到，等待重连...
[2026-07-12 14:50:13] [CAM] 摄像头捕获器已释放
[2026-07-12 14:50:13] [CAM] 摄像头未检测到，等待重连...
[2026-07-12 14:50:13] [CAM] 摄像头捕获器已释放
[2026-07-12 14:50:13] [CAM] 摄像头未检测到，等待重连...
[2026-07-12 14:50:14] [CAM] 摄像头捕获器已释放
[2026-07-12 14:50:14] [CAM] 摄像头未检测到，等待重连...
[2026-07-12 14:50:14] [CAM] 摄像头捕获器已释放
[2026-07-12 14:50:14] [CAM] 摄像头未检测到，等待重连...
[2026-07-12 14:50:15] [CAM] 摄像头捕获器已释放
[2026-07-12 14:50:15] [CAM] 摄像头未检测到，等待重连...
[2026-07-12 14:50:15] [CAM] 摄像头捕获器已释放
[2026-07-12 14:50:15] [CAM] 摄像头未检测到，等待重连...
[2026-07-12 14:50:16] [CAM] 摄像头捕获器已释放
[2026-07-12 14:50:16] [CAM] 摄像头未检测到，等待重连...
[2026-07-12 14:50:16] [CAM] 摄像头捕获器已释放
[2026-07-12 14:50:16] [CAM] 摄像头未检测到，等待重连...
[2026-07-12 14:50:17] [CAM] 摄像头捕获器已释放
[2026-07-12 14:50:17] [CAM] 摄像头未检测到，等待重连...
[2026-07-12 14:50:17] [CAM] 摄像头捕获器已释放
[2026-07-12 14:50:17] [CAM] 摄像头未检测到，等待重连...
[2026-07-12 14:50:18] [CAM] 摄像头捕获器已释放
[2026-07-12 14:50:18] [CAM] 摄像头未检测到，等待重连...
[2026-07-12 14:50:18] [CAM] 摄像头捕获器已释放
[2026-07-12 14:50:18] [CAM] 摄像头未检测到，等待重连...
[2026-07-12 14:50:19] [CAM] 摄像头捕获器已释放
[2026-07-12 14:50:19] [CAM] 摄像头未检测到，等待重连...
[2026-07-12 14:50:19] [CAM] 摄像头捕获器已释放
[2026-07-12 14:50:19] [CAM] 摄像头未检测到，等待重连...
[2026-07-12 14:50:20] [CAM] 摄像头捕获器已释放
[2026-07-12 14:50:20] [CAM] 摄像头未检测到，等待重连...
[2026-07-12 14:50:20] [CAM] 摄像头捕获器已释放
[2026-07-12 14:50:20] [CAM] 摄像头未检测到，等待重连...
[2026-07-12 14:50:21] [CAM] 摄像头捕获器已释放
[2026-07-12 14:50:21] [CAM] 摄像头未检测到，等待重连...
[2026-07-12 14:50:21] [CAM] 摄像头捕获器已释放
[2026-07-12 14:50:21] [CAM] 摄像头未检测到，等待重连...
[2026-07-12 14:50:22] [CAM] 摄像头捕获器已释放
[2026-07-12 14:50:22] [CAM] 摄像头未检测到，等待重连...
[2026-07-12 14:50:22] [CAM] 摄像头捕获器已释放
[2026-07-12 14:50:22] [CAM] 摄像头未检测到，等待重连...
[2026-07-12 14:50:23] [CAM] 摄像头捕获器已释放
[2026-07-12 14:50:23] [CAM] 摄像头未检测到，等待重连...
[2026-07-12 14:50:23] [CAM] 摄像头捕获器已释放
[2026-07-12 14:50:23] [CAM] 摄像头未检测到，等待重连...
[2026-07-12 14:50:24] [CAM] 摄像头捕获器已释放
[2026-07-12 14:50:24] [CAM] 摄像头未检测到，等待重连...
[2026-07-12 14:50:24] [CAM] 摄像头捕获器已释放
[2026-07-12 14:50:24] [CAM] 摄像头未检测到，等待重连...
[2026-07-12 14:50:25] [CAM] 摄像头捕获器已释放
[2026-07-12 14:50:25] [CAM] 摄像头未检测到，等待重连...
[2026-07-12 14:50:25] [CAM] 摄像头捕获器已释放
[2026-07-12 14:50:25] [CAM] 摄像头未检测到，等待重连...
[2026-07-12 14:50:26] [CAM] 摄像头捕获器已释放
[2026-07-12 14:50:26] [CAM] 摄像头未检测到，等待重连...
[2026-07-12 14:50:26] [CAM] 摄像头捕获器已释放
[2026-07-12 14:50:26] [CAM] 摄像头未检测到，等待重连...
[2026-07-12 14:50:27] [CAM] 摄像头捕获器已释放
[2026-07-12 14:50:27] [CAM] 摄像头未检测到，等待重连...
[2026-07-12 14:50:27] [CAM] 摄像头捕获器已释放
[2026-07-12 14:50:27] [CAM] 摄像头未检测到，等待重连...
[2026-07-12 14:50:28] [CAM] 摄像头捕获器已释放
[2026-07-12 14:50:28] [CAM] 摄像头未检测到，等待重连...
[2026-07-12 14:50:28] [CAM] 摄像头捕获器已释放
[2026-07-12 14:50:28] [CAM] 摄像头未检测到，等待重连...
[2026-07-12 14:50:29] [CAM] 摄像头捕获器已释放
[2026-07-12 14:50:29] [CAM] 摄像头未检测到，等待重连...
[2026-07-12 14:50:29] [CAM] 摄像头捕获器已释放
[2026-07-12 14:50:29] [CAM] 摄像头未检测到，等待重连...
[2026-07-12 14:50:30] [CAM] 摄像头捕获器已释放
[2026-07-12 14:50:30] [CAM] 摄像头未检测到，等待重连...
[2026-07-12 14:50:30] [CAM] 摄像头捕获器已释放
[2026-07-12 14:50:30] [CAM] 摄像头未检测到，等待重连...
[2026-07-12 14:50:31] [CAM] 摄像头捕获器已释放
[2026-07-12 14:50:31] [CAM] 摄像头未检测到，等待重连...
[2026-07-12 14:50:31] [CAM] 摄像头捕获器已释放
[2026-07-12 14:50:31] [CAM] 摄像头未检测到，等待重连...
[2026-07-12 14:50:32] [CAM] 摄像头捕获器已释放
[2026-07-12 14:50:32] [CAM] 摄像头未检测到，等待重连...
[2026-07-12 14:50:32] [CAM] 摄像头捕获器已释放
[2026-07-12 14:50:32] [CAM] 摄像头未检测到，等待重连...
[2026-07-12 14:50:33] [CAM] 摄像头捕获器已释放
[2026-07-12 14:50:33] [CAM] 摄像头未检测到，等待重连...
[2026-07-12 14:50:33] [CAM] 摄像头捕获器已释放
[2026-07-12 14:50:33] [CAM] 摄像头未检测到，等待重连...
[2026-07-12 14:50:34] [CAM] 摄像头捕获器已释放
[2026-07-12 14:50:34] [CAM] 摄像头未检测到，等待重连...
[2026-07-12 14:50:34] [CAM] 摄像头捕获器已释放
[2026-07-12 14:50:34] [CAM] 摄像头未检测到，等待重连...
[2026-07-12 14:50:35] [CAM] 摄像头捕获器已释放
[2026-07-12 14:50:35] [CAM] 摄像头未检测到，等待重连...
[2026-07-12 14:50:35] [CAM] 摄像头捕获器已释放
[2026-07-12 14:50:35] [CAM] 摄像头未检测到，等待重连...
[2026-07-12 14:50:36] [CAM] 摄像头捕获器已释放
[2026-07-12 14:50:36] [CAM] 摄像头未检测到，等待重连...
[2026-07-12 14:50:36] [CAM] 摄像头捕获器已释放
[2026-07-12 14:50:36] [CAM] 摄像头未检测到，等待重连...
[2026-07-12 14:50:37] [CAM] 摄像头捕获器已释放
[2026-07-12 14:50:37] [CAM] 摄像头未检测到，等待重连...
[2026-07-12 14:50:37] [CAM] 摄像头捕获器已释放
[2026-07-12 14:50:37] [CAM] 摄像头未检测到，等待重连...
[2026-07-12 14:50:38] [CAM] 摄像头捕获器已释放
[2026-07-12 14:50:38] [CAM] 摄像头未检测到，等待重连...
[2026-07-12 14:50:38] [CAM] 摄像头捕获器已释放
[2026-07-12 14:50:38] [CAM] 摄像头未检测到，等待重连...
[2026-07-12 14:50:39] [CAM] 摄像头捕获器已释放
[2026-07-12 14:50:39] [CAM] 摄像头未检测到，等待重连...
[2026-07-12 14:50:39] [CAM] 摄像头捕获器已释放
[2026-07-12 14:50:39] [CAM] 摄像头未检测到，等待重连...
[2026-07-12 14:50:40] [CAM] 摄像头捕获器已释放
[2026-07-12 14:50:40] [CAM] 摄像头未检测到，等待重连...
[2026-07-12 14:50:40] [CAM] 摄像头捕获器已释放
[2026-07-12 14:50:40] [CAM] 摄像头未检测到，等待重连...
[2026-07-12 14:50:41] [CAM] 摄像头捕获器已释放
[2026-07-12 14:50:41] [CAM] 摄像头未检测到，等待重连...
[2026-07-12 14:50:41] [CAM] 摄像头捕获器已释放
[2026-07-12 14:50:41] [CAM] 摄像头未检测到，等待重连...
[2026-07-12 14:50:42] [CAM] 摄像头捕获器已释放
[2026-07-12 14:50:42] [CAM] 摄像头未检测到，等待重连...
[2026-07-12 14:50:42] [CAM] 摄像头捕获器已释放
[2026-07-12 14:50:42] [CAM] 摄像头未检测到，等待重连...
[2026-07-12 14:50:43] [CAM] 摄像头捕获器已释放
[2026-07-12 14:50:43] [CAM] 摄像头未检测到，等待重连...
[2026-07-12 14:50:43] [CAM] 摄像头捕获器已释放
[2026-07-12 14:50:43] [CAM] 摄像头未检测到，等待重连...
[2026-07-12 14:50:44] [CAM] 摄像头捕获器已释放
[2026-07-12 14:50:44] [CAM] 摄像头未检测到，等待重连...
[2026-07-12 14:50:44] [CAM] 摄像头捕获器已释放
[2026-07-12 14:50:44] [CAM] 摄像头未检测到，等待重连...
[2026-07-12 14:50:45] [CAM] 摄像头捕获器已释放
[2026-07-12 14:50:45] [CAM] 摄像头未检测到，等待重连...
[2026-07-12 14:50:45] [CAM] 摄像头捕获器已释放
[2026-07-12 14:50:45] [CAM] 摄像头未检测到，等待重连...
[2026-07-12 14:50:46] [CAM] 摄像头捕获器已释放
[2026-07-12 14:50:46] [CAM] 摄像头未检测到，等待重连...
[2026-07-12 14:50:46] [CAM] 摄像头捕获器已释放
[2026-07-12 14:50:46] [CAM] 摄像头未检测到，等待重连...
[2026-07-12 14:50:47] [CAM] 摄像头捕获器已释放
[2026-07-12 14:50:47] [CAM] 摄像头未检测到，等待重连...
[2026-07-12 14:50:47] [CAM] 摄像头捕获器已释放
[2026-07-12 14:50:47] [CAM] 摄像头未检测到，等待重连...
[2026-07-12 14:50:48] [CAM] 摄像头捕获器已释放
[2026-07-12 14:50:48] [CAM] 摄像头未检测到，等待重连...
[2026-07-12 14:50:48] [CAM] 摄像头捕获器已释放
[2026-07-12 14:50:48] [CAM] 摄像头未检测到，等待重连...
[2026-07-12 14:50:49] [CAM] 摄像头捕获器已释放
[2026-07-12 14:50:49] [CAM] 摄像头未检测到，等待重连...
[2026-07-12 14:50:49] [CAM] 摄像头捕获器已释放
[2026-07-12 14:50:49] [CAM] 摄像头未检测到，等待重连...
[2026-07-12 14:50:50] [CAM] 摄像头捕获器已释放
[2026-07-12 14:50:50] [CAM] 摄像头未检测到，等待重连...
[2026-07-12 14:50:50] [CAM] 摄像头捕获器已释放
[2026-07-12 14:50:50] [CAM] 摄像头未检测到，等待重连...
[2026-07-12 14:50:51] [CAM] 摄像头捕获器已释放
[2026-07-12 14:50:51] [CAM] 摄像头未检测到，等待重连...
[2026-07-12 14:50:51] [CAM] 摄像头捕获器已释放
[2026-07-12 14:50:51] [CAM] 摄像头未检测到，等待重连...
[2026-07-12 14:50:52] [CAM] 摄像头捕获器已释放
[2026-07-12 14:50:52] [CAM] 摄像头未检测到，等待重连...
[2026-07-12 14:50:52] [CAM] 摄像头捕获器已释放
[2026-07-12 14:50:52] [CAM] 摄像头未检测到，等待重连...
[2026-07-12 14:50:53] [CAM] 摄像头捕获器已释放
[2026-07-12 14:50:53] [CAM] 摄像头未检测到，等待重连...
[2026-07-12 14:50:53] [CAM] 摄像头捕获器已释放
[2026-07-12 14:50:53] [CAM] 摄像头未检测到，等待重连...
[2026-07-12 14:50:54] [CAM] 摄像头捕获器已释放
[2026-07-12 14:50:54] [CAM] 摄像头未检测到，等待重连...
[2026-07-12 14:50:54] [CAM] 摄像头捕获器已释放
[2026-07-12 14:50:54] [CAM] 摄像头未检测到，等待重连...
[2026-07-12 14:50:55] [CAM] 摄像头捕获器已释放
[2026-07-12 14:50:55] [CAM] 摄像头未检测到，等待重连...
[2026-07-12 14:50:55] [CAM] 摄像头捕获器已释放
[2026-07-12 14:50:55] [CAM] 摄像头未检测到，等待重连...
[2026-07-12 14:50:56] [CAM] 摄像头捕获器已释放
[2026-07-12 14:50:56] [CAM] 摄像头未检测到，等待重连...
[2026-07-12 14:50:56] [CAM] 摄像头捕获器已释放
[2026-07-12 14:50:56] [CAM] 摄像头未检测到，等待重连...
[2026-07-12 14:50:57] [CAM] 摄像头捕获器已释放
[2026-07-12 14:50:57] [CAM] 摄像头未检测到，等待重连...
[2026-07-12 14:50:57] [CAM] 摄像头捕获器已释放
[2026-07-12 14:50:57] [CAM] 摄像头未检测到，等待重连...
[2026-07-12 14:50:58] [CAM] 摄像头捕获器已释放
[2026-07-12 14:50:58] [CAM] 摄像头未检测到，等待重连...
[2026-07-12 14:50:58] [CAM] 摄像头捕获器已释放
[2026-07-12 14:50:58] [CAM] 摄像头未检测到，等待重连...
[2026-07-12 14:50:59] [CAM] 摄像头捕获器已释放
[2026-07-12 14:50:59] [CAM] 摄像头未检测到，等待重连...
[2026-07-12 14:50:59] [CAM] 摄像头捕获器已释放
[2026-07-12 14:50:59] [CAM] 摄像头未检测到，等待重连...
[2026-07-12 14:51:00] [CAM] 摄像头捕获器已释放
[2026-07-12 14:51:00] [CAM] 摄像头未检测到，等待重连...
[2026-07-12 14:51:00] [CAM] 摄像头捕获器已释放
[2026-07-12 14:51:00] [CAM] 摄像头未检测到，等待重连...
[2026-07-12 14:51:01] [CAM] 摄像头捕获器已释放
[2026-07-12 14:51:01] [CAM] 摄像头未检测到，等待重连...
[2026-07-12 14:51:01] [CAM] 摄像头捕获器已释放
[2026-07-12 14:51:01] [CAM] 摄像头未检测到，等待重连...
[2026-07-12 14:51:02] [CAM] 摄像头捕获器已释放
[2026-07-12 14:51:02] [CAM] 摄像头未检测到，等待重连...
[2026-07-12 14:51:02] [CAM] 摄像头捕获器已释放
[2026-07-12 14:51:02] [CAM] 摄像头未检测到，等待重连...
[2026-07-12 14:51:03] [CAM] 摄像头捕获器已释放
[2026-07-12 14:51:03] [CAM] 摄像头未检测到，等待重连...
[2026-07-12 14:51:03] [CAM] 摄像头捕获器已释放
[2026-07-12 14:51:03] [CAM] 摄像头未检测到，等待重连...
[2026-07-12 14:51:04] [CAM] 摄像头捕获器已释放
[2026-07-12 14:51:04] [CAM] 摄像头未检测到，等待重连...
[2026-07-12 14:51:04] [CAM] 摄像头捕获器已释放
[2026-07-12 14:51:04] [CAM] 摄像头未检测到，等待重连...
[2026-07-12 14:51:05] [CAM] 摄像头捕获器已释放
[2026-07-12 14:51:05] [CAM] 摄像头未检测到，等待重连...
[2026-07-12 14:51:05] [CAM] 摄像头捕获器已释放
[2026-07-12 14:51:05] [CAM] 摄像头未检测到，等待重连...
[2026-07-12 14:51:06] [CAM] 摄像头捕获器已释放
[2026-07-12 14:51:06] [CAM] 摄像头未检测到，等待重连...
[2026-07-12 14:51:06] [CAM] 摄像头捕获器已释放
[2026-07-12 14:51:06] [CAM] 摄像头未检测到，等待重连...
[2026-07-12 14:51:07] [CAM] 摄像头捕获器已释放
[2026-07-12 14:51:07] [CAM] 摄像头未检测到，等待重连...
[2026-07-12 14:51:07] [CAM] 摄像头捕获器已释放
[2026-07-12 14:51:07] [CAM] 摄像头未检测到，等待重连...
[2026-07-12 14:51:08] [CAM] 摄像头捕获器已释放
[2026-07-12 14:51:08] [CAM] 摄像头未检测到，等待重连...
[2026-07-12 14:51:08] [CAM] 摄像头捕获器已释放
[2026-07-12 14:51:08] [CAM] 摄像头未检测到，等待重连...
[2026-07-12 14:51:09] [CAM] 摄像头捕获器已释放
[2026-07-12 14:51:09] [CAM] 摄像头未检测到，等待重连...
[2026-07-12 14:51:09] [CAM] 摄像头捕获器已释放
[2026-07-12 14:51:09] [CAM] 摄像头未检测到，等待重连...
[2026-07-12 14:51:10] [CAM] 摄像头捕获器已释放
[2026-07-12 14:51:10] [CAM] 摄像头未检测到，等待重连...
[2026-07-12 14:51:10] [CAM] 摄像头捕获器已释放
[2026-07-12 14:51:10] [CAM] 摄像头未检测到，等待重连...
[2026-07-12 14:51:11] [CAM] 摄像头捕获器已释放
[2026-07-12 14:51:11] [CAM] 摄像头未检测到，等待重连...
[2026-07-12 14:51:11] [CAM] 摄像头捕获器已释放
[2026-07-12 14:51:11] [CAM] 摄像头未检测到，等待重连...
[2026-07-12 14:51:12] [CAM] 摄像头捕获器已释放
[2026-07-12 14:51:12] [CAM] 摄像头未检测到，等待重连...
[2026-07-12 14:51:12] [CAM] 摄像头捕获器已释放
[2026-07-12 14:51:12] [CAM] 摄像头未检测到，等待重连...
[2026-07-12 14:51:13] [CAM] 摄像头捕获器已释放
[2026-07-12 14:51:13] [CAM] 摄像头未检测到，等待重连...
[2026-07-12 14:51:13] [CAM] 摄像头捕获器已释放
[2026-07-12 14:51:13] [CAM] 摄像头未检测到，等待重连...
[2026-07-12 14:51:14] [CAM] 摄像头捕获器已释放
[2026-07-12 14:51:14] [CAM] 摄像头未检测到，等待重连...
[2026-07-12 14:51:14] [CAM] 摄像头捕获器已释放
[2026-07-12 14:51:14] [CAM] 摄像头未检测到，等待重连...
[2026-07-12 14:51:15] [CAM] 摄像头捕获器已释放
[2026-07-12 14:51:15] [CAM] 摄像头未检测到，等待重连...
[2026-07-12 14:51:15] [CAM] 摄像头捕获器已释放
[2026-07-12 14:51:15] [CAM] 摄像头未检测到，等待重连...
[2026-07-12 14:51:16] [CAM] 摄像头捕获器已释放
[2026-07-12 14:51:16] [CAM] 摄像头未检测到，等待重连...
[2026-07-12 14:51:16] [CAM] 摄像头捕获器已释放
[2026-07-12 14:51:16] [CAM] 摄像头未检测到，等待重连...
[2026-07-12 14:51:17] [CAM] 摄像头捕获器已释放
[2026-07-12 14:51:17] [CAM] 摄像头未检测到，等待重连...
[2026-07-12 14:51:17] [CAM] 摄像头捕获器已释放
[2026-07-12 14:51:17] [CAM] 摄像头未检测到，等待重连...
[2026-07-12 14:51:18] [CAM] 摄像头捕获器已释放
[2026-07-12 14:51:18] [CAM] 摄像头未检测到，等待重连...
[2026-07-12 14:51:18] [CAM] 摄像头捕获器已释放
[2026-07-12 14:51:18] [CAM] 摄像头未检测到，等待重连...
[2026-07-12 14:51:19] [CAM] 摄像头捕获器已释放
[2026-07-12 14:51:19] [CAM] 摄像头未检测到，等待重连...
[2026-07-12 14:51:19] [CAM] 摄像头捕获器已释放
[2026-07-12 14:51:19] [CAM] 摄像头未检测到，等待重连...
[2026-07-12 14:51:20] [CAM] 摄像头捕获器已释放
[2026-07-12 14:51:20] [CAM] 摄像头未检测到，等待重连...
[2026-07-12 14:51:20] [CAM] 摄像头捕获器已释放
[2026-07-12 14:51:20] [CAM] 摄像头未检测到，等待重连...
[2026-07-12 14:51:21] [CAM] 摄像头捕获器已释放
[2026-07-12 14:51:21] [CAM] 摄像头未检测到，等待重连...
[2026-07-12 14:51:21] [CAM] 摄像头捕获器已释放
[2026-07-12 14:51:21] [CAM] 摄像头未检测到，等待重连...
[2026-07-12 14:51:22] [CAM] 摄像头捕获器已释放
[2026-07-12 14:51:22] [CAM] 摄像头未检测到，等待重连...
[2026-07-12 14:51:22] [CAM] 摄像头捕获器已释放
[2026-07-12 14:51:22] [CAM] 摄像头未检测到，等待重连...
[2026-07-12 14:51:23] [CAM] 摄像头捕获器已释放
[2026-07-12 14:51:23] [CAM] 摄像头未检测到，等待重连...
[2026-07-12 14:51:23] [CAM] 摄像头捕获器已释放
[2026-07-12 14:51:23] [CAM] 摄像头未检测到，等待重连...
[2026-07-12 14:51:24] [CAM] 摄像头捕获器已释放
[2026-07-12 14:51:24] [CAM] 摄像头未检测到，等待重连...
[2026-07-12 14:51:24] [CAM] 摄像头捕获器已释放
[2026-07-12 14:51:24] [CAM] 摄像头未检测到，等待重连...
[2026-07-12 14:51:25] [CAM] 摄像头捕获器已释放
[2026-07-12 14:51:25] [CAM] 摄像头未检测到，等待重连...
[2026-07-12 14:51:25] [CAM] 摄像头捕获器已释放
[2026-07-12 14:51:25] [CAM] 摄像头未检测到，等待重连...
[2026-07-12 14:51:26] [CAM] 摄像头捕获器已释放
[2026-07-12 14:51:26] [CAM] 摄像头未检测到，等待重连...
[2026-07-12 14:51:26] [CAM] 摄像头捕获器已释放
[2026-07-12 14:51:26] [CAM] 摄像头未检测到，等待重连...
[2026-07-12 14:51:27] [CAM] 摄像头捕获器已释放
[2026-07-12 14:51:27] [CAM] 摄像头未检测到，等待重连...
[2026-07-12 14:51:27] [CAM] 摄像头捕获器已释放
[2026-07-12 14:51:27] [CAM] 摄像头未检测到，等待重连...
[2026-07-12 14:51:28] [CAM] 摄像头捕获器已释放
[2026-07-12 14:51:28] [CAM] 摄像头未检测到，等待重连...
[2026-07-12 14:51:28] [CAM] 摄像头捕获器已释放
[2026-07-12 14:51:28] [CAM] 摄像头未检测到，等待重连...
[2026-07-12 14:51:29] [CAM] 摄像头捕获器已释放
[2026-07-12 14:51:29] [CAM] 摄像头未检测到，等待重连...
[2026-07-12 14:51:29] [CAM] 摄像头捕获器已释放
[2026-07-12 14:51:29] [CAM] 摄像头未检测到，等待重连...
[2026-07-12 14:51:30] [CAM] 摄像头捕获器已释放
[2026-07-12 14:51:30] [CAM] 摄像头未检测到，等待重连...
[2026-07-12 14:51:30] [CAM] 摄像头捕获器已释放
[2026-07-12 14:51:30] [CAM] 摄像头未检测到，等待重连...
[2026-07-12 14:51:31] [CAM] 摄像头捕获器已释放
[2026-07-12 14:51:31] [CAM] 摄像头未检测到，等待重连...
[2026-07-12 14:51:31] [CAM] 摄像头捕获器已释放
[2026-07-12 14:51:31] [CAM] 摄像头未检测到，等待重连...
[2026-07-12 14:51:32] [CAM] 摄像头捕获器已释放
[2026-07-12 14:51:32] [CAM] 摄像头未检测到，等待重连...
[2026-07-12 14:51:32] [CAM] 摄像头捕获器已释放
[2026-07-12 14:51:32] [CAM] 摄像头未检测到，等待重连...
[2026-07-12 14:51:33] [CAM] 摄像头捕获器已释放
[2026-07-12 14:51:33] [CAM] 摄像头未检测到，等待重连...
[2026-07-12 14:51:33] [CAM] 摄像头捕获器已释放
[2026-07-12 14:51:33] [CAM] 摄像头未检测到，等待重连...
[2026-07-12 14:51:34] [CAM] 摄像头捕获器已释放
[2026-07-12 14:51:34] [CAM] 摄像头未检测到，等待重连...
[2026-07-12 14:51:34] [CAM] 摄像头捕获器已释放
[2026-07-12 14:51:34] [CAM] 摄像头未检测到，等待重连...
[2026-07-12 14:51:35] [CAM] 摄像头捕获器已释放
[2026-07-12 14:51:35] [CAM] 摄像头未检测到，等待重连...
[2026-07-12 14:51:35] [CAM] 摄像头捕获器已释放
[2026-07-12 14:51:35] [CAM] 摄像头未检测到，等待重连...
[2026-07-12 14:51:36] [CAM] 摄像头捕获器已释放
[2026-07-12 14:51:36] [CAM] 摄像头未检测到，等待重连...
[2026-07-12 14:51:36] [CAM] 摄像头捕获器已释放
[2026-07-12 14:51:36] [CAM] 摄像头未检测到，等待重连...
[2026-07-12 14:51:37] [CAM] 摄像头捕获器已释放
[2026-07-12 14:51:37] [CAM] 摄像头未检测到，等待重连...
[2026-07-12 14:51:37] [CAM] 摄像头捕获器已释放
[2026-07-12 14:51:37] [CAM] 摄像头未检测到，等待重连...
[2026-07-12 14:51:38] [CAM] 摄像头捕获器已释放
[2026-07-12 14:51:38] [CAM] 摄像头未检测到，等待重连...
[2026-07-12 14:51:38] [CAM] 摄像头捕获器已释放
[2026-07-12 14:51:38] [CAM] 摄像头未检测到，等待重连...
[2026-07-12 14:51:39] [CAM] 摄像头捕获器已释放
[2026-07-12 14:51:39] [CAM] 摄像头未检测到，等待重连...
[2026-07-12 14:51:39] [CAM] 摄像头捕获器已释放
[2026-07-12 14:51:39] [CAM] 摄像头未检测到，等待重连...
[2026-07-12 14:51:40] [CAM] 摄像头捕获器已释放
[2026-07-12 14:51:40] [CAM] 摄像头未检测到，等待重连...
[2026-07-12 14:51:40] [CAM] 摄像头捕获器已释放
[2026-07-12 14:51:40] [CAM] 摄像头未检测到，等待重连...
[2026-07-12 14:51:41] [CAM] 摄像头捕获器已释放
[2026-07-12 14:51:41] [CAM] 摄像头未检测到，等待重连...
[2026-07-12 14:51:41] [CAM] 摄像头捕获器已释放
[2026-07-12 14:51:41] [CAM] 摄像头未检测到，等待重连...
[2026-07-12 14:51:42] [CAM] 摄像头捕获器已释放
[2026-07-12 14:51:42] [CAM] 摄像头未检测到，等待重连...
[2026-07-12 14:51:42] [CAM] 摄像头捕获器已释放
[2026-07-12 14:51:42] [CAM] 摄像头未检测到，等待重连...
[2026-07-12 14:51:43] [CAM] 摄像头捕获器已释放
[2026-07-12 14:51:43] [CAM] 摄像头未检测到，等待重连...
[2026-07-12 14:51:43] [CAM] 摄像头捕获器已释放
[2026-07-12 14:51:43] [CAM] 摄像头未检测到，等待重连...
[2026-07-12 14:51:44] [CAM] 摄像头捕获器已释放
[2026-07-12 14:51:44] [CAM] 摄像头未检测到，等待重连...
[2026-07-12 14:51:44] [CAM] 摄像头捕获器已释放
[2026-07-12 14:51:44] [CAM] 摄像头未检测到，等待重连...
[2026-07-12 14:51:45] [CAM] 摄像头捕获器已释放
[2026-07-12 14:51:45] [CAM] 摄像头未检测到，等待重连...
[2026-07-12 14:51:45] [CAM] 摄像头捕获器已释放
[2026-07-12 14:51:45] [CAM] 摄像头未检测到，等待重连...
[2026-07-12 14:51:46] [CAM] 摄像头捕获器已释放
[2026-07-12 14:51:46] [CAM] 摄像头未检测到，等待重连...
[2026-07-12 14:51:46] [CAM] 摄像头捕获器已释放
[2026-07-12 14:51:46] [CAM] 摄像头未检测到，等待重连...
[2026-07-12 14:51:47] [CAM] 摄像头捕获器已释放
[2026-07-12 14:51:47] [CAM] 摄像头未检测到，等待重连...
[2026-07-12 14:51:47] [CAM] 摄像头捕获器已释放
[2026-07-12 14:51:47] [CAM] 摄像头未检测到，等待重连...
[2026-07-12 14:51:48] [CAM] 摄像头捕获器已释放
[2026-07-12 14:51:48] [CAM] 摄像头未检测到，等待重连...
[2026-07-12 14:51:48] [CAM] 摄像头捕获器已释放
[2026-07-12 14:51:48] [CAM] 摄像头未检测到，等待重连...
[2026-07-12 14:51:49] [CAM] 摄像头捕获器已释放
[2026-07-12 14:51:49] [CAM] 摄像头未检测到，等待重连...
[2026-07-12 14:51:49] [CAM] 摄像头捕获器已释放
[2026-07-12 14:51:49] [CAM] 摄像头未检测到，等待重连...
[2026-07-12 14:51:50] [CAM] 摄像头捕获器已释放
[2026-07-12 14:51:50] [CAM] 摄像头未检测到，等待重连...
[2026-07-12 14:51:50] [CAM] 摄像头捕获器已释放
[2026-07-12 14:51:50] [CAM] 摄像头未检测到，等待重连...
[2026-07-12 14:51:51] [CAM] 摄像头捕获器已释放
[2026-07-12 14:51:51] [CAM] 摄像头未检测到，等待重连...
[2026-07-12 14:51:51] [CAM] 摄像头捕获器已释放
[2026-07-12 14:51:51] [CAM] 摄像头未检测到，等待重连...
[2026-07-12 14:51:52] [CAM] 摄像头捕获器已释放
[2026-07-12 14:51:52] [CAM] 摄像头未检测到，等待重连...
[2026-07-12 14:51:52] [CAM] 摄像头捕获器已释放
[2026-07-12 14:51:52] [CAM] 摄像头未检测到，等待重连...
[2026-07-12 14:51:53] [CAM] 摄像头捕获器已释放
[2026-07-12 14:51:53] [CAM] 摄像头未检测到，等待重连...
[2026-07-12 14:51:53] [CAM] 摄像头捕获器已释放
[2026-07-12 14:51:53] [CAM] 摄像头未检测到，等待重连...
[2026-07-12 14:51:54] [CAM] 摄像头捕获器已释放
[2026-07-12 14:51:54] [CAM] 摄像头未检测到，等待重连...
[2026-07-12 14:51:54] [CAM] 摄像头捕获器已释放
[2026-07-12 14:51:54] [CAM] 摄像头未检测到，等待重连...
[2026-07-12 14:51:55] [CAM] 摄像头捕获器已释放
[2026-07-12 14:51:55] [CAM] 摄像头未检测到，等待重连...
[2026-07-12 14:51:55] [CAM] 摄像头捕获器已释放
[2026-07-12 14:51:55] [CAM] 摄像头未检测到，等待重连...
[2026-07-12 14:51:56] [CAM] 摄像头捕获器已释放
[2026-07-12 14:51:56] [CAM] 摄像头未检测到，等待重连...
[2026-07-12 14:51:56] [CAM] 摄像头捕获器已释放
[2026-07-12 14:51:56] [CAM] 摄像头未检测到，等待重连...
[2026-07-12 14:51:57] [CAM] 摄像头捕获器已释放
[2026-07-12 14:51:57] [CAM] 摄像头未检测到，等待重连...
[2026-07-12 14:51:57] [CAM] 摄像头捕获器已释放
[2026-07-12 14:51:57] [CAM] 摄像头未检测到，等待重连...
[2026-07-12 14:51:58] [CAM] 摄像头捕获器已释放
[2026-07-12 14:51:58] [CAM] 摄像头未检测到，等待重连...
[2026-07-12 14:51:58] [CAM] 摄像头捕获器已释放
[2026-07-12 14:51:58] [CAM] 摄像头未检测到，等待重连...
[2026-07-12 14:51:59] [CAM] 摄像头捕获器已释放
[2026-07-12 14:51:59] [CAM] 摄像头未检测到，等待重连...
[2026-07-12 14:51:59] [CAM] 摄像头捕获器已释放
[2026-07-12 14:51:59] [CAM] 摄像头未检测到，等待重连...
[2026-07-12 14:52:00] [CAM] 摄像头捕获器已释放
[2026-07-12 14:52:00] [CAM] 摄像头未检测到，等待重连...
[2026-07-12 14:52:00] [CAM] 摄像头捕获器已释放
[2026-07-12 14:52:00] [CAM] 摄像头未检测到，等待重连...
[2026-07-12 14:52:01] [CAM] 摄像头捕获器已释放
[2026-07-12 14:52:01] [CAM] 摄像头未检测到，等待重连...
[2026-07-12 14:52:01] [CAM] 摄像头捕获器已释放
[2026-07-12 14:52:01] [CAM] 摄像头未检测到，等待重连...
[2026-07-12 14:52:02] [CAM] 摄像头捕获器已释放
[2026-07-12 14:52:02] [CAM] 摄像头未检测到，等待重连...
[2026-07-12 14:52:02] [CAM] 摄像头捕获器已释放
[2026-07-12 14:52:02] [CAM] 摄像头未检测到，等待重连...
[2026-07-12 14:52:03] [CAM] 摄像头捕获器已释放
[2026-07-12 14:52:03] [CAM] 摄像头未检测到，等待重连...
[2026-07-12 14:52:03] [CAM] 摄像头捕获器已释放
[2026-07-12 14:52:03] [CAM] 摄像头未检测到，等待重连...
[2026-07-12 14:52:04] [CAM] 摄像头捕获器已释放
[2026-07-12 14:52:04] [CAM] 摄像头未检测到，等待重连...
[2026-07-12 14:52:04] [CAM] 摄像头捕获器已释放
[2026-07-12 14:52:04] [CAM] 摄像头未检测到，等待重连...
[2026-07-12 14:52:05] [CAM] 摄像头捕获器已释放
[2026-07-12 14:52:05] [CAM] 摄像头未检测到，等待重连...
[2026-07-12 14:52:05] [CAM] 摄像头捕获器已释放
[2026-07-12 14:52:05] [CAM] 摄像头未检测到，等待重连...
[2026-07-12 14:52:06] [CAM] 摄像头捕获器已释放
[2026-07-12 14:52:06] [CAM] 摄像头未检测到，等待重连...
[2026-07-12 14:52:06] [CAM] 摄像头捕获器已释放
[2026-07-12 14:52:06] [CAM] 摄像头未检测到，等待重连...
[2026-07-12 14:52:07] [CAM] 摄像头捕获器已释放
[2026-07-12 14:52:07] [CAM] 摄像头未检测到，等待重连...
[2026-07-12 14:52:07] [CAM] 摄像头捕获器已释放
[2026-07-12 14:52:07] [CAM] 摄像头未检测到，等待重连...
[2026-07-12 14:52:08] [CAM] 摄像头捕获器已释放
[2026-07-12 14:52:08] [CAM] 摄像头未检测到，等待重连...
[2026-07-12 14:52:08] [CAM] 摄像头捕获器已释放
[2026-07-12 14:52:08] [CAM] 摄像头未检测到，等待重连...
[2026-07-12 14:52:09] [CAM] 摄像头捕获器已释放
[2026-07-12 14:52:09] [CAM] 摄像头未检测到，等待重连...
[2026-07-12 14:52:09] [CAM] 摄像头捕获器已释放
[2026-07-12 14:52:09] [CAM] 摄像头未检测到，等待重连...
[2026-07-12 14:52:10] [CAM] 摄像头捕获器已释放
[2026-07-12 14:52:10] [CAM] 摄像头未检测到，等待重连...
[2026-07-12 14:52:10] [CAM] 摄像头捕获器已释放
[2026-07-12 14:52:10] [CAM] 摄像头未检测到，等待重连...
[2026-07-12 14:52:11] [CAM] 摄像头捕获器已释放
[2026-07-12 14:52:11] [CAM] 摄像头未检测到，等待重连...
[2026-07-12 14:52:11] [CAM] 摄像头捕获器已释放
[2026-07-12 14:52:11] [CAM] 摄像头未检测到，等待重连...
[2026-07-12 14:52:12] [CAM] 摄像头捕获器已释放
[2026-07-12 14:52:12] [CAM] 摄像头未检测到，等待重连...
[2026-07-12 14:52:12] [CAM] 摄像头捕获器已释放
[2026-07-12 14:52:12] [CAM] 摄像头未检测到，等待重连...
[2026-07-12 14:52:13] [CAM] 摄像头捕获器已释放
[2026-07-12 14:52:13] [CAM] 摄像头未检测到，等待重连...
[2026-07-12 14:52:13] [CAM] 摄像头捕获器已释放
[2026-07-12 14:52:13] [CAM] 摄像头未检测到，等待重连...
[2026-07-12 14:52:14] [CAM] 摄像头捕获器已释放
[2026-07-12 14:52:14] [CAM] 摄像头未检测到，等待重连...
[2026-07-12 14:52:14] [CAM] 摄像头捕获器已释放
[2026-07-12 14:52:14] [CAM] 摄像头未检测到，等待重连...
[2026-07-12 14:52:15] [CAM] 摄像头捕获器已释放
[2026-07-12 14:52:15] [CAM] 摄像头未检测到，等待重连...
[2026-07-12 14:52:15] [CAM] 摄像头捕获器已释放
[2026-07-12 14:52:15] [CAM] 摄像头未检测到，等待重连...
[2026-07-12 14:52:16] [CAM] 摄像头捕获器已释放
[2026-07-12 14:52:16] [CAM] 摄像头未检测到，等待重连...
[2026-07-12 14:52:16] [CAM] 摄像头捕获器已释放
[2026-07-12 14:52:16] [CAM] 摄像头未检测到，等待重连...
[2026-07-12 14:52:17] [CAM] 摄像头捕获器已释放
[2026-07-12 14:52:17] [CAM] 摄像头未检测到，等待重连...
[2026-07-12 14:52:17] [CAM] 摄像头捕获器已释放
[2026-07-12 14:52:17] [CAM] 摄像头未检测到，等待重连...
[2026-07-12 14:52:18] [CAM] 摄像头捕获器已释放
[2026-07-12 14:52:18] [CAM] 摄像头未检测到，等待重连...
[2026-07-12 14:52:18] [CAM] 摄像头捕获器已释放
[2026-07-12 14:52:18] [CAM] 摄像头未检测到，等待重连...
[2026-07-12 14:52:19] [CAM] 摄像头捕获器已释放
[2026-07-12 14:52:19] [CAM] 摄像头未检测到，等待重连...
[2026-07-12 14:52:19] [CAM] 摄像头捕获器已释放
[2026-07-12 14:52:19] [CAM] 摄像头未检测到，等待重连...
[2026-07-12 14:52:20] [CAM] 摄像头捕获器已释放
[2026-07-12 14:52:20] [CAM] 摄像头未检测到，等待重连...
[2026-07-12 14:52:20] [CAM] 摄像头捕获器已释放
[2026-07-12 14:52:20] [CAM] 摄像头未检测到，等待重连...
[2026-07-12 14:52:21] [CAM] 摄像头捕获器已释放
[2026-07-12 14:52:21] [CAM] 摄像头未检测到，等待重连...
[2026-07-12 14:52:21] [CAM] 摄像头捕获器已释放
[2026-07-12 14:52:21] [CAM] 摄像头未检测到，等待重连...
[2026-07-12 14:52:22] [CAM] 摄像头捕获器已释放
[2026-07-12 14:52:22] [CAM] 摄像头未检测到，等待重连...
[2026-07-12 14:52:22] [CAM] 摄像头捕获器已释放
[2026-07-12 14:52:22] [CAM] 摄像头未检测到，等待重连...
[2026-07-12 14:52:23] [CAM] 摄像头捕获器已释放
[2026-07-12 14:52:23] [CAM] 摄像头未检测到，等待重连...
[2026-07-12 14:52:23] [CAM] 摄像头捕获器已释放
[2026-07-12 14:52:23] [CAM] 摄像头未检测到，等待重连...
[2026-07-12 14:52:24] [CAM] 摄像头捕获器已释放
[2026-07-12 14:52:24] [CAM] 摄像头未检测到，等待重连...
[2026-07-12 14:52:24] [CAM] 摄像头捕获器已释放
[2026-07-12 14:52:24] [CAM] 摄像头未检测到，等待重连...
[2026-07-12 14:52:25] [CAM] 摄像头捕获器已释放
[2026-07-12 14:52:25] [CAM] 摄像头未检测到，等待重连...
[2026-07-12 14:52:25] [CAM] 摄像头捕获器已释放
[2026-07-12 14:52:25] [CAM] 摄像头未检测到，等待重连...
[2026-07-12 14:52:26] [CAM] 摄像头捕获器已释放
[2026-07-12 14:52:26] [CAM] 摄像头未检测到，等待重连...
[2026-07-12 14:52:26] [CAM] 摄像头捕获器已释放
[2026-07-12 14:52:26] [CAM] 摄像头未检测到，等待重连...
[2026-07-12 14:52:27] [CAM] 摄像头捕获器已释放
[2026-07-12 14:52:27] [CAM] 摄像头未检测到，等待重连...
[2026-07-12 14:52:27] [CAM] 摄像头捕获器已释放
[2026-07-12 14:52:27] [CAM] 摄像头未检测到，等待重连...
[2026-07-12 14:52:28] [CAM] 摄像头捕获器已释放
[2026-07-12 14:52:28] [CAM] 摄像头未检测到，等待重连...
[2026-07-12 14:52:28] [CAM] 摄像头捕获器已释放
[2026-07-12 14:52:28] [CAM] 摄像头未检测到，等待重连...
[2026-07-12 14:52:29] [CAM] 摄像头捕获器已释放
[2026-07-12 14:52:29] [CAM] 摄像头未检测到，等待重连...
[2026-07-12 14:52:29] [CAM] 摄像头捕获器已释放
[2026-07-12 14:52:29] [CAM] 摄像头未检测到，等待重连...
[2026-07-12 14:52:30] [CAM] 摄像头捕获器已释放
[2026-07-12 14:52:30] [CAM] 摄像头未检测到，等待重连...
[2026-07-12 14:52:30] [CAM] 摄像头捕获器已释放
[2026-07-12 14:52:30] [CAM] 摄像头未检测到，等待重连...
[2026-07-12 14:52:31] [CAM] 摄像头捕获器已释放
[2026-07-12 14:52:31] [CAM] 摄像头未检测到，等待重连...
[2026-07-12 14:52:31] [CAM] 摄像头捕获器已释放
[2026-07-12 14:52:31] [CAM] 摄像头未检测到，等待重连...
[2026-07-12 14:52:32] [CAM] 摄像头捕获器已释放
[2026-07-12 14:52:32] [CAM] 摄像头未检测到，等待重连...
[2026-07-12 14:52:32] [CAM] 摄像头捕获器已释放
[2026-07-12 14:52:32] [CAM] 摄像头未检测到，等待重连...
[2026-07-12 14:52:33] [CAM] 摄像头捕获器已释放
[2026-07-12 14:52:33] [CAM] 摄像头未检测到，等待重连...
[2026-07-12 14:52:33] [CAM] 摄像头捕获器已释放
[2026-07-12 14:52:33] [CAM] 摄像头未检测到，等待重连...
[2026-07-12 14:52:34] [CAM] 摄像头捕获器已释放
[2026-07-12 14:52:34] [CAM] 摄像头未检测到，等待重连...
[2026-07-12 14:52:34] [INFO] 切换运行模式: 课堂模式 场景:中四班
[2026-07-12 14:52:34] [CAM] 摄像头捕获器已释放
[2026-07-12 14:52:34] [CAM] 摄像头未检测到，等待重连...
[2026-07-12 14:52:35] [CAM] 摄像头捕获器已释放
[2026-07-12 14:52:35] [CAM] 摄像头未检测到，等待重连...
[2026-07-12 14:52:35] [INFO] 切换运行模式: 午睡模式 场景:一楼左侧睡眠室
[2026-07-12 14:52:35] [CAM] 摄像头捕获器已释放
[2026-07-12 14:52:35] [CAM] 摄像头未检测到，等待重连...
[2026-07-12 14:52:36] [INFO] 切换运行模式: 公共巡查模式 场景:公共过道
[2026-07-12 14:52:36] [CAM] 摄像头捕获器已释放
[2026-07-12 14:52:36] [CAM] 摄像头未检测到，等待重连...
[2026-07-12 14:52:36] [CAM] 摄像头捕获器已释放
[2026-07-12 14:52:36] [CAM] 摄像头未检测到，等待重连...
[2026-07-12 14:52:37] [CAM] 摄像头捕获器已释放
[2026-07-12 14:52:37] [CAM] 摄像头未检测到，等待重连...
[2026-07-12 14:52:37] [CAM] 摄像头捕获器已释放
[2026-07-12 14:52:37] [CAM] 摄像头未检测到，等待重连...
[2026-07-12 14:52:38] [INFO] 程序收到关闭信号，开始安全退出流程
[2026-07-12 14:52:38] [CAM] 摄像头捕获器已释放
[2026-07-12 14:52:38] [CAM] 摄像头未检测到，等待重连...
[2026-07-12 14:52:38] [CAM] 摄像头捕获器已释放
[2026-07-12 14:52:38] [CAM] 摄像头未检测到，等待重连...
[2026-07-12 14:52:39] [SENSOR] RS485采集线程已停止
[2026-07-12 14:52:39] [CAM] 摄像头捕获器已释放
[2026-07-12 14:52:39] [INFO] 摄像头采集线程正常退出
[2026-07-12 14:52:39] [INFO] 程序正常退出
[2026-07-12 14:52:39] [INFO] 程序结束，退出码:0
[2026-07-12 14:56:11] [INFO] ========== 幼儿园AI安全卫士程序启动 ==========
[2026-07-12 14:56:11] [INFO] 主程序窗口初始化完成
[2026-07-12 14:56:11] [SENSOR] RS485传感器采集线程已启动，串口：/dev/ttyUSB0
[2026-07-12 14:56:11] [INFO] AI环境模拟线程启动
[2026-07-12 14:56:11] [INFO] 摄像头采集线程启动
[2026-07-12 14:56:11] [CAM] 摄像头未检测到，等待重连...
[2026-07-12 14:56:11] [SENSOR] 开机未检测到温湿度传感器，延时播报
[2026-07-12 14:58:17] [INFO] ========== 幼儿园AI安全卫士程序启动 ==========
[2026-07-12 14:58:17] [INFO] 主程序窗口初始化完成
[2026-07-12 14:58:17] [SENSOR] RS485传感器采集线程已启动，串口：/dev/ttyUSB0
[2026-07-12 14:58:17] [INFO] AI环境模拟线程启动
[2026-07-12 14:58:17] [INFO] 摄像头采集线程启动
[2026-07-12 14:58:17] [CAM] 摄像头未检测到，等待重连...
[2026-07-12 14:58:17] [SENSOR] 开机未检测到温湿度传感器，延时播报
[2026-07-12 14:58:50] [INFO] ========== 幼儿园AI安全卫士程序启动 ==========
[2026-07-12 14:58:50] [INFO] 主程序窗口初始化完成
[2026-07-12 14:58:50] [SENSOR] RS485传感器采集线程已启动，串口：/dev/ttyUSB0
[2026-07-12 14:58:50] [INFO] AI环境模拟线程启动
[2026-07-12 14:58:50] [INFO] 摄像头采集线程启动
[2026-07-12 14:58:50] [CAM] 摄像头未检测到，等待重连...
[2026-07-12 14:58:50] [SENSOR] 开机未检测到温湿度传感器，延时播报
[2026-07-12 14:58:52] [NET] 网络已恢复连通
[2026-07-12 14:58:52] [MIC] 开机未检测到USB麦克风，延时播报
[2026-07-12 14:58:53] [CAM] 摄像头捕获器已释放
[2026-07-12 15:00:25] [INFO] ========== 幼儿园AI安全卫士程序启动 ==========
[2026-07-12 15:00:25] [INFO] 主程序窗口初始化完成
[2026-07-12 15:00:25] [SENSOR] RS485传感器采集线程已启动，串口：/dev/ttyUSB0
[2026-07-12 15:00:25] [INFO] AI环境模拟线程启动
[2026-07-12 15:00:25] [INFO] 摄像头采集线程启动
[2026-07-12 15:00:25] [CAM] 摄像头未检测到，等待重连...
[2026-07-12 15:00:25] [SENSOR] 开机未检测到温湿度传感器，延时播报
[2026-07-12 15:00:28] [NET] 网络已恢复连通
[2026-07-12 15:00:28] [MIC] 开机未检测到USB麦克风，延时播报
[2026-07-12 15:00:28] [CAM] 摄像头捕获器已释放
[2026-07-12 15:00:28] [CAM] 摄像头未检测到，等待重连...
[2026-07-12 15:00:28] [CAM] 摄像头捕获器已释放
[2026-07-12 15:00:28] [CAM] 摄像头未检测到，等待重连...
[2026-07-12 15:00:29] [CAM] 摄像头捕获器已释放
[2026-07-12 15:00:29] [CAM] 摄像头未检测到，等待重连...
[2026-07-12 15:00:29] [CAM] 摄像头捕获器已释放
[2026-07-12 15:00:29] [CAM] 摄像头未检测到，等待重连...
[2026-07-12 15:00:30] [CAM] 摄像头捕获器已释放
[2026-07-12 15:00:30] [CAM] 摄像头未检测到，等待重连...
[2026-07-12 15:00:30] [CAM] 摄像头捕获器已释放
[2026-07-12 15:00:30] [CAM] 摄像头未检测到，等待重连...
[2026-07-12 15:00:31] [CAM] 摄像头捕获器已释放
[2026-07-12 15:00:31] [CAM] 摄像头未检测到，等待重连...
[2026-07-12 15:00:31] [CAM] 摄像头捕获器已释放
[2026-07-12 15:00:31] [CAM] 摄像头未检测到，等待重连...
[2026-07-12 15:00:32] [CAM] 摄像头捕获器已释放
[2026-07-12 15:00:32] [CAM] 摄像头未检测到，等待重连...
[2026-07-12 15:00:32] [CAM] 摄像头捕获器已释放
[2026-07-12 15:00:32] [CAM] 摄像头未检测到，等待重连...
[2026-07-12 15:00:33] [CAM] 摄像头捕获器已释放
[2026-07-12 15:00:33] [CAM] 摄像头未检测到，等待重连...
[2026-07-12 15:00:33] [CAM] 摄像头捕获器已释放
[2026-07-12 15:00:33] [CAM] 摄像头未检测到，等待重连...
[2026-07-12 15:02:10] [INFO] ========== 幼儿园AI安全卫士程序启动 ==========
[2026-07-12 15:02:10] [INFO] 主程序窗口初始化完成
[2026-07-12 15:02:10] [SENSOR] RS485传感器采集线程已启动，串口：/dev/ttyUSB0
[2026-07-12 15:02:10] [INFO] AI环境模拟线程启动
[2026-07-12 15:02:10] [INFO] 摄像头采集线程启动
[2026-07-12 15:02:10] [CAM] 摄像头未检测到，等待重连...
[2026-07-12 15:02:10] [SENSOR] 开机未检测到温湿度传感器，延时播报
[2026-07-12 15:02:12] [NET] 网络已恢复连通
[2026-07-12 15:02:12] [MIC] 开机未检测到USB麦克风，延时播报
[2026-07-12 15:02:13] [CAM] 摄像头捕获器已释放
[2026-07-12 15:02:13] [CAM] 摄像头未检测到，等待重连...
[2026-07-12 15:02:13] [CAM] 摄像头捕获器已释放
[2026-07-12 15:02:13] [CAM] 摄像头未检测到，等待重连...
[2026-07-12 15:02:14] [CAM] 摄像头捕获器已释放
[2026-07-12 15:02:14] [CAM] 摄像头未检测到，等待重连...
[2026-07-12 15:02:14] [CAM] 摄像头捕获器已释放
[2026-07-12 15:02:14] [CAM] 摄像头未检测到，等待重连...
[2026-07-12 15:02:15] [CAM] 摄像头捕获器已释放
[2026-07-12 15:02:15] [CAM] 摄像头未检测到，等待重连...
[2026-07-12 15:02:15] [CAM] 摄像头捕获器已释放
[2026-07-12 15:02:15] [CAM] 摄像头未检测到，等待重连...
[2026-07-12 15:02:16] [CAM] 摄像头捕获器已释放
[2026-07-12 15:02:16] [CAM] 摄像头未检测到，等待重连...
[2026-07-12 15:02:16] [CAM] 摄像头捕获器已释放
[2026-07-12 15:02:16] [CAM] 摄像头未检测到，等待重连...
[2026-07-12 15:02:17] [CAM] 摄像头捕获器已释放
[2026-07-12 15:02:17] [CAM] 摄像头未检测到，等待重连...
[2026-07-12 15:02:17] [CAM] 摄像头捕获器已释放
[2026-07-12 15:02:17] [CAM] 摄像头未检测到，等待重连...
[2026-07-12 15:02:18] [CAM] 摄像头捕获器已释放
[2026-07-12 15:02:18] [CAM] 摄像头未检测到，等待重连...
[2026-07-12 15:02:18] [CAM] 摄像头捕获器已释放
[2026-07-12 15:02:18] [CAM] 摄像头未检测到，等待重连...
[2026-07-12 15:02:19] [CAM] 摄像头捕获器已释放
[2026-07-12 15:02:19] [CAM] 摄像头未检测到，等待重连...
[2026-07-12 15:02:19] [CAM] 摄像头捕获器已释放
[2026-07-12 15:02:19] [CAM] 摄像头未检测到，等待重连...
[2026-07-12 15:02:20] [CAM] 摄像头捕获器已释放
[2026-07-12 15:02:20] [CAM] 摄像头未检测到，等待重连...
[2026-07-12 15:02:20] [CAM] 摄像头捕获器已释放
[2026-07-12 15:02:20] [CAM] 摄像头未检测到，等待重连...
[2026-07-12 15:02:21] [CAM] 摄像头捕获器已释放
[2026-07-12 15:02:21] [CAM] 摄像头未检测到，等待重连...
[2026-07-12 15:02:21] [CAM] 摄像头捕获器已释放
[2026-07-12 15:02:21] [CAM] 摄像头未检测到，等待重连...
[2026-07-12 15:02:22] [CAM] 摄像头捕获器已释放
[2026-07-12 15:02:22] [CAM] 摄像头未检测到，等待重连...
[2026-07-12 15:02:22] [CAM] 摄像头捕获器已释放
[2026-07-12 15:02:22] [CAM] 摄像头未检测到，等待重连...
[2026-07-12 15:02:23] [CAM] 摄像头捕获器已释放
[2026-07-12 15:02:23] [CAM] 摄像头未检测到，等待重连...
[2026-07-12 15:02:23] [CAM] 摄像头捕获器已释放
[2026-07-12 15:02:23] [CAM] 摄像头未检测到，等待重连...
[2026-07-12 15:02:24] [CAM] 摄像头捕获器已释放
[2026-07-12 15:02:24] [CAM] 摄像头未检测到，等待重连...
[2026-07-12 15:02:24] [CAM] 摄像头捕获器已释放
[2026-07-12 15:02:24] [CAM] 摄像头未检测到，等待重连...
[2026-07-12 15:02:25] [CAM] 摄像头捕获器已释放
[2026-07-12 15:02:25] [CAM] 摄像头未检测到，等待重连...
[2026-07-12 15:02:25] [CAM] 摄像头捕获器已释放
[2026-07-12 15:02:25] [CAM] 摄像头未检测到，等待重连...
[2026-07-12 15:02:26] [CAM] 摄像头捕获器已释放
[2026-07-12 15:02:26] [CAM] 摄像头未检测到，等待重连...
[2026-07-12 15:02:26] [CAM] 摄像头捕获器已释放
[2026-07-12 15:02:26] [CAM] 摄像头未检测到，等待重连...
[2026-07-12 15:02:27] [CAM] 摄像头捕获器已释放
[2026-07-12 15:02:27] [CAM] 摄像头未检测到，等待重连...
[2026-07-12 15:02:27] [CAM] 摄像头捕获器已释放
[2026-07-12 15:02:27] [CAM] 摄像头未检测到，等待重连...
[2026-07-12 15:02:28] [CAM] 摄像头捕获器已释放
[2026-07-12 15:02:28] [CAM] 摄像头未检测到，等待重连...
[2026-07-12 15:02:28] [CAM] 摄像头捕获器已释放
[2026-07-12 15:02:28] [CAM] 摄像头未检测到，等待重连...
[2026-07-12 15:02:29] [CAM] 摄像头捕获器已释放
[2026-07-12 15:02:29] [CAM] 摄像头未检测到，等待重连...
[2026-07-12 15:02:29] [INFO] 程序收到关闭信号，开始安全退出流程
[2026-07-12 15:02:29] [SENSOR] RS485采集线程已停止
[2026-07-12 15:02:29] [CAM] 摄像头捕获器已释放
[2026-07-12 15:02:29] [INFO] 摄像头采集线程正常退出
[2026-07-12 15:02:29] [INFO] 程序正常退出
[2026-07-12 15:02:29] [INFO] 程序结束，退出码:0
[2026-07-12 15:05:50] [INFO] ========== 幼儿园AI安全卫士程序启动 ==========
[2026-07-12 15:05:50] [INFO] 主程序窗口初始化完成
[2026-07-12 15:05:50] [SENSOR] RS485传感器采集线程已启动，串口：/dev/ttyUSB0
[2026-07-12 15:05:50] [INFO] AI环境模拟线程启动
[2026-07-12 15:05:50] [INFO] 摄像头采集线程启动
[2026-07-12 15:05:50] [CAM] 摄像头未检测到，等待重连...
[2026-07-12 15:05:50] [SENSOR] 开机未检测到温湿度传感器，延时播报
[2026-07-12 15:05:53] [NET] 网络已恢复连通
[2026-07-12 15:05:53] [MIC] 开机未检测到USB麦克风，延时播报
[2026-07-12 15:05:53] [CAM] 摄像头捕获器已释放
[2026-07-12 15:05:53] [CAM] 摄像头未检测到，等待重连...
[2026-07-12 15:05:53] [CAM] 摄像头捕获器已释放
[2026-07-12 15:05:53] [CAM] 摄像头未检测到，等待重连...
[2026-07-12 15:05:54] [CAM] 摄像头捕获器已释放
[2026-07-12 15:05:54] [CAM] 摄像头未检测到，等待重连...
[2026-07-12 15:05:54] [CAM] 摄像头捕获器已释放
[2026-07-12 15:05:54] [CAM] 摄像头未检测到，等待重连...
[2026-07-12 15:05:55] [CAM] 摄像头捕获器已释放
[2026-07-12 15:05:55] [CAM] 摄像头未检测到，等待重连...
[2026-07-12 15:05:55] [CAM] 摄像头捕获器已释放
[2026-07-12 15:05:55] [CAM] 摄像头未检测到，等待重连...
[2026-07-12 15:05:56] [CAM] 摄像头捕获器已释放
[2026-07-12 15:05:56] [CAM] 摄像头未检测到，等待重连...
[2026-07-12 15:05:56] [CAM] 摄像头捕获器已释放
[2026-07-12 15:05:56] [CAM] 摄像头未检测到，等待重连...
[2026-07-12 15:05:57] [CAM] 摄像头捕获器已释放
[2026-07-12 15:05:57] [CAM] 摄像头未检测到，等待重连...
[2026-07-12 15:05:57] [CAM] 摄像头捕获器已释放
[2026-07-12 15:05:57] [CAM] 摄像头未检测到，等待重连...
[2026-07-12 15:05:58] [CAM] 摄像头捕获器已释放
[2026-07-12 15:05:58] [CAM] 摄像头未检测到，等待重连...
[2026-07-12 15:05:58] [CAM] 摄像头捕获器已释放
[2026-07-12 15:05:58] [CAM] 摄像头未检测到，等待重连...
[2026-07-12 15:05:59] [CAM] 摄像头捕获器已释放
[2026-07-12 15:05:59] [CAM] 摄像头未检测到，等待重连...
[2026-07-12 15:05:59] [CAM] 摄像头捕获器已释放
[2026-07-12 15:05:59] [CAM] 摄像头未检测到，等待重连...
[2026-07-12 15:06:00] [CAM] 摄像头捕获器已释放
[2026-07-12 15:06:00] [CAM] 摄像头未检测到，等待重连...
[2026-07-12 15:06:00] [CAM] 摄像头捕获器已释放
[2026-07-12 15:06:00] [CAM] 摄像头未检测到，等待重连...
[2026-07-12 15:06:01] [CAM] 摄像头捕获器已释放
[2026-07-12 15:06:01] [CAM] 摄像头未检测到，等待重连...
[2026-07-12 15:06:01] [CAM] 摄像头捕获器已释放
[2026-07-12 15:06:01] [CAM] 摄像头未检测到，等待重连...
[2026-07-12 15:06:02] [CAM] 摄像头捕获器已释放
[2026-07-12 15:06:02] [CAM] 摄像头未检测到，等待重连...
[2026-07-12 15:06:02] [CAM] 摄像头捕获器已释放
[2026-07-12 15:06:02] [CAM] 摄像头未检测到，等待重连...
[2026-07-12 15:06:03] [CAM] 摄像头捕获器已释放
[2026-07-12 15:06:03] [CAM] 摄像头未检测到，等待重连...
[2026-07-12 15:06:03] [CAM] 摄像头捕获器已释放
[2026-07-12 15:06:03] [CAM] 摄像头未检测到，等待重连...
[2026-07-12 15:06:04] [CAM] 摄像头捕获器已释放
[2026-07-12 15:06:04] [CAM] 摄像头未检测到，等待重连...
[2026-07-12 15:06:04] [CAM] 摄像头捕获器已释放
[2026-07-12 15:06:04] [CAM] 摄像头未检测到，等待重连...
[2026-07-12 15:06:05] [CAM] 摄像头捕获器已释放
[2026-07-12 15:06:05] [CAM] 摄像头未检测到，等待重连...
[2026-07-12 15:06:05] [CAM] 摄像头捕获器已释放
[2026-07-12 15:06:05] [CAM] 摄像头未检测到，等待重连...
[2026-07-12 15:06:06] [CAM] 摄像头捕获器已释放
[2026-07-12 15:06:06] [CAM] 摄像头未检测到，等待重连...
[2026-07-12 15:06:06] [CAM] 摄像头捕获器已释放
[2026-07-12 15:06:06] [CAM] 摄像头未检测到，等待重连...
[2026-07-12 15:06:07] [CAM] 摄像头捕获器已释放
[2026-07-12 15:06:07] [CAM] 摄像头未检测到，等待重连...
[2026-07-12 15:06:07] [CAM] 摄像头捕获器已释放
[2026-07-12 15:06:07] [CAM] 摄像头未检测到，等待重连...
[2026-07-12 15:06:08] [CAM] 摄像头捕获器已释放
[2026-07-12 15:06:08] [CAM] 摄像头未检测到，等待重连...
[2026-07-12 15:06:08] [CAM] 摄像头捕获器已释放
[2026-07-12 15:06:08] [CAM] 摄像头未检测到，等待重连...
[2026-07-12 15:06:09] [CAM] 摄像头捕获器已释放
[2026-07-12 15:06:09] [CAM] 摄像头未检测到，等待重连...
[2026-07-12 15:06:09] [CAM] 摄像头捕获器已释放
[2026-07-12 15:06:09] [CAM] 摄像头未检测到，等待重连...
[2026-07-12 15:06:10] [CAM] 摄像头捕获器已释放
[2026-07-12 15:06:10] [CAM] 摄像头未检测到，等待重连...
[2026-07-12 15:06:10] [CAM] 摄像头捕获器已释放
[2026-07-12 15:06:11] [CAM] 摄像头未检测到，等待重连...
[2026-07-12 15:06:11] [CAM] 摄像头捕获器已释放
[2026-07-12 15:06:11] [CAM] 摄像头未检测到，等待重连...
[2026-07-12 15:06:12] [CAM] 摄像头捕获器已释放
[2026-07-12 15:06:12] [CAM] 摄像头未检测到，等待重连...
[2026-07-12 15:06:12] [CAM] 摄像头捕获器已释放
[2026-07-12 15:06:12] [CAM] 摄像头未检测到，等待重连...
[2026-07-12 15:06:12] [INFO] 切换运行模式: 课堂模式 场景:中四班
[2026-07-12 15:06:13] [CAM] 摄像头捕获器已释放
[2026-07-12 15:06:13] [CAM] 摄像头未检测到，等待重连...
[2026-07-12 15:06:13] [CAM] 摄像头捕获器已释放
[2026-07-12 15:06:13] [CAM] 摄像头未检测到，等待重连...
[2026-07-12 15:06:13] [INFO] 切换运行模式: 午睡模式 场景:一楼左侧睡眠室
[2026-07-12 15:06:14] [CAM] 摄像头捕获器已释放
[2026-07-12 15:06:14] [CAM] 摄像头未检测到，等待重连...
[2026-07-12 15:06:14] [CAM] 摄像头捕获器已释放
[2026-07-12 15:06:14] [CAM] 摄像头未检测到，等待重连...
[2026-07-12 15:06:15] [CAM] 摄像头捕获器已释放
[2026-07-12 15:06:15] [CAM] 摄像头未检测到，等待重连...
[2026-07-12 15:06:15] [CAM] 摄像头捕获器已释放
[2026-07-12 15:06:15] [CAM] 摄像头未检测到，等待重连...
[2026-07-12 15:06:16] [CAM] 摄像头捕获器已释放
[2026-07-12 15:06:16] [CAM] 摄像头未检测到，等待重连...
[2026-07-12 15:06:16] [CAM] 摄像头捕获器已释放
[2026-07-12 15:06:16] [CAM] 摄像头未检测到，等待重连...
[2026-07-12 15:06:17] [CAM] 摄像头捕获器已释放
[2026-07-12 15:06:17] [CAM] 摄像头未检测到，等待重连...
[2026-07-12 15:06:17] [CAM] 摄像头捕获器已释放
[2026-07-12 15:06:17] [CAM] 摄像头未检测到，等待重连...
[2026-07-12 15:06:18] [CAM] 摄像头捕获器已释放
[2026-07-12 15:06:18] [CAM] 摄像头未检测到，等待重连...
[2026-07-12 15:06:18] [CAM] 摄像头捕获器已释放
[2026-07-12 15:06:18] [CAM] 摄像头未检测到，等待重连...
[2026-07-12 15:06:19] [CAM] 摄像头捕获器已释放
[2026-07-12 15:06:19] [CAM] 摄像头未检测到，等待重连...
[2026-07-12 15:06:19] [CAM] 摄像头捕获器已释放
[2026-07-12 15:06:19] [CAM] 摄像头未检测到，等待重连...
[2026-07-12 15:06:20] [INFO] 程序收到关闭信号，开始安全退出流程
[2026-07-12 15:06:20] [CAM] 摄像头捕获器已释放
[2026-07-12 15:06:20] [CAM] 摄像头未检测到，等待重连...
[2026-07-12 15:06:20] [SENSOR] RS485采集线程已停止
[2026-07-12 15:06:20] [CAM] 摄像头捕获器已释放
[2026-07-12 15:06:20] [INFO] 摄像头采集线程正常退出
[2026-07-12 15:06:20] [INFO] 程序正常退出
[2026-07-12 15:06:20] [INFO] 程序结束，退出码:0
[2026-07-12 15:06:25] [INFO] ========== 幼儿园AI安全卫士程序启动 ==========
[2026-07-12 15:06:25] [INFO] 主程序窗口初始化完成
[2026-07-12 15:06:25] [SENSOR] RS485传感器采集线程已启动，串口：/dev/ttyUSB0
[2026-07-12 15:06:25] [INFO] AI环境模拟线程启动
[2026-07-12 15:06:25] [INFO] 摄像头采集线程启动
[2026-07-12 15:06:25] [CAM] 摄像头未检测到，等待重连...
[2026-07-12 15:06:25] [SENSOR] 开机未检测到温湿度传感器，延时播报
[2026-07-12 15:06:27] [NET] 网络已恢复连通
[2026-07-12 15:06:27] [MIC] 开机未检测到USB麦克风，延时播报
[2026-07-12 15:06:28] [CAM] 摄像头捕获器已释放
[2026-07-12 15:06:28] [CAM] 摄像头未检测到，等待重连...
[2026-07-12 15:06:28] [CAM] 摄像头捕获器已释放
[2026-07-12 15:06:28] [CAM] 摄像头未检测到，等待重连...
[2026-07-12 15:06:29] [CAM] 摄像头捕获器已释放
[2026-07-12 15:06:29] [CAM] 摄像头未检测到，等待重连...
[2026-07-12 15:06:29] [CAM] 摄像头捕获器已释放
[2026-07-12 15:06:29] [CAM] 摄像头未检测到，等待重连...
[2026-07-12 15:06:30] [CAM] 摄像头捕获器已释放
[2026-07-12 15:06:30] [CAM] 摄像头未检测到，等待重连...
[2026-07-12 15:06:30] [CAM] 摄像头捕获器已释放
[2026-07-12 15:06:30] [CAM] 摄像头未检测到，等待重连...
[2026-07-12 15:06:31] [CAM] 摄像头捕获器已释放
[2026-07-12 15:06:31] [CAM] 摄像头未检测到，等待重连...
[2026-07-12 15:06:31] [CAM] 摄像头捕获器已释放
[2026-07-12 15:06:31] [CAM] 摄像头未检测到，等待重连...
[2026-07-12 15:06:32] [CAM] 摄像头捕获器已释放
[2026-07-12 15:06:32] [CAM] 摄像头未检测到，等待重连...
[2026-07-12 15:06:32] [CAM] 摄像头捕获器已释放
[2026-07-12 15:06:32] [CAM] 摄像头未检测到，等待重连...
[2026-07-12 15:06:33] [CAM] 摄像头捕获器已释放
[2026-07-12 15:06:33] [CAM] 摄像头未检测到，等待重连...
[2026-07-12 15:06:33] [CAM] 摄像头捕获器已释放
[2026-07-12 15:06:33] [CAM] 摄像头未检测到，等待重连...
[2026-07-12 15:06:34] [CAM] 摄像头捕获器已释放
[2026-07-12 15:06:34] [CAM] 摄像头未检测到，等待重连...
[2026-07-12 15:06:34] [CAM] 摄像头捕获器已释放
[2026-07-12 15:06:34] [CAM] 摄像头未检测到，等待重连...
[2026-07-12 15:06:35] [CAM] 摄像头捕获器已释放
[2026-07-12 15:06:35] [CAM] 摄像头未检测到，等待重连...
[2026-07-12 15:06:35] [CAM] 摄像头捕获器已释放
[2026-07-12 15:06:35] [CAM] 摄像头未检测到，等待重连...
[2026-07-12 15:06:36] [CAM] 摄像头捕获器已释放
[2026-07-12 15:06:36] [CAM] 摄像头未检测到，等待重连...
[2026-07-12 15:06:36] [CAM] 摄像头捕获器已释放
[2026-07-12 15:06:36] [CAM] 摄像头未检测到，等待重连...
[2026-07-12 15:06:37] [CAM] 摄像头捕获器已释放
[2026-07-12 15:06:37] [CAM] 摄像头未检测到，等待重连...
[2026-07-12 15:06:37] [CAM] 摄像头捕获器已释放
[2026-07-12 15:06:37] [CAM] 摄像头未检测到，等待重连...
[2026-07-12 15:06:38] [CAM] 摄像头捕获器已释放
[2026-07-12 15:06:38] [CAM] 摄像头未检测到，等待重连...
[2026-07-12 15:06:38] [CAM] 摄像头捕获器已释放
[2026-07-12 15:06:38] [CAM] 摄像头未检测到，等待重连...
[2026-07-12 15:06:39] [CAM] 摄像头捕获器已释放
[2026-07-12 15:06:39] [CAM] 摄像头未检测到，等待重连...
[2026-07-12 15:06:39] [CAM] 摄像头捕获器已释放
[2026-07-12 15:06:39] [CAM] 摄像头未检测到，等待重连...
[2026-07-12 15:06:40] [CAM] 摄像头捕获器已释放
[2026-07-12 15:06:40] [CAM] 摄像头未检测到，等待重连...
[2026-07-12 15:06:40] [CAM] 摄像头捕获器已释放
[2026-07-12 15:06:40] [CAM] 摄像头未检测到，等待重连...
[2026-07-12 15:06:41] [CAM] 摄像头捕获器已释放
[2026-07-12 15:06:41] [CAM] 摄像头未检测到，等待重连...
[2026-07-12 15:06:41] [CAM] 摄像头捕获器已释放
[2026-07-12 15:06:41] [CAM] 摄像头未检测到，等待重连...
[2026-07-12 15:06:41] [INFO] 程序收到关闭信号，开始安全退出流程
[2026-07-12 15:06:42] [CAM] 摄像头捕获器已释放
[2026-07-12 15:06:42] [CAM] 摄像头未检测到，等待重连...
[2026-07-12 15:06:42] [SENSOR] RS485采集线程已停止
[2026-07-12 15:06:42] [CAM] 摄像头捕获器已释放
[2026-07-12 15:06:42] [INFO] 摄像头采集线程正常退出
[2026-07-12 15:06:42] [INFO] 程序正常退出
[2026-07-12 15:06:42] [INFO] 程序结束，退出码:0
[2026-07-12 15:07:10] [INFO] ========== 幼儿园AI安全卫士程序启动 ==========
[2026-07-12 15:07:10] [INFO] 主程序窗口初始化完成
[2026-07-12 15:07:10] [SENSOR] RS485传感器采集线程已启动，串口：/dev/ttyUSB0
[2026-07-12 15:07:10] [INFO] AI环境模拟线程启动
[2026-07-12 15:07:10] [INFO] 摄像头采集线程启动
[2026-07-12 15:07:10] [CAM] 摄像头未检测到，等待重连...
[2026-07-12 15:07:10] [SENSOR] 开机未检测到温湿度传感器，延时播报
[2026-07-12 15:07:12] [NET] 网络已恢复连通
[2026-07-12 15:07:12] [MIC] 开机未检测到USB麦克风，延时播报
[2026-07-12 15:07:13] [CAM] 摄像头捕获器已释放
[2026-07-12 15:07:13] [CAM] 摄像头未检测到，等待重连...
[2026-07-12 15:07:13] [CAM] 摄像头捕获器已释放
[2026-07-12 15:07:13] [CAM] 摄像头未检测到，等待重连...
[2026-07-12 15:07:14] [CAM] 摄像头捕获器已释放
[2026-07-12 15:07:14] [CAM] 摄像头未检测到，等待重连...
[2026-07-12 15:07:14] [CAM] 摄像头捕获器已释放
[2026-07-12 15:07:14] [CAM] 摄像头未检测到，等待重连...
[2026-07-12 15:07:15] [CAM] 摄像头捕获器已释放
[2026-07-12 15:07:15] [CAM] 摄像头未检测到，等待重连...
[2026-07-12 15:07:15] [CAM] 摄像头捕获器已释放
[2026-07-12 15:07:15] [CAM] 摄像头未检测到，等待重连...
[2026-07-12 15:07:16] [CAM] 摄像头捕获器已释放
[2026-07-12 15:07:16] [CAM] 摄像头未检测到，等待重连...
[2026-07-12 15:07:16] [CAM] 摄像头捕获器已释放
[2026-07-12 15:07:16] [CAM] 摄像头未检测到，等待重连...
[2026-07-12 15:07:17] [CAM] 摄像头捕获器已释放
[2026-07-12 15:07:17] [CAM] 摄像头未检测到，等待重连...
[2026-07-12 15:07:17] [CAM] 摄像头捕获器已释放
[2026-07-12 15:07:17] [CAM] 摄像头未检测到，等待重连...
[2026-07-12 15:07:18] [CAM] 摄像头捕获器已释放
[2026-07-12 15:07:18] [CAM] 摄像头未检测到，等待重连...
[2026-07-12 15:07:18] [CAM] 摄像头捕获器已释放
[2026-07-12 15:07:18] [CAM] 摄像头未检测到，等待重连...
[2026-07-12 15:07:19] [CAM] 摄像头捕获器已释放
[2026-07-12 15:07:19] [CAM] 摄像头未检测到，等待重连...
[2026-07-12 15:07:19] [CAM] 摄像头捕获器已释放
[2026-07-12 15:07:19] [CAM] 摄像头未检测到，等待重连...
[2026-07-12 15:07:20] [CAM] 摄像头捕获器已释放
[2026-07-12 15:07:20] [CAM] 摄像头未检测到，等待重连...
[2026-07-12 15:07:20] [CAM] 摄像头捕获器已释放
[2026-07-12 15:07:20] [CAM] 摄像头未检测到，等待重连...
[2026-07-12 15:07:21] [CAM] 摄像头捕获器已释放
[2026-07-12 15:07:21] [CAM] 摄像头未检测到，等待重连...
[2026-07-12 15:07:21] [CAM] 摄像头捕获器已释放
[2026-07-12 15:07:21] [CAM] 摄像头未检测到，等待重连...
[2026-07-12 15:07:22] [CAM] 摄像头捕获器已释放
[2026-07-12 15:07:22] [CAM] 摄像头未检测到，等待重连...
[2026-07-12 15:07:22] [CAM] 摄像头捕获器已释放
[2026-07-12 15:07:22] [CAM] 摄像头未检测到，等待重连...
[2026-07-12 15:07:23] [CAM] 摄像头捕获器已释放
[2026-07-12 15:07:23] [CAM] 摄像头未检测到，等待重连...
[2026-07-12 15:07:23] [CAM] 摄像头捕获器已释放
[2026-07-12 15:07:23] [CAM] 摄像头未检测到，等待重连...
[2026-07-12 15:07:24] [CAM] 摄像头捕获器已释放
[2026-07-12 15:07:24] [CAM] 摄像头未检测到，等待重连...
[2026-07-12 15:07:24] [CAM] 摄像头捕获器已释放
[2026-07-12 15:07:24] [CAM] 摄像头未检测到，等待重连...
[2026-07-12 15:07:25] [CAM] 摄像头捕获器已释放
[2026-07-12 15:07:25] [CAM] 摄像头未检测到，等待重连...
[2026-07-12 15:07:25] [CAM] 摄像头捕获器已释放
[2026-07-12 15:07:25] [CAM] 摄像头未检测到，等待重连...
[2026-07-12 15:07:26] [CAM] 摄像头捕获器已释放
[2026-07-12 15:07:26] [CAM] 摄像头未检测到，等待重连...
[2026-07-12 15:07:26] [CAM] 摄像头捕获器已释放
[2026-07-12 15:07:26] [CAM] 摄像头未检测到，等待重连...
[2026-07-12 15:07:27] [CAM] 摄像头捕获器已释放
[2026-07-12 15:07:27] [CAM] 摄像头未检测到，等待重连...
[2026-07-12 15:07:27] [CAM] 摄像头捕获器已释放
[2026-07-12 15:07:27] [CAM] 摄像头未检测到，等待重连...
[2026-07-12 15:07:28] [CAM] 摄像头捕获器已释放
[2026-07-12 15:07:28] [CAM] 摄像头未检测到，等待重连...
[2026-07-12 15:07:28] [CAM] 摄像头捕获器已释放
[2026-07-12 15:07:28] [CAM] 摄像头未检测到，等待重连...
[2026-07-12 15:07:29] [CAM] 摄像头捕获器已释放
[2026-07-12 15:07:29] [CAM] 摄像头未检测到，等待重连...
[2026-07-12 15:07:29] [CAM] 摄像头捕获器已释放
[2026-07-12 15:07:29] [CAM] 摄像头未检测到，等待重连...
[2026-07-12 15:07:30] [CAM] 摄像头捕获器已释放
[2026-07-12 15:07:30] [CAM] 摄像头未检测到，等待重连...
[2026-07-12 15:07:30] [CAM] 摄像头捕获器已释放
[2026-07-12 15:07:30] [CAM] 摄像头未检测到，等待重连...
[2026-07-12 15:07:31] [CAM] 摄像头捕获器已释放
[2026-07-12 15:07:31] [CAM] 摄像头未检测到，等待重连...
[2026-07-12 15:07:31] [CAM] 摄像头捕获器已释放
[2026-07-12 15:07:31] [CAM] 摄像头未检测到，等待重连...
[2026-07-12 15:07:32] [CAM] 摄像头捕获器已释放
[2026-07-12 15:07:32] [CAM] 摄像头未检测到，等待重连...
[2026-07-12 15:07:32] [CAM] 摄像头捕获器已释放
[2026-07-12 15:07:32] [CAM] 摄像头未检测到，等待重连...
[2026-07-12 15:07:33] [CAM] 摄像头捕获器已释放
[2026-07-12 15:07:33] [CAM] 摄像头未检测到，等待重连...
[2026-07-12 15:07:33] [CAM] 摄像头捕获器已释放
[2026-07-12 15:07:33] [CAM] 摄像头未检测到，等待重连...
[2026-07-12 15:07:34] [CAM] 摄像头捕获器已释放
[2026-07-12 15:07:34] [CAM] 摄像头未检测到，等待重连...
[2026-07-12 15:07:34] [CAM] 摄像头捕获器已释放
[2026-07-12 15:07:34] [CAM] 摄像头未检测到，等待重连...
[2026-07-12 15:07:35] [CAM] 摄像头捕获器已释放
[2026-07-12 15:07:35] [CAM] 摄像头未检测到，等待重连...
[2026-07-12 15:07:35] [CAM] 摄像头捕获器已释放
[2026-07-12 15:07:35] [CAM] 摄像头未检测到，等待重连...
[2026-07-12 15:07:36] [CAM] 摄像头捕获器已释放
[2026-07-12 15:07:36] [CAM] 摄像头未检测到，等待重连...
[2026-07-12 15:07:36] [CAM] 摄像头捕获器已释放
[2026-07-12 15:07:36] [CAM] 摄像头未检测到，等待重连...
[2026-07-12 15:07:37] [CAM] 摄像头捕获器已释放
[2026-07-12 15:07:37] [CAM] 摄像头未检测到，等待重连...
[2026-07-12 15:07:37] [CAM] 摄像头捕获器已释放
[2026-07-12 15:07:37] [CAM] 摄像头未检测到，等待重连...
[2026-07-12 15:07:38] [CAM] 摄像头捕获器已释放
[2026-07-12 15:07:38] [CAM] 摄像头未检测到，等待重连...
[2026-07-12 15:07:38] [CAM] 摄像头捕获器已释放
[2026-07-12 15:07:38] [CAM] 摄像头未检测到，等待重连...
[2026-07-12 15:07:39] [CAM] 摄像头捕获器已释放
[2026-07-12 15:07:39] [CAM] 摄像头未检测到，等待重连...
[2026-07-12 15:07:39] [CAM] 摄像头捕获器已释放
[2026-07-12 15:07:39] [CAM] 摄像头未检测到，等待重连...
[2026-07-12 15:07:40] [CAM] 摄像头捕获器已释放
[2026-07-12 15:07:40] [CAM] 摄像头未检测到，等待重连...
[2026-07-12 15:07:40] [CAM] 摄像头捕获器已释放
[2026-07-12 15:07:40] [CAM] 摄像头未检测到，等待重连...
[2026-07-12 15:07:41] [CAM] 摄像头捕获器已释放
[2026-07-12 15:07:41] [CAM] 摄像头未检测到，等待重连...
[2026-07-12 15:07:41] [CAM] 摄像头捕获器已释放
[2026-07-12 15:07:41] [CAM] 摄像头未检测到，等待重连...
[2026-07-12 15:07:42] [CAM] 摄像头捕获器已释放
[2026-07-12 15:07:42] [CAM] 摄像头未检测到，等待重连...
[2026-07-12 15:07:42] [CAM] 摄像头捕获器已释放
[2026-07-12 15:07:42] [CAM] 摄像头未检测到，等待重连...
[2026-07-12 15:07:43] [CAM] 摄像头捕获器已释放
[2026-07-12 15:07:43] [CAM] 摄像头未检测到，等待重连...
[2026-07-12 15:07:43] [CAM] 摄像头捕获器已释放
[2026-07-12 15:07:43] [CAM] 摄像头未检测到，等待重连...
[2026-07-12 15:07:44] [CAM] 摄像头捕获器已释放
[2026-07-12 15:07:44] [CAM] 摄像头未检测到，等待重连...
[2026-07-12 15:07:44] [CAM] 摄像头捕获器已释放
[2026-07-12 15:07:44] [CAM] 摄像头未检测到，等待重连...
[2026-07-12 15:07:45] [CAM] 摄像头捕获器已释放
[2026-07-12 15:07:45] [CAM] 摄像头未检测到，等待重连...
[2026-07-12 15:07:45] [INFO] 程序收到关闭信号，开始安全退出流程
[2026-07-12 15:07:45] [CAM] 摄像头捕获器已释放
[2026-07-12 15:07:45] [CAM] 摄像头未检测到，等待重连...
[2026-07-12 15:07:45] [SENSOR] RS485采集线程已停止
[2026-07-12 15:07:46] [CAM] 摄像头捕获器已释放
[2026-07-12 15:07:46] [INFO] 摄像头采集线程正常退出
[2026-07-12 15:07:46] [INFO] 程序正常退出
[2026-07-12 15:07:46] [INFO] 程序结束，退出码:0
[2026-07-12 15:08:17] [INFO] ========== 幼儿园AI安全卫士程序启动 ==========
[2026-07-12 15:08:17] [INFO] 主程序窗口初始化完成
[2026-07-12 15:08:17] [SENSOR] RS485传感器采集线程已启动，串口：/dev/ttyUSB0
[2026-07-12 15:08:17] [INFO] AI环境模拟线程启动
[2026-07-12 15:08:17] [INFO] 摄像头采集线程启动
[2026-07-12 15:08:17] [CAM] 摄像头未检测到，等待重连...
[2026-07-12 15:08:17] [SENSOR] 开机未检测到温湿度传感器，延时播报
[2026-07-12 15:08:19] [NET] 网络已恢复连通
[2026-07-12 15:08:19] [MIC] 开机未检测到USB麦克风，延时播报
[2026-07-12 15:08:20] [CAM] 摄像头捕获器已释放
[2026-07-12 15:08:20] [CAM] 摄像头未检测到，等待重连...
[2026-07-12 15:08:20] [CAM] 摄像头捕获器已释放
[2026-07-12 15:08:20] [CAM] 摄像头未检测到，等待重连...
[2026-07-12 15:08:21] [CAM] 摄像头捕获器已释放
[2026-07-12 15:08:21] [CAM] 摄像头未检测到，等待重连...
[2026-07-12 15:08:21] [CAM] 摄像头捕获器已释放
[2026-07-12 15:08:21] [CAM] 摄像头未检测到，等待重连...
[2026-07-12 15:08:22] [CAM] 摄像头捕获器已释放
[2026-07-12 15:08:22] [CAM] 摄像头未检测到，等待重连...
[2026-07-12 15:08:22] [CAM] 摄像头捕获器已释放
[2026-07-12 15:08:22] [CAM] 摄像头未检测到，等待重连...
[2026-07-12 15:08:23] [CAM] 摄像头捕获器已释放
[2026-07-12 15:08:23] [CAM] 摄像头未检测到，等待重连...
[2026-07-12 15:08:23] [CAM] 摄像头捕获器已释放
[2026-07-12 15:08:23] [CAM] 摄像头未检测到，等待重连...
[2026-07-12 15:08:24] [CAM] 摄像头捕获器已释放
[2026-07-12 15:08:24] [CAM] 摄像头未检测到，等待重连...
[2026-07-12 15:08:24] [CAM] 摄像头捕获器已释放
[2026-07-12 15:08:24] [CAM] 摄像头未检测到，等待重连...
[2026-07-12 15:08:25] [CAM] 摄像头捕获器已释放
[2026-07-12 15:08:25] [CAM] 摄像头未检测到，等待重连...
[2026-07-12 15:08:25] [CAM] 摄像头捕获器已释放
[2026-07-12 15:08:25] [CAM] 摄像头未检测到，等待重连...
[2026-07-12 15:08:26] [CAM] 摄像头捕获器已释放
[2026-07-12 15:08:26] [CAM] 摄像头未检测到，等待重连...
[2026-07-12 15:08:26] [CAM] 摄像头捕获器已释放
[2026-07-12 15:08:26] [CAM] 摄像头未检测到，等待重连...
[2026-07-12 15:08:27] [CAM] 摄像头捕获器已释放
[2026-07-12 15:08:27] [CAM] 摄像头未检测到，等待重连...
[2026-07-12 15:08:27] [CAM] 摄像头捕获器已释放
[2026-07-12 15:08:27] [CAM] 摄像头未检测到，等待重连...
[2026-07-12 15:08:28] [CAM] 摄像头捕获器已释放
[2026-07-12 15:08:28] [CAM] 摄像头未检测到，等待重连...
[2026-07-12 15:08:28] [CAM] 摄像头捕获器已释放
[2026-07-12 15:08:28] [CAM] 摄像头未检测到，等待重连...
[2026-07-12 15:08:29] [CAM] 摄像头捕获器已释放
[2026-07-12 15:08:29] [CAM] 摄像头未检测到，等待重连...
[2026-07-12 15:08:29] [CAM] 摄像头捕获器已释放
[2026-07-12 15:08:29] [CAM] 摄像头未检测到，等待重连...
[2026-07-12 15:08:30] [CAM] 摄像头捕获器已释放
[2026-07-12 15:08:30] [CAM] 摄像头未检测到，等待重连...
[2026-07-12 15:08:30] [CAM] 摄像头捕获器已释放
[2026-07-12 15:08:30] [CAM] 摄像头未检测到，等待重连...
[2026-07-12 15:08:31] [CAM] 摄像头捕获器已释放
[2026-07-12 15:08:31] [CAM] 摄像头未检测到，等待重连...
[2026-07-12 15:08:31] [CAM] 摄像头捕获器已释放
[2026-07-12 15:08:31] [CAM] 摄像头未检测到，等待重连...
[2026-07-12 15:08:32] [CAM] 摄像头捕获器已释放
[2026-07-12 15:08:32] [CAM] 摄像头未检测到，等待重连...
[2026-07-12 15:08:32] [CAM] 摄像头捕获器已释放
[2026-07-12 15:08:32] [CAM] 摄像头未检测到，等待重连...
[2026-07-12 15:08:33] [INFO] 程序收到关闭信号，开始安全退出流程
[2026-07-12 15:08:33] [CAM] 摄像头捕获器已释放
[2026-07-12 15:08:33] [CAM] 摄像头未检测到，等待重连...
[2026-07-12 15:08:33] [SENSOR] RS485采集线程已停止
[2026-07-12 15:08:33] [CAM] 摄像头捕获器已释放
[2026-07-12 15:08:33] [INFO] 摄像头采集线程正常退出
[2026-07-12 15:08:33] [INFO] 程序正常退出
[2026-07-12 15:08:33] [INFO] 程序结束，退出码:0
[2026-07-12 15:09:15] [INFO] ========== 幼儿园AI安全卫士程序启动 ==========
[2026-07-12 15:09:15] [INFO] 主程序窗口初始化完成
[2026-07-12 15:09:15] [SENSOR] RS485传感器采集线程已启动，串口：/dev/ttyUSB0
[2026-07-12 15:09:15] [INFO] AI环境模拟线程启动
[2026-07-12 15:09:15] [INFO] 摄像头采集线程启动
[2026-07-12 15:09:15] [CAM] 摄像头未检测到，等待重连...
[2026-07-12 15:09:15] [SENSOR] 开机未检测到温湿度传感器，延时播报
[2026-07-12 15:09:18] [NET] 网络已恢复连通
[2026-07-12 15:09:18] [MIC] 开机未检测到USB麦克风，延时播报
[2026-07-12 15:09:18] [CAM] 摄像头捕获器已释放
[2026-07-12 15:09:18] [CAM] 摄像头未检测到，等待重连...
[2026-07-12 15:09:18] [CAM] 摄像头捕获器已释放
[2026-07-12 15:09:18] [CAM] 摄像头未检测到，等待重连...
[2026-07-12 15:09:19] [CAM] 摄像头捕获器已释放
[2026-07-12 15:09:19] [CAM] 摄像头未检测到，等待重连...
[2026-07-12 15:09:19] [CAM] 摄像头捕获器已释放
[2026-07-12 15:09:19] [CAM] 摄像头未检测到，等待重连...
[2026-07-12 15:09:20] [CAM] 摄像头捕获器已释放
[2026-07-12 15:09:20] [CAM] 摄像头未检测到，等待重连...
[2026-07-12 15:09:20] [CAM] 摄像头捕获器已释放
[2026-07-12 15:09:20] [CAM] 摄像头未检测到，等待重连...
[2026-07-12 15:09:21] [CAM] 摄像头捕获器已释放
[2026-07-12 15:09:21] [CAM] 摄像头未检测到，等待重连...
[2026-07-12 15:09:21] [CAM] 摄像头捕获器已释放
[2026-07-12 15:09:21] [CAM] 摄像头未检测到，等待重连...
[2026-07-12 15:09:22] [CAM] 摄像头捕获器已释放
[2026-07-12 15:09:22] [CAM] 摄像头未检测到，等待重连...
[2026-07-12 15:09:22] [CAM] 摄像头捕获器已释放
[2026-07-12 15:09:22] [CAM] 摄像头未检测到，等待重连...
[2026-07-12 15:09:23] [CAM] 摄像头捕获器已释放
[2026-07-12 15:09:23] [CAM] 摄像头未检测到，等待重连...
[2026-07-12 15:09:23] [CAM] 摄像头捕获器已释放
[2026-07-12 15:09:23] [CAM] 摄像头未检测到，等待重连...
[2026-07-12 15:09:24] [CAM] 摄像头捕获器已释放
[2026-07-12 15:09:24] [CAM] 摄像头未检测到，等待重连...
[2026-07-12 15:09:24] [CAM] 摄像头捕获器已释放
[2026-07-12 15:09:24] [CAM] 摄像头未检测到，等待重连...
[2026-07-12 15:09:25] [CAM] 摄像头捕获器已释放
[2026-07-12 15:09:25] [CAM] 摄像头未检测到，等待重连...
[2026-07-12 15:09:25] [CAM] 摄像头捕获器已释放
[2026-07-12 15:09:25] [CAM] 摄像头未检测到，等待重连...
[2026-07-12 15:09:26] [CAM] 摄像头捕获器已释放
[2026-07-12 15:09:26] [CAM] 摄像头未检测到，等待重连...
[2026-07-12 15:09:26] [CAM] 摄像头捕获器已释放
[2026-07-12 15:09:26] [CAM] 摄像头未检测到，等待重连...
[2026-07-12 15:09:27] [CAM] 摄像头捕获器已释放
[2026-07-12 15:09:27] [CAM] 摄像头未检测到，等待重连...
[2026-07-12 15:09:27] [CAM] 摄像头捕获器已释放
[2026-07-12 15:09:27] [CAM] 摄像头未检测到，等待重连...
[2026-07-12 15:09:28] [CAM] 摄像头捕获器已释放
[2026-07-12 15:09:28] [CAM] 摄像头未检测到，等待重连...
[2026-07-12 15:09:28] [CAM] 摄像头捕获器已释放
[2026-07-12 15:09:28] [CAM] 摄像头未检测到，等待重连...
[2026-07-12 15:09:29] [CAM] 摄像头捕获器已释放
[2026-07-12 15:09:29] [CAM] 摄像头未检测到，等待重连...
[2026-07-12 15:09:29] [CAM] 摄像头捕获器已释放
[2026-07-12 15:09:29] [CAM] 摄像头未检测到，等待重连...
[2026-07-12 15:09:30] [CAM] 摄像头捕获器已释放
[2026-07-12 15:09:30] [CAM] 摄像头未检测到，等待重连...
[2026-07-12 15:09:30] [CAM] 摄像头捕获器已释放
[2026-07-12 15:09:30] [CAM] 摄像头未检测到，等待重连...
[2026-07-12 15:09:31] [CAM] 摄像头捕获器已释放
[2026-07-12 15:09:31] [CAM] 摄像头未检测到，等待重连...
[2026-07-12 15:09:31] [CAM] 摄像头捕获器已释放
[2026-07-12 15:09:31] [CAM] 摄像头未检测到，等待重连...
[2026-07-12 15:09:32] [CAM] 摄像头捕获器已释放
[2026-07-12 15:09:32] [CAM] 摄像头未检测到，等待重连...
[2026-07-12 15:09:32] [CAM] 摄像头捕获器已释放
[2026-07-12 15:09:32] [CAM] 摄像头未检测到，等待重连...
[2026-07-12 15:09:33] [CAM] 摄像头捕获器已释放
[2026-07-12 15:09:33] [CAM] 摄像头未检测到，等待重连...
[2026-07-12 15:09:33] [CAM] 摄像头捕获器已释放
[2026-07-12 15:09:33] [CAM] 摄像头未检测到，等待重连...
[2026-07-12 15:09:34] [CAM] 摄像头捕获器已释放
[2026-07-12 15:09:34] [CAM] 摄像头未检测到，等待重连...
[2026-07-12 15:09:34] [CAM] 摄像头捕获器已释放
[2026-07-12 15:09:34] [CAM] 摄像头未检测到，等待重连...
[2026-07-12 15:09:35] [CAM] 摄像头捕获器已释放
[2026-07-12 15:09:35] [CAM] 摄像头未检测到，等待重连...
[2026-07-12 15:09:35] [CAM] 摄像头捕获器已释放
[2026-07-12 15:09:35] [CAM] 摄像头未检测到，等待重连...
[2026-07-12 15:09:36] [CAM] 摄像头捕获器已释放
[2026-07-12 15:09:36] [CAM] 摄像头未检测到，等待重连...
[2026-07-12 15:09:36] [CAM] 摄像头捕获器已释放
[2026-07-12 15:09:36] [CAM] 摄像头未检测到，等待重连...
[2026-07-12 15:09:37] [CAM] 摄像头捕获器已释放
[2026-07-12 15:09:37] [CAM] 摄像头未检测到，等待重连...
[2026-07-12 15:09:37] [CAM] 摄像头捕获器已释放
[2026-07-12 15:09:37] [CAM] 摄像头未检测到，等待重连...
[2026-07-12 15:09:38] [CAM] 摄像头捕获器已释放
[2026-07-12 15:09:38] [CAM] 摄像头未检测到，等待重连...
[2026-07-12 15:09:38] [INFO] 程序收到关闭信号，开始安全退出流程
[2026-07-12 15:09:38] [SENSOR] RS485采集线程已停止
[2026-07-12 15:09:38] [CAM] 摄像头捕获器已释放
[2026-07-12 15:09:38] [INFO] 摄像头采集线程正常退出
[2026-07-12 15:09:38] [INFO] 程序正常退出
[2026-07-12 15:09:38] [INFO] 程序结束，退出码:0
[2026-07-12 15:10:12] [INFO] ========== 幼儿园AI安全卫士程序启动 ==========
[2026-07-12 15:10:13] [INFO] 主程序窗口初始化完成
[2026-07-12 15:10:13] [SENSOR] RS485传感器采集线程已启动，串口：/dev/ttyUSB0
[2026-07-12 15:10:13] [INFO] AI环境模拟线程启动
[2026-07-12 15:10:13] [INFO] 摄像头采集线程启动
[2026-07-12 15:10:13] [CAM] 摄像头未检测到，等待重连...
[2026-07-12 15:10:13] [SENSOR] 开机未检测到温湿度传感器，延时播报
[2026-07-12 15:10:15] [NET] 网络已恢复连通
[2026-07-12 15:10:15] [MIC] 开机未检测到USB麦克风，延时播报
[2026-07-12 15:10:15] [CAM] 摄像头捕获器已释放
[2026-07-12 15:10:15] [CAM] 摄像头未检测到，等待重连...
[2026-07-12 15:10:16] [CAM] 摄像头捕获器已释放
[2026-07-12 15:10:16] [CAM] 摄像头未检测到，等待重连...
[2026-07-12 15:10:16] [CAM] 摄像头捕获器已释放
[2026-07-12 15:10:16] [CAM] 摄像头未检测到，等待重连...
[2026-07-12 15:10:17] [CAM] 摄像头捕获器已释放
[2026-07-12 15:10:17] [CAM] 摄像头未检测到，等待重连...
[2026-07-12 15:10:17] [CAM] 摄像头捕获器已释放
[2026-07-12 15:10:17] [CAM] 摄像头未检测到，等待重连...
[2026-07-12 15:10:18] [CAM] 摄像头捕获器已释放
[2026-07-12 15:10:18] [CAM] 摄像头未检测到，等待重连...
[2026-07-12 15:10:18] [CAM] 摄像头捕获器已释放
[2026-07-12 15:10:18] [CAM] 摄像头未检测到，等待重连...
[2026-07-12 15:10:19] [CAM] 摄像头捕获器已释放
[2026-07-12 15:10:19] [CAM] 摄像头未检测到，等待重连...
[2026-07-12 15:10:19] [CAM] 摄像头捕获器已释放
[2026-07-12 15:10:19] [CAM] 摄像头未检测到，等待重连...
[2026-07-12 15:10:20] [CAM] 摄像头捕获器已释放
[2026-07-12 15:10:20] [CAM] 摄像头未检测到，等待重连...
[2026-07-12 15:10:20] [CAM] 摄像头捕获器已释放
[2026-07-12 15:10:20] [CAM] 摄像头未检测到，等待重连...
[2026-07-12 15:10:21] [CAM] 摄像头捕获器已释放
[2026-07-12 15:10:21] [CAM] 摄像头未检测到，等待重连...
[2026-07-12 15:10:21] [CAM] 摄像头捕获器已释放
[2026-07-12 15:10:21] [CAM] 摄像头未检测到，等待重连...
[2026-07-12 15:10:22] [CAM] 摄像头捕获器已释放
[2026-07-12 15:10:22] [CAM] 摄像头未检测到，等待重连...
[2026-07-12 15:10:22] [INFO] 切换运行模式: 课堂模式 场景:中四班
[2026-07-12 15:10:22] [CAM] 摄像头捕获器已释放
[2026-07-12 15:10:22] [CAM] 摄像头未检测到，等待重连...
[2026-07-12 15:10:23] [CAM] 摄像头捕获器已释放
[2026-07-12 15:10:23] [CAM] 摄像头未检测到，等待重连...
[2026-07-12 15:10:23] [INFO] 切换运行模式: 午睡模式 场景:一楼左侧睡眠室
[2026-07-12 15:10:23] [INFO] 切换运行模式: 公共巡查模式 场景:公共过道
[2026-07-12 15:10:23] [CAM] 摄像头捕获器已释放
[2026-07-12 15:10:23] [CAM] 摄像头未检测到，等待重连...
[2026-07-12 15:10:24] [CAM] 摄像头捕获器已释放
[2026-07-12 15:10:24] [CAM] 摄像头未检测到，等待重连...
[2026-07-12 15:10:24] [CAM] 摄像头捕获器已释放
[2026-07-12 15:10:24] [CAM] 摄像头未检测到，等待重连...
[2026-07-12 15:10:25] [CAM] 摄像头捕获器已释放
[2026-07-12 15:10:25] [CAM] 摄像头未检测到，等待重连...
[2026-07-12 15:10:25] [CAM] 摄像头捕获器已释放
[2026-07-12 15:10:25] [CAM] 摄像头未检测到，等待重连...
[2026-07-12 15:10:26] [CAM] 摄像头捕获器已释放
[2026-07-12 15:10:26] [CAM] 摄像头未检测到，等待重连...
[2026-07-12 15:10:26] [CAM] 摄像头捕获器已释放
[2026-07-12 15:10:26] [CAM] 摄像头未检测到，等待重连...
[2026-07-12 15:10:27] [CAM] 摄像头捕获器已释放
[2026-07-12 15:10:27] [CAM] 摄像头未检测到，等待重连...
[2026-07-12 15:10:27] [CAM] 摄像头捕获器已释放
[2026-07-12 15:10:27] [CAM] 摄像头未检测到，等待重连...
[2026-07-12 15:10:28] [CAM] 摄像头捕获器已释放
[2026-07-12 15:10:28] [CAM] 摄像头未检测到，等待重连...
[2026-07-12 15:10:28] [CAM] 摄像头捕获器已释放
[2026-07-12 15:10:28] [CAM] 摄像头未检测到，等待重连...
[2026-07-12 15:10:29] [CAM] 摄像头捕获器已释放
[2026-07-12 15:10:29] [CAM] 摄像头未检测到，等待重连...
[2026-07-12 15:10:29] [CAM] 摄像头捕获器已释放
[2026-07-12 15:10:29] [CAM] 摄像头未检测到，等待重连...
[2026-07-12 15:10:30] [CAM] 摄像头捕获器已释放
[2026-07-12 15:10:30] [CAM] 摄像头未检测到，等待重连...
[2026-07-12 15:10:30] [CAM] 摄像头捕获器已释放
[2026-07-12 15:10:30] [CAM] 摄像头未检测到，等待重连...
[2026-07-12 15:10:31] [CAM] 摄像头捕获器已释放
[2026-07-12 15:10:31] [CAM] 摄像头未检测到，等待重连...
[2026-07-12 15:10:31] [CAM] 摄像头捕获器已释放
[2026-07-12 15:10:31] [CAM] 摄像头未检测到，等待重连...
[2026-07-12 15:10:32] [CAM] 摄像头捕获器已释放
[2026-07-12 15:10:32] [CAM] 摄像头未检测到，等待重连...
[2026-07-12 15:10:32] [CAM] 摄像头捕获器已释放
[2026-07-12 15:10:32] [CAM] 摄像头未检测到，等待重连...
[2026-07-12 15:10:33] [CAM] 摄像头捕获器已释放
[2026-07-12 15:10:33] [CAM] 摄像头未检测到，等待重连...
[2026-07-12 15:10:33] [CAM] 摄像头捕获器已释放
[2026-07-12 15:10:33] [CAM] 摄像头未检测到，等待重连...
[2026-07-12 15:10:34] [CAM] 摄像头捕获器已释放
[2026-07-12 15:10:34] [CAM] 摄像头未检测到，等待重连...
[2026-07-12 15:10:34] [CAM] 摄像头捕获器已释放
[2026-07-12 15:10:34] [CAM] 摄像头未检测到，等待重连...
[2026-07-12 15:10:35] [CAM] 摄像头捕获器已释放
[2026-07-12 15:10:35] [CAM] 摄像头未检测到，等待重连...
[2026-07-12 15:10:35] [CAM] 摄像头捕获器已释放
[2026-07-12 15:10:35] [CAM] 摄像头未检测到，等待重连...
[2026-07-12 15:10:36] [CAM] 摄像头捕获器已释放
[2026-07-12 15:10:36] [CAM] 摄像头未检测到，等待重连...
[2026-07-12 15:10:36] [CAM] 摄像头捕获器已释放
[2026-07-12 15:10:36] [CAM] 摄像头未检测到，等待重连...
[2026-07-12 15:10:37] [CAM] 摄像头捕获器已释放
[2026-07-12 15:10:37] [CAM] 摄像头未检测到，等待重连...
[2026-07-12 15:10:37] [CAM] 摄像头捕获器已释放
[2026-07-12 15:10:37] [CAM] 摄像头未检测到，等待重连...
[2026-07-12 15:10:38] [CAM] 摄像头捕获器已释放
[2026-07-12 15:10:38] [CAM] 摄像头未检测到，等待重连...
[2026-07-12 15:10:38] [CAM] 摄像头捕获器已释放
[2026-07-12 15:10:38] [CAM] 摄像头未检测到，等待重连...
[2026-07-12 15:10:39] [CAM] 摄像头捕获器已释放
[2026-07-12 15:10:39] [CAM] 摄像头未检测到，等待重连...
[2026-07-12 15:10:39] [CAM] 摄像头捕获器已释放
[2026-07-12 15:10:39] [CAM] 摄像头未检测到，等待重连...
[2026-07-12 15:10:40] [CAM] 摄像头捕获器已释放
[2026-07-12 15:10:40] [CAM] 摄像头未检测到，等待重连...
[2026-07-12 15:10:40] [CAM] 摄像头捕获器已释放
[2026-07-12 15:10:40] [CAM] 摄像头未检测到，等待重连...
[2026-07-12 15:10:41] [CAM] 摄像头捕获器已释放
[2026-07-12 15:10:41] [CAM] 摄像头未检测到，等待重连...
[2026-07-12 15:10:41] [CAM] 摄像头捕获器已释放
[2026-07-12 15:10:41] [CAM] 摄像头未检测到，等待重连...
[2026-07-12 15:10:42] [CAM] 摄像头捕获器已释放
[2026-07-12 15:10:42] [CAM] 摄像头未检测到，等待重连...
[2026-07-12 15:10:42] [CAM] 摄像头捕获器已释放
[2026-07-12 15:10:42] [CAM] 摄像头未检测到，等待重连...
[2026-07-12 15:10:43] [INFO] 程序收到关闭信号，开始安全退出流程
[2026-07-12 15:10:43] [CAM] 摄像头捕获器已释放
[2026-07-12 15:10:43] [CAM] 摄像头未检测到，等待重连...
[2026-07-12 15:10:43] [SENSOR] RS485采集线程已停止
[2026-07-12 15:10:43] [CAM] 摄像头捕获器已释放
[2026-07-12 15:10:43] [INFO] 摄像头采集线程正常退出
[2026-07-12 15:10:43] [INFO] 程序正常退出
[2026-07-12 15:10:43] [INFO] 程序结束，退出码:0
[2026-07-12 15:11:17] [INFO] ========== 幼儿园AI安全卫士程序启动 ==========
[2026-07-12 15:11:17] [INFO] 主程序窗口初始化完成
[2026-07-12 15:11:18] [SENSOR] RS485传感器采集线程已启动，串口：/dev/ttyUSB0
[2026-07-12 15:11:18] [INFO] AI环境模拟线程启动
[2026-07-12 15:11:18] [INFO] 摄像头采集线程启动
[2026-07-12 15:11:18] [CAM] 摄像头未检测到，等待重连...
[2026-07-12 15:11:18] [SENSOR] 开机未检测到温湿度传感器，延时播报
[2026-07-12 15:11:20] [NET] 网络已恢复连通
[2026-07-12 15:11:20] [MIC] 开机未检测到USB麦克风，延时播报
[2026-07-12 15:11:20] [CAM] 摄像头捕获器已释放
[2026-07-12 15:11:20] [CAM] 摄像头未检测到，等待重连...
[2026-07-12 15:11:21] [CAM] 摄像头捕获器已释放
[2026-07-12 15:11:21] [CAM] 摄像头未检测到，等待重连...
[2026-07-12 15:11:21] [CAM] 摄像头捕获器已释放
[2026-07-12 15:11:21] [CAM] 摄像头未检测到，等待重连...
[2026-07-12 15:11:22] [CAM] 摄像头捕获器已释放
[2026-07-12 15:11:22] [CAM] 摄像头未检测到，等待重连...
[2026-07-12 15:11:22] [CAM] 摄像头捕获器已释放
[2026-07-12 15:11:22] [CAM] 摄像头未检测到，等待重连...
[2026-07-12 15:11:23] [CAM] 摄像头捕获器已释放
[2026-07-12 15:11:23] [CAM] 摄像头未检测到，等待重连...
[2026-07-12 15:11:23] [CAM] 摄像头捕获器已释放
[2026-07-12 15:11:23] [CAM] 摄像头未检测到，等待重连...
[2026-07-12 15:11:24] [CAM] 摄像头捕获器已释放
[2026-07-12 15:11:24] [CAM] 摄像头未检测到，等待重连...
[2026-07-12 15:11:24] [INFO] 程序收到关闭信号，开始安全退出流程
[2026-07-12 15:11:24] [CAM] 摄像头捕获器已释放
[2026-07-12 15:11:24] [CAM] 摄像头未检测到，等待重连...
[2026-07-12 15:11:25] [SENSOR] RS485采集线程已停止
[2026-07-12 15:11:25] [CAM] 摄像头捕获器已释放
[2026-07-12 15:11:25] [INFO] 摄像头采集线程正常退出
[2026-07-12 15:11:25] [INFO] 程序正常退出
[2026-07-12 15:11:25] [INFO] 程序结束，退出码:0
[2026-07-12 15:12:34] [INFO] ========== 幼儿园AI安全卫士程序启动 ==========
[2026-07-12 15:12:34] [INFO] 主程序窗口初始化完成
[2026-07-12 15:12:34] [SENSOR] RS485传感器采集线程已启动，串口：/dev/ttyUSB0
[2026-07-12 15:12:34] [INFO] AI环境模拟线程启动
[2026-07-12 15:12:34] [INFO] 摄像头采集线程启动
[2026-07-12 15:12:34] [CAM] 摄像头未检测到，等待重连...
[2026-07-12 15:12:35] [SENSOR] 开机未检测到温湿度传感器，延时播报
[2026-07-12 15:12:37] [NET] 网络已恢复连通
[2026-07-12 15:12:37] [MIC] 开机未检测到USB麦克风，延时播报
[2026-07-12 15:12:37] [CAM] 摄像头捕获器已释放
[2026-07-12 15:12:37] [CAM] 摄像头未检测到，等待重连...
[2026-07-12 15:12:37] [CAM] 摄像头捕获器已释放
[2026-07-12 15:12:37] [CAM] 摄像头未检测到，等待重连...
[2026-07-12 15:12:38] [CAM] 摄像头捕获器已释放
[2026-07-12 15:12:38] [CAM] 摄像头未检测到，等待重连...
[2026-07-12 15:12:38] [CAM] 摄像头捕获器已释放
[2026-07-12 15:12:38] [CAM] 摄像头未检测到，等待重连...
[2026-07-12 15:12:39] [CAM] 摄像头捕获器已释放
[2026-07-12 15:12:39] [CAM] 摄像头未检测到，等待重连...
[2026-07-12 15:12:39] [CAM] 摄像头捕获器已释放
[2026-07-12 15:12:39] [CAM] 摄像头未检测到，等待重连...
[2026-07-12 15:12:40] [CAM] 摄像头捕获器已释放
[2026-07-12 15:12:40] [CAM] 摄像头未检测到，等待重连...
[2026-07-12 15:12:41] [CAM] 摄像头捕获器已释放
[2026-07-12 15:12:41] [CAM] 摄像头未检测到，等待重连...
[2026-07-12 15:12:41] [CAM] 摄像头捕获器已释放
[2026-07-12 15:12:41] [CAM] 摄像头未检测到，等待重连...
[2026-07-12 15:12:42] [CAM] 摄像头捕获器已释放
[2026-07-12 15:12:42] [CAM] 摄像头未检测到，等待重连...
[2026-07-12 15:12:42] [CAM] 摄像头捕获器已释放
[2026-07-12 15:12:42] [CAM] 摄像头未检测到，等待重连...
[2026-07-12 15:12:43] [CAM] 摄像头捕获器已释放
[2026-07-12 15:12:43] [CAM] 摄像头未检测到，等待重连...
[2026-07-12 15:12:43] [INFO] 程序收到关闭信号，开始安全退出流程
[2026-07-12 15:12:43] [CAM] 摄像头捕获器已释放
[2026-07-12 15:12:43] [CAM] 摄像头未检测到，等待重连...
[2026-07-12 15:12:43] [SENSOR] RS485采集线程已停止
[2026-07-12 15:12:44] [CAM] 摄像头捕获器已释放
[2026-07-12 15:12:44] [INFO] 摄像头采集线程正常退出
[2026-07-12 15:12:44] [INFO] 程序正常退出
[2026-07-12 15:12:44] [INFO] 程序结束，退出码:0
[2026-07-12 15:16:38] [INFO] ========== 幼儿园AI安全卫士程序启动 ==========
[2026-07-12 15:16:39] [INFO] 主程序窗口初始化完成
[2026-07-12 15:16:39] [SENSOR] RS485传感器采集线程已启动，串口：/dev/ttyUSB0
[2026-07-12 15:16:39] [INFO] AI环境模拟线程启动
[2026-07-12 15:16:39] [INFO] 摄像头采集线程启动
[2026-07-12 15:16:39] [CAM] 摄像头未检测到，等待重连...
[2026-07-12 15:16:39] [SENSOR] 开机未检测到温湿度传感器，延时播报
[2026-07-12 15:17:26] [INFO] ========== 幼儿园AI安全卫士程序启动 ==========
[2026-07-12 15:17:26] [INFO] 主程序窗口初始化完成
[2026-07-12 15:17:26] [SENSOR] RS485传感器采集线程已启动，串口：/dev/ttyUSB0
[2026-07-12 15:17:26] [INFO] AI环境模拟线程启动
[2026-07-12 15:17:26] [INFO] 摄像头采集线程启动
[2026-07-12 15:17:26] [CAM] 摄像头未检测到，等待重连...
[2026-07-12 15:17:26] [SENSOR] 开机未检测到温湿度传感器，延时播报
[2026-07-12 15:17:28] [NET] 网络已恢复连通
[2026-07-12 15:17:28] [MIC] 开机未检测到USB麦克风，延时播报
[2026-07-12 15:17:29] [CAM] 摄像头捕获器已释放
[2026-07-12 15:17:29] [CAM] 摄像头未检测到，等待重连...
[2026-07-12 15:17:29] [CAM] 摄像头捕获器已释放
[2026-07-12 15:17:29] [CAM] 摄像头未检测到，等待重连...
[2026-07-12 15:17:30] [CAM] 摄像头捕获器已释放
[2026-07-12 15:17:30] [CAM] 摄像头未检测到，等待重连...
[2026-07-12 15:17:30] [CAM] 摄像头捕获器已释放
[2026-07-12 15:17:30] [CAM] 摄像头未检测到，等待重连...
[2026-07-12 15:17:31] [CAM] 摄像头捕获器已释放
[2026-07-12 15:17:31] [CAM] 摄像头未检测到，等待重连...
[2026-07-12 15:17:31] [CAM] 摄像头捕获器已释放
[2026-07-12 15:17:31] [CAM] 摄像头未检测到，等待重连...
[2026-07-12 15:17:32] [CAM] 摄像头捕获器已释放
[2026-07-12 15:17:32] [CAM] 摄像头未检测到，等待重连...
[2026-07-12 15:17:32] [CAM] 摄像头捕获器已释放
[2026-07-12 15:17:32] [CAM] 摄像头未检测到，等待重连...
[2026-07-12 15:17:33] [CAM] 摄像头捕获器已释放
[2026-07-12 15:17:33] [CAM] 摄像头未检测到，等待重连...
[2026-07-12 15:17:33] [CAM] 摄像头捕获器已释放
[2026-07-12 15:17:33] [CAM] 摄像头未检测到，等待重连...
[2026-07-12 15:17:34] [CAM] 摄像头捕获器已释放
[2026-07-12 15:17:34] [CAM] 摄像头未检测到，等待重连...
[2026-07-12 15:17:34] [CAM] 摄像头捕获器已释放
[2026-07-12 15:17:34] [CAM] 摄像头未检测到，等待重连...
[2026-07-12 15:17:35] [CAM] 摄像头捕获器已释放
[2026-07-12 15:17:35] [CAM] 摄像头未检测到，等待重连...
[2026-07-12 15:17:35] [CAM] 摄像头捕获器已释放
[2026-07-12 15:17:35] [CAM] 摄像头未检测到，等待重连...
[2026-07-12 15:17:36] [CAM] 摄像头捕获器已释放
[2026-07-12 15:17:36] [CAM] 摄像头未检测到，等待重连...
[2026-07-12 15:17:36] [CAM] 摄像头捕获器已释放
[2026-07-12 15:17:36] [CAM] 摄像头未检测到，等待重连...
[2026-07-12 15:17:37] [CAM] 摄像头捕获器已释放
[2026-07-12 15:17:37] [CAM] 摄像头未检测到，等待重连...
[2026-07-12 15:17:37] [CAM] 摄像头捕获器已释放
[2026-07-12 15:17:37] [CAM] 摄像头未检测到，等待重连...
[2026-07-12 15:17:38] [CAM] 摄像头捕获器已释放
[2026-07-12 15:17:38] [CAM] 摄像头未检测到，等待重连...
[2026-07-12 15:17:38] [CAM] 摄像头捕获器已释放
[2026-07-12 15:17:38] [CAM] 摄像头未检测到，等待重连...
[2026-07-12 15:17:39] [CAM] 摄像头捕获器已释放
[2026-07-12 15:17:39] [CAM] 摄像头未检测到，等待重连...
[2026-07-12 15:17:39] [CAM] 摄像头捕获器已释放
[2026-07-12 15:17:39] [CAM] 摄像头未检测到，等待重连...
[2026-07-12 15:17:40] [CAM] 摄像头捕获器已释放
[2026-07-12 15:17:40] [CAM] 摄像头未检测到，等待重连...
[2026-07-12 15:17:40] [CAM] 摄像头捕获器已释放
[2026-07-12 15:17:40] [CAM] 摄像头未检测到，等待重连...
[2026-07-12 15:17:41] [CAM] 摄像头捕获器已释放
[2026-07-12 15:17:41] [CAM] 摄像头未检测到，等待重连...
[2026-07-12 15:17:41] [CAM] 摄像头捕获器已释放
[2026-07-12 15:17:41] [CAM] 摄像头未检测到，等待重连...
[2026-07-12 15:17:42] [CAM] 摄像头捕获器已释放
[2026-07-12 15:17:42] [CAM] 摄像头未检测到，等待重连...
[2026-07-12 15:17:42] [CAM] 摄像头捕获器已释放
[2026-07-12 15:17:42] [CAM] 摄像头未检测到，等待重连...
[2026-07-12 15:17:43] [CAM] 摄像头捕获器已释放
[2026-07-12 15:17:43] [CAM] 摄像头未检测到，等待重连...
[2026-07-12 15:17:43] [CAM] 摄像头捕获器已释放
[2026-07-12 15:17:43] [CAM] 摄像头未检测到，等待重连...
[2026-07-12 15:17:44] [CAM] 摄像头捕获器已释放
[2026-07-12 15:17:44] [CAM] 摄像头未检测到，等待重连...
[2026-07-12 15:17:44] [CAM] 摄像头捕获器已释放
[2026-07-12 15:17:44] [CAM] 摄像头未检测到，等待重连...
[2026-07-12 15:17:45] [CAM] 摄像头捕获器已释放
[2026-07-12 15:17:45] [CAM] 摄像头未检测到，等待重连...
[2026-07-12 15:17:45] [CAM] 摄像头捕获器已释放
[2026-07-12 15:17:45] [CAM] 摄像头未检测到，等待重连...
[2026-07-12 15:17:46] [CAM] 摄像头捕获器已释放
[2026-07-12 15:17:46] [CAM] 摄像头未检测到，等待重连...
[2026-07-12 15:17:46] [CAM] 摄像头捕获器已释放
[2026-07-12 15:17:46] [CAM] 摄像头未检测到，等待重连...
[2026-07-12 15:17:47] [INFO] 程序收到关闭信号，开始安全退出流程
[2026-07-12 15:17:47] [CAM] 摄像头捕获器已释放
[2026-07-12 15:17:47] [CAM] 摄像头未检测到，等待重连...
[2026-07-12 15:17:47] [SENSOR] RS485采集线程已停止
[2026-07-12 15:17:47] [CAM] 摄像头捕获器已释放
[2026-07-12 15:17:47] [INFO] 摄像头采集线程正常退出
[2026-07-12 15:17:47] [INFO] 程序正常退出
[2026-07-12 15:17:47] [INFO] 程序结束，退出码:0
[2026-07-12 15:18:28] [INFO] ========== 幼儿园AI安全卫士程序启动 ==========
[2026-07-12 15:18:28] [INFO] 主程序窗口初始化完成
[2026-07-12 15:18:28] [SENSOR] RS485传感器采集线程已启动，串口：/dev/ttyUSB0
[2026-07-12 15:18:28] [INFO] AI环境模拟线程启动
[2026-07-12 15:18:28] [INFO] 摄像头采集线程启动
[2026-07-12 15:18:28] [CAM] 摄像头未检测到，等待重连...
[2026-07-12 15:18:28] [SENSOR] 开机未检测到温湿度传感器，延时播报
[2026-07-12 15:18:30] [NET] 网络已恢复连通
[2026-07-12 15:18:30] [MIC] 开机未检测到USB麦克风，延时播报
[2026-07-12 15:18:31] [CAM] 摄像头捕获器已释放
[2026-07-12 15:18:31] [CAM] 摄像头未检测到，等待重连...
[2026-07-12 15:18:31] [CAM] 摄像头捕获器已释放
[2026-07-12 15:18:31] [CAM] 摄像头未检测到，等待重连...
[2026-07-12 15:19:24] [INFO] ========== 幼儿园AI安全卫士程序启动 ==========
[2026-07-12 15:19:24] [INFO] 主程序窗口初始化完成
[2026-07-12 15:19:24] [SENSOR] RS485传感器采集线程已启动，串口：/dev/ttyUSB0
[2026-07-12 15:19:24] [INFO] AI环境模拟线程启动
[2026-07-12 15:19:24] [INFO] 摄像头采集线程启动
[2026-07-12 15:19:24] [CAM] 摄像头未检测到，等待重连...
[2026-07-12 15:19:24] [SENSOR] 开机未检测到温湿度传感器，延时播报
[2026-07-12 15:20:50] [INFO] ========== 幼儿园AI安全卫士程序启动 ==========
[2026-07-12 15:20:50] [INFO] 主程序窗口初始化完成
[2026-07-12 15:20:51] [SENSOR] RS485传感器采集线程已启动，串口：/dev/ttyUSB0
[2026-07-12 15:20:51] [INFO] AI环境模拟线程启动
[2026-07-12 15:20:51] [INFO] 摄像头采集线程启动
[2026-07-12 15:20:51] [CAM] 摄像头未检测到，等待重连...
[2026-07-12 15:20:51] [SENSOR] 开机未检测到温湿度传感器，延时播报
[2026-07-12 15:21:29] [INFO] ========== 幼儿园AI安全卫士程序启动 ==========
[2026-07-12 15:21:29] [INFO] 主程序窗口初始化完成
[2026-07-12 15:21:29] [SENSOR] RS485传感器采集线程已启动，串口：/dev/ttyUSB0
[2026-07-12 15:21:29] [INFO] AI环境模拟线程启动
[2026-07-12 15:21:29] [INFO] 摄像头采集线程启动
[2026-07-12 15:21:29] [CAM] 摄像头未检测到，等待重连...
[2026-07-12 15:21:29] [SENSOR] 开机未检测到温湿度传感器，延时播报
[2026-07-12 15:21:31] [NET] 网络已恢复连通
[2026-07-12 15:21:31] [MIC] 开机未检测到USB麦克风，延时播报
[2026-07-12 15:21:32] [CAM] 摄像头捕获器已释放
[2026-07-12 15:21:32] [CAM] 摄像头未检测到，等待重连...
[2026-07-12 15:21:32] [CAM] 摄像头捕获器已释放
[2026-07-12 15:21:32] [CAM] 摄像头未检测到，等待重连...
[2026-07-12 15:21:33] [CAM] 摄像头捕获器已释放
[2026-07-12 15:21:33] [CAM] 摄像头未检测到，等待重连...
[2026-07-12 15:21:33] [CAM] 摄像头捕获器已释放
[2026-07-12 15:21:33] [CAM] 摄像头未检测到，等待重连...
[2026-07-12 15:21:34] [CAM] 摄像头捕获器已释放
[2026-07-12 15:21:34] [CAM] 摄像头未检测到，等待重连...
[2026-07-12 15:21:34] [CAM] 摄像头捕获器已释放
[2026-07-12 15:21:34] [CAM] 摄像头未检测到，等待重连...
[2026-07-12 15:21:35] [CAM] 摄像头捕获器已释放
[2026-07-12 15:21:35] [CAM] 摄像头未检测到，等待重连...
[2026-07-12 15:21:35] [CAM] 摄像头捕获器已释放
[2026-07-12 15:21:35] [CAM] 摄像头未检测到，等待重连...
[2026-07-12 15:21:36] [CAM] 摄像头捕获器已释放
[2026-07-12 15:21:36] [CAM] 摄像头未检测到，等待重连...
[2026-07-12 15:21:36] [CAM] 摄像头捕获器已释放
[2026-07-12 15:21:36] [CAM] 摄像头未检测到，等待重连...
[2026-07-12 15:21:37] [CAM] 摄像头捕获器已释放
[2026-07-12 15:21:37] [CAM] 摄像头未检测到，等待重连...
[2026-07-12 15:21:37] [CAM] 摄像头捕获器已释放
[2026-07-12 15:21:37] [CAM] 摄像头未检测到，等待重连...
[2026-07-12 15:21:38] [CAM] 摄像头捕获器已释放
[2026-07-12 15:21:38] [CAM] 摄像头未检测到，等待重连...
[2026-07-12 15:21:38] [CAM] 摄像头捕获器已释放
[2026-07-12 15:21:38] [CAM] 摄像头未检测到，等待重连...
[2026-07-12 15:21:39] [CAM] 摄像头捕获器已释放
[2026-07-12 15:21:39] [CAM] 摄像头未检测到，等待重连...
[2026-07-12 15:21:39] [CAM] 摄像头捕获器已释放
[2026-07-12 15:21:39] [CAM] 摄像头未检测到，等待重连...
[2026-07-12 15:21:40] [CAM] 摄像头捕获器已释放
[2026-07-12 15:21:40] [CAM] 摄像头未检测到，等待重连...
[2026-07-12 15:21:40] [CAM] 摄像头捕获器已释放
[2026-07-12 15:21:40] [CAM] 摄像头未检测到，等待重连...
[2026-07-12 15:21:41] [CAM] 摄像头捕获器已释放
[2026-07-12 15:21:41] [CAM] 摄像头未检测到，等待重连...
[2026-07-12 15:21:41] [CAM] 摄像头捕获器已释放
[2026-07-12 15:21:41] [CAM] 摄像头未检测到，等待重连...
[2026-07-12 15:21:42] [CAM] 摄像头捕获器已释放
[2026-07-12 15:21:42] [CAM] 摄像头未检测到，等待重连...
[2026-07-12 15:21:42] [CAM] 摄像头捕获器已释放
[2026-07-12 15:21:42] [CAM] 摄像头未检测到，等待重连...
[2026-07-12 15:21:43] [CAM] 摄像头捕获器已释放
[2026-07-12 15:21:43] [CAM] 摄像头未检测到，等待重连...
[2026-07-12 15:21:43] [CAM] 摄像头捕获器已释放
[2026-07-12 15:21:43] [CAM] 摄像头未检测到，等待重连...
[2026-07-12 15:21:44] [CAM] 摄像头捕获器已释放
[2026-07-12 15:21:44] [CAM] 摄像头未检测到，等待重连...
[2026-07-12 15:21:44] [INFO] 程序收到关闭信号，开始安全退出流程
[2026-07-12 15:21:44] [SENSOR] RS485采集线程已停止
[2026-07-12 15:21:44] [CAM] 摄像头捕获器已释放
[2026-07-12 15:21:44] [INFO] 摄像头采集线程正常退出
[2026-07-12 15:21:44] [INFO] 程序正常退出
[2026-07-12 15:21:44] [INFO] 程序结束，退出码:0
[2026-07-12 15:22:00] [INFO] ========== 幼儿园AI安全卫士程序启动 ==========
[2026-07-12 15:22:00] [INFO] 主程序窗口初始化完成
[2026-07-12 15:22:00] [SENSOR] RS485传感器采集线程已启动，串口：/dev/ttyUSB0
[2026-07-12 15:22:00] [INFO] AI环境模拟线程启动
[2026-07-12 15:22:00] [INFO] 摄像头采集线程启动
[2026-07-12 15:22:00] [CAM] 摄像头未检测到，等待重连...
[2026-07-12 15:22:00] [SENSOR] 开机未检测到温湿度传感器，延时播报
[2026-07-12 15:22:02] [NET] 网络已恢复连通
[2026-07-12 15:22:02] [MIC] 开机未检测到USB麦克风，延时播报
[2026-07-12 15:22:03] [CAM] 摄像头捕获器已释放
[2026-07-12 15:22:03] [CAM] 摄像头未检测到，等待重连...
[2026-07-12 15:22:03] [CAM] 摄像头捕获器已释放
[2026-07-12 15:22:03] [CAM] 摄像头未检测到，等待重连...
[2026-07-12 15:22:04] [CAM] 摄像头捕获器已释放
[2026-07-12 15:22:04] [CAM] 摄像头未检测到，等待重连...
[2026-07-12 15:22:04] [CAM] 摄像头捕获器已释放
[2026-07-12 15:22:04] [CAM] 摄像头未检测到，等待重连...
[2026-07-12 15:22:05] [CAM] 摄像头捕获器已释放
[2026-07-12 15:22:05] [CAM] 摄像头未检测到，等待重连...
[2026-07-12 15:22:05] [CAM] 摄像头捕获器已释放
[2026-07-12 15:22:05] [CAM] 摄像头未检测到，等待重连...
[2026-07-12 15:22:06] [CAM] 摄像头捕获器已释放
[2026-07-12 15:22:06] [CAM] 摄像头未检测到，等待重连...
[2026-07-12 15:22:06] [CAM] 摄像头捕获器已释放
[2026-07-12 15:22:06] [CAM] 摄像头未检测到，等待重连...
[2026-07-12 15:22:07] [CAM] 摄像头捕获器已释放
[2026-07-12 15:22:07] [CAM] 摄像头未检测到，等待重连...
[2026-07-12 15:22:07] [CAM] 摄像头捕获器已释放
[2026-07-12 15:22:07] [CAM] 摄像头未检测到，等待重连...
[2026-07-12 15:22:08] [CAM] 摄像头捕获器已释放
[2026-07-12 15:22:08] [CAM] 摄像头未检测到，等待重连...
[2026-07-12 15:22:08] [CAM] 摄像头捕获器已释放
[2026-07-12 15:22:08] [CAM] 摄像头未检测到，等待重连...
[2026-07-12 15:22:09] [CAM] 摄像头捕获器已释放
[2026-07-12 15:22:09] [CAM] 摄像头未检测到，等待重连...
[2026-07-12 15:22:09] [CAM] 摄像头捕获器已释放
[2026-07-12 15:22:09] [CAM] 摄像头未检测到，等待重连...
[2026-07-12 15:22:10] [CAM] 摄像头捕获器已释放
[2026-07-12 15:22:10] [CAM] 摄像头未检测到，等待重连...
[2026-07-12 15:22:10] [CAM] 摄像头捕获器已释放
[2026-07-12 15:22:10] [CAM] 摄像头未检测到，等待重连...
[2026-07-12 15:22:11] [CAM] 摄像头捕获器已释放
[2026-07-12 15:22:11] [CAM] 摄像头未检测到，等待重连...
[2026-07-12 15:22:11] [CAM] 摄像头捕获器已释放
[2026-07-12 15:22:11] [CAM] 摄像头未检测到，等待重连...
[2026-07-12 15:22:12] [INFO] 程序收到关闭信号，开始安全退出流程
[2026-07-12 15:22:12] [CAM] 摄像头捕获器已释放
[2026-07-12 15:22:12] [CAM] 摄像头未检测到，等待重连...
[2026-07-12 15:22:12] [SENSOR] RS485采集线程已停止
[2026-07-12 15:22:12] [CAM] 摄像头捕获器已释放
[2026-07-12 15:22:12] [INFO] 摄像头采集线程正常退出
[2026-07-12 15:22:12] [INFO] 程序正常退出
[2026-07-12 15:22:12] [INFO] 程序结束，退出码:0
[2026-07-12 15:22:49] [INFO] ========== 幼儿园AI安全卫士程序启动 ==========
[2026-07-12 15:22:49] [INFO] 主程序窗口初始化完成
[2026-07-12 15:22:49] [SENSOR] RS485传感器采集线程已启动，串口：/dev/ttyUSB0
[2026-07-12 15:22:50] [INFO] AI环境模拟线程启动
[2026-07-12 15:22:50] [INFO] 摄像头采集线程启动
[2026-07-12 15:22:50] [CAM] 摄像头未检测到，等待重连...
[2026-07-12 15:22:50] [SENSOR] 开机未检测到温湿度传感器，延时播报
[2026-07-12 15:22:52] [NET] 网络已恢复连通
[2026-07-12 15:22:52] [MIC] 开机未检测到USB麦克风，延时播报
[2026-07-12 15:22:52] [CAM] 摄像头捕获器已释放
[2026-07-12 15:22:52] [CAM] 摄像头未检测到，等待重连...
[2026-07-12 15:22:53] [CAM] 摄像头捕获器已释放
[2026-07-12 15:22:53] [CAM] 摄像头未检测到，等待重连...
[2026-07-12 15:22:53] [CAM] 摄像头捕获器已释放
[2026-07-12 15:22:53] [CAM] 摄像头未检测到，等待重连...
[2026-07-12 15:22:54] [CAM] 摄像头捕获器已释放
[2026-07-12 15:22:54] [CAM] 摄像头未检测到，等待重连...
[2026-07-12 15:22:54] [CAM] 摄像头捕获器已释放
[2026-07-12 15:22:54] [CAM] 摄像头未检测到，等待重连...
[2026-07-12 15:22:55] [CAM] 摄像头捕获器已释放
[2026-07-12 15:22:55] [CAM] 摄像头未检测到，等待重连...
[2026-07-12 15:22:55] [CAM] 摄像头捕获器已释放
[2026-07-12 15:22:55] [CAM] 摄像头未检测到，等待重连...
[2026-07-12 15:22:56] [CAM] 摄像头捕获器已释放
[2026-07-12 15:22:56] [CAM] 摄像头未检测到，等待重连...
[2026-07-12 15:22:56] [CAM] 摄像头捕获器已释放
[2026-07-12 15:22:56] [CAM] 摄像头未检测到，等待重连...
[2026-07-12 15:22:57] [CAM] 摄像头捕获器已释放
[2026-07-12 15:22:57] [CAM] 摄像头未检测到，等待重连...
[2026-07-12 15:22:57] [CAM] 摄像头捕获器已释放
[2026-07-12 15:22:57] [CAM] 摄像头未检测到，等待重连...
[2026-07-12 15:22:57] [INFO] 程序收到关闭信号，开始安全退出流程
[2026-07-12 15:22:58] [SENSOR] RS485采集线程已停止
[2026-07-12 15:22:58] [CAM] 摄像头捕获器已释放
[2026-07-12 15:22:58] [INFO] 摄像头采集线程正常退出
[2026-07-12 15:22:58] [INFO] 程序正常退出
[2026-07-12 15:22:58] [INFO] 程序结束，退出码:0
[2026-07-12 15:23:56] [INFO] ========== 幼儿园AI安全卫士程序启动 ==========
[2026-07-12 15:23:56] [INFO] 主程序窗口初始化完成
[2026-07-12 15:23:56] [SENSOR] RS485传感器采集线程已启动，串口：/dev/ttyUSB0
[2026-07-12 15:23:56] [INFO] AI环境模拟线程启动
[2026-07-12 15:23:56] [INFO] 摄像头采集线程启动
[2026-07-12 15:23:56] [CAM] 摄像头未检测到，等待重连...
[2026-07-12 15:23:56] [SENSOR] 开机未检测到温湿度传感器，延时播报
[2026-07-12 15:23:58] [NET] 网络已恢复连通
[2026-07-12 15:23:58] [MIC] 开机未检测到USB麦克风，延时播报
[2026-07-12 15:23:59] [CAM] 摄像头捕获器已释放
[2026-07-12 15:23:59] [CAM] 摄像头未检测到，等待重连...
[2026-07-12 15:23:59] [CAM] 摄像头捕获器已释放
[2026-07-12 15:23:59] [CAM] 摄像头未检测到，等待重连...
[2026-07-12 15:24:00] [CAM] 摄像头捕获器已释放
[2026-07-12 15:24:00] [CAM] 摄像头未检测到，等待重连...
[2026-07-12 15:24:00] [CAM] 摄像头捕获器已释放
[2026-07-12 15:24:00] [CAM] 摄像头未检测到，等待重连...
[2026-07-12 15:24:01] [CAM] 摄像头捕获器已释放
[2026-07-12 15:24:01] [CAM] 摄像头未检测到，等待重连...
[2026-07-12 15:24:01] [CAM] 摄像头捕获器已释放
[2026-07-12 15:24:01] [CAM] 摄像头未检测到，等待重连...
[2026-07-12 15:24:02] [CAM] 摄像头捕获器已释放
[2026-07-12 15:24:02] [CAM] 摄像头未检测到，等待重连...
[2026-07-12 15:24:02] [CAM] 摄像头捕获器已释放
[2026-07-12 15:24:02] [CAM] 摄像头未检测到，等待重连...
[2026-07-12 15:24:03] [CAM] 摄像头捕获器已释放
[2026-07-12 15:24:03] [CAM] 摄像头未检测到，等待重连...
[2026-07-12 15:24:03] [CAM] 摄像头捕获器已释放
[2026-07-12 15:24:03] [CAM] 摄像头未检测到，等待重连...
[2026-07-12 15:24:04] [CAM] 摄像头捕获器已释放
[2026-07-12 15:24:04] [CAM] 摄像头未检测到，等待重连...
[2026-07-12 15:24:04] [CAM] 摄像头捕获器已释放
[2026-07-12 15:24:04] [CAM] 摄像头未检测到，等待重连...
[2026-07-12 15:24:05] [CAM] 摄像头捕获器已释放
[2026-07-12 15:24:05] [CAM] 摄像头未检测到，等待重连...
[2026-07-12 15:24:05] [CAM] 摄像头捕获器已释放
[2026-07-12 15:24:05] [CAM] 摄像头未检测到，等待重连...
[2026-07-12 15:24:06] [CAM] 摄像头捕获器已释放
[2026-07-12 15:24:06] [CAM] 摄像头未检测到，等待重连...
[2026-07-12 15:24:06] [CAM] 摄像头捕获器已释放
[2026-07-12 15:24:06] [CAM] 摄像头未检测到，等待重连...
[2026-07-12 15:24:07] [CAM] 摄像头捕获器已释放
[2026-07-12 15:24:07] [CAM] 摄像头未检测到，等待重连...
[2026-07-12 15:24:07] [CAM] 摄像头捕获器已释放
[2026-07-12 15:24:07] [CAM] 摄像头未检测到，等待重连...
[2026-07-12 15:24:08] [CAM] 摄像头捕获器已释放
[2026-07-12 15:24:08] [CAM] 摄像头未检测到，等待重连...
[2026-07-12 15:24:08] [CAM] 摄像头捕获器已释放
[2026-07-12 15:24:08] [CAM] 摄像头未检测到，等待重连...
[2026-07-12 15:24:09] [CAM] 摄像头捕获器已释放
[2026-07-12 15:24:09] [CAM] 摄像头未检测到，等待重连...
[2026-07-12 15:24:09] [CAM] 摄像头捕获器已释放
[2026-07-12 15:24:09] [CAM] 摄像头未检测到，等待重连...
[2026-07-12 15:24:10] [CAM] 摄像头捕获器已释放
[2026-07-12 15:24:10] [CAM] 摄像头未检测到，等待重连...
[2026-07-12 15:24:10] [CAM] 摄像头捕获器已释放
[2026-07-12 15:24:10] [CAM] 摄像头未检测到，等待重连...
[2026-07-12 15:24:11] [CAM] 摄像头捕获器已释放
[2026-07-12 15:24:11] [CAM] 摄像头未检测到，等待重连...
[2026-07-12 15:24:11] [CAM] 摄像头捕获器已释放
[2026-07-12 15:24:11] [CAM] 摄像头未检测到，等待重连...
[2026-07-12 15:24:12] [CAM] 摄像头捕获器已释放
[2026-07-12 15:24:12] [CAM] 摄像头未检测到，等待重连...
[2026-07-12 15:24:12] [CAM] 摄像头捕获器已释放
[2026-07-12 15:24:12] [CAM] 摄像头未检测到，等待重连...
[2026-07-12 15:24:13] [CAM] 摄像头捕获器已释放
[2026-07-12 15:24:13] [CAM] 摄像头未检测到，等待重连...
[2026-07-12 15:24:13] [CAM] 摄像头捕获器已释放
[2026-07-12 15:24:13] [CAM] 摄像头未检测到，等待重连...
[2026-07-12 15:24:14] [CAM] 摄像头捕获器已释放
[2026-07-12 15:24:14] [CAM] 摄像头未检测到，等待重连...
[2026-07-12 15:24:14] [CAM] 摄像头捕获器已释放
[2026-07-12 15:24:14] [CAM] 摄像头未检测到，等待重连...
[2026-07-12 15:24:15] [CAM] 摄像头捕获器已释放
[2026-07-12 15:24:15] [CAM] 摄像头未检测到，等待重连...
[2026-07-12 15:24:15] [INFO] 程序收到关闭信号，开始安全退出流程
[2026-07-12 15:24:15] [SENSOR] RS485采集线程已停止
[2026-07-12 15:24:15] [CAM] 摄像头捕获器已释放
[2026-07-12 15:24:15] [INFO] 摄像头采集线程正常退出
[2026-07-12 15:24:15] [INFO] 程序正常退出
[2026-07-12 15:24:15] [INFO] 程序结束，退出码:0
[2026-07-12 15:27:14] [INFO] ========== 幼儿园AI安全卫士程序启动 ==========
[2026-07-12 15:27:15] [INFO] 主程序窗口初始化完成
[2026-07-12 15:27:15] [SENSOR] RS485传感器采集线程已启动，串口：/dev/ttyUSB0
[2026-07-12 15:27:15] [INFO] AI环境模拟线程启动
[2026-07-12 15:27:15] [INFO] 摄像头采集线程启动
[2026-07-12 15:27:15] [CAM] 摄像头未检测到，等待重连...
[2026-07-12 15:27:15] [SENSOR] 开机未检测到温湿度传感器，延时播报
[2026-07-12 15:27:17] [CAM] 摄像头捕获器已释放
[2026-07-12 15:27:17] [CAM] 摄像头未检测到，等待重连...
[2026-07-12 15:27:18] [MIC] 开机未检测到USB麦克风，延时播报
[2026-07-12 15:27:18] [CAM] 摄像头捕获器已释放
[2026-07-12 15:27:18] [CAM] 摄像头未检测到，等待重连...
[2026-07-12 15:27:18] [CAM] 摄像头捕获器已释放
[2026-07-12 15:27:18] [CAM] 摄像头未检测到，等待重连...
[2026-07-12 15:27:19] [CAM] 摄像头捕获器已释放
[2026-07-12 15:27:19] [CAM] 摄像头未检测到，等待重连...
[2026-07-12 15:27:19] [CAM] 摄像头捕获器已释放
[2026-07-12 15:27:19] [CAM] 摄像头未检测到，等待重连...
[2026-07-12 15:27:20] [CAM] 摄像头捕获器已释放
[2026-07-12 15:27:20] [CAM] 摄像头未检测到，等待重连...
[2026-07-12 15:27:20] [CAM] 摄像头捕获器已释放
[2026-07-12 15:27:20] [CAM] 摄像头未检测到，等待重连...
[2026-07-12 15:27:21] [CAM] 摄像头捕获器已释放
[2026-07-12 15:27:21] [CAM] 摄像头未检测到，等待重连...
[2026-07-12 15:27:21] [NET] 网络已恢复连通
[2026-07-12 15:27:21] [CAM] 摄像头捕获器已释放
[2026-07-12 15:27:21] [CAM] 摄像头未检测到，等待重连...
[2026-07-12 15:27:22] [CAM] 摄像头捕获器已释放
[2026-07-12 15:27:22] [CAM] 摄像头未检测到，等待重连...
[2026-07-12 15:27:22] [CAM] 摄像头捕获器已释放
[2026-07-12 15:27:22] [CAM] 摄像头未检测到，等待重连...
[2026-07-12 15:27:23] [CAM] 摄像头捕获器已释放
[2026-07-12 15:27:23] [CAM] 摄像头未检测到，等待重连...
[2026-07-12 15:27:23] [CAM] 摄像头捕获器已释放
[2026-07-12 15:27:23] [CAM] 摄像头未检测到，等待重连...
[2026-07-12 15:27:24] [CAM] 摄像头捕获器已释放
[2026-07-12 15:27:24] [CAM] 摄像头未检测到，等待重连...
[2026-07-12 15:27:24] [CAM] 摄像头捕获器已释放
[2026-07-12 15:27:24] [CAM] 摄像头未检测到，等待重连...
[2026-07-12 15:27:25] [CAM] 摄像头捕获器已释放
[2026-07-12 15:27:25] [CAM] 摄像头未检测到，等待重连...
[2026-07-12 15:27:25] [CAM] 摄像头捕获器已释放
[2026-07-12 15:27:25] [CAM] 摄像头未检测到，等待重连...
[2026-07-12 15:27:26] [CAM] 摄像头捕获器已释放
[2026-07-12 15:27:26] [CAM] 摄像头未检测到，等待重连...
[2026-07-12 15:27:26] [CAM] 摄像头捕获器已释放
[2026-07-12 15:27:26] [CAM] 摄像头未检测到，等待重连...
[2026-07-12 15:27:27] [CAM] 摄像头捕获器已释放
[2026-07-12 15:27:27] [CAM] 摄像头未检测到，等待重连...
[2026-07-12 15:27:27] [CAM] 摄像头捕获器已释放
[2026-07-12 15:27:27] [CAM] 摄像头未检测到，等待重连...
[2026-07-12 15:27:27] [INFO] 程序收到关闭信号，开始安全退出流程
[2026-07-12 15:27:28] [SENSOR] RS485采集线程已停止
[2026-07-12 15:27:28] [CAM] 摄像头捕获器已释放
[2026-07-12 15:27:28] [INFO] 摄像头采集线程正常退出
[2026-07-12 15:27:28] [INFO] 程序正常退出
[2026-07-12 15:27:28] [INFO] 程序结束，退出码:0
[2026-07-12 15:28:57] [INFO] ========== 幼儿园AI安全卫士程序启动 ==========
[2026-07-12 15:28:57] [INFO] 主程序窗口初始化完成
[2026-07-12 15:28:57] [SENSOR] RS485传感器采集线程已启动，串口：/dev/ttyUSB0
[2026-07-12 15:28:57] [INFO] AI环境模拟线程启动
[2026-07-12 15:28:57] [INFO] 摄像头采集线程启动
[2026-07-12 15:28:57] [CAM] 摄像头未检测到，等待重连...
[2026-07-12 15:28:57] [SENSOR] 开机未检测到温湿度传感器，延时播报
[2026-07-12 15:28:59] [NET] 网络已恢复连通
[2026-07-12 15:28:59] [MIC] 开机未检测到USB麦克风，延时播报
[2026-07-12 15:28:59] [CAM] 摄像头捕获器已释放
[2026-07-12 15:28:59] [CAM] 摄像头未检测到，等待重连...
[2026-07-12 15:29:00] [CAM] 摄像头捕获器已释放
[2026-07-12 15:29:00] [CAM] 摄像头未检测到，等待重连...
[2026-07-12 15:29:00] [CAM] 摄像头捕获器已释放
[2026-07-12 15:29:00] [CAM] 摄像头未检测到，等待重连...
[2026-07-12 15:29:01] [CAM] 摄像头捕获器已释放
[2026-07-12 15:29:01] [CAM] 摄像头未检测到，等待重连...
[2026-07-12 15:29:01] [CAM] 摄像头捕获器已释放
[2026-07-12 15:29:01] [CAM] 摄像头未检测到，等待重连...
[2026-07-12 15:29:02] [CAM] 摄像头捕获器已释放
[2026-07-12 15:29:02] [CAM] 摄像头未检测到，等待重连...
[2026-07-12 15:29:02] [CAM] 摄像头捕获器已释放
[2026-07-12 15:29:02] [CAM] 摄像头未检测到，等待重连...
[2026-07-12 15:29:03] [CAM] 摄像头捕获器已释放
[2026-07-12 15:29:03] [CAM] 摄像头未检测到，等待重连...
[2026-07-12 15:29:03] [CAM] 摄像头捕获器已释放
[2026-07-12 15:29:03] [CAM] 摄像头未检测到，等待重连...
[2026-07-12 15:29:04] [CAM] 摄像头捕获器已释放
[2026-07-12 15:29:04] [CAM] 摄像头未检测到，等待重连...
[2026-07-12 15:29:04] [CAM] 摄像头捕获器已释放
[2026-07-12 15:29:04] [CAM] 摄像头未检测到，等待重连...
[2026-07-12 15:29:05] [CAM] 摄像头捕获器已释放
[2026-07-12 15:29:05] [CAM] 摄像头未检测到，等待重连...
[2026-07-12 15:29:05] [CAM] 摄像头捕获器已释放
[2026-07-12 15:29:05] [CAM] 摄像头未检测到，等待重连...
[2026-07-12 15:29:06] [CAM] 摄像头捕获器已释放
[2026-07-12 15:29:06] [CAM] 摄像头未检测到，等待重连...
[2026-07-12 15:29:06] [CAM] 摄像头捕获器已释放
[2026-07-12 15:29:06] [CAM] 摄像头未检测到，等待重连...
[2026-07-12 15:29:07] [CAM] 摄像头捕获器已释放
[2026-07-12 15:29:07] [CAM] 摄像头未检测到，等待重连...
[2026-07-12 15:29:07] [CAM] 摄像头捕获器已释放
[2026-07-12 15:29:07] [CAM] 摄像头未检测到，等待重连...
[2026-07-12 15:29:08] [CAM] 摄像头捕获器已释放
[2026-07-12 15:29:08] [CAM] 摄像头未检测到，等待重连...
[2026-07-12 15:29:08] [CAM] 摄像头捕获器已释放
[2026-07-12 15:29:08] [CAM] 摄像头未检测到，等待重连...
[2026-07-12 15:29:09] [CAM] 摄像头捕获器已释放
[2026-07-12 15:29:09] [CAM] 摄像头未检测到，等待重连...
[2026-07-12 15:29:09] [CAM] 摄像头捕获器已释放
[2026-07-12 15:29:09] [CAM] 摄像头未检测到，等待重连...
[2026-07-12 15:29:10] [CAM] 摄像头捕获器已释放
[2026-07-12 15:29:10] [CAM] 摄像头未检测到，等待重连...
[2026-07-12 15:29:10] [CAM] 摄像头捕获器已释放
[2026-07-12 15:29:10] [CAM] 摄像头未检测到，等待重连...
[2026-07-12 15:29:11] [CAM] 摄像头捕获器已释放
[2026-07-12 15:29:11] [CAM] 摄像头未检测到，等待重连...
[2026-07-12 15:29:11] [CAM] 摄像头捕获器已释放
[2026-07-12 15:29:11] [CAM] 摄像头未检测到，等待重连...
[2026-07-12 15:29:12] [CAM] 摄像头捕获器已释放
[2026-07-12 15:29:12] [CAM] 摄像头未检测到，等待重连...
[2026-07-12 15:29:12] [CAM] 摄像头捕获器已释放
[2026-07-12 15:29:12] [CAM] 摄像头未检测到，等待重连...
[2026-07-12 15:29:13] [CAM] 摄像头捕获器已释放
[2026-07-12 15:29:13] [CAM] 摄像头未检测到，等待重连...
[2026-07-12 15:29:13] [CAM] 摄像头捕获器已释放
[2026-07-12 15:29:13] [CAM] 摄像头未检测到，等待重连...
[2026-07-12 15:29:14] [CAM] 摄像头捕获器已释放
[2026-07-12 15:29:14] [CAM] 摄像头未检测到，等待重连...
[2026-07-12 15:29:14] [CAM] 摄像头捕获器已释放
[2026-07-12 15:29:14] [CAM] 摄像头未检测到，等待重连...
[2026-07-12 15:29:15] [CAM] 摄像头捕获器已释放
[2026-07-12 15:29:15] [CAM] 摄像头未检测到，等待重连...
[2026-07-12 15:29:15] [CAM] 摄像头捕获器已释放
[2026-07-12 15:29:15] [CAM] 摄像头未检测到，等待重连...
[2026-07-12 15:29:16] [CAM] 摄像头捕获器已释放
[2026-07-12 15:29:16] [CAM] 摄像头未检测到，等待重连...
[2026-07-12 15:29:16] [CAM] 摄像头捕获器已释放
[2026-07-12 15:29:16] [CAM] 摄像头未检测到，等待重连...
[2026-07-12 15:29:17] [CAM] 摄像头捕获器已释放
[2026-07-12 15:29:17] [CAM] 摄像头未检测到，等待重连...
[2026-07-12 15:29:17] [CAM] 摄像头捕获器已释放
[2026-07-12 15:29:17] [CAM] 摄像头未检测到，等待重连...
[2026-07-12 15:29:18] [CAM] 摄像头捕获器已释放
[2026-07-12 15:29:18] [CAM] 摄像头未检测到，等待重连...
[2026-07-12 15:29:18] [CAM] 摄像头捕获器已释放
[2026-07-12 15:29:18] [CAM] 摄像头未检测到，等待重连...
[2026-07-12 15:29:19] [CAM] 摄像头捕获器已释放
[2026-07-12 15:29:19] [CAM] 摄像头未检测到，等待重连...
[2026-07-12 15:29:19] [CAM] 摄像头捕获器已释放
[2026-07-12 15:29:19] [CAM] 摄像头未检测到，等待重连...
[2026-07-12 15:29:20] [CAM] 摄像头捕获器已释放
[2026-07-12 15:29:20] [CAM] 摄像头未检测到，等待重连...
[2026-07-12 15:29:20] [CAM] 摄像头捕获器已释放
[2026-07-12 15:29:20] [CAM] 摄像头未检测到，等待重连...
[2026-07-12 15:29:21] [CAM] 摄像头捕获器已释放
[2026-07-12 15:29:21] [CAM] 摄像头未检测到，等待重连...
[2026-07-12 15:29:21] [CAM] 摄像头捕获器已释放
[2026-07-12 15:29:21] [CAM] 摄像头未检测到，等待重连...
[2026-07-12 15:29:22] [CAM] 摄像头捕获器已释放
[2026-07-12 15:29:22] [CAM] 摄像头未检测到，等待重连...
[2026-07-12 15:29:22] [CAM] 摄像头捕获器已释放
[2026-07-12 15:29:22] [CAM] 摄像头未检测到，等待重连...
[2026-07-12 15:29:23] [CAM] 摄像头捕获器已释放
[2026-07-12 15:29:23] [CAM] 摄像头未检测到，等待重连...
[2026-07-12 15:29:23] [CAM] 摄像头捕获器已释放
[2026-07-12 15:29:23] [CAM] 摄像头未检测到，等待重连...
[2026-07-12 15:29:24] [CAM] 摄像头捕获器已释放
[2026-07-12 15:29:24] [CAM] 摄像头未检测到，等待重连...
[2026-07-12 15:29:24] [CAM] 摄像头捕获器已释放
[2026-07-12 15:29:24] [CAM] 摄像头未检测到，等待重连...
[2026-07-12 15:29:25] [CAM] 摄像头捕获器已释放
[2026-07-12 15:29:25] [CAM] 摄像头未检测到，等待重连...
[2026-07-12 15:29:25] [CAM] 摄像头捕获器已释放
[2026-07-12 15:29:25] [CAM] 摄像头未检测到，等待重连...
[2026-07-12 15:29:26] [CAM] 摄像头捕获器已释放
[2026-07-12 15:29:26] [CAM] 摄像头未检测到，等待重连...
[2026-07-12 15:29:26] [CAM] 摄像头捕获器已释放
[2026-07-12 15:29:26] [CAM] 摄像头未检测到，等待重连...
[2026-07-12 15:29:27] [CAM] 摄像头捕获器已释放
[2026-07-12 15:29:27] [CAM] 摄像头未检测到，等待重连...
[2026-07-12 15:29:27] [CAM] 摄像头捕获器已释放
[2026-07-12 15:29:27] [CAM] 摄像头未检测到，等待重连...
[2026-07-12 15:29:28] [CAM] 摄像头捕获器已释放
[2026-07-12 15:29:28] [CAM] 摄像头未检测到，等待重连...
[2026-07-12 15:29:28] [CAM] 摄像头捕获器已释放
[2026-07-12 15:29:28] [CAM] 摄像头未检测到，等待重连...
[2026-07-12 15:29:29] [CAM] 摄像头捕获器已释放
[2026-07-12 15:29:29] [CAM] 摄像头未检测到，等待重连...
[2026-07-12 15:29:29] [CAM] 摄像头捕获器已释放
[2026-07-12 15:29:29] [CAM] 摄像头未检测到，等待重连...
[2026-07-12 15:29:30] [CAM] 摄像头捕获器已释放
[2026-07-12 15:29:30] [CAM] 摄像头未检测到，等待重连...
[2026-07-12 15:29:30] [CAM] 摄像头捕获器已释放
[2026-07-12 15:29:30] [CAM] 摄像头未检测到，等待重连...
[2026-07-12 15:29:31] [CAM] 摄像头捕获器已释放
[2026-07-12 15:29:31] [CAM] 摄像头未检测到，等待重连...
[2026-07-12 15:29:31] [CAM] 摄像头捕获器已释放
[2026-07-12 15:29:31] [CAM] 摄像头未检测到，等待重连...
[2026-07-12 15:29:32] [CAM] 摄像头捕获器已释放
[2026-07-12 15:29:32] [CAM] 摄像头未检测到，等待重连...
[2026-07-12 15:29:32] [INFO] 手动清空告警列表
[2026-07-12 15:29:32] [CAM] 摄像头捕获器已释放
[2026-07-12 15:29:32] [CAM] 摄像头未检测到，等待重连...
[2026-07-12 15:29:33] [CAM] 摄像头捕获器已释放
[2026-07-12 15:29:33] [CAM] 摄像头未检测到，等待重连...
[2026-07-12 15:29:33] [CAM] 摄像头捕获器已释放
[2026-07-12 15:29:33] [CAM] 摄像头未检测到，等待重连...
[2026-07-12 15:29:34] [CAM] 摄像头捕获器已释放
[2026-07-12 15:29:34] [CAM] 摄像头未检测到，等待重连...
[2026-07-12 15:29:35] [CAM] 摄像头捕获器已释放
[2026-07-12 15:29:35] [CAM] 摄像头未检测到，等待重连...
[2026-07-12 15:29:35] [CAM] 摄像头捕获器已释放
[2026-07-12 15:29:35] [CAM] 摄像头未检测到，等待重连...
[2026-07-12 15:29:36] [CAM] 摄像头捕获器已释放
[2026-07-12 15:29:36] [CAM] 摄像头未检测到，等待重连...
[2026-07-12 15:29:36] [INFO] 手动清空告警列表
[2026-07-12 15:29:36] [CAM] 摄像头捕获器已释放
[2026-07-12 15:29:36] [CAM] 摄像头未检测到，等待重连...
[2026-07-12 15:29:37] [CAM] 摄像头捕获器已释放
[2026-07-12 15:29:37] [CAM] 摄像头未检测到，等待重连...
[2026-07-12 15:29:37] [CAM] 摄像头捕获器已释放
[2026-07-12 15:29:37] [CAM] 摄像头未检测到，等待重连...
[2026-07-12 15:29:38] [CAM] 摄像头捕获器已释放
[2026-07-12 15:29:38] [CAM] 摄像头未检测到，等待重连...
[2026-07-12 15:29:38] [INFO] 手动清空告警列表
[2026-07-12 15:29:38] [CAM] 摄像头捕获器已释放
[2026-07-12 15:29:38] [CAM] 摄像头未检测到，等待重连...
[2026-07-12 15:29:38] [INFO] 手动清空告警列表
[2026-07-12 15:29:38] [INFO] 手动清空告警列表
[2026-07-12 15:29:39] [CAM] 摄像头捕获器已释放
[2026-07-12 15:29:39] [CAM] 摄像头未检测到，等待重连...
[2026-07-12 15:29:39] [CAM] 摄像头捕获器已释放
[2026-07-12 15:29:39] [CAM] 摄像头未检测到，等待重连...
[2026-07-12 15:29:40] [CAM] 摄像头捕获器已释放
[2026-07-12 15:29:40] [CAM] 摄像头未检测到，等待重连...
[2026-07-12 15:29:40] [CAM] 摄像头捕获器已释放
[2026-07-12 15:29:40] [CAM] 摄像头未检测到，等待重连...
[2026-07-12 15:29:41] [CAM] 摄像头捕获器已释放
[2026-07-12 15:29:41] [CAM] 摄像头未检测到，等待重连...
[2026-07-12 15:29:41] [CAM] 摄像头捕获器已释放
[2026-07-12 15:29:41] [CAM] 摄像头未检测到，等待重连...
[2026-07-12 15:29:42] [CAM] 摄像头捕获器已释放
[2026-07-12 15:29:42] [CAM] 摄像头未检测到，等待重连...
[2026-07-12 15:29:42] [CAM] 摄像头捕获器已释放
[2026-07-12 15:29:42] [CAM] 摄像头未检测到，等待重连...
[2026-07-12 15:29:42] [INFO] 切换运行模式: 课堂模式 场景:中四班
[2026-07-12 15:29:43] [CAM] 摄像头捕获器已释放
[2026-07-12 15:29:43] [CAM] 摄像头未检测到，等待重连...
[2026-07-12 15:29:43] [INFO] 切换运行模式: 午睡模式 场景:一楼左侧睡眠室
[2026-07-12 15:29:43] [CAM] 摄像头捕获器已释放
[2026-07-12 15:29:43] [CAM] 摄像头未检测到，等待重连...
[2026-07-12 15:29:44] [CAM] 摄像头捕获器已释放
[2026-07-12 15:29:44] [CAM] 摄像头未检测到，等待重连...
[2026-07-12 15:29:44] [INFO] 切换运行模式: 公共巡查模式 场景:公共过道
[2026-07-12 15:29:44] [CAM] 摄像头捕获器已释放
[2026-07-12 15:29:44] [CAM] 摄像头未检测到，等待重连...
[2026-07-12 15:29:45] [CAM] 摄像头捕获器已释放
[2026-07-12 15:29:45] [CAM] 摄像头未检测到，等待重连...
[2026-07-12 15:29:45] [CAM] 摄像头捕获器已释放
[2026-07-12 15:29:45] [CAM] 摄像头未检测到，等待重连...
[2026-07-12 15:29:45] [INFO] 程序收到关闭信号，开始安全退出流程
[2026-07-12 15:29:46] [CAM] 摄像头捕获器已释放
[2026-07-12 15:29:46] [CAM] 摄像头未检测到，等待重连...
[2026-07-12 15:29:46] [CAM] 摄像头捕获器已释放
[2026-07-12 15:29:46] [CAM] 摄像头未检测到，等待重连...
[2026-07-12 15:29:46] [SENSOR] RS485采集线程已停止
[2026-07-12 15:29:47] [CAM] 摄像头捕获器已释放
[2026-07-12 15:29:47] [INFO] 摄像头采集线程正常退出
[2026-07-12 15:29:47] [INFO] 程序正常退出
[2026-07-12 15:29:47] [INFO] 程序结束，退出码:0
[2026-07-12 15:31:01] [INFO] ========== 幼儿园AI安全卫士程序启动 ==========
[2026-07-12 15:31:01] [INFO] 主程序窗口初始化完成
[2026-07-12 15:31:01] [SENSOR] RS485传感器采集线程已启动，串口：/dev/ttyUSB0
[2026-07-12 15:31:01] [INFO] AI环境模拟线程启动
[2026-07-12 15:31:01] [INFO] 摄像头采集线程启动
[2026-07-12 15:31:01] [CAM] 摄像头未检测到，等待重连...
[2026-07-12 15:31:01] [SENSOR] 开机未检测到温湿度传感器，延时播报
[2026-07-12 15:31:03] [NET] 网络已恢复连通
[2026-07-12 15:31:03] [MIC] 开机未检测到USB麦克风，延时播报
[2026-07-12 15:31:04] [CAM] 摄像头捕获器已释放
[2026-07-12 15:31:04] [CAM] 摄像头未检测到，等待重连...
[2026-07-12 15:31:04] [CAM] 摄像头捕获器已释放
[2026-07-12 15:31:04] [CAM] 摄像头未检测到，等待重连...
[2026-07-12 15:31:05] [CAM] 摄像头捕获器已释放
[2026-07-12 15:31:05] [CAM] 摄像头未检测到，等待重连...
[2026-07-12 15:31:05] [CAM] 摄像头捕获器已释放
[2026-07-12 15:31:05] [CAM] 摄像头未检测到，等待重连...
[2026-07-12 15:31:06] [CAM] 摄像头捕获器已释放
[2026-07-12 15:31:06] [CAM] 摄像头未检测到，等待重连...
[2026-07-12 15:31:06] [CAM] 摄像头捕获器已释放
[2026-07-12 15:31:06] [CAM] 摄像头未检测到，等待重连...
[2026-07-12 15:31:07] [CAM] 摄像头捕获器已释放
[2026-07-12 15:31:07] [CAM] 摄像头未检测到，等待重连...
[2026-07-12 15:31:07] [CAM] 摄像头捕获器已释放
[2026-07-12 15:31:07] [CAM] 摄像头未检测到，等待重连...
[2026-07-12 15:31:08] [CAM] 摄像头捕获器已释放
[2026-07-12 15:31:08] [CAM] 摄像头未检测到，等待重连...
[2026-07-12 15:31:08] [CAM] 摄像头捕获器已释放
[2026-07-12 15:31:08] [CAM] 摄像头未检测到，等待重连...
[2026-07-12 15:31:09] [CAM] 摄像头捕获器已释放
[2026-07-12 15:31:09] [CAM] 摄像头未检测到，等待重连...
[2026-07-12 15:31:09] [CAM] 摄像头捕获器已释放
[2026-07-12 15:31:09] [CAM] 摄像头未检测到，等待重连...
[2026-07-12 15:31:10] [CAM] 摄像头捕获器已释放
[2026-07-12 15:31:10] [CAM] 摄像头未检测到，等待重连...
[2026-07-12 15:31:10] [CAM] 摄像头捕获器已释放
[2026-07-12 15:31:10] [CAM] 摄像头未检测到，等待重连...
[2026-07-12 15:31:11] [CAM] 摄像头捕获器已释放
[2026-07-12 15:31:11] [CAM] 摄像头未检测到，等待重连...
[2026-07-12 15:31:11] [CAM] 摄像头捕获器已释放
[2026-07-12 15:31:11] [CAM] 摄像头未检测到，等待重连...
[2026-07-12 15:31:12] [CAM] 摄像头捕获器已释放
[2026-07-12 15:31:12] [CAM] 摄像头未检测到，等待重连...
[2026-07-12 15:31:12] [CAM] 摄像头捕获器已释放
[2026-07-12 15:31:12] [CAM] 摄像头未检测到，等待重连...
[2026-07-12 15:31:13] [CAM] 摄像头捕获器已释放
[2026-07-12 15:31:13] [CAM] 摄像头未检测到，等待重连...
[2026-07-12 15:31:13] [CAM] 摄像头捕获器已释放
[2026-07-12 15:31:13] [CAM] 摄像头未检测到，等待重连...
[2026-07-12 15:31:14] [CAM] 摄像头捕获器已释放
[2026-07-12 15:31:14] [CAM] 摄像头未检测到，等待重连...
[2026-07-12 15:31:14] [CAM] 摄像头捕获器已释放
[2026-07-12 15:31:14] [CAM] 摄像头未检测到，等待重连...
[2026-07-12 15:31:15] [CAM] 摄像头捕获器已释放
[2026-07-12 15:31:15] [CAM] 摄像头未检测到，等待重连...
[2026-07-12 15:31:15] [CAM] 摄像头捕获器已释放
[2026-07-12 15:31:15] [CAM] 摄像头未检测到，等待重连...
[2026-07-12 15:31:16] [CAM] 摄像头捕获器已释放
[2026-07-12 15:31:16] [CAM] 摄像头未检测到，等待重连...
[2026-07-12 15:31:16] [CAM] 摄像头捕获器已释放
[2026-07-12 15:31:16] [CAM] 摄像头未检测到，等待重连...
[2026-07-12 15:31:17] [CAM] 摄像头捕获器已释放
[2026-07-12 15:31:17] [CAM] 摄像头未检测到，等待重连...
[2026-07-12 15:31:17] [CAM] 摄像头捕获器已释放
[2026-07-12 15:31:17] [CAM] 摄像头未检测到，等待重连...
[2026-07-12 15:31:18] [CAM] 摄像头捕获器已释放
[2026-07-12 15:31:18] [CAM] 摄像头未检测到，等待重连...
[2026-07-12 15:31:18] [CAM] 摄像头捕获器已释放
[2026-07-12 15:31:18] [CAM] 摄像头未检测到，等待重连...
[2026-07-12 15:31:19] [CAM] 摄像头捕获器已释放
[2026-07-12 15:31:19] [CAM] 摄像头未检测到，等待重连...
[2026-07-12 15:31:19] [CAM] 摄像头捕获器已释放
[2026-07-12 15:31:19] [CAM] 摄像头未检测到，等待重连...
[2026-07-12 15:31:20] [INFO] 手动清空告警列表
[2026-07-12 15:31:20] [CAM] 摄像头捕获器已释放
[2026-07-12 15:31:20] [CAM] 摄像头未检测到，等待重连...
[2026-07-12 15:31:20] [CAM] 摄像头捕获器已释放
[2026-07-12 15:31:20] [CAM] 摄像头未检测到，等待重连...
[2026-07-12 15:31:21] [CAM] 摄像头捕获器已释放
[2026-07-12 15:31:21] [CAM] 摄像头未检测到，等待重连...
[2026-07-12 15:31:21] [CAM] 摄像头捕获器已释放
[2026-07-12 15:31:21] [CAM] 摄像头未检测到，等待重连...
[2026-07-12 15:31:22] [CAM] 摄像头捕获器已释放
[2026-07-12 15:31:22] [CAM] 摄像头未检测到，等待重连...
[2026-07-12 15:31:22] [CAM] 摄像头捕获器已释放
[2026-07-12 15:31:22] [CAM] 摄像头未检测到，等待重连...
[2026-07-12 15:31:23] [CAM] 摄像头捕获器已释放
[2026-07-12 15:31:23] [CAM] 摄像头未检测到，等待重连...
[2026-07-12 15:31:23] [CAM] 摄像头捕获器已释放
[2026-07-12 15:31:23] [CAM] 摄像头未检测到，等待重连...
[2026-07-12 15:31:24] [CAM] 摄像头捕获器已释放
[2026-07-12 15:31:24] [CAM] 摄像头未检测到，等待重连...
[2026-07-12 15:31:24] [CAM] 摄像头捕获器已释放
[2026-07-12 15:31:24] [CAM] 摄像头未检测到，等待重连...
[2026-07-12 15:31:25] [CAM] 摄像头捕获器已释放
[2026-07-12 15:31:25] [CAM] 摄像头未检测到，等待重连...
[2026-07-12 15:31:25] [CAM] 摄像头捕获器已释放
[2026-07-12 15:31:25] [CAM] 摄像头未检测到，等待重连...
[2026-07-12 15:31:26] [CAM] 摄像头捕获器已释放
[2026-07-12 15:31:26] [CAM] 摄像头未检测到，等待重连...
[2026-07-12 15:31:26] [CAM] 摄像头捕获器已释放
[2026-07-12 15:31:26] [CAM] 摄像头未检测到，等待重连...
[2026-07-12 15:31:27] [CAM] 摄像头捕获器已释放
[2026-07-12 15:31:27] [CAM] 摄像头未检测到，等待重连...
[2026-07-12 15:31:27] [CAM] 摄像头捕获器已释放
[2026-07-12 15:31:27] [CAM] 摄像头未检测到，等待重连...
[2026-07-12 15:31:28] [CAM] 摄像头捕获器已释放
[2026-07-12 15:31:28] [CAM] 摄像头未检测到，等待重连...
[2026-07-12 15:31:28] [CAM] 摄像头捕获器已释放
[2026-07-12 15:31:28] [CAM] 摄像头未检测到，等待重连...
[2026-07-12 15:31:29] [CAM] 摄像头捕获器已释放
[2026-07-12 15:31:29] [CAM] 摄像头未检测到，等待重连...
[2026-07-12 15:31:29] [CAM] 摄像头捕获器已释放
[2026-07-12 15:31:29] [CAM] 摄像头未检测到，等待重连...
[2026-07-12 15:31:30] [CAM] 摄像头捕获器已释放
[2026-07-12 15:31:30] [CAM] 摄像头未检测到，等待重连...
[2026-07-12 15:31:30] [CAM] 摄像头捕获器已释放
[2026-07-12 15:31:30] [CAM] 摄像头未检测到，等待重连...
[2026-07-12 15:31:31] [CAM] 摄像头捕获器已释放
[2026-07-12 15:31:31] [CAM] 摄像头未检测到，等待重连...
[2026-07-12 15:31:31] [CAM] 摄像头捕获器已释放
[2026-07-12 15:31:31] [CAM] 摄像头未检测到，等待重连...
[2026-07-12 15:31:32] [CAM] 摄像头捕获器已释放
[2026-07-12 15:31:32] [CAM] 摄像头未检测到，等待重连...
[2026-07-12 15:31:32] [CAM] 摄像头捕获器已释放
[2026-07-12 15:31:32] [CAM] 摄像头未检测到，等待重连...
[2026-07-12 15:31:33] [CAM] 摄像头捕获器已释放
[2026-07-12 15:31:33] [CAM] 摄像头未检测到，等待重连...
[2026-07-12 15:31:33] [CAM] 摄像头捕获器已释放
[2026-07-12 15:31:33] [CAM] 摄像头未检测到，等待重连...
[2026-07-12 15:31:34] [CAM] 摄像头捕获器已释放
[2026-07-12 15:31:34] [CAM] 摄像头未检测到，等待重连...
[2026-07-12 15:31:34] [CAM] 摄像头捕获器已释放
[2026-07-12 15:31:34] [CAM] 摄像头未检测到，等待重连...
[2026-07-12 15:31:35] [CAM] 摄像头捕获器已释放
[2026-07-12 15:31:35] [CAM] 摄像头未检测到，等待重连...
[2026-07-12 15:31:35] [CAM] 摄像头捕获器已释放
[2026-07-12 15:31:35] [CAM] 摄像头未检测到，等待重连...
[2026-07-12 15:31:36] [CAM] 摄像头捕获器已释放
[2026-07-12 15:31:36] [CAM] 摄像头未检测到，等待重连...
[2026-07-12 15:31:36] [CAM] 摄像头捕获器已释放
[2026-07-12 15:31:36] [CAM] 摄像头未检测到，等待重连...
[2026-07-12 15:31:37] [CAM] 摄像头捕获器已释放
[2026-07-12 15:31:37] [CAM] 摄像头未检测到，等待重连...
[2026-07-12 15:31:37] [CAM] 摄像头捕获器已释放
[2026-07-12 15:31:37] [CAM] 摄像头未检测到，等待重连...
[2026-07-12 15:31:38] [CAM] 摄像头捕获器已释放
[2026-07-12 15:31:38] [CAM] 摄像头未检测到，等待重连...
[2026-07-12 15:31:38] [CAM] 摄像头捕获器已释放
[2026-07-12 15:31:38] [CAM] 摄像头未检测到，等待重连...
[2026-07-12 15:31:39] [CAM] 摄像头捕获器已释放
[2026-07-12 15:31:39] [CAM] 摄像头未检测到，等待重连...
[2026-07-12 15:31:39] [CAM] 摄像头捕获器已释放
[2026-07-12 15:31:39] [CAM] 摄像头未检测到，等待重连...
[2026-07-12 15:31:40] [CAM] 摄像头捕获器已释放
[2026-07-12 15:31:40] [CAM] 摄像头未检测到，等待重连...
[2026-07-12 15:31:40] [CAM] 摄像头捕获器已释放
[2026-07-12 15:31:40] [CAM] 摄像头未检测到，等待重连...
[2026-07-12 15:31:41] [CAM] 摄像头捕获器已释放
[2026-07-12 15:31:41] [CAM] 摄像头未检测到，等待重连...
[2026-07-12 15:31:41] [CAM] 摄像头捕获器已释放
[2026-07-12 15:31:41] [CAM] 摄像头未检测到，等待重连...
[2026-07-12 15:31:42] [CAM] 摄像头捕获器已释放
[2026-07-12 15:31:42] [CAM] 摄像头未检测到，等待重连...
[2026-07-12 15:31:42] [CAM] 摄像头捕获器已释放
[2026-07-12 15:31:42] [CAM] 摄像头未检测到，等待重连...
[2026-07-12 15:31:43] [CAM] 摄像头捕获器已释放
[2026-07-12 15:31:43] [CAM] 摄像头未检测到，等待重连...
[2026-07-12 15:31:43] [CAM] 摄像头捕获器已释放
[2026-07-12 15:31:43] [CAM] 摄像头未检测到，等待重连...
[2026-07-12 15:31:44] [CAM] 摄像头捕获器已释放
[2026-07-12 15:31:44] [CAM] 摄像头未检测到，等待重连...
[2026-07-12 15:31:44] [CAM] 摄像头捕获器已释放
[2026-07-12 15:31:44] [CAM] 摄像头未检测到，等待重连...
[2026-07-12 15:31:45] [CAM] 摄像头捕获器已释放
[2026-07-12 15:31:45] [CAM] 摄像头未检测到，等待重连...
[2026-07-12 15:31:45] [CAM] 摄像头捕获器已释放
[2026-07-12 15:31:45] [CAM] 摄像头未检测到，等待重连...
[2026-07-12 15:31:46] [CAM] 摄像头捕获器已释放
[2026-07-12 15:31:46] [CAM] 摄像头未检测到，等待重连...
[2026-07-12 15:31:46] [CAM] 摄像头捕获器已释放
[2026-07-12 15:31:46] [CAM] 摄像头未检测到，等待重连...
[2026-07-12 15:31:47] [CAM] 摄像头捕获器已释放
[2026-07-12 15:31:47] [CAM] 摄像头未检测到，等待重连...
[2026-07-12 15:31:47] [CAM] 摄像头捕获器已释放
[2026-07-12 15:31:47] [CAM] 摄像头未检测到，等待重连...
[2026-07-12 15:31:48] [CAM] 摄像头捕获器已释放
[2026-07-12 15:31:48] [CAM] 摄像头未检测到，等待重连...
[2026-07-12 15:31:48] [CAM] 摄像头捕获器已释放
[2026-07-12 15:31:48] [CAM] 摄像头未检测到，等待重连...
[2026-07-12 15:31:49] [CAM] 摄像头捕获器已释放
[2026-07-12 15:31:49] [CAM] 摄像头未检测到，等待重连...
[2026-07-12 15:31:49] [CAM] 摄像头捕获器已释放
[2026-07-12 15:31:49] [CAM] 摄像头未检测到，等待重连...
[2026-07-12 15:31:50] [CAM] 摄像头捕获器已释放
[2026-07-12 15:31:50] [CAM] 摄像头未检测到，等待重连...
[2026-07-12 15:31:50] [CAM] 摄像头捕获器已释放
[2026-07-12 15:31:50] [CAM] 摄像头未检测到，等待重连...
[2026-07-12 15:31:51] [CAM] 摄像头捕获器已释放
[2026-07-12 15:31:51] [CAM] 摄像头未检测到，等待重连...
[2026-07-12 15:31:51] [CAM] 摄像头捕获器已释放
[2026-07-12 15:31:51] [CAM] 摄像头未检测到，等待重连...
[2026-07-12 15:31:52] [CAM] 摄像头捕获器已释放
[2026-07-12 15:31:52] [CAM] 摄像头未检测到，等待重连...
[2026-07-12 15:31:52] [CAM] 摄像头捕获器已释放
[2026-07-12 15:31:52] [CAM] 摄像头未检测到，等待重连...
[2026-07-12 15:31:53] [CAM] 摄像头捕获器已释放
[2026-07-12 15:31:53] [CAM] 摄像头未检测到，等待重连...
[2026-07-12 15:31:53] [CAM] 摄像头捕获器已释放
[2026-07-12 15:31:53] [CAM] 摄像头未检测到，等待重连...
[2026-07-12 15:31:54] [CAM] 摄像头捕获器已释放
[2026-07-12 15:31:54] [CAM] 摄像头未检测到，等待重连...
[2026-07-12 15:31:54] [CAM] 摄像头捕获器已释放
[2026-07-12 15:31:54] [CAM] 摄像头未检测到，等待重连...
[2026-07-12 15:31:55] [CAM] 摄像头捕获器已释放
[2026-07-12 15:31:55] [CAM] 摄像头未检测到，等待重连...
[2026-07-12 15:31:55] [CAM] 摄像头捕获器已释放
[2026-07-12 15:31:55] [CAM] 摄像头未检测到，等待重连...
[2026-07-12 15:31:56] [CAM] 摄像头捕获器已释放
[2026-07-12 15:31:56] [CAM] 摄像头未检测到，等待重连...
[2026-07-12 15:31:56] [CAM] 摄像头捕获器已释放
[2026-07-12 15:31:56] [CAM] 摄像头未检测到，等待重连...
[2026-07-12 15:31:57] [CAM] 摄像头捕获器已释放
[2026-07-12 15:31:57] [CAM] 摄像头未检测到，等待重连...
[2026-07-12 15:31:57] [CAM] 摄像头捕获器已释放
[2026-07-12 15:31:57] [CAM] 摄像头未检测到，等待重连...
[2026-07-12 15:31:58] [CAM] 摄像头捕获器已释放
[2026-07-12 15:31:58] [CAM] 摄像头未检测到，等待重连...
[2026-07-12 15:31:58] [CAM] 摄像头捕获器已释放
[2026-07-12 15:31:58] [CAM] 摄像头未检测到，等待重连...
[2026-07-12 15:31:59] [CAM] 摄像头捕获器已释放
[2026-07-12 15:31:59] [CAM] 摄像头未检测到，等待重连...
[2026-07-12 15:31:59] [CAM] 摄像头捕获器已释放
[2026-07-12 15:31:59] [CAM] 摄像头未检测到，等待重连...
[2026-07-12 15:32:00] [CAM] 摄像头捕获器已释放
[2026-07-12 15:32:00] [CAM] 摄像头未检测到，等待重连...
[2026-07-12 15:32:00] [CAM] 摄像头捕获器已释放
[2026-07-12 15:32:00] [CAM] 摄像头未检测到，等待重连...
[2026-07-12 15:32:01] [CAM] 摄像头捕获器已释放
[2026-07-12 15:32:01] [CAM] 摄像头未检测到，等待重连...
[2026-07-12 15:32:01] [CAM] 摄像头捕获器已释放
[2026-07-12 15:32:01] [CAM] 摄像头未检测到，等待重连...
[2026-07-12 15:32:02] [CAM] 摄像头捕获器已释放
[2026-07-12 15:32:02] [CAM] 摄像头未检测到，等待重连...
[2026-07-12 15:32:02] [CAM] 摄像头捕获器已释放
[2026-07-12 15:32:02] [CAM] 摄像头未检测到，等待重连...
[2026-07-12 15:32:03] [CAM] 摄像头捕获器已释放
[2026-07-12 15:32:03] [CAM] 摄像头未检测到，等待重连...
[2026-07-12 15:32:03] [CAM] 摄像头捕获器已释放
[2026-07-12 15:32:03] [CAM] 摄像头未检测到，等待重连...
[2026-07-12 15:32:04] [CAM] 摄像头捕获器已释放
[2026-07-12 15:32:04] [CAM] 摄像头未检测到，等待重连...
[2026-07-12 15:32:04] [CAM] 摄像头捕获器已释放
[2026-07-12 15:32:04] [CAM] 摄像头未检测到，等待重连...
[2026-07-12 15:32:05] [CAM] 摄像头捕获器已释放
[2026-07-12 15:32:05] [CAM] 摄像头未检测到，等待重连...
[2026-07-12 15:32:05] [CAM] 摄像头捕获器已释放
[2026-07-12 15:32:05] [CAM] 摄像头未检测到，等待重连...
[2026-07-12 15:32:06] [CAM] 摄像头捕获器已释放
[2026-07-12 15:32:06] [CAM] 摄像头未检测到，等待重连...
[2026-07-12 15:32:06] [CAM] 摄像头捕获器已释放
[2026-07-12 15:32:06] [CAM] 摄像头未检测到，等待重连...
[2026-07-12 15:32:07] [CAM] 摄像头捕获器已释放
[2026-07-12 15:32:07] [CAM] 摄像头未检测到，等待重连...
[2026-07-12 15:32:07] [CAM] 摄像头捕获器已释放
[2026-07-12 15:32:07] [CAM] 摄像头未检测到，等待重连...
[2026-07-12 15:32:08] [CAM] 摄像头捕获器已释放
[2026-07-12 15:32:08] [CAM] 摄像头未检测到，等待重连...
[2026-07-12 15:32:08] [CAM] 摄像头捕获器已释放
[2026-07-12 15:32:08] [CAM] 摄像头未检测到，等待重连...
[2026-07-12 15:32:09] [CAM] 摄像头捕获器已释放
[2026-07-12 15:32:09] [CAM] 摄像头未检测到，等待重连...
[2026-07-12 15:32:09] [CAM] 摄像头捕获器已释放
[2026-07-12 15:32:09] [CAM] 摄像头未检测到，等待重连...
[2026-07-12 15:32:10] [CAM] 摄像头捕获器已释放
[2026-07-12 15:32:10] [CAM] 摄像头未检测到，等待重连...
[2026-07-12 15:32:10] [CAM] 摄像头捕获器已释放
[2026-07-12 15:32:10] [CAM] 摄像头未检测到，等待重连...
[2026-07-12 15:32:11] [CAM] 摄像头捕获器已释放
[2026-07-12 15:32:11] [CAM] 摄像头未检测到，等待重连...
[2026-07-12 15:32:11] [CAM] 摄像头捕获器已释放
[2026-07-12 15:32:11] [CAM] 摄像头未检测到，等待重连...
[2026-07-12 15:32:12] [CAM] 摄像头捕获器已释放
[2026-07-12 15:32:12] [CAM] 摄像头未检测到，等待重连...
[2026-07-12 15:32:12] [CAM] 摄像头捕获器已释放
[2026-07-12 15:32:12] [CAM] 摄像头未检测到，等待重连...
[2026-07-12 15:32:13] [CAM] 摄像头捕获器已释放
[2026-07-12 15:32:13] [CAM] 摄像头未检测到，等待重连...
[2026-07-12 15:32:14] [CAM] 摄像头捕获器已释放
[2026-07-12 15:32:14] [CAM] 摄像头未检测到，等待重连...
[2026-07-12 15:32:14] [CAM] 摄像头捕获器已释放
[2026-07-12 15:32:14] [CAM] 摄像头未检测到，等待重连...
[2026-07-12 15:32:15] [CAM] 摄像头捕获器已释放
[2026-07-12 15:32:15] [CAM] 摄像头未检测到，等待重连...
[2026-07-12 15:32:15] [CAM] 摄像头捕获器已释放
[2026-07-12 15:32:15] [CAM] 摄像头未检测到，等待重连...
[2026-07-12 15:32:16] [CAM] 摄像头捕获器已释放
[2026-07-12 15:32:16] [CAM] 摄像头未检测到，等待重连...
[2026-07-12 15:32:16] [CAM] 摄像头捕获器已释放
[2026-07-12 15:32:16] [CAM] 摄像头未检测到，等待重连...
[2026-07-12 15:32:17] [CAM] 摄像头捕获器已释放
[2026-07-12 15:32:17] [CAM] 摄像头未检测到，等待重连...
[2026-07-12 15:32:17] [CAM] 摄像头捕获器已释放
[2026-07-12 15:32:17] [CAM] 摄像头未检测到，等待重连...
[2026-07-12 15:32:18] [CAM] 摄像头捕获器已释放
[2026-07-12 15:32:18] [CAM] 摄像头未检测到，等待重连...
[2026-07-12 15:32:18] [CAM] 摄像头捕获器已释放
[2026-07-12 15:32:18] [CAM] 摄像头未检测到，等待重连...
[2026-07-12 15:32:19] [CAM] 摄像头捕获器已释放
[2026-07-12 15:32:19] [CAM] 摄像头未检测到，等待重连...
[2026-07-12 15:32:19] [CAM] 摄像头捕获器已释放
[2026-07-12 15:32:19] [CAM] 摄像头未检测到，等待重连...
[2026-07-12 15:32:20] [CAM] 摄像头捕获器已释放
[2026-07-12 15:32:20] [CAM] 摄像头未检测到，等待重连...
[2026-07-12 15:32:20] [CAM] 摄像头捕获器已释放
[2026-07-12 15:32:20] [CAM] 摄像头未检测到，等待重连...
[2026-07-12 15:32:21] [CAM] 摄像头捕获器已释放
[2026-07-12 15:32:21] [CAM] 摄像头未检测到，等待重连...
[2026-07-12 15:32:21] [CAM] 摄像头捕获器已释放
[2026-07-12 15:32:21] [CAM] 摄像头未检测到，等待重连...
[2026-07-12 15:32:22] [CAM] 摄像头捕获器已释放
[2026-07-12 15:32:22] [CAM] 摄像头未检测到，等待重连...
[2026-07-12 15:32:22] [CAM] 摄像头捕获器已释放
[2026-07-12 15:32:22] [CAM] 摄像头未检测到，等待重连...
[2026-07-12 15:32:23] [CAM] 摄像头捕获器已释放
[2026-07-12 15:32:23] [CAM] 摄像头未检测到，等待重连...
[2026-07-12 15:32:23] [CAM] 摄像头捕获器已释放
[2026-07-12 15:32:23] [CAM] 摄像头未检测到，等待重连...
[2026-07-12 15:32:24] [CAM] 摄像头捕获器已释放
[2026-07-12 15:32:24] [CAM] 摄像头未检测到，等待重连...
[2026-07-12 15:32:24] [CAM] 摄像头捕获器已释放
[2026-07-12 15:32:24] [CAM] 摄像头未检测到，等待重连...
[2026-07-12 15:32:25] [CAM] 摄像头捕获器已释放
[2026-07-12 15:32:25] [CAM] 摄像头未检测到，等待重连...
[2026-07-12 15:32:25] [CAM] 摄像头捕获器已释放
[2026-07-12 15:32:25] [CAM] 摄像头未检测到，等待重连...
[2026-07-12 15:32:26] [CAM] 摄像头捕获器已释放
[2026-07-12 15:32:26] [CAM] 摄像头未检测到，等待重连...
[2026-07-12 15:32:26] [CAM] 摄像头捕获器已释放
[2026-07-12 15:32:26] [CAM] 摄像头未检测到，等待重连...
[2026-07-12 15:32:27] [CAM] 摄像头捕获器已释放
[2026-07-12 15:32:27] [CAM] 摄像头未检测到，等待重连...
[2026-07-12 15:32:27] [CAM] 摄像头捕获器已释放
[2026-07-12 15:32:27] [CAM] 摄像头未检测到，等待重连...
[2026-07-12 15:32:28] [CAM] 摄像头捕获器已释放
[2026-07-12 15:32:28] [CAM] 摄像头未检测到，等待重连...
[2026-07-12 15:32:28] [CAM] 摄像头捕获器已释放
[2026-07-12 15:32:28] [CAM] 摄像头未检测到，等待重连...
[2026-07-12 15:32:29] [CAM] 摄像头捕获器已释放
[2026-07-12 15:32:29] [CAM] 摄像头未检测到，等待重连...
[2026-07-12 15:32:29] [CAM] 摄像头捕获器已释放
[2026-07-12 15:32:29] [CAM] 摄像头未检测到，等待重连...
[2026-07-12 15:32:30] [CAM] 摄像头捕获器已释放
[2026-07-12 15:32:30] [CAM] 摄像头未检测到，等待重连...
[2026-07-12 15:32:30] [CAM] 摄像头捕获器已释放
[2026-07-12 15:32:30] [CAM] 摄像头未检测到，等待重连...
[2026-07-12 15:32:31] [CAM] 摄像头捕获器已释放
[2026-07-12 15:32:31] [CAM] 摄像头未检测到，等待重连...
[2026-07-12 15:32:31] [CAM] 摄像头捕获器已释放
[2026-07-12 15:32:31] [CAM] 摄像头未检测到，等待重连...
[2026-07-12 15:32:32] [CAM] 摄像头捕获器已释放
[2026-07-12 15:32:32] [CAM] 摄像头未检测到，等待重连...
[2026-07-12 15:32:32] [CAM] 摄像头捕获器已释放
[2026-07-12 15:32:32] [CAM] 摄像头未检测到，等待重连...
[2026-07-12 15:32:33] [CAM] 摄像头捕获器已释放
[2026-07-12 15:32:33] [CAM] 摄像头未检测到，等待重连...
[2026-07-12 15:32:33] [CAM] 摄像头捕获器已释放
[2026-07-12 15:32:33] [CAM] 摄像头未检测到，等待重连...
[2026-07-12 15:32:34] [CAM] 摄像头捕获器已释放
[2026-07-12 15:32:34] [CAM] 摄像头未检测到，等待重连...
[2026-07-12 15:32:34] [CAM] 摄像头捕获器已释放
[2026-07-12 15:32:34] [CAM] 摄像头未检测到，等待重连...
[2026-07-12 15:32:35] [CAM] 摄像头捕获器已释放
[2026-07-12 15:32:35] [CAM] 摄像头未检测到，等待重连...
[2026-07-12 15:32:35] [CAM] 摄像头捕获器已释放
[2026-07-12 15:32:35] [CAM] 摄像头未检测到，等待重连...
[2026-07-12 15:32:36] [CAM] 摄像头捕获器已释放
[2026-07-12 15:32:36] [CAM] 摄像头未检测到，等待重连...
[2026-07-12 15:32:36] [CAM] 摄像头捕获器已释放
[2026-07-12 15:32:36] [CAM] 摄像头未检测到，等待重连...
[2026-07-12 15:32:37] [CAM] 摄像头捕获器已释放
[2026-07-12 15:32:37] [CAM] 摄像头未检测到，等待重连...
[2026-07-12 15:32:37] [CAM] 摄像头捕获器已释放
[2026-07-12 15:32:37] [CAM] 摄像头未检测到，等待重连...
[2026-07-12 15:32:38] [CAM] 摄像头捕获器已释放
[2026-07-12 15:32:38] [CAM] 摄像头未检测到，等待重连...
[2026-07-12 15:32:38] [CAM] 摄像头捕获器已释放
[2026-07-12 15:32:38] [CAM] 摄像头未检测到，等待重连...
[2026-07-12 15:32:39] [CAM] 摄像头捕获器已释放
[2026-07-12 15:32:39] [CAM] 摄像头未检测到，等待重连...
[2026-07-12 15:32:39] [CAM] 摄像头捕获器已释放
[2026-07-12 15:32:39] [CAM] 摄像头未检测到，等待重连...
[2026-07-12 15:32:40] [CAM] 摄像头捕获器已释放
[2026-07-12 15:32:40] [CAM] 摄像头未检测到，等待重连...
[2026-07-12 15:32:40] [CAM] 摄像头捕获器已释放
[2026-07-12 15:32:40] [CAM] 摄像头未检测到，等待重连...
[2026-07-12 15:32:41] [CAM] 摄像头捕获器已释放
[2026-07-12 15:32:41] [CAM] 摄像头未检测到，等待重连...
[2026-07-12 15:32:41] [CAM] 摄像头捕获器已释放
[2026-07-12 15:32:41] [CAM] 摄像头未检测到，等待重连...
[2026-07-12 15:32:42] [CAM] 摄像头捕获器已释放
[2026-07-12 15:32:42] [CAM] 摄像头未检测到，等待重连...
[2026-07-12 15:32:42] [CAM] 摄像头捕获器已释放
[2026-07-12 15:32:42] [CAM] 摄像头未检测到，等待重连...
[2026-07-12 15:32:43] [CAM] 摄像头捕获器已释放
[2026-07-12 15:32:43] [CAM] 摄像头未检测到，等待重连...
[2026-07-12 15:32:43] [CAM] 摄像头捕获器已释放
[2026-07-12 15:32:43] [CAM] 摄像头未检测到，等待重连...
[2026-07-12 15:32:44] [CAM] 摄像头捕获器已释放
[2026-07-12 15:32:44] [CAM] 摄像头未检测到，等待重连...
[2026-07-12 15:32:44] [CAM] 摄像头捕获器已释放
[2026-07-12 15:32:44] [CAM] 摄像头未检测到，等待重连...
[2026-07-12 15:32:45] [CAM] 摄像头捕获器已释放
[2026-07-12 15:32:45] [CAM] 摄像头未检测到，等待重连...
[2026-07-12 15:32:45] [CAM] 摄像头捕获器已释放
[2026-07-12 15:32:45] [CAM] 摄像头未检测到，等待重连...
[2026-07-12 15:32:46] [CAM] 摄像头捕获器已释放
[2026-07-12 15:32:46] [CAM] 摄像头未检测到，等待重连...
[2026-07-12 15:32:46] [CAM] 摄像头捕获器已释放
[2026-07-12 15:32:46] [CAM] 摄像头未检测到，等待重连...
[2026-07-12 15:32:47] [CAM] 摄像头捕获器已释放
[2026-07-12 15:32:47] [CAM] 摄像头未检测到，等待重连...
[2026-07-12 15:32:47] [CAM] 摄像头捕获器已释放
[2026-07-12 15:32:47] [CAM] 摄像头未检测到，等待重连...
[2026-07-12 15:32:48] [CAM] 摄像头捕获器已释放
[2026-07-12 15:32:48] [CAM] 摄像头未检测到，等待重连...
[2026-07-12 15:32:48] [CAM] 摄像头捕获器已释放
[2026-07-12 15:32:48] [CAM] 摄像头未检测到，等待重连...
[2026-07-12 15:32:49] [CAM] 摄像头捕获器已释放
[2026-07-12 15:32:49] [CAM] 摄像头未检测到，等待重连...
[2026-07-12 15:32:49] [CAM] 摄像头捕获器已释放
[2026-07-12 15:32:49] [CAM] 摄像头未检测到，等待重连...
[2026-07-12 15:32:50] [CAM] 摄像头捕获器已释放
[2026-07-12 15:32:50] [CAM] 摄像头未检测到，等待重连...
[2026-07-12 15:32:50] [CAM] 摄像头捕获器已释放
[2026-07-12 15:32:50] [CAM] 摄像头未检测到，等待重连...
[2026-07-12 15:32:51] [CAM] 摄像头捕获器已释放
[2026-07-12 15:32:51] [CAM] 摄像头未检测到，等待重连...
[2026-07-12 15:32:51] [CAM] 摄像头捕获器已释放
[2026-07-12 15:32:51] [CAM] 摄像头未检测到，等待重连...
[2026-07-12 15:32:52] [CAM] 摄像头捕获器已释放
[2026-07-12 15:32:52] [CAM] 摄像头未检测到，等待重连...
[2026-07-12 15:32:52] [CAM] 摄像头捕获器已释放
[2026-07-12 15:32:52] [CAM] 摄像头未检测到，等待重连...
[2026-07-12 15:32:53] [CAM] 摄像头捕获器已释放
[2026-07-12 15:32:53] [CAM] 摄像头未检测到，等待重连...
[2026-07-12 15:32:53] [CAM] 摄像头捕获器已释放
[2026-07-12 15:32:53] [CAM] 摄像头未检测到，等待重连...
[2026-07-12 15:32:54] [CAM] 摄像头捕获器已释放
[2026-07-12 15:32:54] [CAM] 摄像头未检测到，等待重连...
[2026-07-12 15:32:54] [CAM] 摄像头捕获器已释放
[2026-07-12 15:32:54] [CAM] 摄像头未检测到，等待重连...
[2026-07-12 15:32:55] [CAM] 摄像头捕获器已释放
[2026-07-12 15:32:55] [CAM] 摄像头未检测到，等待重连...
[2026-07-12 15:32:55] [CAM] 摄像头捕获器已释放
[2026-07-12 15:32:55] [CAM] 摄像头未检测到，等待重连...
[2026-07-12 15:32:56] [CAM] 摄像头捕获器已释放
[2026-07-12 15:32:56] [CAM] 摄像头未检测到，等待重连...
[2026-07-12 15:32:56] [CAM] 摄像头捕获器已释放
[2026-07-12 15:32:56] [CAM] 摄像头未检测到，等待重连...
[2026-07-12 15:32:57] [CAM] 摄像头捕获器已释放
[2026-07-12 15:32:57] [CAM] 摄像头未检测到，等待重连...
[2026-07-12 15:32:57] [CAM] 摄像头捕获器已释放
[2026-07-12 15:32:57] [CAM] 摄像头未检测到，等待重连...
[2026-07-12 15:32:58] [CAM] 摄像头捕获器已释放
[2026-07-12 15:32:58] [CAM] 摄像头未检测到，等待重连...
[2026-07-12 15:32:58] [CAM] 摄像头捕获器已释放
[2026-07-12 15:32:58] [CAM] 摄像头未检测到，等待重连...
[2026-07-12 15:32:59] [CAM] 摄像头捕获器已释放
[2026-07-12 15:32:59] [CAM] 摄像头未检测到，等待重连...
[2026-07-12 15:32:59] [CAM] 摄像头捕获器已释放
[2026-07-12 15:32:59] [CAM] 摄像头未检测到，等待重连...
[2026-07-12 15:33:00] [CAM] 摄像头捕获器已释放
[2026-07-12 15:33:00] [CAM] 摄像头未检测到，等待重连...
[2026-07-12 15:33:00] [CAM] 摄像头捕获器已释放
[2026-07-12 15:33:00] [CAM] 摄像头未检测到，等待重连...
[2026-07-12 15:33:01] [CAM] 摄像头捕获器已释放
[2026-07-12 15:33:01] [CAM] 摄像头未检测到，等待重连...
[2026-07-12 15:33:01] [CAM] 摄像头捕获器已释放
[2026-07-12 15:33:01] [CAM] 摄像头未检测到，等待重连...
[2026-07-12 15:33:02] [CAM] 摄像头捕获器已释放
[2026-07-12 15:33:02] [CAM] 摄像头未检测到，等待重连...
[2026-07-12 15:33:02] [CAM] 摄像头捕获器已释放
[2026-07-12 15:33:02] [CAM] 摄像头未检测到，等待重连...
[2026-07-12 15:33:03] [CAM] 摄像头捕获器已释放
[2026-07-12 15:33:03] [CAM] 摄像头未检测到，等待重连...
[2026-07-12 15:33:03] [CAM] 摄像头捕获器已释放
[2026-07-12 15:33:03] [CAM] 摄像头未检测到，等待重连...
[2026-07-12 15:33:04] [CAM] 摄像头捕获器已释放
[2026-07-12 15:33:04] [CAM] 摄像头未检测到，等待重连...
[2026-07-12 15:33:04] [CAM] 摄像头捕获器已释放
[2026-07-12 15:33:04] [CAM] 摄像头未检测到，等待重连...
[2026-07-12 15:33:05] [CAM] 摄像头捕获器已释放
[2026-07-12 15:33:05] [CAM] 摄像头未检测到，等待重连...
[2026-07-12 15:33:05] [CAM] 摄像头捕获器已释放
[2026-07-12 15:33:05] [CAM] 摄像头未检测到，等待重连...
[2026-07-12 15:33:06] [CAM] 摄像头捕获器已释放
[2026-07-12 15:33:06] [CAM] 摄像头未检测到，等待重连...
[2026-07-12 15:33:06] [CAM] 摄像头捕获器已释放
[2026-07-12 15:33:06] [CAM] 摄像头未检测到，等待重连...
[2026-07-12 15:33:07] [CAM] 摄像头捕获器已释放
[2026-07-12 15:33:07] [CAM] 摄像头未检测到，等待重连...
[2026-07-12 15:33:07] [CAM] 摄像头捕获器已释放
[2026-07-12 15:33:07] [CAM] 摄像头未检测到，等待重连...
[2026-07-12 15:33:08] [CAM] 摄像头捕获器已释放
[2026-07-12 15:33:08] [CAM] 摄像头未检测到，等待重连...
[2026-07-12 15:33:08] [CAM] 摄像头捕获器已释放
[2026-07-12 15:33:08] [CAM] 摄像头未检测到，等待重连...
[2026-07-12 15:33:09] [CAM] 摄像头捕获器已释放
[2026-07-12 15:33:09] [CAM] 摄像头未检测到，等待重连...
[2026-07-12 15:33:09] [CAM] 摄像头捕获器已释放
[2026-07-12 15:33:09] [CAM] 摄像头未检测到，等待重连...
[2026-07-12 15:33:10] [CAM] 摄像头捕获器已释放
[2026-07-12 15:33:10] [CAM] 摄像头未检测到，等待重连...
[2026-07-12 15:33:10] [CAM] 摄像头捕获器已释放
[2026-07-12 15:33:10] [CAM] 摄像头未检测到，等待重连...
[2026-07-12 15:33:11] [CAM] 摄像头捕获器已释放
[2026-07-12 15:33:11] [CAM] 摄像头未检测到，等待重连...
[2026-07-12 15:33:11] [CAM] 摄像头捕获器已释放
[2026-07-12 15:33:11] [CAM] 摄像头未检测到，等待重连...
[2026-07-12 15:33:12] [CAM] 摄像头捕获器已释放
[2026-07-12 15:33:12] [CAM] 摄像头未检测到，等待重连...
[2026-07-12 15:33:12] [CAM] 摄像头捕获器已释放
[2026-07-12 15:33:12] [CAM] 摄像头未检测到，等待重连...
[2026-07-12 15:33:13] [CAM] 摄像头捕获器已释放
[2026-07-12 15:33:13] [CAM] 摄像头未检测到，等待重连...
[2026-07-12 15:33:13] [CAM] 摄像头捕获器已释放
[2026-07-12 15:33:13] [CAM] 摄像头未检测到，等待重连...
[2026-07-12 15:33:14] [CAM] 摄像头捕获器已释放
[2026-07-12 15:33:14] [CAM] 摄像头未检测到，等待重连...
[2026-07-12 15:33:14] [CAM] 摄像头捕获器已释放
[2026-07-12 15:33:14] [CAM] 摄像头未检测到，等待重连...
[2026-07-12 15:33:15] [CAM] 摄像头捕获器已释放
[2026-07-12 15:33:15] [CAM] 摄像头未检测到，等待重连...
[2026-07-12 15:33:15] [CAM] 摄像头捕获器已释放
[2026-07-12 15:33:15] [CAM] 摄像头未检测到，等待重连...
[2026-07-12 15:33:16] [CAM] 摄像头捕获器已释放
[2026-07-12 15:33:16] [CAM] 摄像头未检测到，等待重连...
[2026-07-12 15:33:16] [CAM] 摄像头捕获器已释放
[2026-07-12 15:33:16] [CAM] 摄像头未检测到，等待重连...
[2026-07-12 15:33:17] [CAM] 摄像头捕获器已释放
[2026-07-12 15:33:17] [CAM] 摄像头未检测到，等待重连...
[2026-07-12 15:33:17] [CAM] 摄像头捕获器已释放
[2026-07-12 15:33:17] [CAM] 摄像头未检测到，等待重连...
[2026-07-12 15:33:18] [CAM] 摄像头捕获器已释放
[2026-07-12 15:33:18] [CAM] 摄像头未检测到，等待重连...
[2026-07-12 15:33:18] [CAM] 摄像头捕获器已释放
[2026-07-12 15:33:18] [CAM] 摄像头未检测到，等待重连...
[2026-07-12 15:33:19] [CAM] 摄像头捕获器已释放
[2026-07-12 15:33:19] [CAM] 摄像头未检测到，等待重连...
[2026-07-12 15:33:19] [CAM] 摄像头捕获器已释放
[2026-07-12 15:33:19] [CAM] 摄像头未检测到，等待重连...
[2026-07-12 15:33:20] [CAM] 摄像头捕获器已释放
[2026-07-12 15:33:20] [CAM] 摄像头未检测到，等待重连...
[2026-07-12 15:33:20] [CAM] 摄像头捕获器已释放
[2026-07-12 15:33:20] [CAM] 摄像头未检测到，等待重连...
[2026-07-12 15:33:21] [CAM] 摄像头捕获器已释放
[2026-07-12 15:33:21] [CAM] 摄像头未检测到，等待重连...
[2026-07-12 15:33:21] [CAM] 摄像头捕获器已释放
[2026-07-12 15:33:21] [CAM] 摄像头未检测到，等待重连...
[2026-07-12 15:33:22] [CAM] 摄像头捕获器已释放
[2026-07-12 15:33:22] [CAM] 摄像头未检测到，等待重连...
[2026-07-12 15:33:22] [CAM] 摄像头捕获器已释放
[2026-07-12 15:33:22] [CAM] 摄像头未检测到，等待重连...
[2026-07-12 15:33:23] [CAM] 摄像头捕获器已释放
[2026-07-12 15:33:23] [CAM] 摄像头未检测到，等待重连...
[2026-07-12 15:33:23] [CAM] 摄像头捕获器已释放
[2026-07-12 15:33:23] [CAM] 摄像头未检测到，等待重连...
[2026-07-12 15:33:24] [CAM] 摄像头捕获器已释放
[2026-07-12 15:33:24] [CAM] 摄像头未检测到，等待重连...
[2026-07-12 15:33:24] [CAM] 摄像头捕获器已释放
[2026-07-12 15:33:24] [CAM] 摄像头未检测到，等待重连...
[2026-07-12 15:33:25] [CAM] 摄像头捕获器已释放
[2026-07-12 15:33:25] [CAM] 摄像头未检测到，等待重连...
[2026-07-12 15:33:25] [CAM] 摄像头捕获器已释放
[2026-07-12 15:33:25] [CAM] 摄像头未检测到，等待重连...
[2026-07-12 15:33:26] [CAM] 摄像头捕获器已释放
[2026-07-12 15:33:26] [CAM] 摄像头未检测到，等待重连...
[2026-07-12 15:33:26] [CAM] 摄像头捕获器已释放
[2026-07-12 15:33:26] [CAM] 摄像头未检测到，等待重连...
[2026-07-12 15:33:27] [CAM] 摄像头捕获器已释放
[2026-07-12 15:33:27] [CAM] 摄像头未检测到，等待重连...
[2026-07-12 15:33:27] [CAM] 摄像头捕获器已释放
[2026-07-12 15:33:27] [CAM] 摄像头未检测到，等待重连...
[2026-07-12 15:33:28] [CAM] 摄像头捕获器已释放
[2026-07-12 15:33:28] [CAM] 摄像头未检测到，等待重连...
[2026-07-12 15:33:28] [CAM] 摄像头捕获器已释放
[2026-07-12 15:33:28] [CAM] 摄像头未检测到，等待重连...
[2026-07-12 15:33:29] [CAM] 摄像头捕获器已释放
[2026-07-12 15:33:29] [CAM] 摄像头未检测到，等待重连...
[2026-07-12 15:33:29] [CAM] 摄像头捕获器已释放
[2026-07-12 15:33:29] [CAM] 摄像头未检测到，等待重连...
[2026-07-12 15:33:30] [CAM] 摄像头捕获器已释放
[2026-07-12 15:33:30] [CAM] 摄像头未检测到，等待重连...
[2026-07-12 15:33:30] [CAM] 摄像头捕获器已释放
[2026-07-12 15:33:30] [CAM] 摄像头未检测到，等待重连...
[2026-07-12 15:33:31] [CAM] 摄像头捕获器已释放
[2026-07-12 15:33:31] [CAM] 摄像头未检测到，等待重连...
[2026-07-12 15:33:31] [CAM] 摄像头捕获器已释放
[2026-07-12 15:33:31] [CAM] 摄像头未检测到，等待重连...
[2026-07-12 15:33:32] [CAM] 摄像头捕获器已释放
[2026-07-12 15:33:32] [CAM] 摄像头未检测到，等待重连...
[2026-07-12 15:33:32] [CAM] 摄像头捕获器已释放
[2026-07-12 15:33:32] [CAM] 摄像头未检测到，等待重连...
[2026-07-12 15:33:33] [CAM] 摄像头捕获器已释放
[2026-07-12 15:33:33] [CAM] 摄像头未检测到，等待重连...
[2026-07-12 15:33:33] [CAM] 摄像头捕获器已释放
[2026-07-12 15:33:33] [CAM] 摄像头未检测到，等待重连...
[2026-07-12 15:33:34] [CAM] 摄像头捕获器已释放
[2026-07-12 15:33:34] [CAM] 摄像头未检测到，等待重连...
[2026-07-12 15:33:34] [CAM] 摄像头捕获器已释放
[2026-07-12 15:33:34] [CAM] 摄像头未检测到，等待重连...
[2026-07-12 15:33:35] [CAM] 摄像头捕获器已释放
[2026-07-12 15:33:35] [CAM] 摄像头未检测到，等待重连...
[2026-07-12 15:33:35] [CAM] 摄像头捕获器已释放
[2026-07-12 15:33:35] [CAM] 摄像头未检测到，等待重连...
[2026-07-12 15:33:36] [CAM] 摄像头捕获器已释放
[2026-07-12 15:33:36] [CAM] 摄像头未检测到，等待重连...
[2026-07-12 15:33:36] [CAM] 摄像头捕获器已释放
[2026-07-12 15:33:36] [CAM] 摄像头未检测到，等待重连...
[2026-07-12 15:33:37] [CAM] 摄像头捕获器已释放
[2026-07-12 15:33:37] [CAM] 摄像头未检测到，等待重连...
[2026-07-12 15:33:37] [CAM] 摄像头捕获器已释放
[2026-07-12 15:33:37] [CAM] 摄像头未检测到，等待重连...
[2026-07-12 15:33:38] [CAM] 摄像头捕获器已释放
[2026-07-12 15:33:38] [CAM] 摄像头未检测到，等待重连...
[2026-07-12 15:33:38] [CAM] 摄像头捕获器已释放
[2026-07-12 15:33:38] [CAM] 摄像头未检测到，等待重连...
[2026-07-12 15:33:39] [CAM] 摄像头捕获器已释放
[2026-07-12 15:33:39] [CAM] 摄像头未检测到，等待重连...
[2026-07-12 15:33:39] [CAM] 摄像头捕获器已释放
[2026-07-12 15:33:39] [CAM] 摄像头未检测到，等待重连...
[2026-07-12 15:33:40] [CAM] 摄像头捕获器已释放
[2026-07-12 15:33:40] [CAM] 摄像头未检测到，等待重连...
[2026-07-12 15:33:40] [CAM] 摄像头捕获器已释放
[2026-07-12 15:33:40] [CAM] 摄像头未检测到，等待重连...
[2026-07-12 15:33:41] [CAM] 摄像头捕获器已释放
[2026-07-12 15:33:41] [CAM] 摄像头未检测到，等待重连...
[2026-07-12 15:33:41] [CAM] 摄像头捕获器已释放
[2026-07-12 15:33:41] [CAM] 摄像头未检测到，等待重连...
[2026-07-12 15:33:42] [CAM] 摄像头捕获器已释放
[2026-07-12 15:33:42] [CAM] 摄像头未检测到，等待重连...
[2026-07-12 15:33:42] [CAM] 摄像头捕获器已释放
[2026-07-12 15:33:42] [CAM] 摄像头未检测到，等待重连...
[2026-07-12 15:33:43] [CAM] 摄像头捕获器已释放
[2026-07-12 15:33:43] [CAM] 摄像头未检测到，等待重连...
[2026-07-12 15:33:43] [CAM] 摄像头捕获器已释放
[2026-07-12 15:33:43] [CAM] 摄像头未检测到，等待重连...
[2026-07-12 15:33:44] [CAM] 摄像头捕获器已释放
[2026-07-12 15:33:44] [CAM] 摄像头未检测到，等待重连...
[2026-07-12 15:33:44] [CAM] 摄像头捕获器已释放
[2026-07-12 15:33:44] [CAM] 摄像头未检测到，等待重连...
[2026-07-12 15:33:45] [CAM] 摄像头捕获器已释放
[2026-07-12 15:33:45] [CAM] 摄像头未检测到，等待重连...
[2026-07-12 15:33:45] [CAM] 摄像头捕获器已释放
[2026-07-12 15:33:45] [CAM] 摄像头未检测到，等待重连...
[2026-07-12 15:33:46] [CAM] 摄像头捕获器已释放
[2026-07-12 15:33:46] [CAM] 摄像头未检测到，等待重连...
[2026-07-12 15:33:46] [CAM] 摄像头捕获器已释放
[2026-07-12 15:33:46] [CAM] 摄像头未检测到，等待重连...
[2026-07-12 15:33:47] [CAM] 摄像头捕获器已释放
[2026-07-12 15:33:47] [CAM] 摄像头未检测到，等待重连...
[2026-07-12 15:33:47] [CAM] 摄像头捕获器已释放
[2026-07-12 15:33:47] [CAM] 摄像头未检测到，等待重连...
[2026-07-12 15:33:48] [CAM] 摄像头捕获器已释放
[2026-07-12 15:33:48] [CAM] 摄像头未检测到，等待重连...
[2026-07-12 15:33:48] [CAM] 摄像头捕获器已释放
[2026-07-12 15:33:48] [CAM] 摄像头未检测到，等待重连...
[2026-07-12 15:33:49] [CAM] 摄像头捕获器已释放
[2026-07-12 15:33:49] [CAM] 摄像头未检测到，等待重连...
[2026-07-12 15:33:49] [CAM] 摄像头捕获器已释放
[2026-07-12 15:33:49] [CAM] 摄像头未检测到，等待重连...
[2026-07-12 15:33:50] [CAM] 摄像头捕获器已释放
[2026-07-12 15:33:50] [CAM] 摄像头未检测到，等待重连...
[2026-07-12 15:33:50] [CAM] 摄像头捕获器已释放
[2026-07-12 15:33:50] [CAM] 摄像头未检测到，等待重连...
[2026-07-12 15:33:51] [CAM] 摄像头捕获器已释放
[2026-07-12 15:33:51] [CAM] 摄像头未检测到，等待重连...
[2026-07-12 15:33:51] [CAM] 摄像头捕获器已释放
[2026-07-12 15:33:51] [CAM] 摄像头未检测到，等待重连...
[2026-07-12 15:33:52] [CAM] 摄像头捕获器已释放
[2026-07-12 15:33:52] [CAM] 摄像头未检测到，等待重连...
[2026-07-12 15:33:52] [CAM] 摄像头捕获器已释放
[2026-07-12 15:33:52] [CAM] 摄像头未检测到，等待重连...
[2026-07-12 15:33:53] [CAM] 摄像头捕获器已释放
[2026-07-12 15:33:53] [CAM] 摄像头未检测到，等待重连...
[2026-07-12 15:33:53] [CAM] 摄像头捕获器已释放
[2026-07-12 15:33:53] [CAM] 摄像头未检测到，等待重连...
[2026-07-12 15:33:54] [CAM] 摄像头捕获器已释放
[2026-07-12 15:33:54] [CAM] 摄像头未检测到，等待重连...
[2026-07-12 15:33:54] [CAM] 摄像头捕获器已释放
[2026-07-12 15:33:54] [CAM] 摄像头未检测到，等待重连...
[2026-07-12 15:33:55] [CAM] 摄像头捕获器已释放
[2026-07-12 15:33:55] [CAM] 摄像头未检测到，等待重连...
[2026-07-12 15:33:55] [CAM] 摄像头捕获器已释放
[2026-07-12 15:33:55] [CAM] 摄像头未检测到，等待重连...
[2026-07-12 15:33:56] [CAM] 摄像头捕获器已释放
[2026-07-12 15:33:56] [CAM] 摄像头未检测到，等待重连...
[2026-07-12 15:33:56] [CAM] 摄像头捕获器已释放
[2026-07-12 15:33:56] [CAM] 摄像头未检测到，等待重连...
[2026-07-12 15:33:57] [CAM] 摄像头捕获器已释放
[2026-07-12 15:33:57] [CAM] 摄像头未检测到，等待重连...
[2026-07-12 15:33:57] [CAM] 摄像头捕获器已释放
[2026-07-12 15:33:57] [CAM] 摄像头未检测到，等待重连...
[2026-07-12 15:33:58] [CAM] 摄像头捕获器已释放
[2026-07-12 15:33:58] [CAM] 摄像头未检测到，等待重连...
[2026-07-12 15:33:58] [CAM] 摄像头捕获器已释放
[2026-07-12 15:33:58] [CAM] 摄像头未检测到，等待重连...
[2026-07-12 15:33:59] [CAM] 摄像头捕获器已释放
[2026-07-12 15:33:59] [CAM] 摄像头未检测到，等待重连...
[2026-07-12 15:33:59] [CAM] 摄像头捕获器已释放
[2026-07-12 15:33:59] [CAM] 摄像头未检测到，等待重连...
[2026-07-12 15:34:00] [CAM] 摄像头捕获器已释放
[2026-07-12 15:34:00] [CAM] 摄像头未检测到，等待重连...
[2026-07-12 15:34:00] [CAM] 摄像头捕获器已释放
[2026-07-12 15:34:00] [CAM] 摄像头未检测到，等待重连...
[2026-07-12 15:34:01] [CAM] 摄像头捕获器已释放
[2026-07-12 15:34:01] [CAM] 摄像头未检测到，等待重连...
[2026-07-12 15:34:01] [CAM] 摄像头捕获器已释放
[2026-07-12 15:34:01] [CAM] 摄像头未检测到，等待重连...
[2026-07-12 15:34:02] [CAM] 摄像头捕获器已释放
[2026-07-12 15:34:02] [CAM] 摄像头未检测到，等待重连...
[2026-07-12 15:34:02] [CAM] 摄像头捕获器已释放
[2026-07-12 15:34:02] [CAM] 摄像头未检测到，等待重连...
[2026-07-12 15:34:03] [CAM] 摄像头捕获器已释放
[2026-07-12 15:34:03] [CAM] 摄像头未检测到，等待重连...
[2026-07-12 15:34:03] [CAM] 摄像头捕获器已释放
[2026-07-12 15:34:03] [CAM] 摄像头未检测到，等待重连...
[2026-07-12 15:34:04] [CAM] 摄像头捕获器已释放
[2026-07-12 15:34:04] [CAM] 摄像头未检测到，等待重连...
[2026-07-12 15:34:04] [CAM] 摄像头捕获器已释放
[2026-07-12 15:34:04] [CAM] 摄像头未检测到，等待重连...
[2026-07-12 15:34:05] [CAM] 摄像头捕获器已释放
[2026-07-12 15:34:05] [CAM] 摄像头未检测到，等待重连...
[2026-07-12 15:34:05] [CAM] 摄像头捕获器已释放
[2026-07-12 15:34:05] [CAM] 摄像头未检测到，等待重连...
[2026-07-12 15:34:06] [CAM] 摄像头捕获器已释放
[2026-07-12 15:34:06] [CAM] 摄像头未检测到，等待重连...
[2026-07-12 15:34:06] [CAM] 摄像头捕获器已释放
[2026-07-12 15:34:06] [CAM] 摄像头未检测到，等待重连...
[2026-07-12 15:34:07] [CAM] 摄像头捕获器已释放
[2026-07-12 15:34:07] [CAM] 摄像头未检测到，等待重连...
[2026-07-12 15:34:07] [CAM] 摄像头捕获器已释放
[2026-07-12 15:34:07] [CAM] 摄像头未检测到，等待重连...
[2026-07-12 15:34:08] [CAM] 摄像头捕获器已释放
[2026-07-12 15:34:08] [CAM] 摄像头未检测到，等待重连...
[2026-07-12 15:34:08] [CAM] 摄像头捕获器已释放
[2026-07-12 15:34:08] [CAM] 摄像头未检测到，等待重连...
[2026-07-12 15:34:09] [CAM] 摄像头捕获器已释放
[2026-07-12 15:34:09] [CAM] 摄像头未检测到，等待重连...
[2026-07-12 15:34:09] [CAM] 摄像头捕获器已释放
[2026-07-12 15:34:09] [CAM] 摄像头未检测到，等待重连...
[2026-07-12 15:34:10] [CAM] 摄像头捕获器已释放
[2026-07-12 15:34:10] [CAM] 摄像头未检测到，等待重连...
[2026-07-12 15:34:10] [CAM] 摄像头捕获器已释放
[2026-07-12 15:34:10] [CAM] 摄像头未检测到，等待重连...
[2026-07-12 15:34:11] [CAM] 摄像头捕获器已释放
[2026-07-12 15:34:11] [CAM] 摄像头未检测到，等待重连...
[2026-07-12 15:34:11] [CAM] 摄像头捕获器已释放
[2026-07-12 15:34:11] [CAM] 摄像头未检测到，等待重连...
[2026-07-12 15:34:12] [CAM] 摄像头捕获器已释放
[2026-07-12 15:34:12] [CAM] 摄像头未检测到，等待重连...
[2026-07-12 15:34:12] [CAM] 摄像头捕获器已释放
[2026-07-12 15:34:12] [CAM] 摄像头未检测到，等待重连...
[2026-07-12 15:34:13] [CAM] 摄像头捕获器已释放
[2026-07-12 15:34:13] [CAM] 摄像头未检测到，等待重连...
[2026-07-12 15:34:13] [CAM] 摄像头捕获器已释放
[2026-07-12 15:34:13] [CAM] 摄像头未检测到，等待重连...
[2026-07-12 15:34:14] [CAM] 摄像头捕获器已释放
[2026-07-12 15:34:14] [CAM] 摄像头未检测到，等待重连...
[2026-07-12 15:34:14] [CAM] 摄像头捕获器已释放
[2026-07-12 15:34:14] [CAM] 摄像头未检测到，等待重连...
[2026-07-12 15:34:15] [CAM] 摄像头捕获器已释放
[2026-07-12 15:34:15] [CAM] 摄像头未检测到，等待重连...
[2026-07-12 15:34:15] [CAM] 摄像头捕获器已释放
[2026-07-12 15:34:15] [CAM] 摄像头未检测到，等待重连...
[2026-07-12 15:34:16] [CAM] 摄像头捕获器已释放
[2026-07-12 15:34:16] [CAM] 摄像头未检测到，等待重连...
[2026-07-12 15:34:16] [CAM] 摄像头捕获器已释放
[2026-07-12 15:34:16] [CAM] 摄像头未检测到，等待重连...
[2026-07-12 15:34:17] [CAM] 摄像头捕获器已释放
[2026-07-12 15:34:17] [CAM] 摄像头未检测到，等待重连...
[2026-07-12 15:34:17] [CAM] 摄像头捕获器已释放
[2026-07-12 15:34:17] [CAM] 摄像头未检测到，等待重连...
[2026-07-12 15:34:18] [CAM] 摄像头捕获器已释放
[2026-07-12 15:34:18] [CAM] 摄像头未检测到，等待重连...
[2026-07-12 15:34:18] [CAM] 摄像头捕获器已释放
[2026-07-12 15:34:18] [CAM] 摄像头未检测到，等待重连...
[2026-07-12 15:34:19] [CAM] 摄像头捕获器已释放
[2026-07-12 15:34:19] [CAM] 摄像头未检测到，等待重连...
[2026-07-12 15:34:19] [CAM] 摄像头捕获器已释放
[2026-07-12 15:34:19] [CAM] 摄像头未检测到，等待重连...
[2026-07-12 15:34:20] [CAM] 摄像头捕获器已释放
[2026-07-12 15:34:20] [CAM] 摄像头未检测到，等待重连...
[2026-07-12 15:34:20] [CAM] 摄像头捕获器已释放
[2026-07-12 15:34:20] [CAM] 摄像头未检测到，等待重连...
[2026-07-12 15:34:21] [CAM] 摄像头捕获器已释放
[2026-07-12 15:34:21] [CAM] 摄像头未检测到，等待重连...
[2026-07-12 15:34:21] [CAM] 摄像头捕获器已释放
[2026-07-12 15:34:21] [CAM] 摄像头未检测到，等待重连...
[2026-07-12 15:34:22] [CAM] 摄像头捕获器已释放
[2026-07-12 15:34:22] [CAM] 摄像头未检测到，等待重连...
[2026-07-12 15:34:22] [CAM] 摄像头捕获器已释放
[2026-07-12 15:34:22] [CAM] 摄像头未检测到，等待重连...
[2026-07-12 15:34:23] [CAM] 摄像头捕获器已释放
[2026-07-12 15:34:23] [CAM] 摄像头未检测到，等待重连...
[2026-07-12 15:34:23] [CAM] 摄像头捕获器已释放
[2026-07-12 15:34:23] [CAM] 摄像头未检测到，等待重连...
[2026-07-12 15:34:24] [CAM] 摄像头捕获器已释放
[2026-07-12 15:34:24] [CAM] 摄像头未检测到，等待重连...
[2026-07-12 15:34:24] [CAM] 摄像头捕获器已释放
[2026-07-12 15:34:24] [CAM] 摄像头未检测到，等待重连...
[2026-07-12 15:34:25] [CAM] 摄像头捕获器已释放
[2026-07-12 15:34:25] [CAM] 摄像头未检测到，等待重连...
[2026-07-12 15:34:25] [CAM] 摄像头捕获器已释放
[2026-07-12 15:34:25] [CAM] 摄像头未检测到，等待重连...
[2026-07-12 15:34:26] [CAM] 摄像头捕获器已释放
[2026-07-12 15:34:26] [CAM] 摄像头未检测到，等待重连...
[2026-07-12 15:34:26] [CAM] 摄像头捕获器已释放
[2026-07-12 15:34:26] [CAM] 摄像头未检测到，等待重连...
[2026-07-12 15:34:27] [CAM] 摄像头捕获器已释放
[2026-07-12 15:34:27] [CAM] 摄像头未检测到，等待重连...
[2026-07-12 15:34:27] [CAM] 摄像头捕获器已释放
[2026-07-12 15:34:27] [CAM] 摄像头未检测到，等待重连...
[2026-07-12 15:34:28] [CAM] 摄像头捕获器已释放
[2026-07-12 15:34:28] [CAM] 摄像头未检测到，等待重连...
[2026-07-12 15:34:28] [CAM] 摄像头捕获器已释放
[2026-07-12 15:34:28] [CAM] 摄像头未检测到，等待重连...
[2026-07-12 15:34:29] [CAM] 摄像头捕获器已释放
[2026-07-12 15:34:29] [CAM] 摄像头未检测到，等待重连...
[2026-07-12 15:34:29] [CAM] 摄像头捕获器已释放
[2026-07-12 15:34:29] [CAM] 摄像头未检测到，等待重连...
[2026-07-12 15:34:30] [CAM] 摄像头捕获器已释放
[2026-07-12 15:34:30] [CAM] 摄像头未检测到，等待重连...
[2026-07-12 15:34:30] [CAM] 摄像头捕获器已释放
[2026-07-12 15:34:30] [CAM] 摄像头未检测到，等待重连...
[2026-07-12 15:34:31] [CAM] 摄像头捕获器已释放
[2026-07-12 15:34:31] [CAM] 摄像头未检测到，等待重连...
[2026-07-12 15:34:31] [CAM] 摄像头捕获器已释放
[2026-07-12 15:34:31] [CAM] 摄像头未检测到，等待重连...
[2026-07-12 15:34:32] [CAM] 摄像头捕获器已释放
[2026-07-12 15:34:32] [CAM] 摄像头未检测到，等待重连...
[2026-07-12 15:34:32] [CAM] 摄像头捕获器已释放
[2026-07-12 15:34:32] [CAM] 摄像头未检测到，等待重连...
[2026-07-12 15:34:33] [CAM] 摄像头捕获器已释放
[2026-07-12 15:34:33] [CAM] 摄像头未检测到，等待重连...
[2026-07-12 15:34:33] [CAM] 摄像头捕获器已释放
[2026-07-12 15:34:33] [CAM] 摄像头未检测到，等待重连...
[2026-07-12 15:34:34] [CAM] 摄像头捕获器已释放
[2026-07-12 15:34:34] [CAM] 摄像头未检测到，等待重连...
[2026-07-12 15:34:34] [CAM] 摄像头捕获器已释放
[2026-07-12 15:34:34] [CAM] 摄像头未检测到，等待重连...
[2026-07-12 15:34:35] [CAM] 摄像头捕获器已释放
[2026-07-12 15:34:35] [CAM] 摄像头未检测到，等待重连...
[2026-07-12 15:34:35] [CAM] 摄像头捕获器已释放
[2026-07-12 15:34:35] [CAM] 摄像头未检测到，等待重连...
[2026-07-12 15:34:36] [CAM] 摄像头捕获器已释放
[2026-07-12 15:34:36] [CAM] 摄像头未检测到，等待重连...
[2026-07-12 15:34:36] [CAM] 摄像头捕获器已释放
[2026-07-12 15:34:36] [CAM] 摄像头未检测到，等待重连...
[2026-07-12 15:34:37] [CAM] 摄像头捕获器已释放
[2026-07-12 15:34:37] [CAM] 摄像头未检测到，等待重连...
[2026-07-12 15:34:37] [CAM] 摄像头捕获器已释放
[2026-07-12 15:34:37] [CAM] 摄像头未检测到，等待重连...
[2026-07-12 15:34:38] [CAM] 摄像头捕获器已释放
[2026-07-12 15:34:38] [CAM] 摄像头未检测到，等待重连...
[2026-07-12 15:34:38] [CAM] 摄像头捕获器已释放
[2026-07-12 15:34:38] [CAM] 摄像头未检测到，等待重连...
[2026-07-12 15:34:38] [INFO] 程序收到关闭信号，开始安全退出流程
[2026-07-12 15:34:39] [SENSOR] RS485采集线程已停止
[2026-07-12 15:34:39] [CAM] 摄像头捕获器已释放
[2026-07-12 15:34:39] [INFO] 摄像头采集线程正常退出
[2026-07-12 15:34:39] [INFO] 程序正常退出
[2026-07-12 15:34:39] [INFO] 程序结束，退出码:0
[2026-07-12 15:52:31] [INFO] ========== 幼儿园AI安全卫士程序启动 ==========
[2026-07-12 15:52:31] [INFO] 主程序窗口初始化完成
[2026-07-12 15:52:31] [SENSOR] RS485传感器采集线程已启动，串口：/dev/ttyUSB0
[2026-07-12 15:52:31] [INFO] AI环境模拟线程启动
[2026-07-12 15:52:31] [INFO] 摄像头采集线程启动
[2026-07-12 15:52:31] [CAM] 摄像头未检测到，等待重连...
[2026-07-12 15:52:31] [ERROR] 程序异常崩溃：AttributeError("'VoicePlayer' object has no attribute 'start_ok'")
[2026-07-12 15:52:49] [INFO] ========== 幼儿园AI安全卫士程序启动 ==========
[2026-07-12 15:52:49] [INFO] 主程序窗口初始化完成
[2026-07-12 15:52:49] [SENSOR] RS485传感器采集线程已启动，串口：/dev/ttyUSB0
[2026-07-12 15:52:49] [INFO] AI环境模拟线程启动
[2026-07-12 15:52:49] [INFO] 摄像头采集线程启动
[2026-07-12 15:52:50] [CAM] 摄像头未检测到，等待重连...
[2026-07-12 15:52:50] [SENSOR] 开机未检测到温湿度传感器，延时播报
[2026-07-12 15:52:52] [CAM] 摄像头捕获器已释放
[2026-07-12 15:52:52] [CAM] 摄像头未检测到，等待重连...
[2026-07-12 15:52:53] [CAM] 摄像头捕获器已释放
[2026-07-12 15:52:53] [CAM] 摄像头未检测到，等待重连...
[2026-07-12 15:52:53] [MIC] 开机未检测到USB麦克风，延时播报
[2026-07-12 15:52:53] [CAM] 摄像头捕获器已释放
[2026-07-12 15:52:53] [CAM] 摄像头未检测到，等待重连...
[2026-07-12 15:52:54] [CAM] 摄像头捕获器已释放
[2026-07-12 15:52:54] [CAM] 摄像头未检测到，等待重连...
[2026-07-12 15:52:54] [NET] 网络已恢复连通
[2026-07-12 15:52:54] [CAM] 摄像头捕获器已释放
[2026-07-12 15:52:54] [CAM] 摄像头未检测到，等待重连...
[2026-07-12 15:52:55] [CAM] 摄像头捕获器已释放
[2026-07-12 15:52:55] [CAM] 摄像头未检测到，等待重连...
[2026-07-12 15:52:55] [CAM] 摄像头捕获器已释放
[2026-07-12 15:52:55] [CAM] 摄像头未检测到，等待重连...
[2026-07-12 15:52:56] [CAM] 摄像头捕获器已释放
[2026-07-12 15:52:56] [CAM] 摄像头未检测到，等待重连...
[2026-07-12 15:52:56] [CAM] 摄像头捕获器已释放
[2026-07-12 15:52:56] [CAM] 摄像头未检测到，等待重连...
[2026-07-12 15:52:57] [CAM] 摄像头捕获器已释放
[2026-07-12 15:52:57] [CAM] 摄像头未检测到，等待重连...
[2026-07-12 15:52:57] [CAM] 摄像头捕获器已释放
[2026-07-12 15:52:57] [CAM] 摄像头未检测到，等待重连...
[2026-07-12 15:52:58] [CAM] 摄像头捕获器已释放
[2026-07-12 15:52:58] [CAM] 摄像头未检测到，等待重连...
[2026-07-12 15:52:58] [CAM] 摄像头捕获器已释放
[2026-07-12 15:52:58] [CAM] 摄像头未检测到，等待重连...
[2026-07-12 15:52:59] [CAM] 摄像头捕获器已释放
[2026-07-12 15:52:59] [CAM] 摄像头未检测到，等待重连...
[2026-07-12 15:52:59] [CAM] 摄像头捕获器已释放
[2026-07-12 15:52:59] [CAM] 摄像头未检测到，等待重连...
[2026-07-12 15:53:00] [CAM] 摄像头捕获器已释放
[2026-07-12 15:53:00] [CAM] 摄像头未检测到，等待重连...
[2026-07-12 15:53:00] [CAM] 摄像头捕获器已释放
[2026-07-12 15:53:00] [CAM] 摄像头未检测到，等待重连...
[2026-07-12 15:53:01] [CAM] 摄像头捕获器已释放
[2026-07-12 15:53:01] [CAM] 摄像头未检测到，等待重连...
[2026-07-12 15:53:01] [CAM] 摄像头捕获器已释放
[2026-07-12 15:53:01] [CAM] 摄像头未检测到，等待重连...
[2026-07-12 15:53:02] [CAM] 摄像头捕获器已释放
[2026-07-12 15:53:02] [CAM] 摄像头未检测到，等待重连...
[2026-07-12 15:53:02] [CAM] 摄像头捕获器已释放
[2026-07-12 15:53:02] [CAM] 摄像头未检测到，等待重连...
[2026-07-12 15:53:03] [CAM] 摄像头捕获器已释放
[2026-07-12 15:53:03] [CAM] 摄像头未检测到，等待重连...
[2026-07-12 15:53:03] [CAM] 摄像头捕获器已释放
[2026-07-12 15:53:03] [CAM] 摄像头未检测到，等待重连...
[2026-07-12 15:53:04] [CAM] 摄像头捕获器已释放
[2026-07-12 15:53:04] [CAM] 摄像头未检测到，等待重连...
[2026-07-12 15:53:04] [CAM] 摄像头捕获器已释放
[2026-07-12 15:53:04] [CAM] 摄像头未检测到，等待重连...
[2026-07-12 15:53:05] [CAM] 摄像头捕获器已释放
[2026-07-12 15:53:05] [CAM] 摄像头未检测到，等待重连...
[2026-07-12 15:53:05] [CAM] 摄像头捕获器已释放
[2026-07-12 15:53:05] [CAM] 摄像头未检测到，等待重连...
[2026-07-12 15:53:06] [CAM] 摄像头捕获器已释放
[2026-07-12 15:53:06] [CAM] 摄像头未检测到，等待重连...
[2026-07-12 15:53:06] [CAM] 摄像头捕获器已释放
[2026-07-12 15:53:06] [CAM] 摄像头未检测到，等待重连...
[2026-07-12 15:53:07] [CAM] 摄像头捕获器已释放
[2026-07-12 15:53:07] [CAM] 摄像头未检测到，等待重连...
[2026-07-12 15:53:07] [CAM] 摄像头捕获器已释放
[2026-07-12 15:53:07] [CAM] 摄像头未检测到，等待重连...
[2026-07-12 15:53:08] [CAM] 摄像头捕获器已释放
[2026-07-12 15:53:08] [CAM] 摄像头未检测到，等待重连...
[2026-07-12 15:53:08] [CAM] 摄像头捕获器已释放
[2026-07-12 15:53:08] [CAM] 摄像头未检测到，等待重连...
[2026-07-12 15:53:09] [CAM] 摄像头捕获器已释放
[2026-07-12 15:53:09] [CAM] 摄像头未检测到，等待重连...
[2026-07-12 15:53:09] [CAM] 摄像头捕获器已释放
[2026-07-12 15:53:09] [CAM] 摄像头未检测到，等待重连...
[2026-07-12 15:53:10] [CAM] 摄像头捕获器已释放
[2026-07-12 15:53:10] [CAM] 摄像头未检测到，等待重连...
[2026-07-12 15:53:10] [CAM] 摄像头捕获器已释放
[2026-07-12 15:53:10] [CAM] 摄像头未检测到，等待重连...
[2026-07-12 15:53:11] [CAM] 摄像头捕获器已释放
[2026-07-12 15:53:11] [CAM] 摄像头未检测到，等待重连...
[2026-07-12 15:53:11] [CAM] 摄像头捕获器已释放
[2026-07-12 15:53:11] [CAM] 摄像头未检测到，等待重连...
[2026-07-12 15:53:12] [CAM] 摄像头捕获器已释放
[2026-07-12 15:53:12] [CAM] 摄像头未检测到，等待重连...
[2026-07-12 15:53:12] [CAM] 摄像头捕获器已释放
[2026-07-12 15:53:12] [CAM] 摄像头未检测到，等待重连...
[2026-07-12 15:53:13] [CAM] 摄像头捕获器已释放
[2026-07-12 15:53:13] [CAM] 摄像头未检测到，等待重连...
[2026-07-12 15:53:13] [CAM] 摄像头捕获器已释放
[2026-07-12 15:53:13] [CAM] 摄像头未检测到，等待重连...
[2026-07-12 15:53:14] [CAM] 摄像头捕获器已释放
[2026-07-12 15:53:14] [CAM] 摄像头未检测到，等待重连...
[2026-07-12 15:53:14] [CAM] 摄像头捕获器已释放
[2026-07-12 15:53:14] [CAM] 摄像头未检测到，等待重连...
[2026-07-12 15:53:14] [WARN] 手动抓拍失败：摄像头未就绪
[2026-07-12 15:53:15] [CAM] 摄像头捕获器已释放
[2026-07-12 15:53:15] [CAM] 摄像头未检测到，等待重连...
[2026-07-12 15:53:15] [CAM] 摄像头捕获器已释放
[2026-07-12 15:53:15] [CAM] 摄像头未检测到，等待重连...
[2026-07-12 15:53:16] [CAM] 摄像头捕获器已释放
[2026-07-12 15:53:16] [CAM] 摄像头未检测到，等待重连...
[2026-07-12 15:53:16] [CAM] 摄像头捕获器已释放
[2026-07-12 15:53:16] [CAM] 摄像头未检测到，等待重连...
[2026-07-12 15:53:17] [CAM] 摄像头捕获器已释放
[2026-07-12 15:53:17] [CAM] 摄像头未检测到，等待重连...
[2026-07-12 15:53:17] [CAM] 摄像头捕获器已释放
[2026-07-12 15:53:17] [CAM] 摄像头未检测到，等待重连...
[2026-07-12 15:53:18] [CAM] 摄像头捕获器已释放
[2026-07-12 15:53:18] [CAM] 摄像头未检测到，等待重连...
[2026-07-12 15:53:18] [CAM] 摄像头捕获器已释放
[2026-07-12 15:53:18] [CAM] 摄像头未检测到，等待重连...
[2026-07-12 15:53:18] [INFO] 切换运行模式: 课堂模式 场景:中四班
[2026-07-12 15:53:19] [CAM] 摄像头捕获器已释放
[2026-07-12 15:53:19] [CAM] 摄像头未检测到，等待重连...
[2026-07-12 15:53:19] [CAM] 摄像头捕获器已释放
[2026-07-12 15:53:19] [CAM] 摄像头未检测到，等待重连...
[2026-07-12 15:53:19] [INFO] 切换运行模式: 午睡模式 场景:一楼左侧睡眠室
[2026-07-12 15:53:20] [CAM] 摄像头捕获器已释放
[2026-07-12 15:53:20] [CAM] 摄像头未检测到，等待重连...
[2026-07-12 15:53:20] [CAM] 摄像头捕获器已释放
[2026-07-12 15:53:20] [CAM] 摄像头未检测到，等待重连...
[2026-07-12 15:53:20] [INFO] 切换运行模式: 公共巡查模式 场景:公共过道
[2026-07-12 15:53:21] [CAM] 摄像头捕获器已释放
[2026-07-12 15:53:21] [CAM] 摄像头未检测到，等待重连...
[2026-07-12 15:53:21] [INFO] 切换运行模式: 课堂模式 场景:中四班
[2026-07-12 15:53:21] [CAM] 摄像头捕获器已释放
[2026-07-12 15:53:21] [CAM] 摄像头未检测到，等待重连...
[2026-07-12 15:53:22] [CAM] 摄像头捕获器已释放
[2026-07-12 15:53:22] [CAM] 摄像头未检测到，等待重连...
[2026-07-12 15:53:22] [CAM] 摄像头捕获器已释放
[2026-07-12 15:53:22] [CAM] 摄像头未检测到，等待重连...
[2026-07-12 15:53:22] [INFO] 程序收到关闭信号，开始安全退出流程
[2026-07-12 15:53:23] [CAM] 摄像头捕获器已释放
[2026-07-12 15:53:23] [CAM] 摄像头未检测到，等待重连...
[2026-07-12 15:53:23] [SENSOR] RS485采集线程已停止
[2026-07-12 15:53:23] [CAM] 摄像头捕获器已释放
[2026-07-12 15:53:23] [INFO] 摄像头采集线程正常退出
[2026-07-12 15:53:23] [INFO] 程序正常退出
[2026-07-12 15:53:23] [INFO] 程序结束，退出码:0
[2026-07-12 16:00:15] [INFO] ========== 幼儿园AI安全卫士程序启动 ==========
[2026-07-12 16:00:15] [INFO] 主程序窗口初始化完成
[2026-07-12 16:00:15] [SENSOR] RS485传感器采集线程已启动，串口：/dev/ttyUSB0
[2026-07-12 16:00:15] [INFO] AI环境模拟线程启动
[2026-07-12 16:00:15] [INFO] 摄像头采集线程启动
[2026-07-12 16:00:15] [CAM] 摄像头未检测到，等待重连...
[2026-07-12 16:00:15] [SENSOR] 开机未检测到温湿度传感器，延时播报
[2026-07-12 16:00:17] [NET] 网络已恢复连通
[2026-07-12 16:00:17] [MIC] 开机未检测到USB麦克风，延时播报
[2026-07-12 16:00:18] [CAM] 摄像头捕获器已释放
[2026-07-12 16:00:18] [CAM] 摄像头未检测到，等待重连...
[2026-07-12 16:00:18] [CAM] 摄像头捕获器已释放
[2026-07-12 16:00:18] [CAM] 摄像头未检测到，等待重连...
[2026-07-12 16:00:19] [CAM] 摄像头捕获器已释放
[2026-07-12 16:00:19] [CAM] 摄像头未检测到，等待重连...
[2026-07-12 16:00:19] [CAM] 摄像头捕获器已释放
[2026-07-12 16:00:19] [CAM] 摄像头未检测到，等待重连...
[2026-07-12 16:00:20] [CAM] 摄像头捕获器已释放
[2026-07-12 16:00:20] [CAM] 摄像头未检测到，等待重连...
[2026-07-12 16:00:20] [CAM] 摄像头捕获器已释放
[2026-07-12 16:00:20] [CAM] 摄像头未检测到，等待重连...
[2026-07-12 16:00:21] [CAM] 摄像头捕获器已释放
[2026-07-12 16:00:21] [CAM] 摄像头未检测到，等待重连...
[2026-07-12 16:00:21] [CAM] 摄像头捕获器已释放
[2026-07-12 16:00:21] [CAM] 摄像头未检测到，等待重连...
[2026-07-12 16:00:22] [CAM] 摄像头捕获器已释放
[2026-07-12 16:00:22] [CAM] 摄像头未检测到，等待重连...
[2026-07-12 16:00:22] [CAM] 摄像头捕获器已释放
[2026-07-12 16:00:22] [CAM] 摄像头未检测到，等待重连...
[2026-07-12 16:00:23] [CAM] 摄像头捕获器已释放
[2026-07-12 16:00:23] [CAM] 摄像头未检测到，等待重连...
[2026-07-12 16:00:23] [CAM] 摄像头捕获器已释放
[2026-07-12 16:00:23] [CAM] 摄像头未检测到，等待重连...
[2026-07-12 16:00:24] [CAM] 摄像头捕获器已释放
[2026-07-12 16:00:24] [CAM] 摄像头未检测到，等待重连...
[2026-07-12 16:00:24] [CAM] 摄像头捕获器已释放
[2026-07-12 16:00:24] [CAM] 摄像头未检测到，等待重连...
[2026-07-12 16:00:25] [CAM] 摄像头捕获器已释放
[2026-07-12 16:00:25] [CAM] 摄像头未检测到，等待重连...
[2026-07-12 16:00:25] [CAM] 摄像头捕获器已释放
[2026-07-12 16:00:25] [CAM] 摄像头未检测到，等待重连...
[2026-07-12 16:00:26] [CAM] 摄像头捕获器已释放
[2026-07-12 16:00:26] [CAM] 摄像头未检测到，等待重连...
[2026-07-12 16:00:26] [CAM] 摄像头捕获器已释放
[2026-07-12 16:00:26] [CAM] 摄像头未检测到，等待重连...
[2026-07-12 16:00:27] [CAM] 摄像头捕获器已释放
[2026-07-12 16:00:27] [CAM] 摄像头未检测到，等待重连...
[2026-07-12 16:00:27] [CAM] 摄像头捕获器已释放
[2026-07-12 16:00:27] [CAM] 摄像头未检测到，等待重连...
[2026-07-12 16:00:28] [CAM] 摄像头捕获器已释放
[2026-07-12 16:00:28] [CAM] 摄像头未检测到，等待重连...
[2026-07-12 16:00:28] [CAM] 摄像头捕获器已释放
[2026-07-12 16:00:28] [CAM] 摄像头未检测到，等待重连...
[2026-07-12 16:00:29] [CAM] 摄像头捕获器已释放
[2026-07-12 16:00:29] [CAM] 摄像头未检测到，等待重连...
[2026-07-12 16:00:29] [CAM] 摄像头捕获器已释放
[2026-07-12 16:00:29] [CAM] 摄像头未检测到，等待重连...
[2026-07-12 16:00:30] [CAM] 摄像头捕获器已释放
[2026-07-12 16:00:30] [CAM] 摄像头未检测到，等待重连...
[2026-07-12 16:00:30] [CAM] 摄像头捕获器已释放
[2026-07-12 16:00:30] [CAM] 摄像头未检测到，等待重连...
[2026-07-12 16:00:31] [CAM] 摄像头捕获器已释放
[2026-07-12 16:00:31] [CAM] 摄像头未检测到，等待重连...
[2026-07-12 16:00:31] [CAM] 摄像头捕获器已释放
[2026-07-12 16:00:31] [CAM] 摄像头未检测到，等待重连...
[2026-07-12 16:00:32] [CAM] 摄像头捕获器已释放
[2026-07-12 16:00:32] [CAM] 摄像头未检测到，等待重连...
[2026-07-12 16:00:32] [CAM] 摄像头捕获器已释放
[2026-07-12 16:00:32] [CAM] 摄像头未检测到，等待重连...
[2026-07-12 16:00:33] [CAM] 摄像头捕获器已释放
[2026-07-12 16:00:33] [CAM] 摄像头未检测到，等待重连...
[2026-07-12 16:00:33] [CAM] 摄像头捕获器已释放
[2026-07-12 16:00:33] [CAM] 摄像头未检测到，等待重连...
[2026-07-12 16:00:34] [CAM] 摄像头捕获器已释放
[2026-07-12 16:00:34] [CAM] 摄像头未检测到，等待重连...
[2026-07-12 16:00:34] [CAM] 摄像头捕获器已释放
[2026-07-12 16:00:34] [CAM] 摄像头未检测到，等待重连...
[2026-07-12 16:00:35] [CAM] 摄像头捕获器已释放
[2026-07-12 16:00:35] [CAM] 摄像头未检测到，等待重连...
[2026-07-12 16:00:35] [CAM] 摄像头捕获器已释放
[2026-07-12 16:00:35] [CAM] 摄像头未检测到，等待重连...
[2026-07-12 16:00:36] [CAM] 摄像头捕获器已释放
[2026-07-12 16:00:36] [CAM] 摄像头未检测到，等待重连...
[2026-07-12 16:00:36] [CAM] 摄像头捕获器已释放
[2026-07-12 16:00:36] [CAM] 摄像头未检测到，等待重连...
[2026-07-12 16:00:37] [CAM] 摄像头捕获器已释放
[2026-07-12 16:00:37] [CAM] 摄像头未检测到，等待重连...
[2026-07-12 16:00:37] [CAM] 摄像头捕获器已释放
[2026-07-12 16:00:37] [CAM] 摄像头未检测到，等待重连...
[2026-07-12 16:00:38] [CAM] 摄像头捕获器已释放
[2026-07-12 16:00:38] [CAM] 摄像头未检测到，等待重连...
[2026-07-12 16:00:38] [CAM] 摄像头捕获器已释放
[2026-07-12 16:00:38] [CAM] 摄像头未检测到，等待重连...
[2026-07-12 16:00:39] [CAM] 摄像头捕获器已释放
[2026-07-12 16:00:39] [CAM] 摄像头未检测到，等待重连...
[2026-07-12 16:00:39] [CAM] 摄像头捕获器已释放
[2026-07-12 16:00:39] [CAM] 摄像头未检测到，等待重连...
[2026-07-12 16:00:40] [CAM] 摄像头捕获器已释放
[2026-07-12 16:00:40] [CAM] 摄像头未检测到，等待重连...
[2026-07-12 16:00:40] [CAM] 摄像头捕获器已释放
[2026-07-12 16:00:40] [CAM] 摄像头未检测到，等待重连...
[2026-07-12 16:00:41] [CAM] 摄像头捕获器已释放
[2026-07-12 16:00:41] [CAM] 摄像头未检测到，等待重连...
[2026-07-12 16:00:41] [CAM] 摄像头捕获器已释放
[2026-07-12 16:00:41] [CAM] 摄像头未检测到，等待重连...
[2026-07-12 16:00:42] [CAM] 摄像头捕获器已释放
[2026-07-12 16:00:42] [CAM] 摄像头未检测到，等待重连...
[2026-07-12 16:00:42] [CAM] 摄像头捕获器已释放
[2026-07-12 16:00:42] [CAM] 摄像头未检测到，等待重连...
[2026-07-12 16:00:43] [CAM] 摄像头捕获器已释放
[2026-07-12 16:00:43] [CAM] 摄像头未检测到，等待重连...
[2026-07-12 16:00:43] [CAM] 摄像头捕获器已释放
[2026-07-12 16:00:43] [CAM] 摄像头未检测到，等待重连...
[2026-07-12 16:00:44] [CAM] 摄像头捕获器已释放
[2026-07-12 16:00:44] [CAM] 摄像头未检测到，等待重连...
[2026-07-12 16:00:44] [CAM] 摄像头捕获器已释放
[2026-07-12 16:00:44] [CAM] 摄像头未检测到，等待重连...
[2026-07-12 16:00:45] [CAM] 摄像头捕获器已释放
[2026-07-12 16:00:45] [CAM] 摄像头未检测到，等待重连...
[2026-07-12 16:00:45] [CAM] 摄像头捕获器已释放
[2026-07-12 16:00:45] [CAM] 摄像头未检测到，等待重连...
[2026-07-12 16:00:46] [CAM] 摄像头捕获器已释放
[2026-07-12 16:00:46] [CAM] 摄像头未检测到，等待重连...
[2026-07-12 16:00:46] [CAM] 摄像头捕获器已释放
[2026-07-12 16:00:46] [CAM] 摄像头未检测到，等待重连...
[2026-07-12 16:00:47] [CAM] 摄像头捕获器已释放
[2026-07-12 16:00:47] [CAM] 摄像头未检测到，等待重连...
[2026-07-12 16:00:47] [CAM] 摄像头捕获器已释放
[2026-07-12 16:00:47] [CAM] 摄像头未检测到，等待重连...
[2026-07-12 16:00:48] [CAM] 摄像头捕获器已释放
[2026-07-12 16:00:48] [CAM] 摄像头未检测到，等待重连...
[2026-07-12 16:00:48] [CAM] 摄像头捕获器已释放
[2026-07-12 16:00:48] [CAM] 摄像头未检测到，等待重连...
[2026-07-12 16:00:49] [CAM] 摄像头捕获器已释放
[2026-07-12 16:00:49] [CAM] 摄像头未检测到，等待重连...
[2026-07-12 16:00:49] [CAM] 摄像头捕获器已释放
[2026-07-12 16:00:49] [CAM] 摄像头未检测到，等待重连...
[2026-07-12 16:00:50] [CAM] 摄像头捕获器已释放
[2026-07-12 16:00:50] [CAM] 摄像头未检测到，等待重连...
[2026-07-12 16:00:50] [CAM] 摄像头捕获器已释放
[2026-07-12 16:00:50] [CAM] 摄像头未检测到，等待重连...
[2026-07-12 16:00:51] [CAM] 摄像头捕获器已释放
[2026-07-12 16:00:51] [CAM] 摄像头未检测到，等待重连...
[2026-07-12 16:00:51] [CAM] 摄像头捕获器已释放
[2026-07-12 16:00:51] [CAM] 摄像头未检测到，等待重连...
[2026-07-12 16:00:52] [CAM] 摄像头捕获器已释放
[2026-07-12 16:00:52] [CAM] 摄像头未检测到，等待重连...
[2026-07-12 16:00:52] [CAM] 摄像头捕获器已释放
[2026-07-12 16:00:52] [CAM] 摄像头未检测到，等待重连...
[2026-07-12 16:00:53] [CAM] 摄像头捕获器已释放
[2026-07-12 16:00:53] [CAM] 摄像头未检测到，等待重连...
[2026-07-12 16:00:53] [CAM] 摄像头捕获器已释放
[2026-07-12 16:00:53] [CAM] 摄像头未检测到，等待重连...
[2026-07-12 16:00:54] [CAM] 摄像头捕获器已释放
[2026-07-12 16:00:54] [CAM] 摄像头未检测到，等待重连...
[2026-07-12 16:00:54] [CAM] 摄像头捕获器已释放
[2026-07-12 16:00:54] [CAM] 摄像头未检测到，等待重连...
[2026-07-12 16:00:55] [CAM] 摄像头捕获器已释放
[2026-07-12 16:00:55] [CAM] 摄像头未检测到，等待重连...
[2026-07-12 16:00:55] [CAM] 摄像头捕获器已释放
[2026-07-12 16:00:55] [CAM] 摄像头未检测到，等待重连...
[2026-07-12 16:00:56] [CAM] 摄像头捕获器已释放
[2026-07-12 16:00:56] [CAM] 摄像头未检测到，等待重连...
[2026-07-12 16:00:56] [CAM] 摄像头捕获器已释放
[2026-07-12 16:00:56] [CAM] 摄像头未检测到，等待重连...
[2026-07-12 16:00:57] [CAM] 摄像头捕获器已释放
[2026-07-12 16:00:57] [CAM] 摄像头未检测到，等待重连...
[2026-07-12 16:00:57] [CAM] 摄像头捕获器已释放
[2026-07-12 16:00:57] [CAM] 摄像头未检测到，等待重连...
[2026-07-12 16:00:58] [CAM] 摄像头捕获器已释放
[2026-07-12 16:00:58] [CAM] 摄像头未检测到，等待重连...
[2026-07-12 16:00:58] [INFO] 程序收到关闭信号，开始安全退出流程
[2026-07-12 16:00:58] [CAM] 摄像头捕获器已释放
[2026-07-12 16:00:58] [CAM] 摄像头未检测到，等待重连...
[2026-07-12 16:00:58] [SENSOR] RS485采集线程已停止
[2026-07-12 16:00:59] [CAM] 摄像头捕获器已释放
[2026-07-12 16:00:59] [INFO] 摄像头采集线程正常退出
[2026-07-12 16:00:59] [INFO] 程序正常退出
[2026-07-12 16:00:59] [INFO] 程序结束，退出码:0
[2026-07-12 16:01:29] [INFO] ========== 幼儿园AI安全卫士程序启动 ==========
[2026-07-12 16:01:29] [INFO] 主程序窗口初始化完成
[2026-07-12 16:01:29] [SENSOR] RS485传感器采集线程已启动，串口：/dev/ttyUSB0
[2026-07-12 16:01:29] [INFO] AI环境模拟线程启动
[2026-07-12 16:01:29] [INFO] 摄像头采集线程启动
[2026-07-12 16:01:29] [CAM] 摄像头未检测到，等待重连...
[2026-07-12 16:01:29] [SENSOR] 开机未检测到温湿度传感器，延时播报
[2026-07-12 16:01:32] [NET] 网络已恢复连通
[2026-07-12 16:01:32] [MIC] 开机未检测到USB麦克风，延时播报
[2026-07-12 16:01:32] [CAM] 摄像头捕获器已释放
[2026-07-12 16:01:32] [CAM] 摄像头未检测到，等待重连...
[2026-07-12 16:01:32] [CAM] 摄像头捕获器已释放
[2026-07-12 16:01:32] [CAM] 摄像头未检测到，等待重连...
[2026-07-12 16:01:33] [CAM] 摄像头捕获器已释放
[2026-07-12 16:01:33] [CAM] 摄像头未检测到，等待重连...
[2026-07-12 16:01:33] [CAM] 摄像头捕获器已释放
[2026-07-12 16:01:33] [CAM] 摄像头未检测到，等待重连...
[2026-07-12 16:01:34] [CAM] 摄像头捕获器已释放
[2026-07-12 16:01:34] [CAM] 摄像头未检测到，等待重连...
[2026-07-12 16:01:34] [CAM] 摄像头捕获器已释放
[2026-07-12 16:01:34] [CAM] 摄像头未检测到，等待重连...
[2026-07-12 16:01:35] [CAM] 摄像头捕获器已释放
[2026-07-12 16:01:35] [CAM] 摄像头未检测到，等待重连...
[2026-07-12 16:01:35] [CAM] 摄像头捕获器已释放
[2026-07-12 16:01:35] [CAM] 摄像头未检测到，等待重连...
[2026-07-12 16:01:36] [CAM] 摄像头捕获器已释放
[2026-07-12 16:01:36] [CAM] 摄像头未检测到，等待重连...
[2026-07-12 16:01:36] [CAM] 摄像头捕获器已释放
[2026-07-12 16:01:36] [CAM] 摄像头未检测到，等待重连...
[2026-07-12 16:01:37] [CAM] 摄像头捕获器已释放
[2026-07-12 16:01:37] [CAM] 摄像头未检测到，等待重连...
[2026-07-12 16:01:37] [CAM] 摄像头捕获器已释放
[2026-07-12 16:01:37] [CAM] 摄像头未检测到，等待重连...
[2026-07-12 16:01:38] [CAM] 摄像头捕获器已释放
[2026-07-12 16:01:38] [CAM] 摄像头未检测到，等待重连...
[2026-07-12 16:01:38] [CAM] 摄像头捕获器已释放
[2026-07-12 16:01:38] [CAM] 摄像头未检测到，等待重连...
[2026-07-12 16:01:39] [CAM] 摄像头捕获器已释放
[2026-07-12 16:01:39] [CAM] 摄像头未检测到，等待重连...
[2026-07-12 16:01:39] [CAM] 摄像头捕获器已释放
[2026-07-12 16:01:39] [CAM] 摄像头未检测到，等待重连...
[2026-07-12 16:01:40] [CAM] 摄像头捕获器已释放
[2026-07-12 16:01:40] [CAM] 摄像头未检测到，等待重连...
[2026-07-12 16:01:40] [CAM] 摄像头捕获器已释放
[2026-07-12 16:01:40] [CAM] 摄像头未检测到，等待重连...
[2026-07-12 16:01:41] [CAM] 摄像头捕获器已释放
[2026-07-12 16:01:41] [CAM] 摄像头未检测到，等待重连...
[2026-07-12 16:01:41] [CAM] 摄像头捕获器已释放
[2026-07-12 16:01:41] [CAM] 摄像头未检测到，等待重连...
[2026-07-12 16:01:42] [CAM] 摄像头捕获器已释放
[2026-07-12 16:01:42] [CAM] 摄像头未检测到，等待重连...
[2026-07-12 16:01:42] [CAM] 摄像头捕获器已释放
[2026-07-12 16:01:42] [CAM] 摄像头未检测到，等待重连...
[2026-07-12 16:01:43] [CAM] 摄像头捕获器已释放
[2026-07-12 16:01:43] [CAM] 摄像头未检测到，等待重连...
[2026-07-12 16:01:43] [CAM] 摄像头捕获器已释放
[2026-07-12 16:01:43] [CAM] 摄像头未检测到，等待重连...
[2026-07-12 16:01:44] [CAM] 摄像头捕获器已释放
[2026-07-12 16:01:44] [CAM] 摄像头未检测到，等待重连...
[2026-07-12 16:01:44] [CAM] 摄像头捕获器已释放
[2026-07-12 16:01:44] [CAM] 摄像头未检测到，等待重连...
[2026-07-12 16:01:45] [CAM] 摄像头捕获器已释放
[2026-07-12 16:01:45] [CAM] 摄像头未检测到，等待重连...
[2026-07-12 16:01:45] [CAM] 摄像头捕获器已释放
[2026-07-12 16:01:45] [CAM] 摄像头未检测到，等待重连...
[2026-07-12 16:01:46] [CAM] 摄像头捕获器已释放
[2026-07-12 16:01:46] [CAM] 摄像头未检测到，等待重连...
[2026-07-12 16:01:46] [CAM] 摄像头捕获器已释放
[2026-07-12 16:01:46] [CAM] 摄像头未检测到，等待重连...
[2026-07-12 16:01:47] [CAM] 摄像头捕获器已释放
[2026-07-12 16:01:47] [CAM] 摄像头未检测到，等待重连...
[2026-07-12 16:01:47] [CAM] 摄像头捕获器已释放
[2026-07-12 16:01:47] [CAM] 摄像头未检测到，等待重连...
[2026-07-12 16:01:48] [CAM] 摄像头捕获器已释放
[2026-07-12 16:01:48] [CAM] 摄像头未检测到，等待重连...
[2026-07-12 16:01:48] [CAM] 摄像头捕获器已释放
[2026-07-12 16:01:48] [CAM] 摄像头未检测到，等待重连...
[2026-07-12 16:01:49] [CAM] 摄像头捕获器已释放
[2026-07-12 16:01:49] [CAM] 摄像头未检测到，等待重连...
[2026-07-12 16:01:49] [CAM] 摄像头捕获器已释放
[2026-07-12 16:01:49] [CAM] 摄像头未检测到，等待重连...
[2026-07-12 16:01:50] [CAM] 摄像头捕获器已释放
[2026-07-12 16:01:50] [CAM] 摄像头未检测到，等待重连...
[2026-07-12 16:01:50] [CAM] 摄像头捕获器已释放
[2026-07-12 16:01:50] [CAM] 摄像头未检测到，等待重连...
[2026-07-12 16:01:51] [CAM] 摄像头捕获器已释放
[2026-07-12 16:01:51] [CAM] 摄像头未检测到，等待重连...
[2026-07-12 16:01:51] [CAM] 摄像头捕获器已释放
[2026-07-12 16:01:51] [CAM] 摄像头未检测到，等待重连...
[2026-07-12 16:01:52] [CAM] 摄像头捕获器已释放
[2026-07-12 16:01:52] [CAM] 摄像头未检测到，等待重连...
[2026-07-12 16:01:52] [CAM] 摄像头捕获器已释放
[2026-07-12 16:01:52] [CAM] 摄像头未检测到，等待重连...
[2026-07-12 16:01:53] [CAM] 摄像头捕获器已释放
[2026-07-12 16:01:53] [CAM] 摄像头未检测到，等待重连...
[2026-07-12 16:01:53] [CAM] 摄像头捕获器已释放
[2026-07-12 16:01:53] [CAM] 摄像头未检测到，等待重连...
[2026-07-12 16:01:54] [CAM] 摄像头捕获器已释放
[2026-07-12 16:01:54] [CAM] 摄像头未检测到，等待重连...
[2026-07-12 16:01:54] [CAM] 摄像头捕获器已释放
[2026-07-12 16:01:54] [CAM] 摄像头未检测到，等待重连...
[2026-07-12 16:01:55] [CAM] 摄像头捕获器已释放
[2026-07-12 16:01:55] [CAM] 摄像头未检测到，等待重连...
[2026-07-12 16:01:55] [CAM] 摄像头捕获器已释放
[2026-07-12 16:01:55] [CAM] 摄像头未检测到，等待重连...
[2026-07-12 16:01:56] [CAM] 摄像头捕获器已释放
[2026-07-12 16:01:56] [CAM] 摄像头未检测到，等待重连...
[2026-07-12 16:01:56] [CAM] 摄像头捕获器已释放
[2026-07-12 16:01:56] [CAM] 摄像头未检测到，等待重连...
[2026-07-12 16:01:57] [CAM] 摄像头捕获器已释放
[2026-07-12 16:01:57] [CAM] 摄像头未检测到，等待重连...
[2026-07-12 16:01:57] [CAM] 摄像头捕获器已释放
[2026-07-12 16:01:57] [CAM] 摄像头未检测到，等待重连...
[2026-07-12 16:01:58] [CAM] 摄像头捕获器已释放
[2026-07-12 16:01:58] [CAM] 摄像头未检测到，等待重连...
[2026-07-12 16:01:58] [CAM] 摄像头捕获器已释放
[2026-07-12 16:01:58] [CAM] 摄像头未检测到，等待重连...
[2026-07-12 16:01:59] [CAM] 摄像头捕获器已释放
[2026-07-12 16:01:59] [CAM] 摄像头未检测到，等待重连...
[2026-07-12 16:01:59] [CAM] 摄像头捕获器已释放
[2026-07-12 16:01:59] [CAM] 摄像头未检测到，等待重连...
[2026-07-12 16:02:00] [CAM] 摄像头捕获器已释放
[2026-07-12 16:02:00] [CAM] 摄像头未检测到，等待重连...
[2026-07-12 16:02:00] [CAM] 摄像头捕获器已释放
[2026-07-12 16:02:01] [CAM] 摄像头未检测到，等待重连...
[2026-07-12 16:02:01] [CAM] 摄像头捕获器已释放
[2026-07-12 16:02:01] [CAM] 摄像头未检测到，等待重连...
[2026-07-12 16:02:02] [CAM] 摄像头捕获器已释放
[2026-07-12 16:02:02] [CAM] 摄像头未检测到，等待重连...
[2026-07-12 16:02:02] [CAM] 摄像头捕获器已释放
[2026-07-12 16:02:02] [CAM] 摄像头未检测到，等待重连...
[2026-07-12 16:02:03] [CAM] 摄像头捕获器已释放
[2026-07-12 16:02:03] [CAM] 摄像头未检测到，等待重连...
[2026-07-12 16:02:03] [CAM] 摄像头捕获器已释放
[2026-07-12 16:02:03] [CAM] 摄像头未检测到，等待重连...
[2026-07-12 16:02:04] [CAM] 摄像头捕获器已释放
[2026-07-12 16:02:04] [CAM] 摄像头未检测到，等待重连...
[2026-07-12 16:02:04] [CAM] 摄像头捕获器已释放
[2026-07-12 16:02:04] [CAM] 摄像头未检测到，等待重连...
[2026-07-12 16:02:05] [CAM] 摄像头捕获器已释放
[2026-07-12 16:02:05] [CAM] 摄像头未检测到，等待重连...
[2026-07-12 16:02:05] [CAM] 摄像头捕获器已释放
[2026-07-12 16:02:05] [CAM] 摄像头未检测到，等待重连...
[2026-07-12 16:02:06] [CAM] 摄像头捕获器已释放
[2026-07-12 16:02:06] [CAM] 摄像头未检测到，等待重连...
[2026-07-12 16:02:06] [CAM] 摄像头捕获器已释放
[2026-07-12 16:02:06] [CAM] 摄像头未检测到，等待重连...
[2026-07-12 16:02:07] [CAM] 摄像头捕获器已释放
[2026-07-12 16:02:07] [CAM] 摄像头未检测到，等待重连...
[2026-07-12 16:02:07] [CAM] 摄像头捕获器已释放
[2026-07-12 16:02:07] [CAM] 摄像头未检测到，等待重连...
[2026-07-12 16:02:08] [CAM] 摄像头捕获器已释放
[2026-07-12 16:02:08] [CAM] 摄像头未检测到，等待重连...
[2026-07-12 16:02:08] [CAM] 摄像头捕获器已释放
[2026-07-12 16:02:08] [CAM] 摄像头未检测到，等待重连...
[2026-07-12 16:02:09] [CAM] 摄像头捕获器已释放
[2026-07-12 16:02:09] [CAM] 摄像头未检测到，等待重连...
[2026-07-12 16:02:09] [CAM] 摄像头捕获器已释放
[2026-07-12 16:02:09] [CAM] 摄像头未检测到，等待重连...
[2026-07-12 16:02:10] [CAM] 摄像头捕获器已释放
[2026-07-12 16:02:10] [CAM] 摄像头未检测到，等待重连...
[2026-07-12 16:02:10] [CAM] 摄像头捕获器已释放
[2026-07-12 16:02:10] [CAM] 摄像头未检测到，等待重连...
[2026-07-12 16:02:11] [CAM] 摄像头捕获器已释放
[2026-07-12 16:02:11] [CAM] 摄像头未检测到，等待重连...
[2026-07-12 16:02:11] [CAM] 摄像头捕获器已释放
[2026-07-12 16:02:11] [CAM] 摄像头未检测到，等待重连...
[2026-07-12 16:02:12] [CAM] 摄像头捕获器已释放
[2026-07-12 16:02:12] [CAM] 摄像头未检测到，等待重连...
[2026-07-12 16:02:12] [CAM] 摄像头捕获器已释放
[2026-07-12 16:02:12] [CAM] 摄像头未检测到，等待重连...
[2026-07-12 16:02:13] [CAM] 摄像头捕获器已释放
[2026-07-12 16:02:13] [CAM] 摄像头未检测到，等待重连...
[2026-07-12 16:02:13] [CAM] 摄像头捕获器已释放
[2026-07-12 16:02:13] [CAM] 摄像头未检测到，等待重连...
[2026-07-12 16:02:14] [CAM] 摄像头捕获器已释放
[2026-07-12 16:02:14] [CAM] 摄像头未检测到，等待重连...
[2026-07-12 16:02:14] [CAM] 摄像头捕获器已释放
[2026-07-12 16:02:14] [CAM] 摄像头未检测到，等待重连...
[2026-07-12 16:02:15] [CAM] 摄像头捕获器已释放
[2026-07-12 16:02:15] [CAM] 摄像头未检测到，等待重连...
[2026-07-12 16:02:15] [CAM] 摄像头捕获器已释放
[2026-07-12 16:02:15] [CAM] 摄像头未检测到，等待重连...
[2026-07-12 16:02:16] [CAM] 摄像头捕获器已释放
[2026-07-12 16:02:16] [CAM] 摄像头未检测到，等待重连...
[2026-07-12 16:02:16] [CAM] 摄像头捕获器已释放
[2026-07-12 16:02:16] [CAM] 摄像头未检测到，等待重连...
[2026-07-12 16:02:17] [CAM] 摄像头捕获器已释放
[2026-07-12 16:02:17] [CAM] 摄像头未检测到，等待重连...
[2026-07-12 16:02:17] [CAM] 摄像头捕获器已释放
[2026-07-12 16:02:17] [CAM] 摄像头未检测到，等待重连...
[2026-07-12 16:02:18] [CAM] 摄像头捕获器已释放
[2026-07-12 16:02:18] [CAM] 摄像头未检测到，等待重连...
[2026-07-12 16:02:18] [CAM] 摄像头捕获器已释放
[2026-07-12 16:02:18] [CAM] 摄像头未检测到，等待重连...
[2026-07-12 16:02:19] [CAM] 摄像头捕获器已释放
[2026-07-12 16:02:19] [CAM] 摄像头未检测到，等待重连...
[2026-07-12 16:02:19] [CAM] 摄像头捕获器已释放
[2026-07-12 16:02:19] [CAM] 摄像头未检测到，等待重连...
[2026-07-12 16:02:20] [CAM] 摄像头捕获器已释放
[2026-07-12 16:02:20] [CAM] 摄像头未检测到，等待重连...
[2026-07-12 16:02:20] [CAM] 摄像头捕获器已释放
[2026-07-12 16:02:20] [CAM] 摄像头未检测到，等待重连...
[2026-07-12 16:02:21] [CAM] 摄像头捕获器已释放
[2026-07-12 16:02:21] [CAM] 摄像头未检测到，等待重连...
[2026-07-12 16:02:21] [CAM] 摄像头捕获器已释放
[2026-07-12 16:02:21] [CAM] 摄像头未检测到，等待重连...
[2026-07-12 16:02:22] [CAM] 摄像头捕获器已释放
[2026-07-12 16:02:22] [CAM] 摄像头未检测到，等待重连...
[2026-07-12 16:02:22] [CAM] 摄像头捕获器已释放
[2026-07-12 16:02:22] [CAM] 摄像头未检测到，等待重连...
[2026-07-12 16:02:23] [CAM] 摄像头捕获器已释放
[2026-07-12 16:02:23] [CAM] 摄像头未检测到，等待重连...
[2026-07-12 16:02:23] [CAM] 摄像头捕获器已释放
[2026-07-12 16:02:23] [CAM] 摄像头未检测到，等待重连...
[2026-07-12 16:02:24] [CAM] 摄像头捕获器已释放
[2026-07-12 16:02:24] [CAM] 摄像头未检测到，等待重连...
[2026-07-12 16:02:24] [CAM] 摄像头捕获器已释放
[2026-07-12 16:02:24] [CAM] 摄像头未检测到，等待重连...
[2026-07-12 16:02:25] [CAM] 摄像头捕获器已释放
[2026-07-12 16:02:25] [CAM] 摄像头未检测到，等待重连...
[2026-07-12 16:02:25] [CAM] 摄像头捕获器已释放
[2026-07-12 16:02:25] [CAM] 摄像头未检测到，等待重连...
[2026-07-12 16:02:26] [CAM] 摄像头捕获器已释放
[2026-07-12 16:02:26] [CAM] 摄像头未检测到，等待重连...
[2026-07-12 16:02:26] [CAM] 摄像头捕获器已释放
[2026-07-12 16:02:26] [CAM] 摄像头未检测到，等待重连...
[2026-07-12 16:02:27] [CAM] 摄像头捕获器已释放
[2026-07-12 16:02:27] [CAM] 摄像头未检测到，等待重连...
[2026-07-12 16:02:27] [CAM] 摄像头捕获器已释放
[2026-07-12 16:02:27] [CAM] 摄像头未检测到，等待重连...
[2026-07-12 16:02:28] [CAM] 摄像头捕获器已释放
[2026-07-12 16:02:28] [CAM] 摄像头未检测到，等待重连...
[2026-07-12 16:02:28] [CAM] 摄像头捕获器已释放
[2026-07-12 16:02:28] [CAM] 摄像头未检测到，等待重连...
[2026-07-12 16:02:29] [CAM] 摄像头捕获器已释放
[2026-07-12 16:02:29] [CAM] 摄像头未检测到，等待重连...
[2026-07-12 16:02:29] [CAM] 摄像头捕获器已释放
[2026-07-12 16:02:29] [CAM] 摄像头未检测到，等待重连...
[2026-07-12 16:02:30] [CAM] 摄像头捕获器已释放
[2026-07-12 16:02:30] [CAM] 摄像头未检测到，等待重连...
[2026-07-12 16:02:30] [CAM] 摄像头捕获器已释放
[2026-07-12 16:02:30] [CAM] 摄像头未检测到，等待重连...
[2026-07-12 16:02:31] [CAM] 摄像头捕获器已释放
[2026-07-12 16:02:31] [CAM] 摄像头未检测到，等待重连...
[2026-07-12 16:02:31] [CAM] 摄像头捕获器已释放
[2026-07-12 16:02:31] [CAM] 摄像头未检测到，等待重连...
[2026-07-12 16:02:32] [CAM] 摄像头捕获器已释放
[2026-07-12 16:02:32] [CAM] 摄像头未检测到，等待重连...
[2026-07-12 16:02:32] [CAM] 摄像头捕获器已释放
[2026-07-12 16:02:32] [CAM] 摄像头未检测到，等待重连...
[2026-07-12 16:02:33] [CAM] 摄像头捕获器已释放
[2026-07-12 16:02:33] [CAM] 摄像头未检测到，等待重连...
[2026-07-12 16:02:33] [CAM] 摄像头捕获器已释放
[2026-07-12 16:02:33] [CAM] 摄像头未检测到，等待重连...
[2026-07-12 16:02:34] [CAM] 摄像头捕获器已释放
[2026-07-12 16:02:34] [CAM] 摄像头未检测到，等待重连...
[2026-07-12 16:02:34] [CAM] 摄像头捕获器已释放
[2026-07-12 16:02:34] [CAM] 摄像头未检测到，等待重连...
[2026-07-12 16:02:35] [CAM] 摄像头捕获器已释放
[2026-07-12 16:02:35] [CAM] 摄像头未检测到，等待重连...
[2026-07-12 16:02:35] [CAM] 摄像头捕获器已释放
[2026-07-12 16:02:35] [CAM] 摄像头未检测到，等待重连...
[2026-07-12 16:02:36] [CAM] 摄像头捕获器已释放
[2026-07-12 16:02:36] [CAM] 摄像头未检测到，等待重连...
[2026-07-12 16:02:36] [CAM] 摄像头捕获器已释放
[2026-07-12 16:02:36] [CAM] 摄像头未检测到，等待重连...
[2026-07-12 16:02:37] [CAM] 摄像头捕获器已释放
[2026-07-12 16:02:37] [CAM] 摄像头未检测到，等待重连...
[2026-07-12 16:02:37] [CAM] 摄像头捕获器已释放
[2026-07-12 16:02:37] [CAM] 摄像头未检测到，等待重连...
[2026-07-12 16:02:38] [CAM] 摄像头捕获器已释放
[2026-07-12 16:02:38] [CAM] 摄像头未检测到，等待重连...
[2026-07-12 16:02:38] [CAM] 摄像头捕获器已释放
[2026-07-12 16:02:38] [CAM] 摄像头未检测到，等待重连...
[2026-07-12 16:02:39] [CAM] 摄像头捕获器已释放
[2026-07-12 16:02:39] [CAM] 摄像头未检测到，等待重连...
[2026-07-12 16:02:39] [CAM] 摄像头捕获器已释放
[2026-07-12 16:02:39] [CAM] 摄像头未检测到，等待重连...
[2026-07-12 16:02:40] [CAM] 摄像头捕获器已释放
[2026-07-12 16:02:40] [CAM] 摄像头未检测到，等待重连...
[2026-07-12 16:02:40] [CAM] 摄像头捕获器已释放
[2026-07-12 16:02:40] [CAM] 摄像头未检测到，等待重连...
[2026-07-12 16:02:41] [CAM] 摄像头捕获器已释放
[2026-07-12 16:02:41] [CAM] 摄像头未检测到，等待重连...
[2026-07-12 16:02:41] [CAM] 摄像头捕获器已释放
[2026-07-12 16:02:41] [CAM] 摄像头未检测到，等待重连...
[2026-07-12 16:02:42] [CAM] 摄像头捕获器已释放
[2026-07-12 16:02:42] [CAM] 摄像头未检测到，等待重连...
[2026-07-12 16:02:42] [CAM] 摄像头捕获器已释放
[2026-07-12 16:02:42] [CAM] 摄像头未检测到，等待重连...
[2026-07-12 16:02:43] [CAM] 摄像头捕获器已释放
[2026-07-12 16:02:43] [CAM] 摄像头未检测到，等待重连...
[2026-07-12 16:02:43] [CAM] 摄像头捕获器已释放
[2026-07-12 16:02:43] [CAM] 摄像头未检测到，等待重连...
[2026-07-12 16:02:44] [CAM] 摄像头捕获器已释放
[2026-07-12 16:02:44] [CAM] 摄像头未检测到，等待重连...
[2026-07-12 16:02:44] [CAM] 摄像头捕获器已释放
[2026-07-12 16:02:44] [CAM] 摄像头未检测到，等待重连...
[2026-07-12 16:02:45] [CAM] 摄像头捕获器已释放
[2026-07-12 16:02:45] [CAM] 摄像头未检测到，等待重连...
[2026-07-12 16:02:45] [CAM] 摄像头捕获器已释放
[2026-07-12 16:02:45] [CAM] 摄像头未检测到，等待重连...
[2026-07-12 16:02:46] [CAM] 摄像头捕获器已释放
[2026-07-12 16:02:46] [CAM] 摄像头未检测到，等待重连...
[2026-07-12 16:02:46] [CAM] 摄像头捕获器已释放
[2026-07-12 16:02:46] [CAM] 摄像头未检测到，等待重连...
[2026-07-12 16:02:47] [CAM] 摄像头捕获器已释放
[2026-07-12 16:02:47] [CAM] 摄像头未检测到，等待重连...
[2026-07-12 16:02:47] [CAM] 摄像头捕获器已释放
[2026-07-12 16:02:47] [CAM] 摄像头未检测到，等待重连...
[2026-07-12 16:02:48] [CAM] 摄像头捕获器已释放
[2026-07-12 16:02:48] [CAM] 摄像头未检测到，等待重连...
[2026-07-12 16:02:48] [CAM] 摄像头捕获器已释放
[2026-07-12 16:02:48] [CAM] 摄像头未检测到，等待重连...
[2026-07-12 16:02:49] [CAM] 摄像头捕获器已释放
[2026-07-12 16:02:49] [CAM] 摄像头未检测到，等待重连...
[2026-07-12 16:02:49] [CAM] 摄像头捕获器已释放
[2026-07-12 16:02:49] [CAM] 摄像头未检测到，等待重连...
[2026-07-12 16:02:50] [CAM] 摄像头捕获器已释放
[2026-07-12 16:02:50] [CAM] 摄像头未检测到，等待重连...
[2026-07-12 16:02:50] [CAM] 摄像头捕获器已释放
[2026-07-12 16:02:50] [CAM] 摄像头未检测到，等待重连...
[2026-07-12 16:02:51] [CAM] 摄像头捕获器已释放
[2026-07-12 16:02:51] [CAM] 摄像头未检测到，等待重连...
[2026-07-12 16:02:51] [CAM] 摄像头捕获器已释放
[2026-07-12 16:02:51] [CAM] 摄像头未检测到，等待重连...
[2026-07-12 16:02:52] [CAM] 摄像头捕获器已释放
[2026-07-12 16:02:52] [CAM] 摄像头未检测到，等待重连...
[2026-07-12 16:02:52] [CAM] 摄像头捕获器已释放
[2026-07-12 16:02:52] [CAM] 摄像头未检测到，等待重连...
[2026-07-12 16:02:53] [CAM] 摄像头捕获器已释放
[2026-07-12 16:02:53] [CAM] 摄像头未检测到，等待重连...
[2026-07-12 16:02:53] [CAM] 摄像头捕获器已释放
[2026-07-12 16:02:53] [CAM] 摄像头未检测到，等待重连...
[2026-07-12 16:02:54] [CAM] 摄像头捕获器已释放
[2026-07-12 16:02:54] [CAM] 摄像头未检测到，等待重连...
[2026-07-12 16:02:54] [CAM] 摄像头捕获器已释放
[2026-07-12 16:02:54] [CAM] 摄像头未检测到，等待重连...
[2026-07-12 16:02:55] [CAM] 摄像头捕获器已释放
[2026-07-12 16:02:55] [CAM] 摄像头未检测到，等待重连...
[2026-07-12 16:02:55] [CAM] 摄像头捕获器已释放
[2026-07-12 16:02:55] [CAM] 摄像头未检测到，等待重连...
[2026-07-12 16:02:56] [CAM] 摄像头捕获器已释放
[2026-07-12 16:02:56] [CAM] 摄像头未检测到，等待重连...
[2026-07-12 16:02:56] [CAM] 摄像头捕获器已释放
[2026-07-12 16:02:56] [CAM] 摄像头未检测到，等待重连...
[2026-07-12 16:02:57] [CAM] 摄像头捕获器已释放
[2026-07-12 16:02:57] [CAM] 摄像头未检测到，等待重连...
[2026-07-12 16:02:57] [CAM] 摄像头捕获器已释放
[2026-07-12 16:02:57] [CAM] 摄像头未检测到，等待重连...
[2026-07-12 16:02:58] [CAM] 摄像头捕获器已释放
[2026-07-12 16:02:58] [CAM] 摄像头未检测到，等待重连...
[2026-07-12 16:02:58] [CAM] 摄像头捕获器已释放
[2026-07-12 16:02:58] [CAM] 摄像头未检测到，等待重连...
[2026-07-12 16:02:59] [CAM] 摄像头捕获器已释放
[2026-07-12 16:02:59] [CAM] 摄像头未检测到，等待重连...
[2026-07-12 16:02:59] [CAM] 摄像头捕获器已释放
[2026-07-12 16:02:59] [CAM] 摄像头未检测到，等待重连...
[2026-07-12 16:03:00] [CAM] 摄像头捕获器已释放
[2026-07-12 16:03:00] [CAM] 摄像头未检测到，等待重连...
[2026-07-12 16:03:00] [CAM] 摄像头捕获器已释放
[2026-07-12 16:03:00] [CAM] 摄像头未检测到，等待重连...
[2026-07-12 16:03:01] [CAM] 摄像头捕获器已释放
[2026-07-12 16:03:01] [CAM] 摄像头未检测到，等待重连...
[2026-07-12 16:03:01] [CAM] 摄像头捕获器已释放
[2026-07-12 16:03:01] [CAM] 摄像头未检测到，等待重连...
[2026-07-12 16:03:02] [CAM] 摄像头捕获器已释放
[2026-07-12 16:03:02] [CAM] 摄像头未检测到，等待重连...
[2026-07-12 16:03:02] [CAM] 摄像头捕获器已释放
[2026-07-12 16:03:02] [CAM] 摄像头未检测到，等待重连...
[2026-07-12 16:03:03] [CAM] 摄像头捕获器已释放
[2026-07-12 16:03:03] [CAM] 摄像头未检测到，等待重连...
[2026-07-12 16:03:03] [CAM] 摄像头捕获器已释放
[2026-07-12 16:03:03] [CAM] 摄像头未检测到，等待重连...
[2026-07-12 16:03:04] [CAM] 摄像头捕获器已释放
[2026-07-12 16:03:04] [CAM] 摄像头未检测到，等待重连...
[2026-07-12 16:03:04] [CAM] 摄像头捕获器已释放
[2026-07-12 16:03:04] [CAM] 摄像头未检测到，等待重连...
[2026-07-12 16:03:05] [CAM] 摄像头捕获器已释放
[2026-07-12 16:03:05] [CAM] 摄像头未检测到，等待重连...
[2026-07-12 16:03:05] [CAM] 摄像头捕获器已释放
[2026-07-12 16:03:05] [CAM] 摄像头未检测到，等待重连...
[2026-07-12 16:03:06] [CAM] 摄像头捕获器已释放
[2026-07-12 16:03:06] [CAM] 摄像头未检测到，等待重连...
[2026-07-12 16:03:06] [CAM] 摄像头捕获器已释放
[2026-07-12 16:03:06] [CAM] 摄像头未检测到，等待重连...
[2026-07-12 16:03:07] [CAM] 摄像头捕获器已释放
[2026-07-12 16:03:07] [CAM] 摄像头未检测到，等待重连...
[2026-07-12 16:03:07] [CAM] 摄像头捕获器已释放
[2026-07-12 16:03:07] [CAM] 摄像头未检测到，等待重连...
[2026-07-12 16:03:08] [CAM] 摄像头捕获器已释放
[2026-07-12 16:03:08] [CAM] 摄像头未检测到，等待重连...
[2026-07-12 16:03:08] [CAM] 摄像头捕获器已释放
[2026-07-12 16:03:08] [CAM] 摄像头未检测到，等待重连...
[2026-07-12 16:03:09] [CAM] 摄像头捕获器已释放
[2026-07-12 16:03:09] [CAM] 摄像头未检测到，等待重连...
[2026-07-12 16:03:09] [CAM] 摄像头捕获器已释放
[2026-07-12 16:03:09] [CAM] 摄像头未检测到，等待重连...
[2026-07-12 16:03:10] [CAM] 摄像头捕获器已释放
[2026-07-12 16:03:10] [CAM] 摄像头未检测到，等待重连...
[2026-07-12 16:03:10] [CAM] 摄像头捕获器已释放
[2026-07-12 16:03:10] [CAM] 摄像头未检测到，等待重连...
[2026-07-12 16:03:11] [CAM] 摄像头捕获器已释放
[2026-07-12 16:03:11] [CAM] 摄像头未检测到，等待重连...
[2026-07-12 16:03:11] [CAM] 摄像头捕获器已释放
[2026-07-12 16:03:11] [CAM] 摄像头未检测到，等待重连...
[2026-07-12 16:03:12] [CAM] 摄像头捕获器已释放
[2026-07-12 16:03:12] [CAM] 摄像头未检测到，等待重连...
[2026-07-12 16:03:12] [CAM] 摄像头捕获器已释放
[2026-07-12 16:03:12] [CAM] 摄像头未检测到，等待重连...
[2026-07-12 16:03:13] [CAM] 摄像头捕获器已释放
[2026-07-12 16:03:13] [CAM] 摄像头未检测到，等待重连...
[2026-07-12 16:03:13] [CAM] 摄像头捕获器已释放
[2026-07-12 16:03:13] [CAM] 摄像头未检测到，等待重连...
[2026-07-12 16:03:14] [CAM] 摄像头捕获器已释放
[2026-07-12 16:03:14] [CAM] 摄像头未检测到，等待重连...
[2026-07-12 16:03:14] [CAM] 摄像头捕获器已释放
[2026-07-12 16:03:14] [CAM] 摄像头未检测到，等待重连...
[2026-07-12 16:03:15] [CAM] 摄像头捕获器已释放
[2026-07-12 16:03:15] [CAM] 摄像头未检测到，等待重连...
[2026-07-12 16:03:15] [CAM] 摄像头捕获器已释放
[2026-07-12 16:03:15] [CAM] 摄像头未检测到，等待重连...
[2026-07-12 16:03:16] [CAM] 摄像头捕获器已释放
[2026-07-12 16:03:16] [CAM] 摄像头未检测到，等待重连...
[2026-07-12 16:03:16] [CAM] 摄像头捕获器已释放
[2026-07-12 16:03:16] [CAM] 摄像头未检测到，等待重连...
[2026-07-12 16:03:17] [CAM] 摄像头捕获器已释放
[2026-07-12 16:03:17] [CAM] 摄像头未检测到，等待重连...
[2026-07-12 16:03:17] [CAM] 摄像头捕获器已释放
[2026-07-12 16:03:17] [CAM] 摄像头未检测到，等待重连...
[2026-07-12 16:03:18] [CAM] 摄像头捕获器已释放
[2026-07-12 16:03:18] [CAM] 摄像头未检测到，等待重连...
[2026-07-12 16:03:18] [CAM] 摄像头捕获器已释放
[2026-07-12 16:03:18] [CAM] 摄像头未检测到，等待重连...
[2026-07-12 16:03:19] [CAM] 摄像头捕获器已释放
[2026-07-12 16:03:19] [CAM] 摄像头未检测到，等待重连...
[2026-07-12 16:03:19] [CAM] 摄像头捕获器已释放
[2026-07-12 16:03:19] [CAM] 摄像头未检测到，等待重连...
[2026-07-12 16:03:20] [CAM] 摄像头捕获器已释放
[2026-07-12 16:03:20] [CAM] 摄像头未检测到，等待重连...
[2026-07-12 16:03:20] [CAM] 摄像头捕获器已释放
[2026-07-12 16:03:20] [CAM] 摄像头未检测到，等待重连...
[2026-07-12 16:03:21] [CAM] 摄像头捕获器已释放
[2026-07-12 16:03:21] [CAM] 摄像头未检测到，等待重连...
[2026-07-12 16:03:21] [CAM] 摄像头捕获器已释放
[2026-07-12 16:03:21] [CAM] 摄像头未检测到，等待重连...
[2026-07-12 16:03:22] [CAM] 摄像头捕获器已释放
[2026-07-12 16:03:22] [CAM] 摄像头未检测到，等待重连...
[2026-07-12 16:03:22] [CAM] 摄像头捕获器已释放
[2026-07-12 16:03:22] [CAM] 摄像头未检测到，等待重连...
[2026-07-12 16:03:23] [CAM] 摄像头捕获器已释放
[2026-07-12 16:03:23] [CAM] 摄像头未检测到，等待重连...
[2026-07-12 16:03:23] [CAM] 摄像头捕获器已释放
[2026-07-12 16:03:23] [CAM] 摄像头未检测到，等待重连...
[2026-07-12 16:03:24] [CAM] 摄像头捕获器已释放
[2026-07-12 16:03:24] [CAM] 摄像头未检测到，等待重连...
[2026-07-12 16:03:24] [CAM] 摄像头捕获器已释放
[2026-07-12 16:03:24] [CAM] 摄像头未检测到，等待重连...
[2026-07-12 16:03:25] [CAM] 摄像头捕获器已释放
[2026-07-12 16:03:25] [CAM] 摄像头未检测到，等待重连...
[2026-07-12 16:03:25] [CAM] 摄像头捕获器已释放
[2026-07-12 16:03:25] [CAM] 摄像头未检测到，等待重连...
[2026-07-12 16:03:26] [CAM] 摄像头捕获器已释放
[2026-07-12 16:03:26] [CAM] 摄像头未检测到，等待重连...
[2026-07-12 16:03:26] [CAM] 摄像头捕获器已释放
[2026-07-12 16:03:26] [CAM] 摄像头未检测到，等待重连...
[2026-07-12 16:03:27] [CAM] 摄像头捕获器已释放
[2026-07-12 16:03:27] [CAM] 摄像头未检测到，等待重连...
[2026-07-12 16:03:27] [CAM] 摄像头捕获器已释放
[2026-07-12 16:03:27] [CAM] 摄像头未检测到，等待重连...
[2026-07-12 16:03:28] [CAM] 摄像头捕获器已释放
[2026-07-12 16:03:28] [CAM] 摄像头未检测到，等待重连...
[2026-07-12 16:03:28] [CAM] 摄像头捕获器已释放
[2026-07-12 16:03:28] [CAM] 摄像头未检测到，等待重连...
[2026-07-12 16:03:29] [CAM] 摄像头捕获器已释放
[2026-07-12 16:03:29] [CAM] 摄像头未检测到，等待重连...
[2026-07-12 16:03:29] [CAM] 摄像头捕获器已释放
[2026-07-12 16:03:29] [CAM] 摄像头未检测到，等待重连...
[2026-07-12 16:03:30] [CAM] 摄像头捕获器已释放
[2026-07-12 16:03:30] [CAM] 摄像头未检测到，等待重连...
[2026-07-12 16:03:30] [CAM] 摄像头捕获器已释放
[2026-07-12 16:03:30] [CAM] 摄像头未检测到，等待重连...
[2026-07-12 16:03:31] [CAM] 摄像头捕获器已释放
[2026-07-12 16:03:31] [CAM] 摄像头未检测到，等待重连...
[2026-07-12 16:03:31] [CAM] 摄像头捕获器已释放
[2026-07-12 16:03:31] [CAM] 摄像头未检测到，等待重连...
[2026-07-12 16:03:32] [CAM] 摄像头捕获器已释放
[2026-07-12 16:03:32] [CAM] 摄像头未检测到，等待重连...
[2026-07-12 16:03:32] [CAM] 摄像头捕获器已释放
[2026-07-12 16:03:32] [CAM] 摄像头未检测到，等待重连...
[2026-07-12 16:03:33] [CAM] 摄像头捕获器已释放
[2026-07-12 16:03:33] [CAM] 摄像头未检测到，等待重连...
[2026-07-12 16:03:33] [CAM] 摄像头捕获器已释放
[2026-07-12 16:03:33] [CAM] 摄像头未检测到，等待重连...
[2026-07-12 16:03:34] [CAM] 摄像头捕获器已释放
[2026-07-12 16:03:34] [CAM] 摄像头未检测到，等待重连...
[2026-07-12 16:03:34] [CAM] 摄像头捕获器已释放
[2026-07-12 16:03:34] [CAM] 摄像头未检测到，等待重连...
[2026-07-12 16:03:35] [CAM] 摄像头捕获器已释放
[2026-07-12 16:03:35] [CAM] 摄像头未检测到，等待重连...
[2026-07-12 16:03:35] [CAM] 摄像头捕获器已释放
[2026-07-12 16:03:35] [CAM] 摄像头未检测到，等待重连...
[2026-07-12 16:03:36] [CAM] 摄像头捕获器已释放
[2026-07-12 16:03:36] [CAM] 摄像头未检测到，等待重连...
[2026-07-12 16:03:36] [CAM] 摄像头捕获器已释放
[2026-07-12 16:03:36] [CAM] 摄像头未检测到，等待重连...
[2026-07-12 16:03:37] [CAM] 摄像头捕获器已释放
[2026-07-12 16:03:37] [CAM] 摄像头未检测到，等待重连...
[2026-07-12 16:03:37] [CAM] 摄像头捕获器已释放
[2026-07-12 16:03:37] [CAM] 摄像头未检测到，等待重连...
[2026-07-12 16:03:38] [CAM] 摄像头捕获器已释放
[2026-07-12 16:03:38] [CAM] 摄像头未检测到，等待重连...
[2026-07-12 16:03:38] [CAM] 摄像头捕获器已释放
[2026-07-12 16:03:38] [CAM] 摄像头未检测到，等待重连...
[2026-07-12 16:03:39] [CAM] 摄像头捕获器已释放
[2026-07-12 16:03:39] [CAM] 摄像头未检测到，等待重连...
[2026-07-12 16:03:39] [CAM] 摄像头捕获器已释放
[2026-07-12 16:03:39] [CAM] 摄像头未检测到，等待重连...
[2026-07-12 16:03:40] [CAM] 摄像头捕获器已释放
[2026-07-12 16:03:40] [CAM] 摄像头未检测到，等待重连...
[2026-07-12 16:03:40] [CAM] 摄像头捕获器已释放
[2026-07-12 16:03:40] [CAM] 摄像头未检测到，等待重连...
[2026-07-12 16:03:41] [CAM] 摄像头捕获器已释放
[2026-07-12 16:03:41] [CAM] 摄像头未检测到，等待重连...
[2026-07-12 16:03:41] [CAM] 摄像头捕获器已释放
[2026-07-12 16:03:41] [CAM] 摄像头未检测到，等待重连...
[2026-07-12 16:03:42] [CAM] 摄像头捕获器已释放
[2026-07-12 16:03:42] [CAM] 摄像头未检测到，等待重连...
[2026-07-12 16:03:42] [CAM] 摄像头捕获器已释放
[2026-07-12 16:03:42] [CAM] 摄像头未检测到，等待重连...
[2026-07-12 16:03:43] [CAM] 摄像头捕获器已释放
[2026-07-12 16:03:43] [CAM] 摄像头未检测到，等待重连...
[2026-07-12 16:03:43] [CAM] 摄像头捕获器已释放
[2026-07-12 16:03:43] [CAM] 摄像头未检测到，等待重连...
[2026-07-12 16:03:44] [CAM] 摄像头捕获器已释放
[2026-07-12 16:03:44] [CAM] 摄像头未检测到，等待重连...
[2026-07-12 16:03:44] [CAM] 摄像头捕获器已释放
[2026-07-12 16:03:44] [CAM] 摄像头未检测到，等待重连...
[2026-07-12 16:03:45] [CAM] 摄像头捕获器已释放
[2026-07-12 16:03:45] [CAM] 摄像头未检测到，等待重连...
[2026-07-12 16:03:45] [CAM] 摄像头捕获器已释放
[2026-07-12 16:03:45] [CAM] 摄像头未检测到，等待重连...
[2026-07-12 16:03:46] [CAM] 摄像头捕获器已释放
[2026-07-12 16:03:46] [CAM] 摄像头未检测到，等待重连...
[2026-07-12 16:03:46] [CAM] 摄像头捕获器已释放
[2026-07-12 16:03:46] [CAM] 摄像头未检测到，等待重连...
[2026-07-12 16:03:47] [CAM] 摄像头捕获器已释放
[2026-07-12 16:03:47] [CAM] 摄像头未检测到，等待重连...
[2026-07-12 16:03:47] [CAM] 摄像头捕获器已释放
[2026-07-12 16:03:47] [CAM] 摄像头未检测到，等待重连...
[2026-07-12 16:03:48] [CAM] 摄像头捕获器已释放
[2026-07-12 16:03:48] [CAM] 摄像头未检测到，等待重连...
[2026-07-12 16:03:48] [CAM] 摄像头捕获器已释放
[2026-07-12 16:03:48] [CAM] 摄像头未检测到，等待重连...
[2026-07-12 16:03:49] [CAM] 摄像头捕获器已释放
[2026-07-12 16:03:49] [CAM] 摄像头未检测到，等待重连...
[2026-07-12 16:03:49] [CAM] 摄像头捕获器已释放
[2026-07-12 16:03:49] [CAM] 摄像头未检测到，等待重连...
[2026-07-12 16:03:50] [CAM] 摄像头捕获器已释放
[2026-07-12 16:03:50] [CAM] 摄像头未检测到，等待重连...
[2026-07-12 16:03:50] [CAM] 摄像头捕获器已释放
[2026-07-12 16:03:50] [CAM] 摄像头未检测到，等待重连...
[2026-07-12 16:03:51] [CAM] 摄像头捕获器已释放
[2026-07-12 16:03:51] [CAM] 摄像头未检测到，等待重连...
[2026-07-12 16:03:51] [CAM] 摄像头捕获器已释放
[2026-07-12 16:03:51] [CAM] 摄像头未检测到，等待重连...
[2026-07-12 16:03:52] [CAM] 摄像头捕获器已释放
[2026-07-12 16:03:52] [CAM] 摄像头未检测到，等待重连...
[2026-07-12 16:03:52] [CAM] 摄像头捕获器已释放
[2026-07-12 16:03:52] [CAM] 摄像头未检测到，等待重连...
[2026-07-12 16:03:53] [CAM] 摄像头捕获器已释放
[2026-07-12 16:03:53] [CAM] 摄像头未检测到，等待重连...
[2026-07-12 16:03:53] [CAM] 摄像头捕获器已释放
[2026-07-12 16:03:53] [CAM] 摄像头未检测到，等待重连...
[2026-07-12 16:03:54] [CAM] 摄像头捕获器已释放
[2026-07-12 16:03:54] [CAM] 摄像头未检测到，等待重连...
[2026-07-12 16:03:54] [CAM] 摄像头捕获器已释放
[2026-07-12 16:03:54] [CAM] 摄像头未检测到，等待重连...
[2026-07-12 16:03:55] [CAM] 摄像头捕获器已释放
[2026-07-12 16:03:55] [CAM] 摄像头未检测到，等待重连...
[2026-07-12 16:03:55] [CAM] 摄像头捕获器已释放
[2026-07-12 16:03:55] [CAM] 摄像头未检测到，等待重连...
[2026-07-12 16:03:56] [CAM] 摄像头捕获器已释放
[2026-07-12 16:03:56] [CAM] 摄像头未检测到，等待重连...
[2026-07-12 16:03:56] [CAM] 摄像头捕获器已释放
[2026-07-12 16:03:56] [CAM] 摄像头未检测到，等待重连...
[2026-07-12 16:03:57] [CAM] 摄像头捕获器已释放
[2026-07-12 16:03:57] [CAM] 摄像头未检测到，等待重连...
[2026-07-12 16:03:57] [CAM] 摄像头捕获器已释放
[2026-07-12 16:03:57] [CAM] 摄像头未检测到，等待重连...
[2026-07-12 16:03:58] [CAM] 摄像头捕获器已释放
[2026-07-12 16:03:58] [CAM] 摄像头未检测到，等待重连...
[2026-07-12 16:03:58] [CAM] 摄像头捕获器已释放
[2026-07-12 16:03:58] [CAM] 摄像头未检测到，等待重连...
[2026-07-12 16:03:59] [CAM] 摄像头捕获器已释放
[2026-07-12 16:03:59] [CAM] 摄像头未检测到，等待重连...
[2026-07-12 16:03:59] [CAM] 摄像头捕获器已释放
[2026-07-12 16:03:59] [CAM] 摄像头未检测到，等待重连...
[2026-07-12 16:04:00] [CAM] 摄像头捕获器已释放
[2026-07-12 16:04:00] [CAM] 摄像头未检测到，等待重连...
[2026-07-12 16:04:00] [CAM] 摄像头捕获器已释放
[2026-07-12 16:04:00] [CAM] 摄像头未检测到，等待重连...
[2026-07-12 16:04:01] [CAM] 摄像头捕获器已释放
[2026-07-12 16:04:01] [CAM] 摄像头未检测到，等待重连...
[2026-07-12 16:04:01] [CAM] 摄像头捕获器已释放
[2026-07-12 16:04:01] [CAM] 摄像头未检测到，等待重连...
[2026-07-12 16:04:02] [CAM] 摄像头捕获器已释放
[2026-07-12 16:04:02] [CAM] 摄像头未检测到，等待重连...
[2026-07-12 16:04:02] [CAM] 摄像头捕获器已释放
[2026-07-12 16:04:02] [CAM] 摄像头未检测到，等待重连...
[2026-07-12 16:04:03] [CAM] 摄像头捕获器已释放
[2026-07-12 16:04:03] [CAM] 摄像头未检测到，等待重连...
[2026-07-12 16:04:03] [CAM] 摄像头捕获器已释放
[2026-07-12 16:04:03] [CAM] 摄像头未检测到，等待重连...
[2026-07-12 16:04:04] [CAM] 摄像头捕获器已释放
[2026-07-12 16:04:04] [CAM] 摄像头未检测到，等待重连...
[2026-07-12 16:04:04] [CAM] 摄像头捕获器已释放
[2026-07-12 16:04:04] [CAM] 摄像头未检测到，等待重连...
[2026-07-12 16:04:05] [CAM] 摄像头捕获器已释放
[2026-07-12 16:04:05] [CAM] 摄像头未检测到，等待重连...
[2026-07-12 16:04:05] [CAM] 摄像头捕获器已释放
[2026-07-12 16:04:05] [CAM] 摄像头未检测到，等待重连...
[2026-07-12 16:04:06] [CAM] 摄像头捕获器已释放
[2026-07-12 16:04:06] [CAM] 摄像头未检测到，等待重连...
[2026-07-12 16:04:06] [CAM] 摄像头捕获器已释放
[2026-07-12 16:04:06] [CAM] 摄像头未检测到，等待重连...
[2026-07-12 16:04:07] [CAM] 摄像头捕获器已释放
[2026-07-12 16:04:07] [CAM] 摄像头未检测到，等待重连...
[2026-07-12 16:04:07] [CAM] 摄像头捕获器已释放
[2026-07-12 16:04:07] [CAM] 摄像头未检测到，等待重连...
[2026-07-12 16:04:08] [CAM] 摄像头捕获器已释放
[2026-07-12 16:04:08] [CAM] 摄像头未检测到，等待重连...
[2026-07-12 16:04:08] [CAM] 摄像头捕获器已释放
[2026-07-12 16:04:08] [CAM] 摄像头未检测到，等待重连...
[2026-07-12 16:04:09] [CAM] 摄像头捕获器已释放
[2026-07-12 16:04:09] [CAM] 摄像头未检测到，等待重连...
[2026-07-12 16:04:09] [CAM] 摄像头捕获器已释放
[2026-07-12 16:04:09] [CAM] 摄像头未检测到，等待重连...
[2026-07-12 16:04:10] [CAM] 摄像头捕获器已释放
[2026-07-12 16:04:10] [CAM] 摄像头未检测到，等待重连...
[2026-07-12 16:04:10] [CAM] 摄像头捕获器已释放
[2026-07-12 16:04:10] [CAM] 摄像头未检测到，等待重连...
[2026-07-12 16:04:11] [CAM] 摄像头捕获器已释放
[2026-07-12 16:04:11] [CAM] 摄像头未检测到，等待重连...
[2026-07-12 16:04:11] [CAM] 摄像头捕获器已释放
[2026-07-12 16:04:11] [CAM] 摄像头未检测到，等待重连...
[2026-07-12 16:04:12] [CAM] 摄像头捕获器已释放
[2026-07-12 16:04:12] [CAM] 摄像头未检测到，等待重连...
[2026-07-12 16:04:12] [CAM] 摄像头捕获器已释放
[2026-07-12 16:04:12] [CAM] 摄像头未检测到，等待重连...
[2026-07-12 16:04:13] [CAM] 摄像头捕获器已释放
[2026-07-12 16:04:13] [CAM] 摄像头未检测到，等待重连...
[2026-07-12 16:04:13] [CAM] 摄像头捕获器已释放
[2026-07-12 16:04:13] [CAM] 摄像头未检测到，等待重连...
[2026-07-12 16:04:14] [CAM] 摄像头捕获器已释放
[2026-07-12 16:04:14] [CAM] 摄像头未检测到，等待重连...
[2026-07-12 16:04:14] [CAM] 摄像头捕获器已释放
[2026-07-12 16:04:14] [CAM] 摄像头未检测到，等待重连...
[2026-07-12 16:04:15] [CAM] 摄像头捕获器已释放
[2026-07-12 16:04:15] [CAM] 摄像头未检测到，等待重连...
[2026-07-12 16:04:15] [CAM] 摄像头捕获器已释放
[2026-07-12 16:04:15] [CAM] 摄像头未检测到，等待重连...
[2026-07-12 16:04:16] [CAM] 摄像头捕获器已释放
[2026-07-12 16:04:16] [CAM] 摄像头未检测到，等待重连...
[2026-07-12 16:04:16] [CAM] 摄像头捕获器已释放
[2026-07-12 16:04:16] [CAM] 摄像头未检测到，等待重连...
[2026-07-12 16:04:17] [CAM] 摄像头捕获器已释放
[2026-07-12 16:04:17] [CAM] 摄像头未检测到，等待重连...
[2026-07-12 16:04:17] [CAM] 摄像头捕获器已释放
[2026-07-12 16:04:17] [CAM] 摄像头未检测到，等待重连...
[2026-07-12 16:04:18] [CAM] 摄像头捕获器已释放
[2026-07-12 16:04:18] [CAM] 摄像头未检测到，等待重连...
[2026-07-12 16:04:18] [CAM] 摄像头捕获器已释放
[2026-07-12 16:04:18] [CAM] 摄像头未检测到，等待重连...
[2026-07-12 16:04:19] [CAM] 摄像头捕获器已释放
[2026-07-12 16:04:19] [CAM] 摄像头未检测到，等待重连...
[2026-07-12 16:04:19] [CAM] 摄像头捕获器已释放
[2026-07-12 16:04:19] [CAM] 摄像头未检测到，等待重连...
[2026-07-12 16:04:20] [CAM] 摄像头捕获器已释放
[2026-07-12 16:04:20] [CAM] 摄像头未检测到，等待重连...
[2026-07-12 16:04:20] [CAM] 摄像头捕获器已释放
[2026-07-12 16:04:20] [CAM] 摄像头未检测到，等待重连...
[2026-07-12 16:04:21] [CAM] 摄像头捕获器已释放
[2026-07-12 16:04:21] [CAM] 摄像头未检测到，等待重连...
[2026-07-12 16:04:21] [CAM] 摄像头捕获器已释放
[2026-07-12 16:04:21] [CAM] 摄像头未检测到，等待重连...
[2026-07-12 16:04:22] [CAM] 摄像头捕获器已释放
[2026-07-12 16:04:22] [CAM] 摄像头未检测到，等待重连...
[2026-07-12 16:04:22] [CAM] 摄像头捕获器已释放
[2026-07-12 16:04:22] [CAM] 摄像头未检测到，等待重连...
[2026-07-12 16:04:23] [CAM] 摄像头捕获器已释放
[2026-07-12 16:04:23] [CAM] 摄像头未检测到，等待重连...
[2026-07-12 16:04:23] [CAM] 摄像头捕获器已释放
[2026-07-12 16:04:23] [CAM] 摄像头未检测到，等待重连...
[2026-07-12 16:04:24] [CAM] 摄像头捕获器已释放
[2026-07-12 16:04:24] [CAM] 摄像头未检测到，等待重连...
[2026-07-12 16:04:24] [CAM] 摄像头捕获器已释放
[2026-07-12 16:04:24] [CAM] 摄像头未检测到，等待重连...
[2026-07-12 16:04:25] [CAM] 摄像头捕获器已释放
[2026-07-12 16:04:25] [CAM] 摄像头未检测到，等待重连...
[2026-07-12 16:04:25] [CAM] 摄像头捕获器已释放
[2026-07-12 16:04:25] [CAM] 摄像头未检测到，等待重连...
[2026-07-12 16:04:26] [CAM] 摄像头捕获器已释放
[2026-07-12 16:04:26] [CAM] 摄像头未检测到，等待重连...
[2026-07-12 16:04:26] [CAM] 摄像头捕获器已释放
[2026-07-12 16:04:26] [CAM] 摄像头未检测到，等待重连...
[2026-07-12 16:04:27] [CAM] 摄像头捕获器已释放
[2026-07-12 16:04:27] [CAM] 摄像头未检测到，等待重连...
[2026-07-12 16:04:27] [CAM] 摄像头捕获器已释放
[2026-07-12 16:04:27] [CAM] 摄像头未检测到，等待重连...
[2026-07-12 16:04:28] [CAM] 摄像头捕获器已释放
[2026-07-12 16:04:28] [CAM] 摄像头未检测到，等待重连...
[2026-07-12 16:04:28] [CAM] 摄像头捕获器已释放
[2026-07-12 16:04:28] [CAM] 摄像头未检测到，等待重连...
[2026-07-12 16:04:29] [CAM] 摄像头捕获器已释放
[2026-07-12 16:04:29] [CAM] 摄像头未检测到，等待重连...
[2026-07-12 16:04:29] [CAM] 摄像头捕获器已释放
[2026-07-12 16:04:29] [CAM] 摄像头未检测到，等待重连...
[2026-07-12 16:04:30] [CAM] 摄像头捕获器已释放
[2026-07-12 16:04:30] [CAM] 摄像头未检测到，等待重连...
[2026-07-12 16:04:30] [CAM] 摄像头捕获器已释放
[2026-07-12 16:04:30] [CAM] 摄像头未检测到，等待重连...
[2026-07-12 16:04:31] [CAM] 摄像头捕获器已释放
[2026-07-12 16:04:31] [CAM] 摄像头未检测到，等待重连...
[2026-07-12 16:04:31] [CAM] 摄像头捕获器已释放
[2026-07-12 16:04:31] [CAM] 摄像头未检测到，等待重连...
[2026-07-12 16:04:32] [CAM] 摄像头捕获器已释放
[2026-07-12 16:04:32] [CAM] 摄像头未检测到，等待重连...
[2026-07-12 16:04:32] [CAM] 摄像头捕获器已释放
[2026-07-12 16:04:32] [CAM] 摄像头未检测到，等待重连...
[2026-07-12 16:04:33] [CAM] 摄像头捕获器已释放
[2026-07-12 16:04:33] [CAM] 摄像头未检测到，等待重连...
[2026-07-12 16:04:33] [CAM] 摄像头捕获器已释放
[2026-07-12 16:04:33] [CAM] 摄像头未检测到，等待重连...
[2026-07-12 16:04:34] [CAM] 摄像头捕获器已释放
[2026-07-12 16:04:34] [CAM] 摄像头未检测到，等待重连...
[2026-07-12 16:04:34] [CAM] 摄像头捕获器已释放
[2026-07-12 16:04:34] [CAM] 摄像头未检测到，等待重连...
[2026-07-12 16:04:35] [CAM] 摄像头捕获器已释放
[2026-07-12 16:04:35] [CAM] 摄像头未检测到，等待重连...
[2026-07-12 16:04:35] [CAM] 摄像头捕获器已释放
[2026-07-12 16:04:35] [CAM] 摄像头未检测到，等待重连...
[2026-07-12 16:04:36] [CAM] 摄像头捕获器已释放
[2026-07-12 16:04:36] [CAM] 摄像头未检测到，等待重连...
[2026-07-12 16:04:36] [CAM] 摄像头捕获器已释放
[2026-07-12 16:04:36] [CAM] 摄像头未检测到，等待重连...
[2026-07-12 16:04:37] [CAM] 摄像头捕获器已释放
[2026-07-12 16:04:37] [CAM] 摄像头未检测到，等待重连...
[2026-07-12 16:04:37] [CAM] 摄像头捕获器已释放
[2026-07-12 16:04:37] [CAM] 摄像头未检测到，等待重连...
[2026-07-12 16:04:38] [CAM] 摄像头捕获器已释放
[2026-07-12 16:04:38] [CAM] 摄像头未检测到，等待重连...
[2026-07-12 16:04:38] [CAM] 摄像头捕获器已释放
[2026-07-12 16:04:38] [CAM] 摄像头未检测到，等待重连...
[2026-07-12 16:04:39] [CAM] 摄像头捕获器已释放
[2026-07-12 16:04:39] [CAM] 摄像头未检测到，等待重连...
[2026-07-12 16:04:39] [CAM] 摄像头捕获器已释放
[2026-07-12 16:04:39] [CAM] 摄像头未检测到，等待重连...
[2026-07-12 16:04:40] [CAM] 摄像头捕获器已释放
[2026-07-12 16:04:40] [CAM] 摄像头未检测到，等待重连...
[2026-07-12 16:04:40] [CAM] 摄像头捕获器已释放
[2026-07-12 16:04:40] [CAM] 摄像头未检测到，等待重连...
[2026-07-12 16:04:41] [CAM] 摄像头捕获器已释放
[2026-07-12 16:04:41] [CAM] 摄像头未检测到，等待重连...
[2026-07-12 16:04:41] [CAM] 摄像头捕获器已释放
[2026-07-12 16:04:41] [CAM] 摄像头未检测到，等待重连...
[2026-07-12 16:04:42] [CAM] 摄像头捕获器已释放
[2026-07-12 16:04:42] [CAM] 摄像头未检测到，等待重连...
[2026-07-12 16:04:42] [CAM] 摄像头捕获器已释放
[2026-07-12 16:04:42] [CAM] 摄像头未检测到，等待重连...
[2026-07-12 16:04:43] [CAM] 摄像头捕获器已释放
[2026-07-12 16:04:43] [CAM] 摄像头未检测到，等待重连...
[2026-07-12 16:04:43] [CAM] 摄像头捕获器已释放
[2026-07-12 16:04:43] [CAM] 摄像头未检测到，等待重连...
[2026-07-12 16:04:44] [CAM] 摄像头捕获器已释放
[2026-07-12 16:04:44] [CAM] 摄像头未检测到，等待重连...
[2026-07-12 16:04:44] [CAM] 摄像头捕获器已释放
[2026-07-12 16:04:44] [CAM] 摄像头未检测到，等待重连...
[2026-07-12 16:04:45] [CAM] 摄像头捕获器已释放
[2026-07-12 16:04:45] [CAM] 摄像头未检测到，等待重连...
[2026-07-12 16:04:45] [CAM] 摄像头捕获器已释放
[2026-07-12 16:04:45] [CAM] 摄像头未检测到，等待重连...
[2026-07-12 16:04:46] [CAM] 摄像头捕获器已释放
[2026-07-12 16:04:46] [CAM] 摄像头未检测到，等待重连...
[2026-07-12 16:04:46] [CAM] 摄像头捕获器已释放
[2026-07-12 16:04:46] [CAM] 摄像头未检测到，等待重连...
[2026-07-12 16:04:47] [CAM] 摄像头捕获器已释放
[2026-07-12 16:04:47] [CAM] 摄像头未检测到，等待重连...
[2026-07-12 16:04:47] [CAM] 摄像头捕获器已释放
[2026-07-12 16:04:47] [CAM] 摄像头未检测到，等待重连...
[2026-07-12 16:04:48] [CAM] 摄像头捕获器已释放
[2026-07-12 16:04:48] [CAM] 摄像头未检测到，等待重连...
[2026-07-12 16:04:48] [CAM] 摄像头捕获器已释放
[2026-07-12 16:04:48] [CAM] 摄像头未检测到，等待重连...
[2026-07-12 16:04:49] [CAM] 摄像头捕获器已释放
[2026-07-12 16:04:49] [CAM] 摄像头未检测到，等待重连...
[2026-07-12 16:04:49] [CAM] 摄像头捕获器已释放
[2026-07-12 16:04:49] [CAM] 摄像头未检测到，等待重连...
[2026-07-12 16:04:50] [CAM] 摄像头捕获器已释放
[2026-07-12 16:04:50] [CAM] 摄像头未检测到，等待重连...
[2026-07-12 16:04:50] [CAM] 摄像头捕获器已释放
[2026-07-12 16:04:50] [CAM] 摄像头未检测到，等待重连...
[2026-07-12 16:04:51] [CAM] 摄像头捕获器已释放
[2026-07-12 16:04:51] [CAM] 摄像头未检测到，等待重连...
[2026-07-12 16:04:51] [CAM] 摄像头捕获器已释放
[2026-07-12 16:04:51] [CAM] 摄像头未检测到，等待重连...
[2026-07-12 16:04:52] [CAM] 摄像头捕获器已释放
[2026-07-12 16:04:52] [CAM] 摄像头未检测到，等待重连...
[2026-07-12 16:04:52] [CAM] 摄像头捕获器已释放
[2026-07-12 16:04:52] [CAM] 摄像头未检测到，等待重连...
[2026-07-12 16:04:53] [CAM] 摄像头捕获器已释放
[2026-07-12 16:04:53] [CAM] 摄像头未检测到，等待重连...
[2026-07-12 16:04:53] [CAM] 摄像头捕获器已释放
[2026-07-12 16:04:53] [CAM] 摄像头未检测到，等待重连...
[2026-07-12 16:04:54] [CAM] 摄像头捕获器已释放
[2026-07-12 16:04:54] [CAM] 摄像头未检测到，等待重连...
[2026-07-12 16:04:54] [CAM] 摄像头捕获器已释放
[2026-07-12 16:04:54] [CAM] 摄像头未检测到，等待重连...
[2026-07-12 16:04:55] [CAM] 摄像头捕获器已释放
[2026-07-12 16:04:55] [CAM] 摄像头未检测到，等待重连...
[2026-07-12 16:04:55] [CAM] 摄像头捕获器已释放
[2026-07-12 16:04:55] [CAM] 摄像头未检测到，等待重连...
[2026-07-12 16:04:56] [CAM] 摄像头捕获器已释放
[2026-07-12 16:04:56] [CAM] 摄像头未检测到，等待重连...
[2026-07-12 16:04:56] [CAM] 摄像头捕获器已释放
[2026-07-12 16:04:56] [CAM] 摄像头未检测到，等待重连...
[2026-07-12 16:04:57] [CAM] 摄像头捕获器已释放
[2026-07-12 16:04:57] [CAM] 摄像头未检测到，等待重连...
[2026-07-12 16:04:57] [CAM] 摄像头捕获器已释放
[2026-07-12 16:04:57] [CAM] 摄像头未检测到，等待重连...
[2026-07-12 16:04:58] [CAM] 摄像头捕获器已释放
[2026-07-12 16:04:58] [CAM] 摄像头未检测到，等待重连...
[2026-07-12 16:04:58] [CAM] 摄像头捕获器已释放
[2026-07-12 16:04:58] [CAM] 摄像头未检测到，等待重连...
[2026-07-12 16:04:59] [CAM] 摄像头捕获器已释放
[2026-07-12 16:04:59] [CAM] 摄像头未检测到，等待重连...
[2026-07-12 16:04:59] [CAM] 摄像头捕获器已释放
[2026-07-12 16:04:59] [CAM] 摄像头未检测到，等待重连...
[2026-07-12 16:05:00] [CAM] 摄像头捕获器已释放
[2026-07-12 16:05:00] [CAM] 摄像头未检测到，等待重连...
[2026-07-12 16:05:00] [CAM] 摄像头捕获器已释放
[2026-07-12 16:05:00] [CAM] 摄像头未检测到，等待重连...
[2026-07-12 16:05:01] [CAM] 摄像头捕获器已释放
[2026-07-12 16:05:01] [CAM] 摄像头未检测到，等待重连...
[2026-07-12 16:05:01] [CAM] 摄像头捕获器已释放
[2026-07-12 16:05:01] [CAM] 摄像头未检测到，等待重连...
[2026-07-12 16:05:02] [CAM] 摄像头捕获器已释放
[2026-07-12 16:05:02] [CAM] 摄像头未检测到，等待重连...
[2026-07-12 16:05:02] [CAM] 摄像头捕获器已释放
[2026-07-12 16:05:02] [CAM] 摄像头未检测到，等待重连...
[2026-07-12 16:05:03] [CAM] 摄像头捕获器已释放
[2026-07-12 16:05:03] [CAM] 摄像头未检测到，等待重连...
[2026-07-12 16:05:03] [CAM] 摄像头捕获器已释放
[2026-07-12 16:05:03] [CAM] 摄像头未检测到，等待重连...
[2026-07-12 16:05:04] [CAM] 摄像头捕获器已释放
[2026-07-12 16:05:04] [CAM] 摄像头未检测到，等待重连...
[2026-07-12 16:05:04] [CAM] 摄像头捕获器已释放
[2026-07-12 16:05:04] [CAM] 摄像头未检测到，等待重连...
[2026-07-12 16:05:05] [CAM] 摄像头捕获器已释放
[2026-07-12 16:05:05] [CAM] 摄像头未检测到，等待重连...
[2026-07-12 16:05:05] [CAM] 摄像头捕获器已释放
[2026-07-12 16:05:05] [CAM] 摄像头未检测到，等待重连...
[2026-07-12 16:05:06] [CAM] 摄像头捕获器已释放
[2026-07-12 16:05:06] [CAM] 摄像头未检测到，等待重连...
[2026-07-12 16:05:06] [CAM] 摄像头捕获器已释放
[2026-07-12 16:05:06] [CAM] 摄像头未检测到，等待重连...
[2026-07-12 16:05:07] [CAM] 摄像头捕获器已释放
[2026-07-12 16:05:07] [CAM] 摄像头未检测到，等待重连...
[2026-07-12 16:05:07] [CAM] 摄像头捕获器已释放
[2026-07-12 16:05:07] [CAM] 摄像头未检测到，等待重连...
[2026-07-12 16:05:08] [CAM] 摄像头捕获器已释放
[2026-07-12 16:05:08] [CAM] 摄像头未检测到，等待重连...
[2026-07-12 16:05:08] [CAM] 摄像头捕获器已释放
[2026-07-12 16:05:08] [CAM] 摄像头未检测到，等待重连...
[2026-07-12 16:05:09] [CAM] 摄像头捕获器已释放
[2026-07-12 16:05:09] [CAM] 摄像头未检测到，等待重连...
[2026-07-12 16:05:09] [CAM] 摄像头捕获器已释放
[2026-07-12 16:05:09] [CAM] 摄像头未检测到，等待重连...
[2026-07-12 16:05:10] [CAM] 摄像头捕获器已释放
[2026-07-12 16:05:10] [CAM] 摄像头未检测到，等待重连...
[2026-07-12 16:05:10] [CAM] 摄像头捕获器已释放
[2026-07-12 16:05:10] [CAM] 摄像头未检测到，等待重连...
[2026-07-12 16:05:11] [CAM] 摄像头捕获器已释放
[2026-07-12 16:05:11] [CAM] 摄像头未检测到，等待重连...
[2026-07-12 16:05:11] [CAM] 摄像头捕获器已释放
[2026-07-12 16:05:11] [CAM] 摄像头未检测到，等待重连...
[2026-07-12 16:05:12] [CAM] 摄像头捕获器已释放
[2026-07-12 16:05:12] [CAM] 摄像头未检测到，等待重连...
[2026-07-12 16:05:12] [CAM] 摄像头捕获器已释放
[2026-07-12 16:05:12] [CAM] 摄像头未检测到，等待重连...
[2026-07-12 16:05:13] [CAM] 摄像头捕获器已释放
[2026-07-12 16:05:13] [CAM] 摄像头未检测到，等待重连...
[2026-07-12 16:05:13] [CAM] 摄像头捕获器已释放
[2026-07-12 16:05:13] [CAM] 摄像头未检测到，等待重连...
[2026-07-12 16:05:14] [CAM] 摄像头捕获器已释放
[2026-07-12 16:05:14] [CAM] 摄像头未检测到，等待重连...
[2026-07-12 16:05:14] [CAM] 摄像头捕获器已释放
[2026-07-12 16:05:14] [CAM] 摄像头未检测到，等待重连...
[2026-07-12 16:05:15] [CAM] 摄像头捕获器已释放
[2026-07-12 16:05:15] [CAM] 摄像头未检测到，等待重连...
[2026-07-12 16:05:15] [CAM] 摄像头捕获器已释放
[2026-07-12 16:05:15] [CAM] 摄像头未检测到，等待重连...
[2026-07-12 16:05:16] [CAM] 摄像头捕获器已释放
[2026-07-12 16:05:16] [CAM] 摄像头未检测到，等待重连...
[2026-07-12 16:05:16] [CAM] 摄像头捕获器已释放
[2026-07-12 16:05:16] [CAM] 摄像头未检测到，等待重连...
[2026-07-12 16:05:17] [CAM] 摄像头捕获器已释放
[2026-07-12 16:05:17] [CAM] 摄像头未检测到，等待重连...
[2026-07-12 16:05:17] [CAM] 摄像头捕获器已释放
[2026-07-12 16:05:17] [CAM] 摄像头未检测到，等待重连...
[2026-07-12 16:05:18] [CAM] 摄像头捕获器已释放
[2026-07-12 16:05:18] [CAM] 摄像头未检测到，等待重连...
[2026-07-12 16:05:18] [CAM] 摄像头捕获器已释放
[2026-07-12 16:05:18] [CAM] 摄像头未检测到，等待重连...
[2026-07-12 16:05:19] [CAM] 摄像头捕获器已释放
[2026-07-12 16:05:19] [CAM] 摄像头未检测到，等待重连...
[2026-07-12 16:05:19] [CAM] 摄像头捕获器已释放
[2026-07-12 16:05:19] [CAM] 摄像头未检测到，等待重连...
[2026-07-12 16:05:20] [CAM] 摄像头捕获器已释放
[2026-07-12 16:05:20] [CAM] 摄像头未检测到，等待重连...
[2026-07-12 16:05:20] [CAM] 摄像头捕获器已释放
[2026-07-12 16:05:20] [CAM] 摄像头未检测到，等待重连...
[2026-07-12 16:05:21] [CAM] 摄像头捕获器已释放
[2026-07-12 16:05:21] [CAM] 摄像头未检测到，等待重连...
[2026-07-12 16:05:21] [CAM] 摄像头捕获器已释放
[2026-07-12 16:05:21] [CAM] 摄像头未检测到，等待重连...
[2026-07-12 16:05:22] [CAM] 摄像头捕获器已释放
[2026-07-12 16:05:22] [CAM] 摄像头未检测到，等待重连...
[2026-07-12 16:05:22] [CAM] 摄像头捕获器已释放
[2026-07-12 16:05:22] [CAM] 摄像头未检测到，等待重连...
[2026-07-12 16:05:23] [CAM] 摄像头捕获器已释放
[2026-07-12 16:05:23] [CAM] 摄像头未检测到，等待重连...
[2026-07-12 16:05:23] [CAM] 摄像头捕获器已释放
[2026-07-12 16:05:23] [CAM] 摄像头未检测到，等待重连...
[2026-07-12 16:05:24] [CAM] 摄像头捕获器已释放
[2026-07-12 16:05:24] [CAM] 摄像头未检测到，等待重连...
[2026-07-12 16:05:24] [CAM] 摄像头捕获器已释放
[2026-07-12 16:05:24] [CAM] 摄像头未检测到，等待重连...
[2026-07-12 16:05:25] [CAM] 摄像头捕获器已释放
[2026-07-12 16:05:25] [CAM] 摄像头未检测到，等待重连...
[2026-07-12 16:05:25] [CAM] 摄像头捕获器已释放
[2026-07-12 16:05:25] [CAM] 摄像头未检测到，等待重连...
[2026-07-12 16:05:26] [CAM] 摄像头捕获器已释放
[2026-07-12 16:05:26] [CAM] 摄像头未检测到，等待重连...
[2026-07-12 16:05:26] [CAM] 摄像头捕获器已释放
[2026-07-12 16:05:26] [CAM] 摄像头未检测到，等待重连...
[2026-07-12 16:05:27] [CAM] 摄像头捕获器已释放
[2026-07-12 16:05:27] [CAM] 摄像头未检测到，等待重连...
[2026-07-12 16:05:27] [CAM] 摄像头捕获器已释放
[2026-07-12 16:05:27] [CAM] 摄像头未检测到，等待重连...
[2026-07-12 16:05:28] [CAM] 摄像头捕获器已释放
[2026-07-12 16:05:28] [CAM] 摄像头未检测到，等待重连...
[2026-07-12 16:05:28] [CAM] 摄像头捕获器已释放
[2026-07-12 16:05:28] [CAM] 摄像头未检测到，等待重连...
[2026-07-12 16:05:29] [CAM] 摄像头捕获器已释放
[2026-07-12 16:05:29] [CAM] 摄像头未检测到，等待重连...
[2026-07-12 16:05:29] [CAM] 摄像头捕获器已释放
[2026-07-12 16:05:29] [CAM] 摄像头未检测到，等待重连...
[2026-07-12 16:05:30] [CAM] 摄像头捕获器已释放
[2026-07-12 16:05:30] [CAM] 摄像头未检测到，等待重连...
[2026-07-12 16:05:30] [CAM] 摄像头捕获器已释放
[2026-07-12 16:05:30] [CAM] 摄像头未检测到，等待重连...
[2026-07-12 16:05:31] [CAM] 摄像头捕获器已释放
[2026-07-12 16:05:31] [CAM] 摄像头未检测到，等待重连...
[2026-07-12 16:05:32] [CAM] 摄像头捕获器已释放
[2026-07-12 16:05:32] [CAM] 摄像头未检测到，等待重连...
[2026-07-12 16:05:32] [CAM] 摄像头捕获器已释放
[2026-07-12 16:05:32] [CAM] 摄像头未检测到，等待重连...
[2026-07-12 16:05:33] [CAM] 摄像头捕获器已释放
[2026-07-12 16:05:33] [CAM] 摄像头未检测到，等待重连...
[2026-07-12 16:05:33] [CAM] 摄像头捕获器已释放
[2026-07-12 16:05:33] [CAM] 摄像头未检测到，等待重连...
[2026-07-12 16:05:34] [CAM] 摄像头捕获器已释放
[2026-07-12 16:05:34] [CAM] 摄像头未检测到，等待重连...
[2026-07-12 16:05:34] [CAM] 摄像头捕获器已释放
[2026-07-12 16:05:34] [CAM] 摄像头未检测到，等待重连...
[2026-07-12 16:05:35] [CAM] 摄像头捕获器已释放
[2026-07-12 16:05:35] [CAM] 摄像头未检测到，等待重连...
[2026-07-12 16:05:35] [CAM] 摄像头捕获器已释放
[2026-07-12 16:05:35] [CAM] 摄像头未检测到，等待重连...
[2026-07-12 16:05:36] [CAM] 摄像头捕获器已释放
[2026-07-12 16:05:36] [CAM] 摄像头未检测到，等待重连...
[2026-07-12 16:05:36] [CAM] 摄像头捕获器已释放
[2026-07-12 16:05:36] [CAM] 摄像头未检测到，等待重连...
[2026-07-12 16:05:37] [CAM] 摄像头捕获器已释放
[2026-07-12 16:05:37] [CAM] 摄像头未检测到，等待重连...
[2026-07-12 16:05:37] [CAM] 摄像头捕获器已释放
[2026-07-12 16:05:37] [CAM] 摄像头未检测到，等待重连...
[2026-07-12 16:05:38] [CAM] 摄像头捕获器已释放
[2026-07-12 16:05:38] [CAM] 摄像头未检测到，等待重连...
[2026-07-12 16:05:38] [CAM] 摄像头捕获器已释放
[2026-07-12 16:05:38] [CAM] 摄像头未检测到，等待重连...
[2026-07-12 16:05:39] [CAM] 摄像头捕获器已释放
[2026-07-12 16:05:39] [CAM] 摄像头未检测到，等待重连...
[2026-07-12 16:05:39] [CAM] 摄像头捕获器已释放
[2026-07-12 16:05:39] [CAM] 摄像头未检测到，等待重连...
[2026-07-12 16:05:40] [CAM] 摄像头捕获器已释放
[2026-07-12 16:05:40] [CAM] 摄像头未检测到，等待重连...
[2026-07-12 16:05:40] [CAM] 摄像头捕获器已释放
[2026-07-12 16:05:40] [CAM] 摄像头未检测到，等待重连...
[2026-07-12 16:05:41] [CAM] 摄像头捕获器已释放
[2026-07-12 16:05:41] [CAM] 摄像头未检测到，等待重连...
[2026-07-12 16:05:41] [CAM] 摄像头捕获器已释放
[2026-07-12 16:05:41] [CAM] 摄像头未检测到，等待重连...
[2026-07-12 16:05:42] [CAM] 摄像头捕获器已释放
[2026-07-12 16:05:42] [CAM] 摄像头未检测到，等待重连...
[2026-07-12 16:05:42] [CAM] 摄像头捕获器已释放
[2026-07-12 16:05:42] [CAM] 摄像头未检测到，等待重连...
[2026-07-12 16:05:43] [CAM] 摄像头捕获器已释放
[2026-07-12 16:05:43] [CAM] 摄像头未检测到，等待重连...
[2026-07-12 16:05:43] [CAM] 摄像头捕获器已释放
[2026-07-12 16:05:43] [CAM] 摄像头未检测到，等待重连...
[2026-07-12 16:05:44] [CAM] 摄像头捕获器已释放
[2026-07-12 16:05:44] [CAM] 摄像头未检测到，等待重连...
[2026-07-12 16:05:44] [CAM] 摄像头捕获器已释放
[2026-07-12 16:05:44] [CAM] 摄像头未检测到，等待重连...
[2026-07-12 16:05:45] [CAM] 摄像头捕获器已释放
[2026-07-12 16:05:45] [CAM] 摄像头未检测到，等待重连...
[2026-07-12 16:05:45] [CAM] 摄像头捕获器已释放
[2026-07-12 16:05:45] [CAM] 摄像头未检测到，等待重连...
[2026-07-12 16:05:46] [CAM] 摄像头捕获器已释放
[2026-07-12 16:05:46] [CAM] 摄像头未检测到，等待重连...
[2026-07-12 16:05:46] [CAM] 摄像头捕获器已释放
[2026-07-12 16:05:46] [CAM] 摄像头未检测到，等待重连...
[2026-07-12 16:05:47] [CAM] 摄像头捕获器已释放
[2026-07-12 16:05:47] [CAM] 摄像头未检测到，等待重连...
[2026-07-12 16:05:47] [CAM] 摄像头捕获器已释放
[2026-07-12 16:05:47] [CAM] 摄像头未检测到，等待重连...
[2026-07-12 16:05:48] [CAM] 摄像头捕获器已释放
[2026-07-12 16:05:48] [CAM] 摄像头未检测到，等待重连...
[2026-07-12 16:05:48] [CAM] 摄像头捕获器已释放
[2026-07-12 16:05:48] [CAM] 摄像头未检测到，等待重连...
[2026-07-12 16:05:49] [CAM] 摄像头捕获器已释放
[2026-07-12 16:05:49] [CAM] 摄像头未检测到，等待重连...
[2026-07-12 16:05:49] [CAM] 摄像头捕获器已释放
[2026-07-12 16:05:49] [CAM] 摄像头未检测到，等待重连...
[2026-07-12 16:05:50] [CAM] 摄像头捕获器已释放
[2026-07-12 16:05:50] [CAM] 摄像头未检测到，等待重连...
[2026-07-12 16:05:50] [CAM] 摄像头捕获器已释放
[2026-07-12 16:05:50] [CAM] 摄像头未检测到，等待重连...
[2026-07-12 16:05:51] [CAM] 摄像头捕获器已释放
[2026-07-12 16:05:51] [CAM] 摄像头未检测到，等待重连...
[2026-07-12 16:05:51] [CAM] 摄像头捕获器已释放
[2026-07-12 16:05:51] [CAM] 摄像头未检测到，等待重连...
[2026-07-12 16:05:52] [CAM] 摄像头捕获器已释放
[2026-07-12 16:05:52] [CAM] 摄像头未检测到，等待重连...
[2026-07-12 16:05:52] [CAM] 摄像头捕获器已释放
[2026-07-12 16:05:52] [CAM] 摄像头未检测到，等待重连...
[2026-07-12 16:05:53] [CAM] 摄像头捕获器已释放
[2026-07-12 16:05:53] [CAM] 摄像头未检测到，等待重连...
[2026-07-12 16:05:53] [CAM] 摄像头捕获器已释放
[2026-07-12 16:05:53] [CAM] 摄像头未检测到，等待重连...
[2026-07-12 16:05:54] [CAM] 摄像头捕获器已释放
[2026-07-12 16:05:54] [CAM] 摄像头未检测到，等待重连...
[2026-07-12 16:05:54] [CAM] 摄像头捕获器已释放
[2026-07-12 16:05:54] [CAM] 摄像头未检测到，等待重连...
[2026-07-12 16:05:55] [CAM] 摄像头捕获器已释放
[2026-07-12 16:05:55] [CAM] 摄像头未检测到，等待重连...
[2026-07-12 16:05:55] [CAM] 摄像头捕获器已释放
[2026-07-12 16:05:55] [CAM] 摄像头未检测到，等待重连...
[2026-07-12 16:05:56] [CAM] 摄像头捕获器已释放
[2026-07-12 16:05:56] [CAM] 摄像头未检测到，等待重连...
[2026-07-12 16:05:56] [CAM] 摄像头捕获器已释放
[2026-07-12 16:05:56] [CAM] 摄像头未检测到，等待重连...
[2026-07-12 16:05:57] [CAM] 摄像头捕获器已释放
[2026-07-12 16:05:57] [CAM] 摄像头未检测到，等待重连...
[2026-07-12 16:05:57] [CAM] 摄像头捕获器已释放
[2026-07-12 16:05:57] [CAM] 摄像头未检测到，等待重连...
[2026-07-12 16:05:58] [CAM] 摄像头捕获器已释放
[2026-07-12 16:05:58] [CAM] 摄像头未检测到，等待重连...
[2026-07-12 16:05:58] [CAM] 摄像头捕获器已释放
[2026-07-12 16:05:58] [CAM] 摄像头未检测到，等待重连...
[2026-07-12 16:05:59] [CAM] 摄像头捕获器已释放
[2026-07-12 16:05:59] [CAM] 摄像头未检测到，等待重连...
[2026-07-12 16:05:59] [CAM] 摄像头捕获器已释放
[2026-07-12 16:05:59] [CAM] 摄像头未检测到，等待重连...
[2026-07-12 16:06:00] [CAM] 摄像头捕获器已释放
[2026-07-12 16:06:00] [CAM] 摄像头未检测到，等待重连...
[2026-07-12 16:06:00] [CAM] 摄像头捕获器已释放
[2026-07-12 16:06:00] [CAM] 摄像头未检测到，等待重连...
[2026-07-12 16:06:01] [CAM] 摄像头捕获器已释放
[2026-07-12 16:06:01] [CAM] 摄像头未检测到，等待重连...
[2026-07-12 16:06:01] [CAM] 摄像头捕获器已释放
[2026-07-12 16:06:01] [CAM] 摄像头未检测到，等待重连...
[2026-07-12 16:06:02] [CAM] 摄像头捕获器已释放
[2026-07-12 16:06:02] [CAM] 摄像头未检测到，等待重连...
[2026-07-12 16:06:02] [CAM] 摄像头捕获器已释放
[2026-07-12 16:06:02] [CAM] 摄像头未检测到，等待重连...
[2026-07-12 16:06:03] [CAM] 摄像头捕获器已释放
[2026-07-12 16:06:03] [CAM] 摄像头未检测到，等待重连...
[2026-07-12 16:06:03] [CAM] 摄像头捕获器已释放
[2026-07-12 16:06:03] [CAM] 摄像头未检测到，等待重连...
[2026-07-12 16:06:04] [CAM] 摄像头捕获器已释放
[2026-07-12 16:06:04] [CAM] 摄像头未检测到，等待重连...
[2026-07-12 16:06:04] [CAM] 摄像头捕获器已释放
[2026-07-12 16:06:04] [CAM] 摄像头未检测到，等待重连...
[2026-07-12 16:06:05] [CAM] 摄像头捕获器已释放
[2026-07-12 16:06:05] [CAM] 摄像头未检测到，等待重连...
[2026-07-12 16:06:05] [CAM] 摄像头捕获器已释放
[2026-07-12 16:06:05] [CAM] 摄像头未检测到，等待重连...
[2026-07-12 16:06:06] [CAM] 摄像头捕获器已释放
[2026-07-12 16:06:06] [CAM] 摄像头未检测到，等待重连...
[2026-07-12 16:06:06] [CAM] 摄像头捕获器已释放
[2026-07-12 16:06:06] [CAM] 摄像头未检测到，等待重连...
[2026-07-12 16:06:07] [CAM] 摄像头捕获器已释放
[2026-07-12 16:06:07] [CAM] 摄像头未检测到，等待重连...
[2026-07-12 16:06:07] [CAM] 摄像头捕获器已释放
[2026-07-12 16:06:07] [CAM] 摄像头未检测到，等待重连...
[2026-07-12 16:06:08] [CAM] 摄像头捕获器已释放
[2026-07-12 16:06:08] [CAM] 摄像头未检测到，等待重连...
[2026-07-12 16:06:08] [CAM] 摄像头捕获器已释放
[2026-07-12 16:06:08] [CAM] 摄像头未检测到，等待重连...
[2026-07-12 16:06:09] [CAM] 摄像头捕获器已释放
[2026-07-12 16:06:09] [CAM] 摄像头未检测到，等待重连...
[2026-07-12 16:06:09] [CAM] 摄像头捕获器已释放
[2026-07-12 16:06:09] [CAM] 摄像头未检测到，等待重连...
[2026-07-12 16:06:10] [CAM] 摄像头捕获器已释放
[2026-07-12 16:06:10] [CAM] 摄像头未检测到，等待重连...
[2026-07-12 16:06:10] [CAM] 摄像头捕获器已释放
[2026-07-12 16:06:10] [CAM] 摄像头未检测到，等待重连...
[2026-07-12 16:06:11] [CAM] 摄像头捕获器已释放
[2026-07-12 16:06:11] [CAM] 摄像头未检测到，等待重连...
[2026-07-12 16:06:11] [CAM] 摄像头捕获器已释放
[2026-07-12 16:06:11] [CAM] 摄像头未检测到，等待重连...
[2026-07-12 16:06:12] [CAM] 摄像头捕获器已释放
[2026-07-12 16:06:12] [CAM] 摄像头未检测到，等待重连...
[2026-07-12 16:06:12] [CAM] 摄像头捕获器已释放
[2026-07-12 16:06:12] [CAM] 摄像头未检测到，等待重连...
[2026-07-12 16:06:13] [CAM] 摄像头捕获器已释放
[2026-07-12 16:06:13] [CAM] 摄像头未检测到，等待重连...
[2026-07-12 16:06:13] [CAM] 摄像头捕获器已释放
[2026-07-12 16:06:13] [CAM] 摄像头未检测到，等待重连...
[2026-07-12 16:06:14] [CAM] 摄像头捕获器已释放
[2026-07-12 16:06:14] [CAM] 摄像头未检测到，等待重连...
[2026-07-12 16:06:14] [CAM] 摄像头捕获器已释放
[2026-07-12 16:06:14] [CAM] 摄像头未检测到，等待重连...
[2026-07-12 16:06:15] [CAM] 摄像头捕获器已释放
[2026-07-12 16:06:15] [CAM] 摄像头未检测到，等待重连...
[2026-07-12 16:06:15] [CAM] 摄像头捕获器已释放
[2026-07-12 16:06:15] [CAM] 摄像头未检测到，等待重连...
[2026-07-12 16:06:16] [CAM] 摄像头捕获器已释放
[2026-07-12 16:06:16] [CAM] 摄像头未检测到，等待重连...
[2026-07-12 16:06:16] [CAM] 摄像头捕获器已释放
[2026-07-12 16:06:16] [CAM] 摄像头未检测到，等待重连...
[2026-07-12 16:06:17] [CAM] 摄像头捕获器已释放
[2026-07-12 16:06:17] [CAM] 摄像头未检测到，等待重连...
[2026-07-12 16:06:17] [CAM] 摄像头捕获器已释放
[2026-07-12 16:06:17] [CAM] 摄像头未检测到，等待重连...
[2026-07-12 16:06:18] [CAM] 摄像头捕获器已释放
[2026-07-12 16:06:18] [CAM] 摄像头未检测到，等待重连...
[2026-07-12 16:06:18] [CAM] 摄像头捕获器已释放
[2026-07-12 16:06:18] [CAM] 摄像头未检测到，等待重连...
[2026-07-12 16:06:19] [CAM] 摄像头捕获器已释放
[2026-07-12 16:06:19] [CAM] 摄像头未检测到，等待重连...
[2026-07-12 16:06:19] [CAM] 摄像头捕获器已释放
[2026-07-12 16:06:19] [CAM] 摄像头未检测到，等待重连...
[2026-07-12 16:06:20] [CAM] 摄像头捕获器已释放
[2026-07-12 16:06:20] [CAM] 摄像头未检测到，等待重连...
[2026-07-12 16:06:20] [CAM] 摄像头捕获器已释放
[2026-07-12 16:06:20] [CAM] 摄像头未检测到，等待重连...
[2026-07-12 16:06:21] [CAM] 摄像头捕获器已释放
[2026-07-12 16:06:21] [CAM] 摄像头未检测到，等待重连...
[2026-07-12 16:06:21] [CAM] 摄像头捕获器已释放
[2026-07-12 16:06:21] [CAM] 摄像头未检测到，等待重连...
[2026-07-12 16:06:22] [CAM] 摄像头捕获器已释放
[2026-07-12 16:06:22] [CAM] 摄像头未检测到，等待重连...
[2026-07-12 16:06:22] [CAM] 摄像头捕获器已释放
[2026-07-12 16:06:22] [CAM] 摄像头未检测到，等待重连...
[2026-07-12 16:06:23] [CAM] 摄像头捕获器已释放
[2026-07-12 16:06:23] [CAM] 摄像头未检测到，等待重连...
[2026-07-12 16:06:23] [CAM] 摄像头捕获器已释放
[2026-07-12 16:06:23] [CAM] 摄像头未检测到，等待重连...
[2026-07-12 16:06:24] [CAM] 摄像头捕获器已释放
[2026-07-12 16:06:24] [CAM] 摄像头未检测到，等待重连...
[2026-07-12 16:06:24] [CAM] 摄像头捕获器已释放
[2026-07-12 16:06:24] [CAM] 摄像头未检测到，等待重连...
[2026-07-12 16:06:25] [CAM] 摄像头捕获器已释放
[2026-07-12 16:06:25] [CAM] 摄像头未检测到，等待重连...
[2026-07-12 16:06:25] [CAM] 摄像头捕获器已释放
[2026-07-12 16:06:25] [CAM] 摄像头未检测到，等待重连...
[2026-07-12 16:06:26] [CAM] 摄像头捕获器已释放
[2026-07-12 16:06:26] [CAM] 摄像头未检测到，等待重连...
[2026-07-12 16:06:26] [CAM] 摄像头捕获器已释放
[2026-07-12 16:06:26] [CAM] 摄像头未检测到，等待重连...
[2026-07-12 16:06:27] [CAM] 摄像头捕获器已释放
[2026-07-12 16:06:27] [CAM] 摄像头未检测到，等待重连...
[2026-07-12 16:06:27] [CAM] 摄像头捕获器已释放
[2026-07-12 16:06:27] [CAM] 摄像头未检测到，等待重连...
[2026-07-12 16:06:28] [CAM] 摄像头捕获器已释放
[2026-07-12 16:06:28] [CAM] 摄像头未检测到，等待重连...
[2026-07-12 16:06:28] [INFO] 程序收到关闭信号，开始安全退出流程
[2026-07-12 16:06:28] [CAM] 摄像头捕获器已释放
[2026-07-12 16:06:28] [CAM] 摄像头未检测到，等待重连...
[2026-07-12 16:06:28] [SENSOR] RS485采集线程已停止
[2026-07-12 16:06:29] [CAM] 摄像头捕获器已释放
[2026-07-12 16:06:29] [INFO] 摄像头采集线程正常退出
[2026-07-12 16:06:29] [INFO] 程序正常退出
[2026-07-12 16:06:29] [INFO] 程序结束，退出码:0
[2026-07-12 16:09:13] [INFO] ========== 幼儿园AI安全卫士程序启动 ==========
[2026-07-12 16:09:13] [INFO] 主程序窗口初始化完成
[2026-07-12 16:09:13] [SENSOR] RS485传感器采集线程已启动，串口：/dev/ttyUSB0
[2026-07-12 16:09:14] [INFO] AI环境模拟线程启动
[2026-07-12 16:09:14] [INFO] 摄像头采集线程启动
[2026-07-12 16:09:14] [CAM] 摄像头未检测到，等待重连...
[2026-07-12 16:09:14] [SENSOR] 开机未检测到温湿度传感器，延时播报
[2026-07-12 16:09:16] [NET] 网络已恢复连通
[2026-07-12 16:09:16] [MIC] 开机未检测到USB麦克风，延时播报
[2026-07-12 16:09:16] [CAM] 摄像头捕获器已释放
[2026-07-12 16:09:16] [CAM] 摄像头未检测到，等待重连...
[2026-07-12 16:09:17] [CAM] 摄像头捕获器已释放
[2026-07-12 16:09:17] [CAM] 摄像头未检测到，等待重连...
[2026-07-12 16:09:17] [CAM] 摄像头捕获器已释放
[2026-07-12 16:09:17] [CAM] 摄像头未检测到，等待重连...
[2026-07-12 16:09:18] [CAM] 摄像头捕获器已释放
[2026-07-12 16:09:18] [CAM] 摄像头未检测到，等待重连...
[2026-07-12 16:09:18] [CAM] 摄像头捕获器已释放
[2026-07-12 16:09:18] [CAM] 摄像头未检测到，等待重连...
[2026-07-12 16:09:19] [CAM] 摄像头捕获器已释放
[2026-07-12 16:09:19] [CAM] 摄像头未检测到，等待重连...
[2026-07-12 16:09:19] [CAM] 摄像头捕获器已释放
[2026-07-12 16:09:19] [CAM] 摄像头未检测到，等待重连...
[2026-07-12 16:09:20] [CAM] 摄像头捕获器已释放
[2026-07-12 16:09:20] [CAM] 摄像头未检测到，等待重连...
[2026-07-12 16:09:20] [CAM] 摄像头捕获器已释放
[2026-07-12 16:09:20] [CAM] 摄像头未检测到，等待重连...
[2026-07-12 16:09:21] [CAM] 摄像头捕获器已释放
[2026-07-12 16:09:21] [CAM] 摄像头未检测到，等待重连...
[2026-07-12 16:09:21] [CAM] 摄像头捕获器已释放
[2026-07-12 16:09:21] [CAM] 摄像头未检测到，等待重连...
[2026-07-12 16:09:22] [CAM] 摄像头捕获器已释放
[2026-07-12 16:09:22] [CAM] 摄像头未检测到，等待重连...
[2026-07-12 16:15:54] [INFO] ========== 幼儿园AI安全卫士程序启动 ==========
[2026-07-12 16:15:54] [INFO] 主程序窗口初始化完成
[2026-07-12 16:15:54] [SENSOR] RS485传感器采集线程已启动，串口：/dev/ttyUSB0
[2026-07-12 16:15:54] [INFO] AI环境模拟线程启动
[2026-07-12 16:15:54] [INFO] 摄像头采集线程启动
[2026-07-12 16:15:54] [CAM] 摄像头未检测到，等待重连...
[2026-07-12 16:15:54] [SENSOR] 开机未检测到温湿度传感器，延时播报
[2026-07-12 16:15:56] [NET] 网络已恢复连通
[2026-07-12 16:15:56] [MIC] 开机未检测到USB麦克风，延时播报
[2026-07-12 16:15:57] [CAM] 摄像头捕获器已释放
[2026-07-12 16:15:57] [CAM] 摄像头未检测到，等待重连...
[2026-07-12 16:15:57] [CAM] 摄像头捕获器已释放
[2026-07-12 16:15:57] [CAM] 摄像头未检测到，等待重连...
[2026-07-12 16:15:58] [CAM] 摄像头捕获器已释放
[2026-07-12 16:15:58] [CAM] 摄像头未检测到，等待重连...
[2026-07-12 16:15:58] [CAM] 摄像头捕获器已释放
[2026-07-12 16:15:58] [CAM] 摄像头未检测到，等待重连...
[2026-07-12 16:15:59] [CAM] 摄像头捕获器已释放
[2026-07-12 16:15:59] [CAM] 摄像头未检测到，等待重连...
[2026-07-12 16:15:59] [CAM] 摄像头捕获器已释放
[2026-07-12 16:15:59] [CAM] 摄像头未检测到，等待重连...
[2026-07-12 16:16:00] [CAM] 摄像头捕获器已释放
[2026-07-12 16:16:00] [CAM] 摄像头未检测到，等待重连...
[2026-07-12 16:16:00] [CAM] 摄像头捕获器已释放
[2026-07-12 16:16:00] [CAM] 摄像头未检测到，等待重连...
[2026-07-12 16:16:01] [CAM] 摄像头捕获器已释放
[2026-07-12 16:16:01] [CAM] 摄像头未检测到，等待重连...
[2026-07-12 16:16:01] [CAM] 摄像头捕获器已释放
[2026-07-12 16:16:01] [CAM] 摄像头未检测到，等待重连...
[2026-07-12 16:16:02] [CAM] 摄像头捕获器已释放
[2026-07-12 16:16:02] [CAM] 摄像头未检测到，等待重连...
[2026-07-12 16:16:02] [CAM] 摄像头捕获器已释放
[2026-07-12 16:16:02] [CAM] 摄像头未检测到，等待重连...
[2026-07-12 16:17:31] [INFO] ========== 幼儿园AI安全卫士程序启动 ==========
[2026-07-12 16:17:32] [INFO] 主程序窗口初始化完成
[2026-07-12 16:17:32] [SENSOR] RS485传感器采集线程已启动，串口：/dev/ttyUSB0
[2026-07-12 16:17:32] [INFO] AI环境模拟线程启动
[2026-07-12 16:17:32] [INFO] 摄像头采集线程启动
[2026-07-12 16:17:32] [CAM] 摄像头未检测到，等待重连...
[2026-07-12 16:17:32] [SENSOR] 开机未检测到温湿度传感器，延时播报
[2026-07-12 16:17:34] [NET] 网络已恢复连通
[2026-07-12 16:17:34] [MIC] 开机未检测到USB麦克风，延时播报
[2026-07-12 16:17:34] [CAM] 摄像头捕获器已释放
[2026-07-12 16:17:34] [CAM] 摄像头未检测到，等待重连...
[2026-07-12 16:17:35] [CAM] 摄像头捕获器已释放
[2026-07-12 16:17:35] [CAM] 摄像头未检测到，等待重连...
[2026-07-12 16:17:35] [CAM] 摄像头捕获器已释放
[2026-07-12 16:17:35] [CAM] 摄像头未检测到，等待重连...
[2026-07-12 16:17:36] [CAM] 摄像头捕获器已释放
[2026-07-12 16:17:36] [CAM] 摄像头未检测到，等待重连...
[2026-07-12 16:17:36] [CAM] 摄像头捕获器已释放
[2026-07-12 16:17:36] [CAM] 摄像头未检测到，等待重连...
[2026-07-12 16:17:37] [CAM] 摄像头捕获器已释放
[2026-07-12 16:17:37] [CAM] 摄像头未检测到，等待重连...
[2026-07-12 16:17:37] [CAM] 摄像头捕获器已释放
[2026-07-12 16:17:37] [CAM] 摄像头未检测到，等待重连...
[2026-07-12 16:17:38] [CAM] 摄像头捕获器已释放
[2026-07-12 16:17:38] [CAM] 摄像头未检测到，等待重连...
[2026-07-12 16:17:38] [CAM] 摄像头捕获器已释放
[2026-07-12 16:17:38] [CAM] 摄像头未检测到，等待重连...
[2026-07-12 16:17:39] [CAM] 摄像头捕获器已释放
[2026-07-12 16:17:39] [CAM] 摄像头未检测到，等待重连...
[2026-07-12 16:17:39] [CAM] 摄像头捕获器已释放
[2026-07-12 16:17:39] [CAM] 摄像头未检测到，等待重连...
[2026-07-12 16:17:40] [CAM] 摄像头捕获器已释放
[2026-07-12 16:17:40] [CAM] 摄像头未检测到，等待重连...
[2026-07-12 16:17:40] [CAM] 摄像头捕获器已释放
[2026-07-12 16:17:40] [CAM] 摄像头未检测到，等待重连...
[2026-07-12 16:17:41] [CAM] 摄像头捕获器已释放
[2026-07-12 16:17:41] [CAM] 摄像头未检测到，等待重连...
[2026-07-12 16:17:41] [CAM] 摄像头捕获器已释放
[2026-07-12 16:17:41] [CAM] 摄像头未检测到，等待重连...
[2026-07-12 16:17:42] [CAM] 摄像头捕获器已释放
[2026-07-12 16:17:42] [CAM] 摄像头未检测到，等待重连...
[2026-07-12 16:17:42] [CAM] 摄像头捕获器已释放
[2026-07-12 16:17:42] [CAM] 摄像头未检测到，等待重连...
[2026-07-12 16:17:43] [CAM] 摄像头捕获器已释放
[2026-07-12 16:17:43] [CAM] 摄像头未检测到，等待重连...
[2026-07-12 16:17:43] [VOICE] 音频文件不存在：online_upgrade.mp3
[2026-07-12 16:17:43] [CAM] 摄像头捕获器已释放
[2026-07-12 16:17:43] [CAM] 摄像头未检测到，等待重连...
[2026-07-12 16:17:44] [CAM] 摄像头捕获器已释放
[2026-07-12 16:17:44] [CAM] 摄像头未检测到，等待重连...
[2026-07-12 16:17:44] [CAM] 摄像头捕获器已释放
[2026-07-12 16:17:44] [CAM] 摄像头未检测到，等待重连...
[2026-07-12 16:17:45] [CAM] 摄像头捕获器已释放
[2026-07-12 16:17:45] [CAM] 摄像头未检测到，等待重连...
[2026-07-12 16:17:45] [CAM] 摄像头捕获器已释放
[2026-07-12 16:17:45] [CAM] 摄像头未检测到，等待重连...
[2026-07-12 16:17:46] [CAM] 摄像头捕获器已释放
[2026-07-12 16:17:46] [CAM] 摄像头未检测到，等待重连...
[2026-07-12 16:17:46] [CAM] 摄像头捕获器已释放
[2026-07-12 16:17:46] [CAM] 摄像头未检测到，等待重连...
[2026-07-12 16:17:47] [CAM] 摄像头捕获器已释放
[2026-07-12 16:17:47] [CAM] 摄像头未检测到，等待重连...
[2026-07-12 16:17:47] [CAM] 摄像头捕获器已释放
[2026-07-12 16:17:47] [CAM] 摄像头未检测到，等待重连...
[2026-07-12 16:17:48] [CAM] 摄像头捕获器已释放
[2026-07-12 16:17:48] [CAM] 摄像头未检测到，等待重连...
[2026-07-12 16:17:48] [CAM] 摄像头捕获器已释放
[2026-07-12 16:17:48] [CAM] 摄像头未检测到，等待重连...
[2026-07-12 16:17:49] [CAM] 摄像头捕获器已释放
[2026-07-12 16:17:49] [CAM] 摄像头未检测到，等待重连...
[2026-07-12 16:17:49] [CAM] 摄像头捕获器已释放
[2026-07-12 16:17:49] [CAM] 摄像头未检测到，等待重连...
[2026-07-12 16:17:50] [VOICE] 音频文件不存在：online_upgrade.mp3
[2026-07-12 16:17:50] [CAM] 摄像头捕获器已释放
[2026-07-12 16:17:50] [CAM] 摄像头未检测到，等待重连...
[2026-07-12 16:17:50] [CAM] 摄像头捕获器已释放
[2026-07-12 16:17:50] [CAM] 摄像头未检测到，等待重连...
[2026-07-12 16:17:51] [CAM] 摄像头捕获器已释放
[2026-07-12 16:17:51] [CAM] 摄像头未检测到，等待重连...
[2026-07-12 16:17:51] [CAM] 摄像头捕获器已释放
[2026-07-12 16:17:51] [CAM] 摄像头未检测到，等待重连...
[2026-07-12 16:17:52] [CAM] 摄像头捕获器已释放
[2026-07-12 16:17:52] [CAM] 摄像头未检测到，等待重连...
[2026-07-12 16:17:52] [INFO] 程序收到关闭信号，开始安全退出流程
[2026-07-12 16:17:52] [CAM] 摄像头捕获器已释放
[2026-07-12 16:17:52] [CAM] 摄像头未检测到，等待重连...
[2026-07-12 16:17:53] [SENSOR] RS485采集线程已停止
[2026-07-12 16:17:53] [CAM] 摄像头捕获器已释放
[2026-07-12 16:17:53] [INFO] 摄像头采集线程正常退出
[2026-07-12 16:17:53] [INFO] 程序正常退出
[2026-07-12 16:17:53] [INFO] 程序结束，退出码:0
[2026-07-12 16:18:43] [INFO] ========== 幼儿园AI安全卫士程序启动 ==========
[2026-07-12 16:18:43] [INFO] 主程序窗口初始化完成
[2026-07-12 16:18:43] [SENSOR] RS485传感器采集线程已启动，串口：/dev/ttyUSB0
[2026-07-12 16:18:43] [INFO] AI环境模拟线程启动
[2026-07-12 16:18:43] [INFO] 摄像头采集线程启动
[2026-07-12 16:18:43] [CAM] 摄像头未检测到，等待重连...
[2026-07-12 16:18:43] [SENSOR] 开机未检测到温湿度传感器，延时播报
[2026-07-12 16:18:45] [NET] 网络已恢复连通
[2026-07-12 16:18:45] [MIC] 开机未检测到USB麦克风，延时播报
[2026-07-12 16:18:45] [CAM] 摄像头捕获器已释放
[2026-07-12 16:18:45] [CAM] 摄像头未检测到，等待重连...
[2026-07-12 16:18:46] [CAM] 摄像头捕获器已释放
[2026-07-12 16:18:46] [CAM] 摄像头未检测到，等待重连...
[2026-07-12 16:18:46] [CAM] 摄像头捕获器已释放
[2026-07-12 16:18:46] [CAM] 摄像头未检测到，等待重连...
[2026-07-12 16:18:47] [CAM] 摄像头捕获器已释放
[2026-07-12 16:18:47] [CAM] 摄像头未检测到，等待重连...
[2026-07-12 16:18:47] [CAM] 摄像头捕获器已释放
[2026-07-12 16:18:47] [CAM] 摄像头未检测到，等待重连...
[2026-07-12 16:18:48] [CAM] 摄像头捕获器已释放
[2026-07-12 16:18:48] [CAM] 摄像头未检测到，等待重连...
[2026-07-12 16:18:48] [CAM] 摄像头捕获器已释放
[2026-07-12 16:18:48] [CAM] 摄像头未检测到，等待重连...
[2026-07-12 16:18:49] [CAM] 摄像头捕获器已释放
[2026-07-12 16:18:49] [CAM] 摄像头未检测到，等待重连...
[2026-07-12 16:18:49] [CAM] 摄像头捕获器已释放
[2026-07-12 16:18:49] [CAM] 摄像头未检测到，等待重连...
[2026-07-12 16:18:50] [CAM] 摄像头捕获器已释放
[2026-07-12 16:18:50] [CAM] 摄像头未检测到，等待重连...
[2026-07-12 16:18:50] [CAM] 摄像头捕获器已释放
[2026-07-12 16:18:50] [CAM] 摄像头未检测到，等待重连...
[2026-07-12 16:18:51] [CAM] 摄像头捕获器已释放
[2026-07-12 16:18:51] [CAM] 摄像头未检测到，等待重连...
[2026-07-12 16:18:51] [CAM] 摄像头捕获器已释放
[2026-07-12 16:18:51] [CAM] 摄像头未检测到，等待重连...
[2026-07-12 16:18:52] [CAM] 摄像头捕获器已释放
[2026-07-12 16:18:52] [CAM] 摄像头未检测到，等待重连...
[2026-07-12 16:18:52] [CAM] 摄像头捕获器已释放
[2026-07-12 16:18:52] [CAM] 摄像头未检测到，等待重连...
[2026-07-12 16:18:53] [CAM] 摄像头捕获器已释放
[2026-07-12 16:18:53] [CAM] 摄像头未检测到，等待重连...
[2026-07-12 16:18:53] [CAM] 摄像头捕获器已释放
[2026-07-12 16:18:53] [CAM] 摄像头未检测到，等待重连...
[2026-07-12 16:18:54] [CAM] 摄像头捕获器已释放
[2026-07-12 16:18:54] [CAM] 摄像头未检测到，等待重连...
[2026-07-12 16:18:54] [CAM] 摄像头捕获器已释放
[2026-07-12 16:18:54] [CAM] 摄像头未检测到，等待重连...
[2026-07-12 16:18:55] [CAM] 摄像头捕获器已释放
[2026-07-12 16:18:55] [CAM] 摄像头未检测到，等待重连...
[2026-07-12 16:18:55] [CAM] 摄像头捕获器已释放
[2026-07-12 16:18:55] [CAM] 摄像头未检测到，等待重连...
[2026-07-12 16:18:56] [CAM] 摄像头捕获器已释放
[2026-07-12 16:18:56] [CAM] 摄像头未检测到，等待重连...
[2026-07-12 16:18:56] [CAM] 摄像头捕获器已释放
[2026-07-12 16:18:56] [CAM] 摄像头未检测到，等待重连...
[2026-07-12 16:18:57] [CAM] 摄像头捕获器已释放
[2026-07-12 16:18:57] [CAM] 摄像头未检测到，等待重连...
[2026-07-12 16:18:57] [CAM] 摄像头捕获器已释放
[2026-07-12 16:18:57] [CAM] 摄像头未检测到，等待重连...
[2026-07-12 16:18:58] [CAM] 摄像头捕获器已释放
[2026-07-12 16:18:58] [CAM] 摄像头未检测到，等待重连...
[2026-07-12 16:18:58] [CAM] 摄像头捕获器已释放
[2026-07-12 16:18:58] [CAM] 摄像头未检测到，等待重连...
[2026-07-12 16:18:59] [CAM] 摄像头捕获器已释放
[2026-07-12 16:18:59] [CAM] 摄像头未检测到，等待重连...
[2026-07-12 16:18:59] [CAM] 摄像头捕获器已释放
[2026-07-12 16:18:59] [CAM] 摄像头未检测到，等待重连...
[2026-07-12 16:19:00] [CAM] 摄像头捕获器已释放
[2026-07-12 16:19:00] [CAM] 摄像头未检测到，等待重连...
[2026-07-12 16:19:00] [CAM] 摄像头捕获器已释放
[2026-07-12 16:19:00] [CAM] 摄像头未检测到，等待重连...
[2026-07-12 16:19:01] [CAM] 摄像头捕获器已释放
[2026-07-12 16:19:01] [CAM] 摄像头未检测到，等待重连...
[2026-07-12 16:19:01] [CAM] 摄像头捕获器已释放
[2026-07-12 16:19:01] [CAM] 摄像头未检测到，等待重连...
[2026-07-12 16:19:02] [CAM] 摄像头捕获器已释放
[2026-07-12 16:19:02] [CAM] 摄像头未检测到，等待重连...
[2026-07-12 16:19:02] [CAM] 摄像头捕获器已释放
[2026-07-12 16:19:02] [CAM] 摄像头未检测到，等待重连...
[2026-07-12 16:19:03] [CAM] 摄像头捕获器已释放
[2026-07-12 16:19:03] [CAM] 摄像头未检测到，等待重连...
[2026-07-12 16:19:03] [CAM] 摄像头捕获器已释放
[2026-07-12 16:19:03] [CAM] 摄像头未检测到，等待重连...
[2026-07-12 16:19:04] [INFO] 切换运行模式: 课堂模式 场景:中四班
[2026-07-12 16:19:04] [CAM] 摄像头捕获器已释放
[2026-07-12 16:19:04] [CAM] 摄像头未检测到，等待重连...
[2026-07-12 16:19:04] [CAM] 摄像头捕获器已释放
[2026-07-12 16:19:04] [CAM] 摄像头未检测到，等待重连...
[2026-07-12 16:19:05] [INFO] 切换运行模式: 午睡模式 场景:一楼左侧睡眠室
[2026-07-12 16:19:05] [CAM] 摄像头捕获器已释放
[2026-07-12 16:19:05] [CAM] 摄像头未检测到，等待重连...
[2026-07-12 16:19:05] [INFO] 切换运行模式: 公共巡查模式 场景:公共过道
[2026-07-12 16:19:05] [CAM] 摄像头捕获器已释放
[2026-07-12 16:19:05] [CAM] 摄像头未检测到，等待重连...
[2026-07-12 16:19:06] [INFO] 切换运行模式: 课堂模式 场景:中四班
[2026-07-12 16:19:06] [CAM] 摄像头捕获器已释放
[2026-07-12 16:19:06] [CAM] 摄像头未检测到，等待重连...
[2026-07-12 16:19:06] [INFO] 切换运行模式: 午睡模式 场景:一楼左侧睡眠室
[2026-07-12 16:19:06] [CAM] 摄像头捕获器已释放
[2026-07-12 16:19:06] [CAM] 摄像头未检测到，等待重连...
[2026-07-12 16:19:07] [CAM] 摄像头捕获器已释放
[2026-07-12 16:19:07] [CAM] 摄像头未检测到，等待重连...
[2026-07-12 16:19:07] [CAM] 摄像头捕获器已释放
[2026-07-12 16:19:07] [CAM] 摄像头未检测到，等待重连...
[2026-07-12 16:19:08] [INFO] 程序收到关闭信号，开始安全退出流程
[2026-07-12 16:19:08] [SENSOR] RS485采集线程已停止
[2026-07-12 16:19:08] [CAM] 摄像头捕获器已释放
[2026-07-12 16:19:08] [INFO] 摄像头采集线程正常退出
[2026-07-12 16:19:08] [INFO] 程序正常退出
[2026-07-12 16:19:08] [INFO] 程序结束，退出码:0
[2026-07-12 16:21:03] [INFO] ========== 幼儿园AI安全卫士程序启动 ==========
[2026-07-12 16:21:03] [INFO] 主程序窗口初始化完成
[2026-07-12 16:21:03] [SENSOR] RS485传感器采集线程已启动，串口：/dev/ttyUSB0
[2026-07-12 16:21:04] [INFO] AI环境模拟线程启动
[2026-07-12 16:21:04] [INFO] 摄像头采集线程启动
[2026-07-12 16:21:04] [CAM] 摄像头未检测到，等待重连...
[2026-07-12 16:21:04] [SENSOR] 开机未检测到温湿度传感器，延时播报
[2026-07-12 16:21:06] [NET] 网络已恢复连通
[2026-07-12 16:21:06] [MIC] 开机未检测到USB麦克风，延时播报
[2026-07-12 16:21:06] [CAM] 摄像头捕获器已释放
[2026-07-12 16:21:06] [CAM] 摄像头未检测到，等待重连...
[2026-07-12 16:21:07] [CAM] 摄像头捕获器已释放
[2026-07-12 16:21:07] [CAM] 摄像头未检测到，等待重连...
[2026-07-12 16:21:07] [CAM] 摄像头捕获器已释放
[2026-07-12 16:21:07] [CAM] 摄像头未检测到，等待重连...
[2026-07-12 16:21:08] [CAM] 摄像头捕获器已释放
[2026-07-12 16:21:08] [CAM] 摄像头未检测到，等待重连...
[2026-07-12 16:21:08] [CAM] 摄像头捕获器已释放
[2026-07-12 16:21:08] [CAM] 摄像头未检测到，等待重连...
[2026-07-12 16:21:09] [CAM] 摄像头捕获器已释放
[2026-07-12 16:21:09] [CAM] 摄像头未检测到，等待重连...
[2026-07-12 16:21:09] [CAM] 摄像头捕获器已释放
[2026-07-12 16:21:09] [CAM] 摄像头未检测到，等待重连...
[2026-07-12 16:21:10] [CAM] 摄像头捕获器已释放
[2026-07-12 16:21:10] [CAM] 摄像头未检测到，等待重连...
[2026-07-12 16:21:10] [CAM] 摄像头捕获器已释放
[2026-07-12 16:21:10] [CAM] 摄像头未检测到，等待重连...
[2026-07-12 16:21:11] [CAM] 摄像头捕获器已释放
[2026-07-12 16:21:11] [CAM] 摄像头未检测到，等待重连...
[2026-07-12 16:21:11] [CAM] 摄像头捕获器已释放
[2026-07-12 16:21:11] [CAM] 摄像头未检测到，等待重连...
[2026-07-12 16:21:12] [CAM] 摄像头捕获器已释放
[2026-07-12 16:21:12] [CAM] 摄像头未检测到，等待重连...
[2026-07-12 16:21:12] [CAM] 摄像头捕获器已释放
[2026-07-12 16:21:12] [CAM] 摄像头未检测到，等待重连...
[2026-07-12 16:21:13] [CAM] 摄像头捕获器已释放
[2026-07-12 16:21:13] [CAM] 摄像头未检测到，等待重连...
[2026-07-12 16:21:13] [CAM] 摄像头捕获器已释放
[2026-07-12 16:21:13] [CAM] 摄像头未检测到，等待重连...
[2026-07-12 16:21:14] [CAM] 摄像头捕获器已释放
[2026-07-12 16:21:14] [CAM] 摄像头未检测到，等待重连...
[2026-07-12 16:21:14] [CAM] 摄像头捕获器已释放
[2026-07-12 16:21:14] [CAM] 摄像头未检测到，等待重连...
[2026-07-12 16:21:15] [CAM] 摄像头捕获器已释放
[2026-07-12 16:21:15] [CAM] 摄像头未检测到，等待重连...
[2026-07-12 16:21:15] [CAM] 摄像头捕获器已释放
[2026-07-12 16:21:15] [CAM] 摄像头未检测到，等待重连...
[2026-07-12 16:21:16] [CAM] 摄像头捕获器已释放
[2026-07-12 16:21:16] [CAM] 摄像头未检测到，等待重连...
[2026-07-12 16:21:16] [CAM] 摄像头捕获器已释放
[2026-07-12 16:21:16] [CAM] 摄像头未检测到，等待重连...
[2026-07-12 16:21:17] [CAM] 摄像头捕获器已释放
[2026-07-12 16:21:17] [CAM] 摄像头未检测到，等待重连...
[2026-07-12 16:21:17] [CAM] 摄像头捕获器已释放
[2026-07-12 16:21:17] [CAM] 摄像头未检测到，等待重连...
[2026-07-12 16:21:18] [CAM] 摄像头捕获器已释放
[2026-07-12 16:21:18] [CAM] 摄像头未检测到，等待重连...
[2026-07-12 16:21:18] [CAM] 摄像头捕获器已释放
[2026-07-12 16:21:18] [CAM] 摄像头未检测到，等待重连...
[2026-07-12 16:21:19] [CAM] 摄像头捕获器已释放
[2026-07-12 16:21:19] [CAM] 摄像头未检测到，等待重连...
[2026-07-12 16:21:20] [CAM] 摄像头捕获器已释放
[2026-07-12 16:21:20] [CAM] 摄像头未检测到，等待重连...
[2026-07-12 16:21:21] [CAM] 摄像头捕获器已释放
[2026-07-12 16:21:21] [CAM] 摄像头未检测到，等待重连...
[2026-07-12 16:21:21] [CAM] 摄像头捕获器已释放
[2026-07-12 16:21:21] [CAM] 摄像头未检测到，等待重连...
[2026-07-12 16:21:22] [CAM] 摄像头捕获器已释放
[2026-07-12 16:21:22] [CAM] 摄像头未检测到，等待重连...
[2026-07-12 16:21:22] [CAM] 摄像头捕获器已释放
[2026-07-12 16:21:22] [CAM] 摄像头未检测到，等待重连...
[2026-07-12 16:21:23] [CAM] 摄像头捕获器已释放
[2026-07-12 16:21:23] [CAM] 摄像头未检测到，等待重连...
[2026-07-12 16:21:23] [CAM] 摄像头捕获器已释放
[2026-07-12 16:21:23] [CAM] 摄像头未检测到，等待重连...
[2026-07-12 16:21:24] [CAM] 摄像头捕获器已释放
[2026-07-12 16:21:24] [CAM] 摄像头未检测到，等待重连...
[2026-07-12 16:21:24] [CAM] 摄像头捕获器已释放
[2026-07-12 16:21:24] [CAM] 摄像头未检测到，等待重连...
[2026-07-12 16:21:25] [CAM] 摄像头捕获器已释放
[2026-07-12 16:21:25] [CAM] 摄像头未检测到，等待重连...
[2026-07-12 16:21:25] [INFO] 程序收到关闭信号，开始安全退出流程
[2026-07-12 16:21:25] [CAM] 摄像头捕获器已释放
[2026-07-12 16:21:25] [CAM] 摄像头未检测到，等待重连...
[2026-07-12 16:21:26] [SENSOR] RS485采集线程已停止
[2026-07-12 16:21:26] [CAM] 摄像头捕获器已释放
[2026-07-12 16:21:26] [INFO] 摄像头采集线程正常退出
[2026-07-12 16:21:26] [INFO] 程序正常退出
[2026-07-12 16:21:26] [INFO] 程序结束，退出码:0
