[2026-08-02 05:13:51] [ERROR] 摄像头读取帧失败，断开重连
[2026-08-02 05:13:51] [CAM] 摄像头设备断开...........................................
[2026-08-02 05:13:51] [CAM] 摄像头捕获器已释放
[2026-08-02 05:13:52] [CAM] 摄像头未检测到，等待重连...
[2026-08-02 05:13:54] [CAM] 摄像头捕获器已释放
[2026-08-02 05:13:54] [CAM] 摄像头未检测到，等待重连...
[2026-08-02 05:13:55] [CAM] 摄像头捕获器已释放
[2026-08-02 05:13:55] [CAM] 摄像头未检测到，等待重连...
[2026-08-02 05:13:55] [CAM] 摄像头捕获器已释放
[2026-08-02 05:13:55] [CAM] 摄像头未检测到，等待重连...
[2026-08-02 05:13:56] [CAM] 摄像头捕获器已释放
[2026-08-02 05:13:56] [CAM] 摄像头未检测到，等待重连...
[2026-08-02 05:13:56] [CAM] 摄像头捕获器已释放
[2026-08-02 05:13:56] [CAM] 摄像头未检测到，等待重连...
[2026-08-02 05:13:57] [CAM] 摄像头捕获器已释放
[2026-08-02 05:13:57] [CAM] 摄像头未检测到，等待重连...
[2026-08-02 05:13:57] [CAM] 摄像头捕获器已释放
[2026-08-02 05:13:57] [CAM] 摄像头未检测到，等待重连...
[2026-08-02 05:13:58] [CAM] 摄像头捕获器已释放
[2026-08-02 05:13:58] [CAM] 摄像头未检测到，等待重连...
[2026-08-02 05:13:58] [CAM] 摄像头捕获器已释放
[2026-08-02 05:13:58] [CAM] 摄像头未检测到，等待重连...
[2026-08-02 05:13:59] [CAM] 摄像头捕获器已释放
[2026-08-02 05:13:59] [CAM] 摄像头未检测到，等待重连...
[2026-08-02 05:13:59] [CAM] 摄像头捕获器已释放
[2026-08-02 05:13:59] [CAM] 摄像头未检测到，等待重连...
[2026-08-02 05:14:00] [CAM] 摄像头捕获器已释放
[2026-08-02 05:14:00] [CAM] 摄像头未检测到，等待重连...
[2026-08-02 05:14:00] [CAM] 摄像头捕获器已释放
[2026-08-02 05:14:00] [CAM] 摄像头未检测到，等待重连...
[2026-08-02 05:14:01] [CAM] 摄像头捕获器已释放
[2026-08-02 05:14:01] [CAM] 摄像头未检测到，等待重连...
[2026-08-02 05:14:01] [CAM] 摄像头捕获器已释放
[2026-08-02 05:14:01] [CAM] 摄像头未检测到，等待重连...
[2026-08-02 05:14:02] [INFO] 程序收到关闭信号，开始安全退出流程
[2026-08-02 05:14:02] [CAM] 摄像头捕获器已释放
[2026-08-02 05:14:02] [CAM] 摄像头未检测到，等待重连...
[2026-08-02 05:14:02] [SENSOR] RS485采集线程已停止
[2026-08-02 05:14:02] [CAM] 摄像头捕获器已释放
[2026-08-02 05:14:02] [INFO] 摄像头采集线程正常退出
[2026-08-02 05:14:02] [INFO] 程序正常退出
[2026-08-02 05:14:02] [INFO] 程序结束，退出码:0
[2026-08-02 09:55:26] [INFO] ========== 幼儿园AI安全卫士程序启动 ==========
[2026-08-02 09:55:27] [INFO] 主程序窗口初始化完成
[2026-08-02 09:55:27] [SENSOR] RS485传感器采集线程已启动，串口：/dev/ttyUSB0
[2026-08-02 09:55:27] [INFO] AI环境模拟线程启动
[2026-08-02 09:55:27] [INFO] 摄像头采集线程启动
[2026-08-02 09:55:27] [CAM] 摄像头未检测到，等待重连...
[2026-08-02 09:55:27] [SENSOR] 开机未检测到温湿度传感器，延时播报
[2026-08-02 09:55:29] [NET] 网络已恢复连通
[2026-08-02 09:55:29] [MIC] 检测到USB麦克风设备
[2026-08-02 09:55:29] [CAM] 摄像头捕获器已释放
[2026-08-02 09:55:29] [CAM] 摄像头未检测到，等待重连...
[2026-08-02 09:55:30] [CAM] 摄像头捕获器已释放
[2026-08-02 09:55:30] [CAM] 摄像头未检测到，等待重连...
[2026-08-02 09:55:30] [CAM] 摄像头捕获器已释放
[2026-08-02 09:55:30] [CAM] 摄像头未检测到，等待重连...
[2026-08-02 09:55:31] [CAM] 摄像头捕获器已释放
[2026-08-02 09:55:31] [CAM] 摄像头未检测到，等待重连...
[2026-08-02 09:55:31] [CAM] 摄像头捕获器已释放
[2026-08-02 09:55:31] [CAM] 摄像头未检测到，等待重连...
[2026-08-02 09:55:32] [CAM] 摄像头捕获器已释放
[2026-08-02 09:55:32] [CAM] 摄像头未检测到，等待重连...
[2026-08-02 09:55:32] [CAM] 摄像头捕获器已释放
[2026-08-02 09:55:32] [CAM] 摄像头未检测到，等待重连...
[2026-08-02 09:55:33] [CAM] 摄像头捕获器已释放
[2026-08-02 09:55:33] [CAM] 摄像头未检测到，等待重连...
[2026-08-02 09:55:33] [CAM] 摄像头捕获器已释放
[2026-08-02 09:55:33] [CAM] 摄像头未检测到，等待重连...
[2026-08-02 09:55:34] [CAM] 摄像头捕获器已释放
[2026-08-02 09:55:34] [CAM] 摄像头未检测到，等待重连...
[2026-08-02 09:55:34] [CAM] 摄像头捕获器已释放
[2026-08-02 09:55:34] [CAM] 摄像头未检测到，等待重连...
[2026-08-02 09:55:35] [CAM] 摄像头捕获器已释放
[2026-08-02 09:55:35] [CAM] 摄像头未检测到，等待重连...
[2026-08-02 09:55:35] [CAM] 摄像头捕获器已释放
[2026-08-02 09:55:35] [CAM] 摄像头未检测到，等待重连...
[2026-08-02 09:55:36] [CAM] 摄像头捕获器已释放
[2026-08-02 09:55:36] [CAM] 摄像头未检测到，等待重连...
[2026-08-02 09:55:36] [CAM] 摄像头捕获器已释放
[2026-08-02 09:55:36] [CAM] 摄像头未检测到，等待重连...
[2026-08-02 09:55:37] [CAM] 摄像头捕获器已释放
[2026-08-02 09:55:37] [CAM] 摄像头未检测到，等待重连...
[2026-08-02 09:55:37] [CAM] 摄像头捕获器已释放
[2026-08-02 09:55:37] [CAM] 摄像头未检测到，等待重连...
[2026-08-02 09:55:38] [CAM] 摄像头捕获器已释放
[2026-08-02 09:55:38] [CAM] 摄像头未检测到，等待重连...
[2026-08-02 09:55:38] [CAM] 摄像头捕获器已释放
[2026-08-02 09:55:38] [CAM] 摄像头未检测到，等待重连...
[2026-08-02 09:55:39] [CAM] 摄像头捕获器已释放
[2026-08-02 09:55:39] [CAM] 摄像头未检测到，等待重连...
[2026-08-02 09:55:39] [CAM] 摄像头捕获器已释放
[2026-08-02 09:55:39] [CAM] 摄像头未检测到，等待重连...
[2026-08-02 09:55:40] [CAM] 摄像头捕获器已释放
[2026-08-02 09:55:40] [CAM] 摄像头未检测到，等待重连...
[2026-08-02 09:55:40] [CAM] 摄像头捕获器已释放
[2026-08-02 09:55:40] [CAM] 摄像头未检测到，等待重连...
[2026-08-02 09:55:41] [CAM] 摄像头捕获器已释放
[2026-08-02 09:55:41] [CAM] 摄像头未检测到，等待重连...
[2026-08-02 09:55:41] [CAM] 摄像头捕获器已释放
[2026-08-02 09:55:41] [CAM] 摄像头未检测到，等待重连...
[2026-08-02 09:55:42] [CAM] 摄像头捕获器已释放
[2026-08-02 09:55:42] [CAM] 摄像头未检测到，等待重连...
[2026-08-02 09:55:42] [CAM] 摄像头捕获器已释放
[2026-08-02 09:55:42] [CAM] 摄像头未检测到，等待重连...
[2026-08-02 09:55:43] [CAM] 摄像头捕获器已释放
[2026-08-02 09:55:43] [CAM] 摄像头未检测到，等待重连...
[2026-08-02 09:55:43] [CAM] 摄像头捕获器已释放
[2026-08-02 09:55:43] [CAM] 摄像头未检测到，等待重连...
[2026-08-02 09:55:44] [CAM] 摄像头捕获器已释放
[2026-08-02 09:55:44] [CAM] 摄像头未检测到，等待重连...
[2026-08-02 20:30:42] [CAM] 摄像头捕获器已释放
[2026-08-02 20:30:42] [CAM] 摄像头未检测到，等待重连...
[2026-08-02 20:30:43] [CAM] 摄像头捕获器已释放
[2026-08-02 20:30:43] [CAM] 摄像头未检测到，等待重连...
[2026-08-02 20:30:43] [CAM] 摄像头捕获器已释放
[2026-08-02 20:30:43] [CAM] 摄像头未检测到，等待重连...
[2026-08-02 20:30:44] [CAM] 摄像头捕获器已释放
[2026-08-02 20:30:44] [CAM] 摄像头未检测到，等待重连...
[2026-08-02 20:30:44] [CAM] 摄像头捕获器已释放
[2026-08-02 20:30:44] [CAM] 摄像头未检测到，等待重连...
[2026-08-02 20:30:45] [CAM] 摄像头捕获器已释放
[2026-08-02 20:30:45] [CAM] 摄像头未检测到，等待重连...
[2026-08-02 20:30:45] [CAM] 摄像头捕获器已释放
[2026-08-02 20:30:45] [CAM] 摄像头未检测到，等待重连...
[2026-08-02 20:30:46] [CAM] 摄像头捕获器已释放
[2026-08-02 20:30:46] [CAM] 摄像头未检测到，等待重连...
[2026-08-02 20:30:46] [CAM] 摄像头捕获器已释放
[2026-08-02 20:30:46] [CAM] 摄像头未检测到，等待重连...
[2026-08-02 20:30:47] [CAM] 摄像头捕获器已释放
[2026-08-02 20:30:47] [CAM] 摄像头未检测到，等待重连...
[2026-08-02 20:30:47] [CAM] 摄像头捕获器已释放
[2026-08-02 20:30:47] [CAM] 摄像头未检测到，等待重连...
[2026-08-02 20:30:48] [CAM] 摄像头捕获器已释放
[2026-08-02 20:30:48] [CAM] 摄像头未检测到，等待重连...
[2026-08-02 20:30:48] [CAM] 摄像头捕获器已释放
[2026-08-02 20:30:48] [CAM] 摄像头未检测到，等待重连...
[2026-08-02 20:30:49] [CAM] 摄像头捕获器已释放
[2026-08-02 20:30:49] [CAM] 摄像头未检测到，等待重连...
[2026-08-02 20:30:49] [CAM] 摄像头捕获器已释放
[2026-08-02 20:30:49] [CAM] 摄像头未检测到，等待重连...
[2026-08-02 20:30:50] [CAM] 摄像头捕获器已释放
[2026-08-02 20:30:50] [CAM] 摄像头未检测到，等待重连...
[2026-08-02 20:30:50] [CAM] 摄像头捕获器已释放
[2026-08-02 20:30:50] [CAM] 摄像头未检测到，等待重连...
[2026-08-02 20:30:51] [CAM] 摄像头捕获器已释放
[2026-08-02 20:30:51] [CAM] 摄像头未检测到，等待重连...
[2026-08-02 20:30:51] [CAM] 摄像头捕获器已释放
[2026-08-02 20:30:51] [CAM] 摄像头未检测到，等待重连...
[2026-08-02 20:30:52] [CAM] 摄像头捕获器已释放
[2026-08-02 20:30:52] [CAM] 摄像头未检测到，等待重连...
[2026-08-02 20:30:52] [CAM] 摄像头捕获器已释放
[2026-08-02 20:30:52] [CAM] 摄像头未检测到，等待重连...
[2026-08-02 20:30:53] [CAM] 摄像头捕获器已释放
[2026-08-02 20:30:53] [CAM] 摄像头未检测到，等待重连...
[2026-08-02 20:30:53] [CAM] 摄像头捕获器已释放
[2026-08-02 20:30:53] [CAM] 摄像头未检测到，等待重连...
[2026-08-02 20:30:54] [CAM] 摄像头捕获器已释放
[2026-08-02 20:30:54] [CAM] 摄像头未检测到，等待重连...
[2026-08-02 20:30:54] [CAM] 摄像头捕获器已释放
[2026-08-02 20:30:54] [CAM] 摄像头未检测到，等待重连...
[2026-08-02 20:30:55] [CAM] 摄像头捕获器已释放
[2026-08-02 20:30:55] [CAM] 摄像头未检测到，等待重连...
[2026-08-02 20:30:55] [CAM] 摄像头捕获器已释放
[2026-08-02 20:30:55] [CAM] 摄像头未检测到，等待重连...
[2026-08-02 20:30:56] [CAM] 摄像头捕获器已释放
[2026-08-02 20:30:56] [CAM] 摄像头未检测到，等待重连...
[2026-08-02 20:30:56] [CAM] 摄像头捕获器已释放
[2026-08-02 20:30:56] [CAM] 摄像头未检测到，等待重连...
[2026-08-02 20:30:57] [CAM] 摄像头捕获器已释放
[2026-08-02 20:30:57] [CAM] 摄像头未检测到，等待重连...
[2026-08-02 20:30:57] [CAM] 摄像头捕获器已释放
[2026-08-02 20:30:57] [CAM] 摄像头未检测到，等待重连...
[2026-08-02 20:30:58] [CAM] 摄像头捕获器已释放
[2026-08-02 20:30:58] [CAM] 摄像头未检测到，等待重连...
[2026-08-02 20:30:58] [CAM] 摄像头捕获器已释放
[2026-08-02 20:30:58] [CAM] 摄像头未检测到，等待重连...
[2026-08-02 20:30:59] [CAM] 摄像头捕获器已释放
[2026-08-02 20:30:59] [CAM] 摄像头未检测到，等待重连...
[2026-08-02 20:30:59] [CAM] 摄像头捕获器已释放
[2026-08-02 20:30:59] [CAM] 摄像头未检测到，等待重连...
[2026-08-02 20:31:00] [CAM] 摄像头捕获器已释放
[2026-08-02 20:31:00] [CAM] 摄像头未检测到，等待重连...
[2026-08-02 20:31:00] [CAM] 摄像头捕获器已释放
[2026-08-02 20:31:00] [CAM] 摄像头未检测到，等待重连...
[2026-08-02 20:31:01] [CAM] 摄像头捕获器已释放
[2026-08-02 20:31:01] [CAM] 摄像头未检测到，等待重连...
[2026-08-02 20:31:01] [CAM] 摄像头捕获器已释放
[2026-08-02 20:31:01] [CAM] 摄像头未检测到，等待重连...
[2026-08-02 20:31:02] [CAM] 摄像头捕获器已释放
[2026-08-02 20:31:02] [CAM] 摄像头未检测到，等待重连...
[2026-08-02 20:31:02] [CAM] 摄像头捕获器已释放
[2026-08-02 20:31:02] [CAM] 摄像头未检测到，等待重连...
[2026-08-02 20:31:03] [CAM] 摄像头捕获器已释放
[2026-08-02 20:31:03] [CAM] 摄像头未检测到，等待重连...
[2026-08-02 20:31:03] [CAM] 摄像头捕获器已释放
[2026-08-02 20:31:03] [CAM] 摄像头未检测到，等待重连...
[2026-08-02 20:31:04] [CAM] 摄像头捕获器已释放
[2026-08-02 20:31:04] [CAM] 摄像头未检测到，等待重连...
[2026-08-02 20:31:04] [CAM] 摄像头捕获器已释放
[2026-08-02 20:31:04] [CAM] 摄像头未检测到，等待重连...
[2026-08-02 20:31:05] [CAM] 摄像头捕获器已释放
[2026-08-02 20:31:05] [CAM] 摄像头未检测到，等待重连...
[2026-08-02 20:31:05] [CAM] 摄像头捕获器已释放
[2026-08-02 20:31:05] [CAM] 摄像头未检测到，等待重连...
[2026-08-02 20:31:06] [CAM] 摄像头捕获器已释放
[2026-08-02 20:31:06] [CAM] 摄像头未检测到，等待重连...
[2026-08-02 20:31:06] [CAM] 摄像头捕获器已释放
[2026-08-02 20:31:06] [CAM] 摄像头未检测到，等待重连...
[2026-08-02 20:31:07] [CAM] 摄像头捕获器已释放
[2026-08-02 20:31:07] [CAM] 摄像头未检测到，等待重连...
[2026-08-02 20:31:07] [CAM] 摄像头捕获器已释放
[2026-08-02 20:31:07] [CAM] 摄像头未检测到，等待重连...
[2026-08-02 20:31:08] [CAM] 摄像头捕获器已释放
[2026-08-02 20:31:08] [CAM] 摄像头未检测到，等待重连...
[2026-08-02 20:31:08] [CAM] 摄像头捕获器已释放
[2026-08-02 20:31:08] [CAM] 摄像头未检测到，等待重连...
[2026-08-02 20:31:09] [CAM] 摄像头捕获器已释放
[2026-08-02 20:31:09] [CAM] 摄像头未检测到，等待重连...
[2026-08-02 20:31:09] [CAM] 摄像头捕获器已释放
[2026-08-02 20:31:09] [CAM] 摄像头未检测到，等待重连...
[2026-08-02 20:31:10] [CAM] 摄像头捕获器已释放
[2026-08-02 20:31:10] [CAM] 摄像头未检测到，等待重连...
[2026-08-02 20:31:10] [CAM] 摄像头捕获器已释放
[2026-08-02 20:31:10] [CAM] 摄像头未检测到，等待重连...
[2026-08-02 20:31:11] [CAM] 摄像头捕获器已释放
[2026-08-02 20:31:11] [CAM] 摄像头未检测到，等待重连...
[2026-08-02 20:31:11] [CAM] 摄像头捕获器已释放
[2026-08-02 20:31:11] [CAM] 摄像头未检测到，等待重连...
[2026-08-02 20:31:12] [CAM] 摄像头捕获器已释放
[2026-08-02 20:31:12] [CAM] 摄像头未检测到，等待重连...
[2026-08-02 20:31:12] [CAM] 摄像头捕获器已释放
[2026-08-02 20:31:12] [CAM] 摄像头未检测到，等待重连...
[2026-08-02 20:31:13] [CAM] 摄像头捕获器已释放
[2026-08-02 20:31:13] [CAM] 摄像头未检测到，等待重连...
[2026-08-02 20:31:13] [CAM] 摄像头捕获器已释放
[2026-08-02 20:31:13] [CAM] 摄像头未检测到，等待重连...
[2026-08-02 20:31:14] [CAM] 摄像头捕获器已释放
[2026-08-02 20:31:14] [CAM] 摄像头未检测到，等待重连...
[2026-08-02 20:31:14] [CAM] 摄像头捕获器已释放
[2026-08-02 20:31:14] [CAM] 摄像头未检测到，等待重连...
[2026-08-02 20:31:15] [CAM] 摄像头捕获器已释放
[2026-08-02 20:31:15] [CAM] 摄像头未检测到，等待重连...
[2026-08-02 20:31:15] [CAM] 摄像头捕获器已释放
[2026-08-02 20:31:15] [CAM] 摄像头未检测到，等待重连...
[2026-08-02 20:31:16] [CAM] 摄像头捕获器已释放
[2026-08-02 20:31:16] [CAM] 摄像头未检测到，等待重连...
[2026-08-02 20:31:16] [CAM] 摄像头捕获器已释放
[2026-08-02 20:31:16] [CAM] 摄像头未检测到，等待重连...
[2026-08-02 20:31:17] [CAM] 摄像头捕获器已释放
[2026-08-02 20:31:17] [CAM] 摄像头未检测到，等待重连...
[2026-08-02 20:31:17] [CAM] 摄像头捕获器已释放
[2026-08-02 20:31:17] [CAM] 摄像头未检测到，等待重连...
[2026-08-02 20:31:18] [CAM] 摄像头捕获器已释放
[2026-08-02 20:31:18] [CAM] 摄像头未检测到，等待重连...
[2026-08-02 20:31:18] [CAM] 摄像头捕获器已释放
[2026-08-02 20:31:18] [CAM] 摄像头未检测到，等待重连...
[2026-08-02 20:31:19] [CAM] 摄像头捕获器已释放
[2026-08-02 20:31:19] [CAM] 摄像头未检测到，等待重连...
[2026-08-02 20:31:19] [CAM] 摄像头捕获器已释放
[2026-08-02 20:31:19] [CAM] 摄像头未检测到，等待重连...
[2026-08-02 20:31:20] [CAM] 摄像头捕获器已释放
[2026-08-02 20:31:20] [CAM] 摄像头未检测到，等待重连...
[2026-08-02 20:31:20] [CAM] 摄像头捕获器已释放
[2026-08-02 20:31:20] [CAM] 摄像头未检测到，等待重连...
[2026-08-02 20:31:21] [CAM] 摄像头捕获器已释放
[2026-08-02 20:31:21] [CAM] 摄像头未检测到，等待重连...
[2026-08-02 20:31:21] [CAM] 摄像头捕获器已释放
[2026-08-02 20:31:21] [CAM] 摄像头未检测到，等待重连...
[2026-08-02 20:31:22] [CAM] 摄像头捕获器已释放
[2026-08-02 20:31:22] [CAM] 摄像头未检测到，等待重连...
[2026-08-02 20:31:22] [CAM] 摄像头捕获器已释放
[2026-08-02 20:31:22] [CAM] 摄像头未检测到，等待重连...
[2026-08-02 20:31:23] [CAM] 摄像头捕获器已释放
[2026-08-02 20:31:23] [CAM] 摄像头未检测到，等待重连...
[2026-08-02 20:31:23] [CAM] 摄像头捕获器已释放
[2026-08-02 20:31:23] [CAM] 摄像头未检测到，等待重连...
[2026-08-02 20:31:24] [CAM] 摄像头捕获器已释放
[2026-08-02 20:31:24] [CAM] 摄像头未检测到，等待重连...
[2026-08-02 20:31:24] [CAM] 摄像头捕获器已释放
[2026-08-02 20:31:24] [CAM] 摄像头未检测到，等待重连...
[2026-08-02 20:31:25] [CAM] 摄像头捕获器已释放
[2026-08-02 20:31:25] [CAM] 摄像头未检测到，等待重连...
[2026-08-02 20:31:25] [CAM] 摄像头捕获器已释放
[2026-08-02 20:31:25] [CAM] 摄像头未检测到，等待重连...
[2026-08-02 20:31:26] [CAM] 摄像头捕获器已释放
[2026-08-02 20:31:26] [CAM] 摄像头未检测到，等待重连...
[2026-08-02 20:31:26] [CAM] 摄像头捕获器已释放
[2026-08-02 20:31:26] [CAM] 摄像头未检测到，等待重连...
[2026-08-02 20:31:27] [CAM] 摄像头捕获器已释放
[2026-08-02 20:31:27] [CAM] 摄像头未检测到，等待重连...
[2026-08-02 20:31:27] [CAM] 摄像头捕获器已释放
[2026-08-02 20:31:27] [CAM] 摄像头未检测到，等待重连...
[2026-08-02 20:31:28] [CAM] 摄像头捕获器已释放
[2026-08-02 20:31:28] [CAM] 摄像头未检测到，等待重连...
[2026-08-02 20:31:28] [CAM] 摄像头捕获器已释放
[2026-08-02 20:31:28] [CAM] 摄像头未检测到，等待重连...
[2026-08-02 20:31:29] [CAM] 摄像头捕获器已释放
[2026-08-02 20:31:29] [CAM] 摄像头未检测到，等待重连...
[2026-08-02 20:31:29] [CAM] 摄像头捕获器已释放
[2026-08-02 20:31:29] [CAM] 摄像头未检测到，等待重连...
[2026-08-02 20:31:30] [CAM] 摄像头捕获器已释放
[2026-08-02 20:31:30] [CAM] 摄像头未检测到，等待重连...
[2026-08-02 20:31:30] [CAM] 摄像头捕获器已释放
[2026-08-02 20:31:30] [CAM] 摄像头未检测到，等待重连...
[2026-08-02 20:31:31] [CAM] 摄像头捕获器已释放
[2026-08-02 20:31:31] [CAM] 摄像头未检测到，等待重连...
[2026-08-02 20:31:31] [CAM] 摄像头捕获器已释放
[2026-08-02 20:31:31] [CAM] 摄像头未检测到，等待重连...
[2026-08-02 20:31:32] [CAM] 摄像头捕获器已释放
[2026-08-02 20:31:32] [CAM] 摄像头未检测到，等待重连...
[2026-08-02 20:31:32] [CAM] 摄像头捕获器已释放
[2026-08-02 20:31:32] [CAM] 摄像头未检测到，等待重连...
[2026-08-02 20:31:33] [CAM] 摄像头捕获器已释放
[2026-08-02 20:31:33] [CAM] 摄像头未检测到，等待重连...
[2026-08-02 20:31:33] [CAM] 摄像头捕获器已释放
[2026-08-02 20:31:33] [CAM] 摄像头未检测到，等待重连...
[2026-08-02 20:31:34] [CAM] 摄像头捕获器已释放
[2026-08-02 20:31:34] [CAM] 摄像头未检测到，等待重连...
[2026-08-02 20:31:34] [CAM] 摄像头捕获器已释放
[2026-08-02 20:31:34] [CAM] 摄像头未检测到，等待重连...
[2026-08-02 20:31:35] [CAM] 摄像头捕获器已释放
[2026-08-02 20:31:35] [CAM] 摄像头未检测到，等待重连...
[2026-08-02 20:31:35] [CAM] 摄像头捕获器已释放
[2026-08-02 20:31:35] [CAM] 摄像头未检测到，等待重连...
[2026-08-02 20:31:36] [CAM] 摄像头捕获器已释放
[2026-08-02 20:31:36] [CAM] 摄像头未检测到，等待重连...
[2026-08-02 20:31:36] [CAM] 摄像头捕获器已释放
[2026-08-02 20:31:36] [CAM] 摄像头未检测到，等待重连...
[2026-08-02 20:31:37] [CAM] 摄像头捕获器已释放
[2026-08-02 20:31:37] [CAM] 摄像头未检测到，等待重连...
[2026-08-02 20:31:37] [CAM] 摄像头捕获器已释放
[2026-08-02 20:31:37] [CAM] 摄像头未检测到，等待重连...
[2026-08-02 20:31:38] [CAM] 摄像头捕获器已释放
[2026-08-02 20:31:38] [CAM] 摄像头未检测到，等待重连...
[2026-08-02 20:31:38] [CAM] 摄像头捕获器已释放
[2026-08-02 20:31:38] [CAM] 摄像头未检测到，等待重连...
[2026-08-02 20:31:39] [CAM] 摄像头捕获器已释放
[2026-08-02 20:31:39] [CAM] 摄像头未检测到，等待重连...
[2026-08-02 20:31:39] [CAM] 摄像头捕获器已释放
[2026-08-02 20:31:39] [CAM] 摄像头未检测到，等待重连...
[2026-08-02 20:31:40] [CAM] 摄像头捕获器已释放
[2026-08-02 20:31:40] [CAM] 摄像头未检测到，等待重连...
[2026-08-02 20:31:40] [CAM] 摄像头捕获器已释放
[2026-08-02 20:31:40] [CAM] 摄像头未检测到，等待重连...
[2026-08-02 20:31:41] [CAM] 摄像头捕获器已释放
[2026-08-02 20:31:41] [CAM] 摄像头未检测到，等待重连...
[2026-08-02 20:31:41] [CAM] 摄像头捕获器已释放
[2026-08-02 20:31:41] [CAM] 摄像头未检测到，等待重连...
[2026-08-02 20:31:42] [CAM] 摄像头捕获器已释放
[2026-08-02 20:31:42] [CAM] 摄像头未检测到，等待重连...
[2026-08-02 20:31:42] [CAM] 摄像头捕获器已释放
[2026-08-02 20:31:42] [CAM] 摄像头未检测到，等待重连...
[2026-08-02 20:31:43] [CAM] 摄像头捕获器已释放
[2026-08-02 20:31:43] [CAM] 摄像头未检测到，等待重连...
[2026-08-02 20:31:43] [CAM] 摄像头捕获器已释放
[2026-08-02 20:31:43] [CAM] 摄像头未检测到，等待重连...
[2026-08-02 20:31:44] [CAM] 摄像头捕获器已释放
[2026-08-02 20:31:44] [CAM] 摄像头未检测到，等待重连...
[2026-08-02 20:31:44] [CAM] 摄像头捕获器已释放
[2026-08-02 20:31:44] [CAM] 摄像头未检测到，等待重连...
[2026-08-02 20:31:45] [CAM] 摄像头捕获器已释放
[2026-08-02 20:31:45] [CAM] 摄像头未检测到，等待重连...
[2026-08-02 20:31:45] [CAM] 摄像头捕获器已释放
[2026-08-02 20:31:45] [CAM] 摄像头未检测到，等待重连...
[2026-08-02 20:31:46] [CAM] 摄像头捕获器已释放
[2026-08-02 20:31:46] [CAM] 摄像头未检测到，等待重连...
[2026-08-02 20:31:46] [CAM] 摄像头捕获器已释放
[2026-08-02 20:31:46] [CAM] 摄像头未检测到，等待重连...
[2026-08-02 20:31:47] [CAM] 摄像头捕获器已释放
[2026-08-02 20:31:47] [CAM] 摄像头未检测到，等待重连...
[2026-08-02 20:31:47] [CAM] 摄像头捕获器已释放
[2026-08-02 20:31:47] [CAM] 摄像头未检测到，等待重连...
[2026-08-02 20:31:48] [CAM] 摄像头捕获器已释放
[2026-08-02 20:31:48] [CAM] 摄像头未检测到，等待重连...
[2026-08-02 20:31:48] [CAM] 摄像头捕获器已释放
[2026-08-02 20:31:48] [CAM] 摄像头未检测到，等待重连...
[2026-08-02 20:31:49] [CAM] 摄像头捕获器已释放
[2026-08-02 20:31:49] [CAM] 摄像头未检测到，等待重连...
[2026-08-02 20:31:49] [CAM] 摄像头捕获器已释放
[2026-08-02 20:31:49] [CAM] 摄像头未检测到，等待重连...
[2026-08-02 20:31:50] [CAM] 摄像头捕获器已释放
[2026-08-02 20:31:50] [CAM] 摄像头未检测到，等待重连...
[2026-08-02 20:31:50] [CAM] 摄像头捕获器已释放
[2026-08-02 20:31:50] [CAM] 摄像头未检测到，等待重连...
[2026-08-02 20:31:51] [CAM] 摄像头捕获器已释放
[2026-08-02 20:31:51] [CAM] 摄像头未检测到，等待重连...
[2026-08-02 20:31:51] [CAM] 摄像头捕获器已释放
[2026-08-02 20:31:51] [CAM] 摄像头未检测到，等待重连...
[2026-08-02 20:31:52] [CAM] 摄像头捕获器已释放
[2026-08-02 20:31:52] [CAM] 摄像头未检测到，等待重连...
[2026-08-02 20:31:52] [CAM] 摄像头捕获器已释放
[2026-08-02 20:31:52] [CAM] 摄像头未检测到，等待重连...
[2026-08-02 20:31:53] [CAM] 摄像头捕获器已释放
[2026-08-02 20:31:53] [CAM] 摄像头未检测到，等待重连...
[2026-08-02 20:31:53] [CAM] 摄像头捕获器已释放
[2026-08-02 20:31:53] [CAM] 摄像头未检测到，等待重连...
[2026-08-02 20:31:54] [CAM] 摄像头捕获器已释放
[2026-08-02 20:31:54] [CAM] 摄像头未检测到，等待重连...
[2026-08-02 20:31:54] [CAM] 摄像头捕获器已释放
[2026-08-02 20:31:54] [CAM] 摄像头未检测到，等待重连...
[2026-08-02 20:31:55] [CAM] 摄像头捕获器已释放
[2026-08-02 20:31:55] [CAM] 摄像头未检测到，等待重连...
[2026-08-02 20:31:55] [CAM] 摄像头捕获器已释放
[2026-08-02 20:31:55] [CAM] 摄像头未检测到，等待重连...
[2026-08-02 20:31:56] [CAM] 摄像头捕获器已释放
[2026-08-02 20:31:56] [CAM] 摄像头未检测到，等待重连...
[2026-08-02 20:31:56] [CAM] 摄像头捕获器已释放
[2026-08-02 20:31:56] [CAM] 摄像头未检测到，等待重连...
[2026-08-02 20:31:57] [CAM] 摄像头捕获器已释放
[2026-08-02 20:31:57] [CAM] 摄像头未检测到，等待重连...
[2026-08-02 20:31:57] [CAM] 摄像头捕获器已释放
[2026-08-02 20:31:57] [CAM] 摄像头未检测到，等待重连...
[2026-08-02 20:31:58] [CAM] 摄像头捕获器已释放
[2026-08-02 20:31:58] [CAM] 摄像头未检测到，等待重连...
[2026-08-02 20:31:58] [CAM] 摄像头捕获器已释放
[2026-08-02 20:31:58] [CAM] 摄像头未检测到，等待重连...
[2026-08-02 20:31:59] [CAM] 摄像头捕获器已释放
[2026-08-02 20:31:59] [CAM] 摄像头未检测到，等待重连...
[2026-08-02 20:31:59] [CAM] 摄像头捕获器已释放
[2026-08-02 20:31:59] [CAM] 摄像头未检测到，等待重连...
[2026-08-02 20:32:00] [CAM] 摄像头捕获器已释放
[2026-08-02 20:32:00] [CAM] 摄像头未检测到，等待重连...
[2026-08-02 20:32:00] [CAM] 摄像头捕获器已释放
[2026-08-02 20:32:00] [CAM] 摄像头未检测到，等待重连...
[2026-08-02 20:32:01] [CAM] 摄像头捕获器已释放
[2026-08-02 20:32:01] [CAM] 摄像头未检测到，等待重连...
[2026-08-02 20:32:01] [CAM] 摄像头捕获器已释放
[2026-08-02 20:32:01] [CAM] 摄像头未检测到，等待重连...
[2026-08-02 20:32:02] [CAM] 摄像头捕获器已释放
[2026-08-02 20:32:02] [CAM] 摄像头未检测到，等待重连...
[2026-08-02 20:32:02] [CAM] 摄像头捕获器已释放
[2026-08-02 20:32:02] [CAM] 摄像头未检测到，等待重连...
[2026-08-02 20:32:03] [CAM] 摄像头捕获器已释放
[2026-08-02 20:32:03] [CAM] 摄像头未检测到，等待重连...
[2026-08-02 20:32:03] [CAM] 摄像头捕获器已释放
[2026-08-02 20:32:03] [CAM] 摄像头未检测到，等待重连...
[2026-08-02 20:32:04] [CAM] 摄像头捕获器已释放
[2026-08-02 20:32:04] [CAM] 摄像头未检测到，等待重连...
[2026-08-02 20:32:04] [CAM] 摄像头捕获器已释放
[2026-08-02 20:32:04] [CAM] 摄像头未检测到，等待重连...
[2026-08-02 20:32:05] [CAM] 摄像头捕获器已释放
[2026-08-02 20:32:05] [CAM] 摄像头未检测到，等待重连...
[2026-08-02 20:32:05] [CAM] 摄像头捕获器已释放
[2026-08-02 20:32:05] [CAM] 摄像头未检测到，等待重连...
[2026-08-02 20:32:06] [CAM] 摄像头捕获器已释放
[2026-08-02 20:32:06] [CAM] 摄像头未检测到，等待重连...
[2026-08-02 20:32:06] [CAM] 摄像头捕获器已释放
[2026-08-02 20:32:06] [CAM] 摄像头未检测到，等待重连...
[2026-08-02 20:32:07] [CAM] 摄像头捕获器已释放
[2026-08-02 20:32:07] [CAM] 摄像头未检测到，等待重连...
[2026-08-02 20:32:07] [CAM] 摄像头捕获器已释放
[2026-08-02 20:32:07] [CAM] 摄像头未检测到，等待重连...
[2026-08-02 20:32:08] [CAM] 摄像头捕获器已释放
[2026-08-02 20:32:08] [CAM] 摄像头未检测到，等待重连...
[2026-08-02 20:32:08] [CAM] 摄像头捕获器已释放
[2026-08-02 20:32:08] [CAM] 摄像头未检测到，等待重连...
[2026-08-02 20:32:09] [CAM] 摄像头捕获器已释放
[2026-08-02 20:32:09] [CAM] 摄像头未检测到，等待重连...
[2026-08-02 20:32:09] [CAM] 摄像头捕获器已释放
[2026-08-02 20:32:09] [CAM] 摄像头未检测到，等待重连...
[2026-08-02 20:32:10] [CAM] 摄像头捕获器已释放
[2026-08-02 20:32:10] [CAM] 摄像头未检测到，等待重连...
[2026-08-02 20:32:10] [CAM] 摄像头捕获器已释放
[2026-08-02 20:32:10] [CAM] 摄像头未检测到，等待重连...
[2026-08-02 20:32:11] [CAM] 摄像头捕获器已释放
[2026-08-02 20:32:11] [CAM] 摄像头未检测到，等待重连...
[2026-08-02 20:32:11] [CAM] 摄像头捕获器已释放
[2026-08-02 20:32:11] [CAM] 摄像头未检测到，等待重连...
[2026-08-02 20:32:12] [CAM] 摄像头捕获器已释放
[2026-08-02 20:32:12] [CAM] 摄像头未检测到，等待重连...
[2026-08-02 20:32:12] [CAM] 摄像头捕获器已释放
[2026-08-02 20:32:12] [CAM] 摄像头未检测到，等待重连...
[2026-08-02 20:32:13] [CAM] 摄像头捕获器已释放
[2026-08-02 20:32:13] [CAM] 摄像头未检测到，等待重连...
[2026-08-02 20:32:14] [CAM] 摄像头捕获器已释放
[2026-08-02 20:32:14] [CAM] 摄像头未检测到，等待重连...
[2026-08-02 20:32:14] [CAM] 摄像头捕获器已释放
[2026-08-02 20:32:14] [CAM] 摄像头未检测到，等待重连...
[2026-08-02 20:32:15] [CAM] 摄像头捕获器已释放
[2026-08-02 20:32:15] [CAM] 摄像头未检测到，等待重连...
[2026-08-02 20:32:15] [CAM] 摄像头捕获器已释放
[2026-08-02 20:32:15] [CAM] 摄像头未检测到，等待重连...
[2026-08-02 20:32:16] [CAM] 摄像头捕获器已释放
[2026-08-02 20:32:16] [CAM] 摄像头未检测到，等待重连...
[2026-08-02 20:32:16] [CAM] 摄像头捕获器已释放
[2026-08-02 20:32:16] [CAM] 摄像头未检测到，等待重连...
[2026-08-02 20:32:17] [CAM] 摄像头捕获器已释放
[2026-08-02 20:32:17] [CAM] 摄像头未检测到，等待重连...
[2026-08-02 20:32:17] [CAM] 摄像头捕获器已释放
[2026-08-02 20:32:17] [CAM] 摄像头未检测到，等待重连...
[2026-08-02 20:32:18] [CAM] 摄像头捕获器已释放
[2026-08-02 20:32:18] [CAM] 摄像头未检测到，等待重连...
[2026-08-02 20:32:18] [CAM] 摄像头捕获器已释放
[2026-08-02 20:32:18] [CAM] 摄像头未检测到，等待重连...
[2026-08-02 20:32:19] [CAM] 摄像头捕获器已释放
[2026-08-02 20:32:19] [CAM] 摄像头未检测到，等待重连...
[2026-08-02 20:32:19] [CAM] 摄像头捕获器已释放
[2026-08-02 20:32:19] [CAM] 摄像头未检测到，等待重连...
[2026-08-02 20:32:20] [CAM] 摄像头捕获器已释放
[2026-08-02 20:32:20] [CAM] 摄像头未检测到，等待重连...
[2026-08-02 20:32:20] [CAM] 摄像头捕获器已释放
[2026-08-02 20:32:20] [CAM] 摄像头未检测到，等待重连...
[2026-08-02 20:32:21] [CAM] 摄像头捕获器已释放
[2026-08-02 20:32:21] [CAM] 摄像头未检测到，等待重连...
[2026-08-02 20:32:21] [CAM] 摄像头捕获器已释放
[2026-08-02 20:32:21] [CAM] 摄像头未检测到，等待重连...
[2026-08-02 20:32:22] [CAM] 摄像头捕获器已释放
[2026-08-02 20:32:22] [CAM] 摄像头未检测到，等待重连...
[2026-08-02 20:32:22] [CAM] 摄像头捕获器已释放
[2026-08-02 20:32:22] [CAM] 摄像头未检测到，等待重连...
[2026-08-02 20:32:23] [CAM] 摄像头捕获器已释放
[2026-08-02 20:32:23] [CAM] 摄像头未检测到，等待重连...
[2026-08-02 20:32:23] [CAM] 摄像头捕获器已释放
[2026-08-02 20:32:23] [CAM] 摄像头未检测到，等待重连...
[2026-08-02 20:32:24] [CAM] 摄像头捕获器已释放
[2026-08-02 20:32:24] [CAM] 摄像头未检测到，等待重连...
[2026-08-02 20:32:24] [CAM] 摄像头捕获器已释放
[2026-08-02 20:32:24] [CAM] 摄像头未检测到，等待重连...
[2026-08-02 20:32:25] [CAM] 摄像头捕获器已释放
[2026-08-02 20:32:25] [CAM] 摄像头未检测到，等待重连...
[2026-08-02 20:32:25] [CAM] 摄像头捕获器已释放
[2026-08-02 20:32:25] [CAM] 摄像头未检测到，等待重连...
[2026-08-02 20:32:26] [CAM] 摄像头捕获器已释放
[2026-08-02 20:32:26] [CAM] 摄像头未检测到，等待重连...
[2026-08-02 20:32:26] [CAM] 摄像头捕获器已释放
[2026-08-02 20:32:26] [CAM] 摄像头未检测到，等待重连...
[2026-08-02 20:32:27] [CAM] 摄像头捕获器已释放
[2026-08-02 20:32:27] [CAM] 摄像头未检测到，等待重连...
[2026-08-02 20:32:27] [CAM] 摄像头捕获器已释放
[2026-08-02 20:32:27] [CAM] 摄像头未检测到，等待重连...
[2026-08-02 20:32:28] [CAM] 摄像头捕获器已释放
[2026-08-02 20:32:28] [CAM] 摄像头未检测到，等待重连...
[2026-08-02 20:32:28] [CAM] 摄像头捕获器已释放
[2026-08-02 20:32:28] [CAM] 摄像头未检测到，等待重连...
[2026-08-02 20:32:29] [CAM] 摄像头捕获器已释放
[2026-08-02 20:32:29] [CAM] 摄像头未检测到，等待重连...
[2026-08-02 20:32:29] [CAM] 摄像头捕获器已释放
[2026-08-02 20:32:29] [CAM] 摄像头未检测到，等待重连...
[2026-08-02 20:32:30] [CAM] 摄像头捕获器已释放
[2026-08-02 20:32:30] [CAM] 摄像头未检测到，等待重连...
[2026-08-02 20:32:30] [CAM] 摄像头捕获器已释放
[2026-08-02 20:32:30] [CAM] 摄像头未检测到，等待重连...
[2026-08-02 20:32:31] [CAM] 摄像头捕获器已释放
[2026-08-02 20:32:31] [CAM] 摄像头未检测到，等待重连...
[2026-08-02 20:32:31] [CAM] 摄像头捕获器已释放
[2026-08-02 20:32:31] [CAM] 摄像头未检测到，等待重连...
[2026-08-02 20:32:32] [CAM] 摄像头捕获器已释放
[2026-08-02 20:32:32] [CAM] 摄像头未检测到，等待重连...
[2026-08-02 20:32:32] [CAM] 摄像头捕获器已释放
[2026-08-02 20:32:32] [CAM] 摄像头未检测到，等待重连...
[2026-08-02 20:32:33] [CAM] 摄像头捕获器已释放
[2026-08-02 20:32:33] [CAM] 摄像头未检测到，等待重连...
[2026-08-02 20:32:33] [CAM] 摄像头捕获器已释放
[2026-08-02 20:32:33] [CAM] 摄像头未检测到，等待重连...
[2026-08-02 20:32:34] [CAM] 摄像头捕获器已释放
[2026-08-02 20:32:34] [CAM] 摄像头未检测到，等待重连...
[2026-08-02 20:32:34] [CAM] 摄像头捕获器已释放
[2026-08-02 20:32:34] [CAM] 摄像头未检测到，等待重连...
[2026-08-02 20:32:35] [CAM] 摄像头捕获器已释放
[2026-08-02 20:32:35] [CAM] 摄像头未检测到，等待重连...
[2026-08-02 20:32:35] [CAM] 摄像头捕获器已释放
[2026-08-02 20:32:35] [CAM] 摄像头未检测到，等待重连...
[2026-08-02 20:32:36] [CAM] 摄像头捕获器已释放
[2026-08-02 20:32:36] [CAM] 摄像头未检测到，等待重连...
[2026-08-02 20:32:36] [CAM] 摄像头捕获器已释放
[2026-08-02 20:32:36] [CAM] 摄像头未检测到，等待重连...
[2026-08-02 20:32:37] [CAM] 摄像头捕获器已释放
[2026-08-02 20:32:37] [CAM] 摄像头未检测到，等待重连...
[2026-08-02 20:32:37] [CAM] 摄像头捕获器已释放
[2026-08-02 20:32:37] [CAM] 摄像头未检测到，等待重连...
[2026-08-02 20:32:38] [CAM] 摄像头捕获器已释放
[2026-08-02 20:32:38] [CAM] 摄像头未检测到，等待重连...
[2026-08-02 20:32:38] [CAM] 摄像头捕获器已释放
[2026-08-02 20:32:38] [CAM] 摄像头未检测到，等待重连...
[2026-08-02 20:32:39] [CAM] 摄像头捕获器已释放
[2026-08-02 20:32:39] [CAM] 摄像头未检测到，等待重连...
[2026-08-02 20:32:39] [CAM] 摄像头捕获器已释放
[2026-08-02 20:32:39] [CAM] 摄像头未检测到，等待重连...
[2026-08-02 20:32:40] [CAM] 摄像头捕获器已释放
[2026-08-02 20:32:40] [CAM] 摄像头未检测到，等待重连...
[2026-08-02 20:32:40] [CAM] 摄像头捕获器已释放
[2026-08-02 20:32:40] [CAM] 摄像头未检测到，等待重连...
[2026-08-02 20:32:41] [CAM] 摄像头捕获器已释放
[2026-08-02 20:32:41] [CAM] 摄像头未检测到，等待重连...
[2026-08-02 20:32:41] [CAM] 摄像头捕获器已释放
[2026-08-02 20:32:41] [CAM] 摄像头未检测到，等待重连...
[2026-08-02 20:32:42] [CAM] 摄像头捕获器已释放
[2026-08-02 20:32:42] [CAM] 摄像头未检测到，等待重连...
[2026-08-02 20:32:42] [CAM] 摄像头捕获器已释放
[2026-08-02 20:32:42] [CAM] 摄像头未检测到，等待重连...
[2026-08-02 20:32:43] [CAM] 摄像头捕获器已释放
[2026-08-02 20:32:43] [CAM] 摄像头未检测到，等待重连...
[2026-08-02 20:32:43] [CAM] 摄像头捕获器已释放
[2026-08-02 20:32:43] [CAM] 摄像头未检测到，等待重连...
[2026-08-02 20:32:44] [CAM] 摄像头捕获器已释放
[2026-08-02 20:32:44] [CAM] 摄像头未检测到，等待重连...
[2026-08-02 20:32:44] [CAM] 摄像头捕获器已释放
[2026-08-02 20:32:44] [CAM] 摄像头未检测到，等待重连...
[2026-08-02 20:32:45] [CAM] 摄像头捕获器已释放
[2026-08-02 20:32:45] [CAM] 摄像头未检测到，等待重连...
[2026-08-02 20:32:45] [CAM] 摄像头捕获器已释放
[2026-08-02 20:32:45] [CAM] 摄像头未检测到，等待重连...
[2026-08-02 20:32:46] [CAM] 摄像头捕获器已释放
[2026-08-02 20:32:46] [CAM] 摄像头未检测到，等待重连...
[2026-08-02 20:32:46] [CAM] 摄像头捕获器已释放
[2026-08-02 20:32:46] [CAM] 摄像头未检测到，等待重连...
[2026-08-02 20:32:47] [CAM] 摄像头捕获器已释放
[2026-08-02 20:32:47] [CAM] 摄像头未检测到，等待重连...
[2026-08-02 20:32:47] [CAM] 摄像头捕获器已释放
[2026-08-02 20:32:47] [CAM] 摄像头未检测到，等待重连...
[2026-08-02 20:32:48] [CAM] 摄像头捕获器已释放
[2026-08-02 20:32:48] [CAM] 摄像头未检测到，等待重连...
[2026-08-02 20:32:48] [CAM] 摄像头捕获器已释放
[2026-08-02 20:32:48] [CAM] 摄像头未检测到，等待重连...
[2026-08-02 20:32:49] [CAM] 摄像头捕获器已释放
[2026-08-02 20:32:49] [CAM] 摄像头未检测到，等待重连...
[2026-08-02 20:32:49] [CAM] 摄像头捕获器已释放
[2026-08-02 20:32:49] [CAM] 摄像头未检测到，等待重连...
[2026-08-02 20:32:50] [CAM] 摄像头捕获器已释放
[2026-08-02 20:32:50] [CAM] 摄像头未检测到，等待重连...
[2026-08-02 20:32:50] [CAM] 摄像头捕获器已释放
[2026-08-02 20:32:50] [CAM] 摄像头未检测到，等待重连...
[2026-08-02 20:32:51] [CAM] 摄像头捕获器已释放
[2026-08-02 20:32:51] [CAM] 摄像头未检测到，等待重连...
[2026-08-02 20:32:51] [CAM] 摄像头捕获器已释放
[2026-08-02 20:32:51] [CAM] 摄像头未检测到，等待重连...
[2026-08-02 20:32:52] [CAM] 摄像头捕获器已释放
[2026-08-02 20:32:52] [CAM] 摄像头未检测到，等待重连...
[2026-08-02 20:32:52] [CAM] 摄像头捕获器已释放
[2026-08-02 20:32:52] [CAM] 摄像头未检测到，等待重连...
[2026-08-02 20:32:53] [CAM] 摄像头捕获器已释放
[2026-08-02 20:32:53] [CAM] 摄像头未检测到，等待重连...
[2026-08-02 20:32:53] [CAM] 摄像头捕获器已释放
[2026-08-02 20:32:53] [CAM] 摄像头未检测到，等待重连...
[2026-08-02 20:32:54] [CAM] 摄像头捕获器已释放
[2026-08-02 20:32:54] [CAM] 摄像头未检测到，等待重连...
[2026-08-02 20:32:54] [CAM] 摄像头捕获器已释放
[2026-08-02 20:32:54] [CAM] 摄像头未检测到，等待重连...
[2026-08-02 20:32:55] [CAM] 摄像头捕获器已释放
[2026-08-02 20:32:55] [CAM] 摄像头未检测到，等待重连...
[2026-08-02 20:32:55] [CAM] 摄像头捕获器已释放
[2026-08-02 20:32:55] [CAM] 摄像头未检测到，等待重连...
[2026-08-02 20:32:56] [CAM] 摄像头捕获器已释放
[2026-08-02 20:32:56] [CAM] 摄像头未检测到，等待重连...
[2026-08-02 20:32:56] [CAM] 摄像头捕获器已释放
[2026-08-02 20:32:56] [CAM] 摄像头未检测到，等待重连...
[2026-08-02 20:32:57] [CAM] 摄像头捕获器已释放
[2026-08-02 20:32:57] [CAM] 摄像头未检测到，等待重连...
[2026-08-02 20:32:57] [CAM] 摄像头捕获器已释放
[2026-08-02 20:32:57] [CAM] 摄像头未检测到，等待重连...
[2026-08-02 20:32:58] [CAM] 摄像头捕获器已释放
[2026-08-02 20:32:58] [CAM] 摄像头未检测到，等待重连...
[2026-08-02 20:32:58] [CAM] 摄像头捕获器已释放
[2026-08-02 20:32:58] [CAM] 摄像头未检测到，等待重连...
[2026-08-02 20:32:59] [CAM] 摄像头捕获器已释放
[2026-08-02 20:32:59] [CAM] 摄像头未检测到，等待重连...
[2026-08-02 20:32:59] [CAM] 摄像头捕获器已释放
[2026-08-02 20:32:59] [CAM] 摄像头未检测到，等待重连...
[2026-08-02 20:33:00] [CAM] 摄像头捕获器已释放
[2026-08-02 20:33:00] [CAM] 摄像头未检测到，等待重连...
[2026-08-02 20:33:00] [CAM] 摄像头捕获器已释放
[2026-08-02 20:33:00] [CAM] 摄像头未检测到，等待重连...
[2026-08-02 20:33:01] [CAM] 摄像头捕获器已释放
[2026-08-02 20:33:01] [CAM] 摄像头未检测到，等待重连...
[2026-08-02 20:33:01] [CAM] 摄像头捕获器已释放
[2026-08-02 20:33:01] [CAM] 摄像头未检测到，等待重连...
[2026-08-02 20:33:02] [CAM] 摄像头捕获器已释放
[2026-08-02 20:33:02] [CAM] 摄像头未检测到，等待重连...
[2026-08-02 20:33:02] [CAM] 摄像头捕获器已释放
[2026-08-02 20:33:02] [CAM] 摄像头未检测到，等待重连...
[2026-08-02 20:33:03] [CAM] 摄像头捕获器已释放
[2026-08-02 20:33:03] [CAM] 摄像头未检测到，等待重连...
[2026-08-02 20:33:03] [CAM] 摄像头捕获器已释放
[2026-08-02 20:33:03] [CAM] 摄像头未检测到，等待重连...
[2026-08-02 20:33:04] [CAM] 摄像头捕获器已释放
[2026-08-02 20:33:04] [CAM] 摄像头未检测到，等待重连...
[2026-08-02 20:33:04] [CAM] 摄像头捕获器已释放
[2026-08-02 20:33:04] [CAM] 摄像头未检测到，等待重连...
[2026-08-02 20:33:05] [CAM] 摄像头捕获器已释放
[2026-08-02 20:33:05] [CAM] 摄像头未检测到，等待重连...
[2026-08-02 20:33:05] [CAM] 摄像头捕获器已释放
[2026-08-02 20:33:05] [CAM] 摄像头未检测到，等待重连...
[2026-08-02 20:33:06] [CAM] 摄像头捕获器已释放
[2026-08-02 20:33:06] [CAM] 摄像头未检测到，等待重连...
[2026-08-02 20:33:06] [CAM] 摄像头捕获器已释放
[2026-08-02 20:33:06] [CAM] 摄像头未检测到，等待重连...
[2026-08-02 20:33:07] [CAM] 摄像头捕获器已释放
[2026-08-02 20:33:07] [CAM] 摄像头未检测到，等待重连...
[2026-08-02 20:33:07] [CAM] 摄像头捕获器已释放
[2026-08-02 20:33:07] [CAM] 摄像头未检测到，等待重连...
[2026-08-02 20:33:08] [CAM] 摄像头捕获器已释放
[2026-08-02 20:33:08] [CAM] 摄像头未检测到，等待重连...
[2026-08-02 20:33:08] [CAM] 摄像头捕获器已释放
[2026-08-02 20:33:08] [CAM] 摄像头未检测到，等待重连...
[2026-08-02 20:33:09] [CAM] 摄像头捕获器已释放
[2026-08-02 20:33:09] [CAM] 摄像头未检测到，等待重连...
[2026-08-02 20:33:09] [CAM] 摄像头捕获器已释放
[2026-08-02 20:33:09] [CAM] 摄像头未检测到，等待重连...
[2026-08-02 20:33:10] [CAM] 摄像头捕获器已释放
[2026-08-02 20:33:10] [CAM] 摄像头未检测到，等待重连...
[2026-08-02 20:33:10] [CAM] 摄像头捕获器已释放
[2026-08-02 20:33:10] [CAM] 摄像头未检测到，等待重连...
[2026-08-02 20:33:11] [CAM] 摄像头捕获器已释放
[2026-08-02 20:33:11] [CAM] 摄像头未检测到，等待重连...
[2026-08-02 20:33:11] [CAM] 摄像头捕获器已释放
[2026-08-02 20:33:11] [CAM] 摄像头未检测到，等待重连...
[2026-08-02 20:33:12] [CAM] 摄像头捕获器已释放
[2026-08-02 20:33:12] [CAM] 摄像头未检测到，等待重连...
[2026-08-02 20:33:12] [CAM] 摄像头捕获器已释放
[2026-08-02 20:33:12] [CAM] 摄像头未检测到，等待重连...
[2026-08-02 20:33:13] [CAM] 摄像头捕获器已释放
[2026-08-02 20:33:13] [CAM] 摄像头未检测到，等待重连...
[2026-08-02 20:33:13] [CAM] 摄像头捕获器已释放
[2026-08-02 20:33:13] [CAM] 摄像头未检测到，等待重连...
[2026-08-02 20:33:14] [CAM] 摄像头捕获器已释放
[2026-08-02 20:33:14] [CAM] 摄像头未检测到，等待重连...
[2026-08-02 20:33:14] [CAM] 摄像头捕获器已释放
[2026-08-02 20:33:14] [CAM] 摄像头未检测到，等待重连...
[2026-08-02 20:33:15] [CAM] 摄像头捕获器已释放
[2026-08-02 20:33:15] [CAM] 摄像头未检测到，等待重连...
[2026-08-02 20:33:15] [CAM] 摄像头捕获器已释放
[2026-08-02 20:33:15] [CAM] 摄像头未检测到，等待重连...
[2026-08-02 20:33:16] [CAM] 摄像头捕获器已释放
[2026-08-02 20:33:16] [CAM] 摄像头未检测到，等待重连...
[2026-08-02 20:33:16] [CAM] 摄像头捕获器已释放
[2026-08-02 20:33:16] [CAM] 摄像头未检测到，等待重连...
[2026-08-02 20:33:17] [CAM] 摄像头捕获器已释放
[2026-08-02 20:33:17] [CAM] 摄像头未检测到，等待重连...
[2026-08-02 20:33:17] [CAM] 摄像头捕获器已释放
[2026-08-02 20:33:17] [CAM] 摄像头未检测到，等待重连...
[2026-08-02 20:33:18] [CAM] 摄像头捕获器已释放
[2026-08-02 20:33:18] [CAM] 摄像头未检测到，等待重连...
[2026-08-02 20:33:18] [CAM] 摄像头捕获器已释放
[2026-08-02 20:33:18] [CAM] 摄像头未检测到，等待重连...
[2026-08-02 20:33:19] [CAM] 摄像头捕获器已释放
[2026-08-02 20:33:19] [CAM] 摄像头未检测到，等待重连...
[2026-08-02 20:33:19] [CAM] 摄像头捕获器已释放
[2026-08-02 20:33:19] [CAM] 摄像头未检测到，等待重连...
[2026-08-02 20:33:20] [CAM] 摄像头捕获器已释放
[2026-08-02 20:33:20] [CAM] 摄像头未检测到，等待重连...
[2026-08-02 20:33:20] [CAM] 摄像头捕获器已释放
[2026-08-02 20:33:20] [CAM] 摄像头未检测到，等待重连...
[2026-08-02 20:33:21] [CAM] 摄像头捕获器已释放
[2026-08-02 20:33:21] [CAM] 摄像头未检测到，等待重连...
[2026-08-02 20:33:21] [CAM] 摄像头捕获器已释放
[2026-08-02 20:33:21] [CAM] 摄像头未检测到，等待重连...
[2026-08-02 20:33:22] [CAM] 摄像头捕获器已释放
[2026-08-02 20:33:22] [CAM] 摄像头未检测到，等待重连...
[2026-08-02 20:33:22] [CAM] 摄像头捕获器已释放
[2026-08-02 20:33:22] [CAM] 摄像头未检测到，等待重连...
[2026-08-02 20:33:23] [CAM] 摄像头捕获器已释放
[2026-08-02 20:33:23] [CAM] 摄像头未检测到，等待重连...
[2026-08-02 20:33:23] [CAM] 摄像头捕获器已释放
[2026-08-02 20:33:23] [CAM] 摄像头未检测到，等待重连...
[2026-08-02 20:33:24] [CAM] 摄像头捕获器已释放
[2026-08-02 20:33:24] [CAM] 摄像头未检测到，等待重连...
[2026-08-02 20:33:24] [CAM] 摄像头捕获器已释放
[2026-08-02 20:33:24] [CAM] 摄像头未检测到，等待重连...
[2026-08-02 20:33:25] [CAM] 摄像头捕获器已释放
[2026-08-02 20:33:25] [CAM] 摄像头未检测到，等待重连...
[2026-08-02 20:33:25] [CAM] 摄像头捕获器已释放
[2026-08-02 20:33:25] [CAM] 摄像头未检测到，等待重连...
[2026-08-02 20:33:26] [CAM] 摄像头捕获器已释放
[2026-08-02 20:33:26] [CAM] 摄像头未检测到，等待重连...
[2026-08-02 20:33:26] [CAM] 摄像头捕获器已释放
[2026-08-02 20:33:26] [CAM] 摄像头未检测到，等待重连...
[2026-08-02 20:33:27] [CAM] 摄像头捕获器已释放
[2026-08-02 20:33:27] [CAM] 摄像头未检测到，等待重连...
[2026-08-02 20:33:27] [CAM] 摄像头捕获器已释放
[2026-08-02 20:33:27] [CAM] 摄像头未检测到，等待重连...
[2026-08-02 20:33:28] [CAM] 摄像头捕获器已释放
[2026-08-02 20:33:28] [CAM] 摄像头未检测到，等待重连...
[2026-08-02 20:33:28] [CAM] 摄像头捕获器已释放
[2026-08-02 20:33:28] [CAM] 摄像头未检测到，等待重连...
[2026-08-02 20:33:29] [CAM] 摄像头捕获器已释放
[2026-08-02 20:33:29] [CAM] 摄像头未检测到，等待重连...
[2026-08-02 20:33:29] [CAM] 摄像头捕获器已释放
[2026-08-02 20:33:29] [CAM] 摄像头未检测到，等待重连...
[2026-08-02 20:33:30] [CAM] 摄像头捕获器已释放
[2026-08-02 20:33:30] [CAM] 摄像头未检测到，等待重连...
[2026-08-02 20:33:30] [CAM] 摄像头捕获器已释放
[2026-08-02 20:33:30] [CAM] 摄像头未检测到，等待重连...
[2026-08-02 20:33:31] [CAM] 摄像头捕获器已释放
[2026-08-02 20:33:31] [CAM] 摄像头未检测到，等待重连...
[2026-08-02 20:33:31] [CAM] 摄像头捕获器已释放
[2026-08-02 20:33:31] [CAM] 摄像头未检测到，等待重连...
[2026-08-02 20:33:32] [CAM] 摄像头捕获器已释放
[2026-08-02 20:33:32] [CAM] 摄像头未检测到，等待重连...
[2026-08-02 20:33:32] [CAM] 摄像头捕获器已释放
[2026-08-02 20:33:32] [CAM] 摄像头未检测到，等待重连...
[2026-08-02 20:33:33] [CAM] 摄像头捕获器已释放
[2026-08-02 20:33:33] [CAM] 摄像头未检测到，等待重连...
[2026-08-02 20:33:33] [CAM] 摄像头捕获器已释放
[2026-08-02 20:33:33] [CAM] 摄像头未检测到，等待重连...
[2026-08-02 20:33:34] [CAM] 摄像头捕获器已释放
[2026-08-02 20:33:34] [CAM] 摄像头未检测到，等待重连...
[2026-08-02 20:33:34] [CAM] 摄像头捕获器已释放
[2026-08-02 20:33:34] [CAM] 摄像头未检测到，等待重连...
[2026-08-02 20:33:35] [CAM] 摄像头捕获器已释放
[2026-08-02 20:33:35] [CAM] 摄像头未检测到，等待重连...
[2026-08-02 20:33:35] [CAM] 摄像头捕获器已释放
[2026-08-02 20:33:35] [CAM] 摄像头未检测到，等待重连...
[2026-08-02 20:33:36] [CAM] 摄像头捕获器已释放
[2026-08-02 20:33:36] [CAM] 摄像头未检测到，等待重连...
[2026-08-02 20:33:36] [CAM] 摄像头捕获器已释放
[2026-08-02 20:33:36] [CAM] 摄像头未检测到，等待重连...
[2026-08-02 20:33:37] [CAM] 摄像头捕获器已释放
[2026-08-02 20:33:37] [CAM] 摄像头未检测到，等待重连...
[2026-08-02 20:33:37] [CAM] 摄像头捕获器已释放
[2026-08-02 20:33:37] [CAM] 摄像头未检测到，等待重连...
[2026-08-02 20:33:38] [CAM] 摄像头捕获器已释放
[2026-08-02 20:33:38] [CAM] 摄像头未检测到，等待重连...
[2026-08-02 20:33:38] [CAM] 摄像头捕获器已释放
[2026-08-02 20:33:38] [CAM] 摄像头未检测到，等待重连...
[2026-08-02 20:33:39] [CAM] 摄像头捕获器已释放
[2026-08-02 20:33:39] [CAM] 摄像头未检测到，等待重连...
[2026-08-02 20:33:39] [CAM] 摄像头捕获器已释放
[2026-08-02 20:33:39] [CAM] 摄像头未检测到，等待重连...
[2026-08-02 20:33:40] [CAM] 摄像头捕获器已释放
[2026-08-02 20:33:40] [CAM] 摄像头未检测到，等待重连...
[2026-08-02 20:33:40] [CAM] 摄像头捕获器已释放
[2026-08-02 20:33:40] [CAM] 摄像头未检测到，等待重连...
[2026-08-02 20:33:41] [CAM] 摄像头捕获器已释放
[2026-08-02 20:33:41] [CAM] 摄像头未检测到，等待重连...
[2026-08-02 20:33:41] [CAM] 摄像头捕获器已释放
[2026-08-02 20:33:41] [CAM] 摄像头未检测到，等待重连...
[2026-08-02 20:33:42] [CAM] 摄像头捕获器已释放
[2026-08-02 20:33:42] [CAM] 摄像头未检测到，等待重连...
[2026-08-02 20:33:42] [CAM] 摄像头捕获器已释放
[2026-08-02 20:33:42] [CAM] 摄像头未检测到，等待重连...
[2026-08-02 20:33:43] [CAM] 摄像头捕获器已释放
[2026-08-02 20:33:43] [CAM] 摄像头未检测到，等待重连...
[2026-08-02 20:33:43] [CAM] 摄像头捕获器已释放
[2026-08-02 20:33:43] [CAM] 摄像头未检测到，等待重连...
[2026-08-02 20:33:44] [CAM] 摄像头捕获器已释放
[2026-08-02 20:33:44] [CAM] 摄像头未检测到，等待重连...
[2026-08-02 20:33:44] [CAM] 摄像头捕获器已释放
[2026-08-02 20:33:44] [CAM] 摄像头未检测到，等待重连...
[2026-08-02 20:33:45] [CAM] 摄像头捕获器已释放
[2026-08-02 20:33:45] [CAM] 摄像头未检测到，等待重连...
[2026-08-02 20:33:45] [CAM] 摄像头捕获器已释放
[2026-08-02 20:33:45] [CAM] 摄像头未检测到，等待重连...
[2026-08-02 20:33:46] [CAM] 摄像头捕获器已释放
[2026-08-02 20:33:46] [CAM] 摄像头未检测到，等待重连...
[2026-08-02 20:33:46] [CAM] 摄像头捕获器已释放
[2026-08-02 20:33:46] [CAM] 摄像头未检测到，等待重连...
[2026-08-02 20:33:47] [CAM] 摄像头捕获器已释放
[2026-08-02 20:33:47] [CAM] 摄像头未检测到，等待重连...
[2026-08-02 20:33:47] [CAM] 摄像头捕获器已释放
[2026-08-02 20:33:47] [CAM] 摄像头未检测到，等待重连...
[2026-08-02 20:33:48] [CAM] 摄像头捕获器已释放
[2026-08-02 20:33:48] [CAM] 摄像头未检测到，等待重连...
[2026-08-02 20:33:48] [CAM] 摄像头捕获器已释放
[2026-08-02 20:33:48] [CAM] 摄像头未检测到，等待重连...
[2026-08-02 20:33:49] [CAM] 摄像头捕获器已释放
[2026-08-02 20:33:49] [CAM] 摄像头未检测到，等待重连...
[2026-08-02 20:33:49] [CAM] 摄像头捕获器已释放
[2026-08-02 20:33:49] [CAM] 摄像头未检测到，等待重连...
[2026-08-02 20:33:50] [CAM] 摄像头捕获器已释放
[2026-08-02 20:33:50] [CAM] 摄像头未检测到，等待重连...
[2026-08-02 20:33:50] [CAM] 摄像头捕获器已释放
[2026-08-02 20:33:50] [CAM] 摄像头未检测到，等待重连...
[2026-08-02 20:33:51] [CAM] 摄像头捕获器已释放
[2026-08-02 20:33:51] [CAM] 摄像头未检测到，等待重连...
[2026-08-02 20:33:51] [CAM] 摄像头捕获器已释放
[2026-08-02 20:33:51] [CAM] 摄像头未检测到，等待重连...
[2026-08-02 20:33:52] [CAM] 摄像头捕获器已释放
[2026-08-02 20:33:52] [CAM] 摄像头未检测到，等待重连...
[2026-08-02 20:33:52] [CAM] 摄像头捕获器已释放
[2026-08-02 20:33:52] [CAM] 摄像头未检测到，等待重连...
[2026-08-02 20:33:53] [CAM] 摄像头捕获器已释放
[2026-08-02 20:33:53] [CAM] 摄像头未检测到，等待重连...
[2026-08-02 20:33:53] [CAM] 摄像头捕获器已释放
[2026-08-02 20:33:53] [CAM] 摄像头未检测到，等待重连...
[2026-08-02 20:33:54] [CAM] 摄像头捕获器已释放
[2026-08-02 20:33:54] [CAM] 摄像头未检测到，等待重连...
[2026-08-02 20:33:54] [CAM] 摄像头捕获器已释放
[2026-08-02 20:33:54] [CAM] 摄像头未检测到，等待重连...
[2026-08-02 20:33:55] [CAM] 摄像头捕获器已释放
[2026-08-02 20:33:55] [CAM] 摄像头未检测到，等待重连...
[2026-08-02 20:33:55] [CAM] 摄像头捕获器已释放
[2026-08-02 20:33:55] [CAM] 摄像头未检测到，等待重连...
[2026-08-02 20:33:56] [CAM] 摄像头捕获器已释放
[2026-08-02 20:33:56] [CAM] 摄像头未检测到，等待重连...
[2026-08-02 20:33:56] [CAM] 摄像头捕获器已释放
[2026-08-02 20:33:56] [CAM] 摄像头未检测到，等待重连...
[2026-08-02 20:33:57] [CAM] 摄像头捕获器已释放
[2026-08-02 20:33:57] [CAM] 摄像头未检测到，等待重连...
[2026-08-02 20:33:57] [CAM] 摄像头捕获器已释放
[2026-08-02 20:33:57] [CAM] 摄像头未检测到，等待重连...
[2026-08-02 20:33:58] [CAM] 摄像头捕获器已释放
[2026-08-02 20:33:58] [CAM] 摄像头未检测到，等待重连...
[2026-08-02 20:33:58] [CAM] 摄像头捕获器已释放
[2026-08-02 20:33:58] [CAM] 摄像头未检测到，等待重连...
[2026-08-02 20:33:59] [CAM] 摄像头捕获器已释放
[2026-08-02 20:33:59] [CAM] 摄像头未检测到，等待重连...
[2026-08-02 20:33:59] [CAM] 摄像头捕获器已释放
[2026-08-02 20:33:59] [CAM] 摄像头未检测到，等待重连...
[2026-08-02 20:34:00] [CAM] 摄像头捕获器已释放
[2026-08-02 20:34:00] [CAM] 摄像头未检测到，等待重连...
[2026-08-02 20:34:00] [CAM] 摄像头捕获器已释放
[2026-08-02 20:34:00] [CAM] 摄像头未检测到，等待重连...
[2026-08-02 20:34:01] [CAM] 摄像头捕获器已释放
[2026-08-02 20:34:01] [CAM] 摄像头未检测到，等待重连...
[2026-08-02 20:34:01] [CAM] 摄像头捕获器已释放
[2026-08-02 20:34:01] [CAM] 摄像头未检测到，等待重连...
[2026-08-02 20:34:02] [CAM] 摄像头捕获器已释放
[2026-08-02 20:34:02] [CAM] 摄像头未检测到，等待重连...
[2026-08-02 20:34:02] [CAM] 摄像头捕获器已释放
[2026-08-02 20:34:02] [CAM] 摄像头未检测到，等待重连...
[2026-08-02 20:34:03] [CAM] 摄像头捕获器已释放
[2026-08-02 20:34:03] [CAM] 摄像头未检测到，等待重连...
[2026-08-02 20:34:03] [CAM] 摄像头捕获器已释放
[2026-08-02 20:34:03] [CAM] 摄像头未检测到，等待重连...
[2026-08-02 20:34:04] [CAM] 摄像头捕获器已释放
[2026-08-02 20:34:04] [CAM] 摄像头未检测到，等待重连...
[2026-08-02 20:34:04] [CAM] 摄像头捕获器已释放
[2026-08-02 20:34:04] [CAM] 摄像头未检测到，等待重连...
[2026-08-02 20:34:05] [CAM] 摄像头捕获器已释放
[2026-08-02 20:34:05] [CAM] 摄像头未检测到，等待重连...
[2026-08-02 20:34:05] [CAM] 摄像头捕获器已释放
[2026-08-02 20:34:05] [CAM] 摄像头未检测到，等待重连...
[2026-08-02 20:34:06] [CAM] 摄像头捕获器已释放
[2026-08-02 20:34:06] [CAM] 摄像头未检测到，等待重连...
[2026-08-02 20:34:06] [CAM] 摄像头捕获器已释放
[2026-08-02 20:34:06] [CAM] 摄像头未检测到，等待重连...
[2026-08-02 20:34:07] [CAM] 摄像头捕获器已释放
[2026-08-02 20:34:07] [CAM] 摄像头未检测到，等待重连...
[2026-08-02 20:34:07] [CAM] 摄像头捕获器已释放
[2026-08-02 20:34:07] [CAM] 摄像头未检测到，等待重连...
[2026-08-02 20:34:08] [CAM] 摄像头捕获器已释放
[2026-08-02 20:34:08] [CAM] 摄像头未检测到，等待重连...
[2026-08-02 20:34:08] [CAM] 摄像头捕获器已释放
[2026-08-02 20:34:08] [CAM] 摄像头未检测到，等待重连...
[2026-08-02 20:34:09] [CAM] 摄像头捕获器已释放
[2026-08-02 20:34:09] [CAM] 摄像头未检测到，等待重连...
[2026-08-02 20:34:09] [CAM] 摄像头捕获器已释放
[2026-08-02 20:34:09] [CAM] 摄像头未检测到，等待重连...
[2026-08-02 20:34:10] [CAM] 摄像头捕获器已释放
[2026-08-02 20:34:10] [CAM] 摄像头未检测到，等待重连...
[2026-08-02 20:34:10] [CAM] 摄像头捕获器已释放
[2026-08-02 20:34:10] [CAM] 摄像头未检测到，等待重连...
[2026-08-02 20:34:11] [CAM] 摄像头捕获器已释放
[2026-08-02 20:34:11] [CAM] 摄像头未检测到，等待重连...
[2026-08-02 20:34:11] [CAM] 摄像头捕获器已释放
[2026-08-02 20:34:11] [CAM] 摄像头未检测到，等待重连...
[2026-08-02 20:34:12] [CAM] 摄像头捕获器已释放
[2026-08-02 20:34:12] [CAM] 摄像头未检测到，等待重连...
[2026-08-02 20:34:12] [CAM] 摄像头捕获器已释放
[2026-08-02 20:34:12] [CAM] 摄像头未检测到，等待重连...
[2026-08-02 20:34:13] [CAM] 摄像头捕获器已释放
[2026-08-02 20:34:13] [CAM] 摄像头未检测到，等待重连...
[2026-08-02 20:34:13] [CAM] 摄像头捕获器已释放
[2026-08-02 20:34:13] [CAM] 摄像头未检测到，等待重连...
[2026-08-02 20:34:14] [CAM] 摄像头捕获器已释放
[2026-08-02 20:34:14] [CAM] 摄像头未检测到，等待重连...
[2026-08-02 20:34:14] [CAM] 摄像头捕获器已释放
[2026-08-02 20:34:14] [CAM] 摄像头未检测到，等待重连...
[2026-08-02 20:34:15] [CAM] 摄像头捕获器已释放
[2026-08-02 20:34:15] [CAM] 摄像头未检测到，等待重连...
[2026-08-02 20:34:15] [CAM] 摄像头捕获器已释放
[2026-08-02 20:34:15] [CAM] 摄像头未检测到，等待重连...
[2026-08-02 20:34:16] [CAM] 摄像头捕获器已释放
[2026-08-02 20:34:16] [CAM] 摄像头未检测到，等待重连...
[2026-08-02 20:34:16] [CAM] 摄像头捕获器已释放
[2026-08-02 20:34:16] [CAM] 摄像头未检测到，等待重连...
[2026-08-02 20:34:17] [CAM] 摄像头捕获器已释放
[2026-08-02 20:34:17] [CAM] 摄像头未检测到，等待重连...
[2026-08-02 20:34:17] [CAM] 摄像头捕获器已释放
[2026-08-02 20:34:17] [CAM] 摄像头未检测到，等待重连...
[2026-08-02 20:34:18] [CAM] 摄像头捕获器已释放
[2026-08-02 20:34:18] [CAM] 摄像头未检测到，等待重连...
[2026-08-02 20:34:18] [CAM] 摄像头捕获器已释放
[2026-08-02 20:34:18] [CAM] 摄像头未检测到，等待重连...
[2026-08-02 20:34:19] [CAM] 摄像头捕获器已释放
[2026-08-02 20:34:19] [CAM] 摄像头未检测到，等待重连...
[2026-08-02 20:34:19] [CAM] 摄像头捕获器已释放
[2026-08-02 20:34:19] [CAM] 摄像头未检测到，等待重连...
[2026-08-02 20:34:20] [CAM] 摄像头捕获器已释放
[2026-08-02 20:34:20] [CAM] 摄像头未检测到，等待重连...
[2026-08-02 20:34:20] [CAM] 摄像头捕获器已释放
[2026-08-02 20:34:20] [CAM] 摄像头未检测到，等待重连...
[2026-08-02 20:34:21] [CAM] 摄像头捕获器已释放
[2026-08-02 20:34:21] [CAM] 摄像头未检测到，等待重连...
[2026-08-02 20:34:21] [CAM] 摄像头捕获器已释放
[2026-08-02 20:34:21] [CAM] 摄像头未检测到，等待重连...
[2026-08-02 20:34:22] [CAM] 摄像头捕获器已释放
[2026-08-02 20:34:22] [CAM] 摄像头未检测到，等待重连...
[2026-08-02 20:34:22] [CAM] 摄像头捕获器已释放
[2026-08-02 20:34:22] [CAM] 摄像头未检测到，等待重连...
[2026-08-02 20:34:23] [CAM] 摄像头捕获器已释放
[2026-08-02 20:34:23] [CAM] 摄像头未检测到，等待重连...
[2026-08-02 20:34:23] [CAM] 摄像头捕获器已释放
[2026-08-02 20:34:23] [CAM] 摄像头未检测到，等待重连...
[2026-08-02 20:34:24] [CAM] 摄像头捕获器已释放
[2026-08-02 20:34:24] [CAM] 摄像头未检测到，等待重连...
[2026-08-02 20:34:24] [CAM] 摄像头捕获器已释放
[2026-08-02 20:34:24] [CAM] 摄像头未检测到，等待重连...
[2026-08-02 20:34:25] [CAM] 摄像头捕获器已释放
[2026-08-02 20:34:25] [CAM] 摄像头未检测到，等待重连...
[2026-08-02 20:34:25] [CAM] 摄像头捕获器已释放
[2026-08-02 20:34:25] [CAM] 摄像头未检测到，等待重连...
[2026-08-02 20:34:26] [CAM] 摄像头捕获器已释放
[2026-08-02 20:34:26] [CAM] 摄像头未检测到，等待重连...
[2026-08-02 20:34:26] [CAM] 摄像头捕获器已释放
[2026-08-02 20:34:26] [CAM] 摄像头未检测到，等待重连...
[2026-08-02 20:34:27] [CAM] 摄像头捕获器已释放
[2026-08-02 20:34:27] [CAM] 摄像头未检测到，等待重连...
[2026-08-02 20:34:27] [CAM] 摄像头捕获器已释放
[2026-08-02 20:34:27] [CAM] 摄像头未检测到，等待重连...
[2026-08-02 20:34:28] [CAM] 摄像头捕获器已释放
[2026-08-02 20:34:28] [CAM] 摄像头未检测到，等待重连...
[2026-08-02 20:34:28] [CAM] 摄像头捕获器已释放
[2026-08-02 20:34:28] [CAM] 摄像头未检测到，等待重连...
[2026-08-02 20:34:29] [CAM] 摄像头捕获器已释放
[2026-08-02 20:34:29] [CAM] 摄像头未检测到，等待重连...
[2026-08-02 20:34:29] [CAM] 摄像头捕获器已释放
[2026-08-02 20:34:29] [CAM] 摄像头未检测到，等待重连...
[2026-08-02 20:34:30] [CAM] 摄像头捕获器已释放
[2026-08-02 20:34:30] [CAM] 摄像头未检测到，等待重连...
[2026-08-02 20:34:30] [CAM] 摄像头捕获器已释放
[2026-08-02 20:34:30] [CAM] 摄像头未检测到，等待重连...
[2026-08-02 20:34:31] [CAM] 摄像头捕获器已释放
[2026-08-02 20:34:31] [CAM] 摄像头未检测到，等待重连...
[2026-08-02 20:34:31] [CAM] 摄像头捕获器已释放
[2026-08-02 20:34:31] [CAM] 摄像头未检测到，等待重连...
[2026-08-02 20:34:32] [CAM] 摄像头捕获器已释放
[2026-08-02 20:34:32] [CAM] 摄像头未检测到，等待重连...
[2026-08-02 20:34:32] [CAM] 摄像头捕获器已释放
[2026-08-02 20:34:32] [CAM] 摄像头未检测到，等待重连...
[2026-08-02 20:34:33] [CAM] 摄像头捕获器已释放
[2026-08-02 20:34:33] [CAM] 摄像头未检测到，等待重连...
[2026-08-02 20:34:33] [CAM] 摄像头捕获器已释放
[2026-08-02 20:34:33] [CAM] 摄像头未检测到，等待重连...
[2026-08-02 20:34:34] [CAM] 摄像头捕获器已释放
[2026-08-02 20:34:34] [CAM] 摄像头未检测到，等待重连...
[2026-08-02 20:34:34] [CAM] 摄像头捕获器已释放
[2026-08-02 20:34:34] [CAM] 摄像头未检测到，等待重连...
[2026-08-02 20:34:35] [CAM] 摄像头捕获器已释放
[2026-08-02 20:34:35] [CAM] 摄像头未检测到，等待重连...
[2026-08-02 20:34:35] [CAM] 摄像头捕获器已释放
[2026-08-02 20:34:35] [CAM] 摄像头未检测到，等待重连...
[2026-08-02 20:34:36] [CAM] 摄像头捕获器已释放
[2026-08-02 20:34:36] [CAM] 摄像头未检测到，等待重连...
[2026-08-02 20:34:36] [CAM] 摄像头捕获器已释放
[2026-08-02 20:34:36] [CAM] 摄像头未检测到，等待重连...
[2026-08-02 20:34:37] [CAM] 摄像头捕获器已释放
[2026-08-02 20:34:37] [CAM] 摄像头未检测到，等待重连...
[2026-08-02 20:34:37] [CAM] 摄像头捕获器已释放
[2026-08-02 20:34:37] [CAM] 摄像头未检测到，等待重连...
[2026-08-02 20:34:38] [CAM] 摄像头捕获器已释放
[2026-08-02 20:34:38] [CAM] 摄像头未检测到，等待重连...
[2026-08-02 20:34:38] [CAM] 摄像头捕获器已释放
[2026-08-02 20:34:38] [CAM] 摄像头未检测到，等待重连...
[2026-08-02 20:34:39] [CAM] 摄像头捕获器已释放
[2026-08-02 20:34:39] [CAM] 摄像头未检测到，等待重连...
[2026-08-02 20:34:39] [CAM] 摄像头捕获器已释放
[2026-08-02 20:34:39] [CAM] 摄像头未检测到，等待重连...
[2026-08-02 20:34:40] [CAM] 摄像头捕获器已释放
[2026-08-02 20:34:40] [CAM] 摄像头未检测到，等待重连...
[2026-08-02 20:34:40] [CAM] 摄像头捕获器已释放
[2026-08-02 20:34:40] [CAM] 摄像头未检测到，等待重连...
[2026-08-02 20:34:41] [CAM] 摄像头捕获器已释放
[2026-08-02 20:34:41] [CAM] 摄像头未检测到，等待重连...
[2026-08-02 20:34:41] [CAM] 摄像头捕获器已释放
[2026-08-02 20:34:41] [CAM] 摄像头未检测到，等待重连...
[2026-08-02 20:34:42] [CAM] 摄像头捕获器已释放
[2026-08-02 20:34:42] [CAM] 摄像头未检测到，等待重连...
[2026-08-02 20:34:42] [CAM] 摄像头捕获器已释放
[2026-08-02 20:34:42] [CAM] 摄像头未检测到，等待重连...
[2026-08-02 20:34:43] [CAM] 摄像头捕获器已释放
[2026-08-02 20:34:43] [CAM] 摄像头未检测到，等待重连...
[2026-08-02 20:34:43] [CAM] 摄像头捕获器已释放
[2026-08-02 20:34:43] [CAM] 摄像头未检测到，等待重连...
[2026-08-02 20:34:44] [CAM] 摄像头捕获器已释放
[2026-08-02 20:34:44] [CAM] 摄像头未检测到，等待重连...
[2026-08-02 20:34:44] [CAM] 摄像头捕获器已释放
[2026-08-02 20:34:44] [CAM] 摄像头未检测到，等待重连...
[2026-08-02 20:34:45] [CAM] 摄像头捕获器已释放
[2026-08-02 20:34:45] [CAM] 摄像头未检测到，等待重连...
[2026-08-02 20:34:45] [CAM] 摄像头捕获器已释放
[2026-08-02 20:34:45] [CAM] 摄像头未检测到，等待重连...
[2026-08-02 20:34:46] [CAM] 摄像头捕获器已释放
[2026-08-02 20:34:46] [CAM] 摄像头未检测到，等待重连...
[2026-08-02 20:34:46] [CAM] 摄像头捕获器已释放
[2026-08-02 20:34:46] [CAM] 摄像头未检测到，等待重连...
[2026-08-02 20:34:47] [CAM] 摄像头捕获器已释放
[2026-08-02 20:34:47] [CAM] 摄像头未检测到，等待重连...
[2026-08-02 20:34:47] [CAM] 摄像头捕获器已释放
[2026-08-02 20:34:47] [CAM] 摄像头未检测到，等待重连...
[2026-08-02 20:34:48] [CAM] 摄像头捕获器已释放
[2026-08-02 20:34:48] [CAM] 摄像头未检测到，等待重连...
[2026-08-02 20:34:48] [CAM] 摄像头捕获器已释放
[2026-08-02 20:34:48] [CAM] 摄像头未检测到，等待重连...
[2026-08-02 20:34:49] [CAM] 摄像头捕获器已释放
[2026-08-02 20:34:49] [CAM] 摄像头未检测到，等待重连...
[2026-08-02 20:34:49] [CAM] 摄像头捕获器已释放
[2026-08-02 20:34:49] [CAM] 摄像头未检测到，等待重连...
[2026-08-02 20:34:50] [CAM] 摄像头捕获器已释放
[2026-08-02 20:34:50] [CAM] 摄像头未检测到，等待重连...
[2026-08-02 20:34:50] [CAM] 摄像头捕获器已释放
[2026-08-02 20:34:50] [CAM] 摄像头未检测到，等待重连...
[2026-08-02 20:34:51] [CAM] 摄像头捕获器已释放
[2026-08-02 20:34:51] [CAM] 摄像头未检测到，等待重连...
[2026-08-02 20:34:51] [CAM] 摄像头捕获器已释放
[2026-08-02 20:34:51] [CAM] 摄像头未检测到，等待重连...
[2026-08-02 20:34:52] [CAM] 摄像头捕获器已释放
[2026-08-02 20:34:52] [CAM] 摄像头未检测到，等待重连...
[2026-08-02 20:34:52] [CAM] 摄像头捕获器已释放
[2026-08-02 20:34:52] [CAM] 摄像头未检测到，等待重连...
[2026-08-02 20:34:53] [CAM] 摄像头捕获器已释放
[2026-08-02 20:34:53] [CAM] 摄像头未检测到，等待重连...
[2026-08-02 20:34:53] [CAM] 摄像头捕获器已释放
[2026-08-02 20:34:53] [CAM] 摄像头未检测到，等待重连...
[2026-08-02 20:34:54] [CAM] 摄像头捕获器已释放
[2026-08-02 20:34:54] [CAM] 摄像头未检测到，等待重连...
[2026-08-02 20:34:54] [CAM] 摄像头捕获器已释放
[2026-08-02 20:34:54] [CAM] 摄像头未检测到，等待重连...
[2026-08-02 20:34:55] [CAM] 摄像头捕获器已释放
[2026-08-02 20:34:55] [CAM] 摄像头未检测到，等待重连...
[2026-08-02 20:34:55] [CAM] 摄像头捕获器已释放
[2026-08-02 20:34:55] [CAM] 摄像头未检测到，等待重连...
[2026-08-02 20:34:56] [CAM] 摄像头捕获器已释放
[2026-08-02 20:34:56] [CAM] 摄像头未检测到，等待重连...
[2026-08-02 20:34:56] [CAM] 摄像头捕获器已释放
[2026-08-02 20:34:56] [CAM] 摄像头未检测到，等待重连...
[2026-08-02 20:34:57] [CAM] 摄像头捕获器已释放
[2026-08-02 20:34:57] [CAM] 摄像头未检测到，等待重连...
[2026-08-02 20:34:57] [CAM] 摄像头捕获器已释放
[2026-08-02 20:34:57] [CAM] 摄像头未检测到，等待重连...
[2026-08-02 20:34:58] [CAM] 摄像头捕获器已释放
[2026-08-02 20:34:58] [CAM] 摄像头未检测到，等待重连...
[2026-08-02 20:34:58] [CAM] 摄像头捕获器已释放
[2026-08-02 20:34:58] [CAM] 摄像头未检测到，等待重连...
[2026-08-02 20:34:59] [CAM] 摄像头捕获器已释放
[2026-08-02 20:34:59] [CAM] 摄像头未检测到，等待重连...
[2026-08-02 20:34:59] [CAM] 摄像头捕获器已释放
[2026-08-02 20:34:59] [CAM] 摄像头未检测到，等待重连...
[2026-08-02 20:35:00] [CAM] 摄像头捕获器已释放
[2026-08-02 20:35:00] [CAM] 摄像头未检测到，等待重连...
[2026-08-02 20:35:00] [CAM] 摄像头捕获器已释放
[2026-08-02 20:35:00] [CAM] 摄像头未检测到，等待重连...
[2026-08-02 20:35:01] [CAM] 摄像头捕获器已释放
[2026-08-02 20:35:01] [CAM] 摄像头未检测到，等待重连...
[2026-08-02 20:35:01] [CAM] 摄像头捕获器已释放
[2026-08-02 20:35:01] [CAM] 摄像头未检测到，等待重连...
[2026-08-02 20:35:02] [CAM] 摄像头捕获器已释放
[2026-08-02 20:35:02] [CAM] 摄像头未检测到，等待重连...
[2026-08-02 20:35:02] [CAM] 摄像头捕获器已释放
[2026-08-02 20:35:02] [CAM] 摄像头未检测到，等待重连...
[2026-08-02 20:35:03] [CAM] 摄像头捕获器已释放
[2026-08-02 20:35:03] [CAM] 摄像头未检测到，等待重连...
[2026-08-02 20:35:03] [CAM] 摄像头捕获器已释放
[2026-08-02 20:35:03] [CAM] 摄像头未检测到，等待重连...
[2026-08-02 20:35:04] [CAM] 摄像头捕获器已释放
[2026-08-02 20:35:04] [CAM] 摄像头未检测到，等待重连...
[2026-08-02 20:35:04] [CAM] 摄像头捕获器已释放
[2026-08-02 20:35:04] [CAM] 摄像头未检测到，等待重连...
[2026-08-02 20:35:05] [CAM] 摄像头捕获器已释放
[2026-08-02 20:35:05] [CAM] 摄像头未检测到，等待重连...
[2026-08-02 20:35:05] [CAM] 摄像头捕获器已释放
[2026-08-02 20:35:05] [CAM] 摄像头未检测到，等待重连...
[2026-08-02 20:35:06] [CAM] 摄像头捕获器已释放
[2026-08-02 20:35:06] [CAM] 摄像头未检测到，等待重连...
[2026-08-02 20:35:06] [CAM] 摄像头捕获器已释放
[2026-08-02 20:35:06] [CAM] 摄像头未检测到，等待重连...
[2026-08-02 20:35:07] [CAM] 摄像头捕获器已释放
[2026-08-02 20:35:07] [CAM] 摄像头未检测到，等待重连...
[2026-08-02 20:35:07] [CAM] 摄像头捕获器已释放
[2026-08-02 20:35:07] [CAM] 摄像头未检测到，等待重连...
[2026-08-02 20:35:08] [CAM] 摄像头捕获器已释放
[2026-08-02 20:35:08] [CAM] 摄像头未检测到，等待重连...
[2026-08-02 20:35:08] [CAM] 摄像头捕获器已释放
[2026-08-02 20:35:08] [CAM] 摄像头未检测到，等待重连...
[2026-08-02 20:35:09] [CAM] 摄像头捕获器已释放
[2026-08-02 20:35:09] [CAM] 摄像头未检测到，等待重连...
[2026-08-02 20:35:09] [CAM] 摄像头捕获器已释放
[2026-08-02 20:35:09] [CAM] 摄像头未检测到，等待重连...
[2026-08-02 20:35:10] [CAM] 摄像头捕获器已释放
[2026-08-02 20:35:10] [CAM] 摄像头未检测到，等待重连...
[2026-08-02 20:35:10] [CAM] 摄像头捕获器已释放
[2026-08-02 20:35:10] [CAM] 摄像头未检测到，等待重连...
[2026-08-02 20:35:11] [CAM] 摄像头捕获器已释放
[2026-08-02 20:35:11] [CAM] 摄像头未检测到，等待重连...
[2026-08-02 20:35:11] [CAM] 摄像头捕获器已释放
[2026-08-02 20:35:11] [CAM] 摄像头未检测到，等待重连...
[2026-08-02 20:35:12] [CAM] 摄像头捕获器已释放
[2026-08-02 20:35:12] [CAM] 摄像头未检测到，等待重连...
[2026-08-02 20:35:12] [CAM] 摄像头捕获器已释放
[2026-08-02 20:35:12] [CAM] 摄像头未检测到，等待重连...
[2026-08-02 20:35:13] [CAM] 摄像头捕获器已释放
[2026-08-02 20:35:13] [CAM] 摄像头未检测到，等待重连...
[2026-08-02 20:35:13] [CAM] 摄像头捕获器已释放
[2026-08-02 20:35:13] [CAM] 摄像头未检测到，等待重连...
[2026-08-02 20:35:14] [CAM] 摄像头捕获器已释放
[2026-08-02 20:35:14] [CAM] 摄像头未检测到，等待重连...
[2026-08-02 20:35:14] [CAM] 摄像头捕获器已释放
[2026-08-02 20:35:14] [CAM] 摄像头未检测到，等待重连...
[2026-08-02 20:35:15] [CAM] 摄像头捕获器已释放
[2026-08-02 20:35:15] [CAM] 摄像头未检测到，等待重连...
[2026-08-02 20:35:15] [CAM] 摄像头捕获器已释放
[2026-08-02 20:35:15] [CAM] 摄像头未检测到，等待重连...
[2026-08-02 20:35:16] [CAM] 摄像头捕获器已释放
[2026-08-02 20:35:16] [CAM] 摄像头未检测到，等待重连...
[2026-08-02 20:35:16] [CAM] 摄像头捕获器已释放
[2026-08-02 20:35:16] [CAM] 摄像头未检测到，等待重连...
[2026-08-02 20:35:17] [CAM] 摄像头捕获器已释放
[2026-08-02 20:35:17] [CAM] 摄像头未检测到，等待重连...
[2026-08-02 20:35:17] [CAM] 摄像头捕获器已释放
[2026-08-02 20:35:17] [CAM] 摄像头未检测到，等待重连...
[2026-08-02 20:35:18] [CAM] 摄像头捕获器已释放
[2026-08-02 20:35:18] [CAM] 摄像头未检测到，等待重连...
[2026-08-02 20:35:18] [CAM] 摄像头捕获器已释放
[2026-08-02 20:35:18] [CAM] 摄像头未检测到，等待重连...
[2026-08-02 20:35:19] [CAM] 摄像头捕获器已释放
[2026-08-02 20:35:19] [CAM] 摄像头未检测到，等待重连...
[2026-08-02 20:35:19] [CAM] 摄像头捕获器已释放
[2026-08-02 20:35:19] [CAM] 摄像头未检测到，等待重连...
[2026-08-02 20:35:20] [CAM] 摄像头捕获器已释放
[2026-08-02 20:35:20] [CAM] 摄像头未检测到，等待重连...
[2026-08-02 20:35:20] [CAM] 摄像头捕获器已释放
[2026-08-02 20:35:20] [CAM] 摄像头未检测到，等待重连...
[2026-08-02 20:35:21] [CAM] 摄像头捕获器已释放
[2026-08-02 20:35:21] [CAM] 摄像头未检测到，等待重连...
[2026-08-02 20:35:21] [CAM] 摄像头捕获器已释放
[2026-08-02 20:35:21] [CAM] 摄像头未检测到，等待重连...
[2026-08-02 20:35:22] [CAM] 摄像头捕获器已释放
[2026-08-02 20:35:22] [CAM] 摄像头未检测到，等待重连...
[2026-08-02 20:35:22] [CAM] 摄像头捕获器已释放
[2026-08-02 20:35:22] [CAM] 摄像头未检测到，等待重连...
[2026-08-02 20:35:23] [CAM] 摄像头捕获器已释放
[2026-08-02 20:35:23] [CAM] 摄像头未检测到，等待重连...
[2026-08-02 20:35:23] [CAM] 摄像头捕获器已释放
[2026-08-02 20:35:23] [CAM] 摄像头未检测到，等待重连...
[2026-08-02 20:35:24] [CAM] 摄像头捕获器已释放
[2026-08-02 20:35:24] [CAM] 摄像头未检测到，等待重连...
[2026-08-02 20:35:24] [CAM] 摄像头捕获器已释放
[2026-08-02 20:35:24] [CAM] 摄像头未检测到，等待重连...
[2026-08-02 20:35:25] [CAM] 摄像头捕获器已释放
[2026-08-02 20:35:25] [CAM] 摄像头未检测到，等待重连...
[2026-08-02 20:35:25] [CAM] 摄像头捕获器已释放
[2026-08-02 20:35:25] [CAM] 摄像头未检测到，等待重连...
[2026-08-02 20:35:26] [CAM] 摄像头捕获器已释放
[2026-08-02 20:35:26] [CAM] 摄像头未检测到，等待重连...
[2026-08-02 20:35:26] [CAM] 摄像头捕获器已释放
[2026-08-02 20:35:26] [CAM] 摄像头未检测到，等待重连...
[2026-08-02 20:35:27] [CAM] 摄像头捕获器已释放
[2026-08-02 20:35:27] [CAM] 摄像头未检测到，等待重连...
[2026-08-02 20:35:27] [CAM] 摄像头捕获器已释放
[2026-08-02 20:35:27] [CAM] 摄像头未检测到，等待重连...
[2026-08-02 20:35:28] [CAM] 摄像头捕获器已释放
[2026-08-02 20:35:28] [CAM] 摄像头未检测到，等待重连...
[2026-08-02 20:35:28] [CAM] 摄像头捕获器已释放
[2026-08-02 20:35:28] [CAM] 摄像头未检测到，等待重连...
[2026-08-02 20:35:29] [CAM] 摄像头捕获器已释放
[2026-08-02 20:35:29] [CAM] 摄像头未检测到，等待重连...
[2026-08-02 20:35:29] [CAM] 摄像头捕获器已释放
[2026-08-02 20:35:29] [CAM] 摄像头未检测到，等待重连...
[2026-08-02 20:35:30] [CAM] 摄像头捕获器已释放
[2026-08-02 20:35:30] [CAM] 摄像头未检测到，等待重连...
[2026-08-02 20:35:30] [CAM] 摄像头捕获器已释放
[2026-08-02 20:35:30] [CAM] 摄像头未检测到，等待重连...
[2026-08-02 20:35:31] [CAM] 摄像头捕获器已释放
[2026-08-02 20:35:31] [CAM] 摄像头未检测到，等待重连...
[2026-08-02 20:35:31] [CAM] 摄像头捕获器已释放
[2026-08-02 20:35:31] [CAM] 摄像头未检测到，等待重连...
[2026-08-02 20:35:32] [CAM] 摄像头捕获器已释放
[2026-08-02 20:35:32] [CAM] 摄像头未检测到，等待重连...
[2026-08-02 20:35:32] [CAM] 摄像头捕获器已释放
[2026-08-02 20:35:32] [CAM] 摄像头未检测到，等待重连...
[2026-08-02 20:35:33] [CAM] 摄像头捕获器已释放
[2026-08-02 20:35:33] [CAM] 摄像头未检测到，等待重连...
[2026-08-02 20:35:33] [CAM] 摄像头捕获器已释放
[2026-08-02 20:35:33] [CAM] 摄像头未检测到，等待重连...
[2026-08-02 20:35:34] [CAM] 摄像头捕获器已释放
[2026-08-02 20:35:34] [CAM] 摄像头未检测到，等待重连...
[2026-08-02 20:35:34] [CAM] 摄像头捕获器已释放
[2026-08-02 20:35:34] [CAM] 摄像头未检测到，等待重连...
[2026-08-02 20:35:35] [CAM] 摄像头捕获器已释放
[2026-08-02 20:35:35] [CAM] 摄像头未检测到，等待重连...
[2026-08-02 20:35:35] [CAM] 摄像头捕获器已释放
[2026-08-02 20:35:35] [CAM] 摄像头未检测到，等待重连...
[2026-08-02 20:35:36] [CAM] 摄像头捕获器已释放
[2026-08-02 20:35:36] [CAM] 摄像头未检测到，等待重连...
[2026-08-02 20:35:36] [CAM] 摄像头捕获器已释放
[2026-08-02 20:35:36] [CAM] 摄像头未检测到，等待重连...
[2026-08-02 20:35:37] [CAM] 摄像头捕获器已释放
[2026-08-02 20:35:37] [CAM] 摄像头未检测到，等待重连...
[2026-08-02 20:35:37] [CAM] 摄像头捕获器已释放
[2026-08-02 20:35:37] [CAM] 摄像头未检测到，等待重连...
[2026-08-02 20:35:38] [CAM] 摄像头捕获器已释放
[2026-08-02 20:35:38] [CAM] 摄像头未检测到，等待重连...
[2026-08-02 20:35:38] [CAM] 摄像头捕获器已释放
[2026-08-02 20:35:38] [CAM] 摄像头未检测到，等待重连...
[2026-08-02 20:35:39] [CAM] 摄像头捕获器已释放
[2026-08-02 20:35:39] [CAM] 摄像头未检测到，等待重连...
[2026-08-02 20:35:39] [CAM] 摄像头捕获器已释放
[2026-08-02 20:35:39] [CAM] 摄像头未检测到，等待重连...
[2026-08-02 20:35:40] [CAM] 摄像头捕获器已释放
[2026-08-02 20:35:40] [CAM] 摄像头未检测到，等待重连...
[2026-08-02 20:35:40] [CAM] 摄像头捕获器已释放
[2026-08-02 20:35:40] [CAM] 摄像头未检测到，等待重连...
[2026-08-02 20:35:41] [CAM] 摄像头捕获器已释放
[2026-08-02 20:35:41] [CAM] 摄像头未检测到，等待重连...
[2026-08-02 20:35:41] [CAM] 摄像头捕获器已释放
[2026-08-02 20:35:41] [CAM] 摄像头未检测到，等待重连...
[2026-08-02 20:35:42] [CAM] 摄像头捕获器已释放
[2026-08-02 20:35:42] [CAM] 摄像头未检测到，等待重连...
[2026-08-02 20:35:42] [CAM] 摄像头捕获器已释放
[2026-08-02 20:35:42] [CAM] 摄像头未检测到，等待重连...
[2026-08-02 20:35:43] [CAM] 摄像头捕获器已释放
[2026-08-02 20:35:43] [CAM] 摄像头未检测到，等待重连...
[2026-08-02 20:35:43] [CAM] 摄像头捕获器已释放
[2026-08-02 20:35:43] [CAM] 摄像头未检测到，等待重连...
[2026-08-02 20:35:44] [CAM] 摄像头捕获器已释放
[2026-08-02 20:35:44] [CAM] 摄像头未检测到，等待重连...
[2026-08-02 20:35:44] [CAM] 摄像头捕获器已释放
[2026-08-02 20:35:44] [CAM] 摄像头未检测到，等待重连...
[2026-08-02 20:35:45] [CAM] 摄像头捕获器已释放
[2026-08-02 20:35:45] [CAM] 摄像头未检测到，等待重连...
[2026-08-02 20:35:45] [CAM] 摄像头捕获器已释放
[2026-08-02 20:35:45] [CAM] 摄像头未检测到，等待重连...
[2026-08-02 20:35:46] [CAM] 摄像头捕获器已释放
[2026-08-02 20:35:46] [CAM] 摄像头未检测到，等待重连...
[2026-08-02 20:35:46] [CAM] 摄像头捕获器已释放
[2026-08-02 20:35:46] [CAM] 摄像头未检测到，等待重连...
[2026-08-02 20:35:47] [CAM] 摄像头捕获器已释放
[2026-08-02 20:35:47] [CAM] 摄像头未检测到，等待重连...
[2026-08-02 20:35:47] [CAM] 摄像头捕获器已释放
[2026-08-02 20:35:47] [CAM] 摄像头未检测到，等待重连...
[2026-08-02 20:35:48] [CAM] 摄像头捕获器已释放
[2026-08-02 20:35:48] [CAM] 摄像头未检测到，等待重连...
[2026-08-02 20:35:48] [CAM] 摄像头捕获器已释放
[2026-08-02 20:35:48] [CAM] 摄像头未检测到，等待重连...
[2026-08-02 20:35:49] [CAM] 摄像头捕获器已释放
[2026-08-02 20:35:49] [CAM] 摄像头未检测到，等待重连...
[2026-08-02 20:35:50] [CAM] 摄像头捕获器已释放
[2026-08-02 20:35:50] [CAM] 摄像头未检测到，等待重连...
[2026-08-02 20:35:50] [CAM] 摄像头捕获器已释放
[2026-08-02 20:35:50] [CAM] 摄像头未检测到，等待重连...
[2026-08-02 20:35:51] [CAM] 摄像头捕获器已释放
[2026-08-02 20:35:51] [CAM] 摄像头未检测到，等待重连...
[2026-08-02 20:35:51] [CAM] 摄像头捕获器已释放
[2026-08-02 20:35:51] [CAM] 摄像头未检测到，等待重连...
[2026-08-02 20:35:52] [CAM] 摄像头捕获器已释放
[2026-08-02 20:35:52] [CAM] 摄像头未检测到，等待重连...
[2026-08-02 20:35:52] [CAM] 摄像头捕获器已释放
[2026-08-02 20:35:52] [CAM] 摄像头未检测到，等待重连...
[2026-08-02 20:35:53] [CAM] 摄像头捕获器已释放
[2026-08-02 20:35:53] [CAM] 摄像头未检测到，等待重连...
[2026-08-02 20:35:53] [CAM] 摄像头捕获器已释放
[2026-08-02 20:35:53] [CAM] 摄像头未检测到，等待重连...
[2026-08-02 20:35:54] [CAM] 摄像头捕获器已释放
[2026-08-02 20:35:54] [CAM] 摄像头未检测到，等待重连...
[2026-08-02 20:35:54] [CAM] 摄像头捕获器已释放
[2026-08-02 20:35:54] [CAM] 摄像头未检测到，等待重连...
[2026-08-02 20:35:55] [CAM] 摄像头捕获器已释放
[2026-08-02 20:35:55] [CAM] 摄像头未检测到，等待重连...
[2026-08-02 20:35:55] [CAM] 摄像头捕获器已释放
[2026-08-02 20:35:55] [CAM] 摄像头未检测到，等待重连...
[2026-08-02 20:35:56] [CAM] 摄像头捕获器已释放
[2026-08-02 20:35:56] [CAM] 摄像头未检测到，等待重连...
[2026-08-02 20:35:56] [CAM] 摄像头捕获器已释放
[2026-08-02 20:35:56] [CAM] 摄像头未检测到，等待重连...
[2026-08-02 20:35:57] [CAM] 摄像头捕获器已释放
[2026-08-02 20:35:57] [CAM] 摄像头未检测到，等待重连...
[2026-08-02 20:35:57] [CAM] 摄像头捕获器已释放
[2026-08-02 20:35:57] [CAM] 摄像头未检测到，等待重连...
[2026-08-02 20:35:58] [CAM] 摄像头捕获器已释放
[2026-08-02 20:35:58] [CAM] 摄像头未检测到，等待重连...
[2026-08-02 20:35:58] [CAM] 摄像头捕获器已释放
[2026-08-02 20:35:58] [CAM] 摄像头未检测到，等待重连...
[2026-08-02 20:35:59] [CAM] 摄像头捕获器已释放
[2026-08-02 20:35:59] [CAM] 摄像头未检测到，等待重连...
[2026-08-02 20:35:59] [CAM] 摄像头捕获器已释放
[2026-08-02 20:35:59] [CAM] 摄像头未检测到，等待重连...
[2026-08-02 20:36:00] [CAM] 摄像头捕获器已释放
[2026-08-02 20:36:00] [CAM] 摄像头未检测到，等待重连...
[2026-08-02 20:36:00] [CAM] 摄像头捕获器已释放
[2026-08-02 20:36:00] [CAM] 摄像头未检测到，等待重连...
[2026-08-02 20:36:01] [CAM] 摄像头捕获器已释放
[2026-08-02 20:36:01] [CAM] 摄像头未检测到，等待重连...
[2026-08-02 20:36:01] [CAM] 摄像头捕获器已释放
[2026-08-02 20:36:01] [CAM] 摄像头未检测到，等待重连...
[2026-08-02 20:36:02] [CAM] 摄像头捕获器已释放
[2026-08-02 20:36:02] [CAM] 摄像头未检测到，等待重连...
[2026-08-02 20:36:02] [CAM] 摄像头捕获器已释放
[2026-08-02 20:36:02] [CAM] 摄像头未检测到，等待重连...
[2026-08-02 20:36:03] [CAM] 摄像头捕获器已释放
[2026-08-02 20:36:03] [CAM] 摄像头未检测到，等待重连...
[2026-08-02 20:36:03] [CAM] 摄像头捕获器已释放
[2026-08-02 20:36:03] [CAM] 摄像头未检测到，等待重连...
[2026-08-02 20:36:04] [CAM] 摄像头捕获器已释放
[2026-08-02 20:36:04] [CAM] 摄像头未检测到，等待重连...
[2026-08-02 20:36:04] [CAM] 摄像头捕获器已释放
[2026-08-02 20:36:04] [CAM] 摄像头未检测到，等待重连...
[2026-08-02 20:36:05] [CAM] 摄像头捕获器已释放
[2026-08-02 20:36:05] [CAM] 摄像头未检测到，等待重连...
[2026-08-02 20:36:05] [CAM] 摄像头捕获器已释放
[2026-08-02 20:36:05] [CAM] 摄像头未检测到，等待重连...
[2026-08-02 20:36:06] [CAM] 摄像头捕获器已释放
[2026-08-02 20:36:06] [CAM] 摄像头未检测到，等待重连...
[2026-08-02 20:36:06] [CAM] 摄像头捕获器已释放
[2026-08-02 20:36:06] [CAM] 摄像头未检测到，等待重连...
[2026-08-02 20:36:07] [CAM] 摄像头捕获器已释放
[2026-08-02 20:36:07] [CAM] 摄像头未检测到，等待重连...
[2026-08-02 20:36:07] [CAM] 摄像头捕获器已释放
[2026-08-02 20:36:07] [CAM] 摄像头未检测到，等待重连...
[2026-08-02 20:36:08] [CAM] 摄像头捕获器已释放
[2026-08-02 20:36:08] [CAM] 摄像头未检测到，等待重连...
[2026-08-02 20:36:08] [CAM] 摄像头捕获器已释放
[2026-08-02 20:36:08] [CAM] 摄像头未检测到，等待重连...
[2026-08-02 20:36:09] [CAM] 摄像头捕获器已释放
[2026-08-02 20:36:09] [CAM] 摄像头未检测到，等待重连...
[2026-08-02 20:36:09] [CAM] 摄像头捕获器已释放
[2026-08-02 20:36:09] [CAM] 摄像头未检测到，等待重连...
[2026-08-02 20:36:10] [CAM] 摄像头捕获器已释放
[2026-08-02 20:36:10] [CAM] 摄像头未检测到，等待重连...
[2026-08-02 20:36:10] [CAM] 摄像头捕获器已释放
[2026-08-02 20:36:10] [CAM] 摄像头未检测到，等待重连...
[2026-08-02 20:36:11] [CAM] 摄像头捕获器已释放
[2026-08-02 20:36:11] [CAM] 摄像头未检测到，等待重连...
[2026-08-02 20:36:11] [CAM] 摄像头捕获器已释放
[2026-08-02 20:36:11] [CAM] 摄像头未检测到，等待重连...
[2026-08-02 20:36:12] [CAM] 摄像头捕获器已释放
[2026-08-02 20:36:12] [CAM] 摄像头未检测到，等待重连...
[2026-08-02 20:36:12] [CAM] 摄像头捕获器已释放
[2026-08-02 20:36:12] [CAM] 摄像头未检测到，等待重连...
[2026-08-02 20:36:13] [CAM] 摄像头捕获器已释放
[2026-08-02 20:36:13] [CAM] 摄像头未检测到，等待重连...
[2026-08-02 20:36:13] [CAM] 摄像头捕获器已释放
[2026-08-02 20:36:13] [CAM] 摄像头未检测到，等待重连...
[2026-08-02 20:36:14] [CAM] 摄像头捕获器已释放
[2026-08-02 20:36:14] [CAM] 摄像头未检测到，等待重连...
[2026-08-02 20:36:14] [CAM] 摄像头捕获器已释放
[2026-08-02 20:36:14] [CAM] 摄像头未检测到，等待重连...
[2026-08-02 20:36:15] [CAM] 摄像头捕获器已释放
[2026-08-02 20:36:15] [CAM] 摄像头未检测到，等待重连...
[2026-08-02 20:36:15] [CAM] 摄像头捕获器已释放
[2026-08-02 20:36:15] [CAM] 摄像头未检测到，等待重连...
[2026-08-02 20:36:16] [CAM] 摄像头捕获器已释放
[2026-08-02 20:36:16] [CAM] 摄像头未检测到，等待重连...
[2026-08-02 20:36:16] [CAM] 摄像头捕获器已释放
[2026-08-02 20:36:16] [CAM] 摄像头未检测到，等待重连...
[2026-08-02 20:36:17] [CAM] 摄像头捕获器已释放
[2026-08-02 20:36:17] [CAM] 摄像头未检测到，等待重连...
[2026-08-02 20:36:17] [CAM] 摄像头捕获器已释放
[2026-08-02 20:36:17] [CAM] 摄像头未检测到，等待重连...
[2026-08-02 20:36:18] [CAM] 摄像头捕获器已释放
[2026-08-02 20:36:18] [CAM] 摄像头未检测到，等待重连...
[2026-08-02 20:36:18] [CAM] 摄像头捕获器已释放
[2026-08-02 20:36:18] [CAM] 摄像头未检测到，等待重连...
[2026-08-02 20:36:19] [CAM] 摄像头捕获器已释放
[2026-08-02 20:36:19] [CAM] 摄像头未检测到，等待重连...
[2026-08-02 20:36:19] [CAM] 摄像头捕获器已释放
[2026-08-02 20:36:19] [CAM] 摄像头未检测到，等待重连...
[2026-08-02 20:36:20] [CAM] 摄像头捕获器已释放
[2026-08-02 20:36:20] [CAM] 摄像头未检测到，等待重连...
[2026-08-02 20:36:20] [CAM] 摄像头捕获器已释放
[2026-08-02 20:36:20] [CAM] 摄像头未检测到，等待重连...
[2026-08-02 20:36:21] [CAM] 摄像头捕获器已释放
[2026-08-02 20:36:21] [CAM] 摄像头未检测到，等待重连...
[2026-08-02 20:36:21] [CAM] 摄像头捕获器已释放
[2026-08-02 20:36:21] [CAM] 摄像头未检测到，等待重连...
[2026-08-02 20:36:22] [CAM] 摄像头捕获器已释放
[2026-08-02 20:36:22] [CAM] 摄像头未检测到，等待重连...
[2026-08-02 20:36:22] [CAM] 摄像头捕获器已释放
[2026-08-02 20:36:22] [CAM] 摄像头未检测到，等待重连...
[2026-08-02 20:36:23] [CAM] 摄像头捕获器已释放
[2026-08-02 20:36:23] [CAM] 摄像头未检测到，等待重连...
[2026-08-02 20:36:23] [CAM] 摄像头捕获器已释放
[2026-08-02 20:36:23] [CAM] 摄像头未检测到，等待重连...
[2026-08-02 20:36:24] [CAM] 摄像头捕获器已释放
[2026-08-02 20:36:24] [CAM] 摄像头未检测到，等待重连...
[2026-08-02 20:36:24] [CAM] 摄像头捕获器已释放
[2026-08-02 20:36:24] [CAM] 摄像头未检测到，等待重连...
[2026-08-02 20:36:25] [CAM] 摄像头捕获器已释放
[2026-08-02 20:36:25] [CAM] 摄像头未检测到，等待重连...
[2026-08-02 20:36:25] [CAM] 摄像头捕获器已释放
[2026-08-02 20:36:25] [CAM] 摄像头未检测到，等待重连...
[2026-08-02 20:36:26] [CAM] 摄像头捕获器已释放
[2026-08-02 20:36:26] [CAM] 摄像头未检测到，等待重连...
[2026-08-02 20:36:26] [CAM] 摄像头捕获器已释放
[2026-08-02 20:36:26] [CAM] 摄像头未检测到，等待重连...
[2026-08-02 20:36:27] [CAM] 摄像头捕获器已释放
[2026-08-02 20:36:27] [CAM] 摄像头未检测到，等待重连...
[2026-08-02 20:36:27] [CAM] 摄像头捕获器已释放
[2026-08-02 20:36:27] [CAM] 摄像头未检测到，等待重连...
[2026-08-02 20:36:28] [CAM] 摄像头捕获器已释放
[2026-08-02 20:36:28] [CAM] 摄像头未检测到，等待重连...
[2026-08-02 20:36:28] [CAM] 摄像头捕获器已释放
[2026-08-02 20:36:28] [CAM] 摄像头未检测到，等待重连...
[2026-08-02 20:36:29] [CAM] 摄像头捕获器已释放
[2026-08-02 20:36:29] [CAM] 摄像头未检测到，等待重连...
[2026-08-02 20:36:29] [CAM] 摄像头捕获器已释放
[2026-08-02 20:36:29] [CAM] 摄像头未检测到，等待重连...
[2026-08-02 20:36:30] [CAM] 摄像头捕获器已释放
[2026-08-02 20:36:30] [CAM] 摄像头未检测到，等待重连...
[2026-08-02 20:36:30] [CAM] 摄像头捕获器已释放
[2026-08-02 20:36:30] [CAM] 摄像头未检测到，等待重连...
[2026-08-02 20:36:31] [CAM] 摄像头捕获器已释放
[2026-08-02 20:36:31] [CAM] 摄像头未检测到，等待重连...
[2026-08-02 20:36:31] [CAM] 摄像头捕获器已释放
[2026-08-02 20:36:31] [CAM] 摄像头未检测到，等待重连...
[2026-08-02 20:36:32] [CAM] 摄像头捕获器已释放
[2026-08-02 20:36:32] [CAM] 摄像头未检测到，等待重连...
[2026-08-02 20:36:32] [CAM] 摄像头捕获器已释放
[2026-08-02 20:36:32] [CAM] 摄像头未检测到，等待重连...
[2026-08-02 20:36:33] [CAM] 摄像头捕获器已释放
[2026-08-02 20:36:33] [CAM] 摄像头未检测到，等待重连...
[2026-08-02 20:36:33] [CAM] 摄像头捕获器已释放
[2026-08-02 20:36:33] [CAM] 摄像头未检测到，等待重连...
[2026-08-02 20:36:34] [CAM] 摄像头捕获器已释放
[2026-08-02 20:36:34] [CAM] 摄像头未检测到，等待重连...
[2026-08-02 20:36:34] [CAM] 摄像头捕获器已释放
[2026-08-02 20:36:34] [CAM] 摄像头未检测到，等待重连...
[2026-08-02 20:36:35] [CAM] 摄像头捕获器已释放
[2026-08-02 20:36:35] [CAM] 摄像头未检测到，等待重连...
[2026-08-02 20:36:35] [CAM] 摄像头捕获器已释放
[2026-08-02 20:36:35] [CAM] 摄像头未检测到，等待重连...
[2026-08-02 20:36:36] [CAM] 摄像头捕获器已释放
[2026-08-02 20:36:36] [CAM] 摄像头未检测到，等待重连...
[2026-08-02 20:36:36] [CAM] 摄像头捕获器已释放
[2026-08-02 20:36:36] [CAM] 摄像头未检测到，等待重连...
[2026-08-02 20:36:37] [CAM] 摄像头捕获器已释放
[2026-08-02 20:36:37] [CAM] 摄像头未检测到，等待重连...
[2026-08-02 20:36:37] [CAM] 摄像头捕获器已释放
[2026-08-02 20:36:37] [CAM] 摄像头未检测到，等待重连...
[2026-08-02 20:36:38] [CAM] 摄像头捕获器已释放
[2026-08-02 20:36:38] [CAM] 摄像头未检测到，等待重连...
[2026-08-02 20:36:38] [CAM] 摄像头捕获器已释放
[2026-08-02 20:36:38] [CAM] 摄像头未检测到，等待重连...
[2026-08-02 20:36:39] [CAM] 摄像头捕获器已释放
[2026-08-02 20:36:39] [CAM] 摄像头未检测到，等待重连...
[2026-08-02 20:36:39] [CAM] 摄像头捕获器已释放
[2026-08-02 20:36:39] [CAM] 摄像头未检测到，等待重连...
[2026-08-02 20:36:40] [CAM] 摄像头捕获器已释放
[2026-08-02 20:36:40] [CAM] 摄像头未检测到，等待重连...
[2026-08-02 20:36:40] [CAM] 摄像头捕获器已释放
[2026-08-02 20:36:40] [CAM] 摄像头未检测到，等待重连...
[2026-08-02 20:36:41] [CAM] 摄像头捕获器已释放
[2026-08-02 20:36:41] [CAM] 摄像头未检测到，等待重连...
[2026-08-02 20:36:41] [CAM] 摄像头捕获器已释放
[2026-08-02 20:36:41] [CAM] 摄像头未检测到，等待重连...
[2026-08-02 20:36:42] [CAM] 摄像头捕获器已释放
[2026-08-02 20:36:42] [CAM] 摄像头未检测到，等待重连...
[2026-08-02 20:36:42] [CAM] 摄像头捕获器已释放
[2026-08-02 20:36:42] [CAM] 摄像头未检测到，等待重连...
[2026-08-02 20:36:43] [CAM] 摄像头捕获器已释放
[2026-08-02 20:36:43] [CAM] 摄像头未检测到，等待重连...
[2026-08-02 20:36:43] [CAM] 摄像头捕获器已释放
[2026-08-02 20:36:43] [CAM] 摄像头未检测到，等待重连...
[2026-08-02 20:36:44] [CAM] 摄像头捕获器已释放
[2026-08-02 20:36:44] [CAM] 摄像头未检测到，等待重连...
[2026-08-02 20:36:44] [CAM] 摄像头捕获器已释放
[2026-08-02 20:36:44] [CAM] 摄像头未检测到，等待重连...
[2026-08-02 20:36:45] [CAM] 摄像头捕获器已释放
[2026-08-02 20:36:45] [CAM] 摄像头未检测到，等待重连...
[2026-08-02 20:36:45] [CAM] 摄像头捕获器已释放
[2026-08-02 20:36:45] [CAM] 摄像头未检测到，等待重连...
[2026-08-02 20:36:46] [CAM] 摄像头捕获器已释放
[2026-08-02 20:36:46] [CAM] 摄像头未检测到，等待重连...
[2026-08-02 20:36:46] [CAM] 摄像头捕获器已释放
[2026-08-02 20:36:46] [CAM] 摄像头未检测到，等待重连...
[2026-08-02 20:36:47] [CAM] 摄像头捕获器已释放
[2026-08-02 20:36:47] [CAM] 摄像头未检测到，等待重连...
[2026-08-02 20:36:47] [CAM] 摄像头捕获器已释放
[2026-08-02 20:36:47] [CAM] 摄像头未检测到，等待重连...
[2026-08-02 20:36:48] [CAM] 摄像头捕获器已释放
[2026-08-02 20:36:48] [CAM] 摄像头未检测到，等待重连...
[2026-08-02 20:36:48] [CAM] 摄像头捕获器已释放
[2026-08-02 20:36:48] [CAM] 摄像头未检测到，等待重连...
[2026-08-02 20:36:49] [CAM] 摄像头捕获器已释放
[2026-08-02 20:36:49] [CAM] 摄像头未检测到，等待重连...
[2026-08-02 20:36:49] [CAM] 摄像头捕获器已释放
[2026-08-02 20:36:49] [CAM] 摄像头未检测到，等待重连...
[2026-08-02 20:36:50] [CAM] 摄像头捕获器已释放
[2026-08-02 20:36:50] [CAM] 摄像头未检测到，等待重连...
[2026-08-02 20:36:50] [CAM] 摄像头捕获器已释放
[2026-08-02 20:36:50] [CAM] 摄像头未检测到，等待重连...
[2026-08-02 20:36:51] [CAM] 摄像头捕获器已释放
[2026-08-02 20:36:51] [CAM] 摄像头未检测到，等待重连...
[2026-08-02 20:36:51] [CAM] 摄像头捕获器已释放
[2026-08-02 20:36:51] [CAM] 摄像头未检测到，等待重连...
[2026-08-02 20:36:52] [CAM] 摄像头捕获器已释放
[2026-08-02 20:36:52] [CAM] 摄像头未检测到，等待重连...
[2026-08-02 20:36:52] [CAM] 摄像头捕获器已释放
[2026-08-02 20:36:52] [CAM] 摄像头未检测到，等待重连...
[2026-08-02 20:36:53] [CAM] 摄像头捕获器已释放
[2026-08-02 20:36:53] [CAM] 摄像头未检测到，等待重连...
[2026-08-02 20:36:53] [CAM] 摄像头捕获器已释放
[2026-08-02 20:36:53] [CAM] 摄像头未检测到，等待重连...
[2026-08-02 20:36:54] [CAM] 摄像头捕获器已释放
[2026-08-02 20:36:54] [CAM] 摄像头未检测到，等待重连...
[2026-08-02 20:36:54] [CAM] 摄像头捕获器已释放
[2026-08-02 20:36:54] [CAM] 摄像头未检测到，等待重连...
[2026-08-02 20:36:55] [CAM] 摄像头捕获器已释放
[2026-08-02 20:36:55] [CAM] 摄像头未检测到，等待重连...
[2026-08-02 20:36:55] [CAM] 摄像头捕获器已释放
[2026-08-02 20:36:55] [CAM] 摄像头未检测到，等待重连...
[2026-08-02 20:36:56] [CAM] 摄像头捕获器已释放
[2026-08-02 20:36:56] [CAM] 摄像头未检测到，等待重连...
[2026-08-02 20:36:56] [CAM] 摄像头捕获器已释放
[2026-08-02 20:36:56] [CAM] 摄像头未检测到，等待重连...
[2026-08-02 20:36:57] [CAM] 摄像头捕获器已释放
[2026-08-02 20:36:57] [CAM] 摄像头未检测到，等待重连...
[2026-08-02 20:36:57] [CAM] 摄像头捕获器已释放
[2026-08-02 20:36:57] [CAM] 摄像头未检测到，等待重连...
[2026-08-02 20:36:58] [CAM] 摄像头捕获器已释放
[2026-08-02 20:36:58] [CAM] 摄像头未检测到，等待重连...
[2026-08-02 20:36:58] [CAM] 摄像头捕获器已释放
[2026-08-02 20:36:58] [CAM] 摄像头未检测到，等待重连...
[2026-08-02 20:36:59] [CAM] 摄像头捕获器已释放
[2026-08-02 20:36:59] [CAM] 摄像头未检测到，等待重连...
[2026-08-02 20:36:59] [CAM] 摄像头捕获器已释放
[2026-08-02 20:36:59] [CAM] 摄像头未检测到，等待重连...
[2026-08-02 20:37:00] [CAM] 摄像头捕获器已释放
[2026-08-02 20:37:00] [CAM] 摄像头未检测到，等待重连...
[2026-08-02 20:37:00] [CAM] 摄像头捕获器已释放
[2026-08-02 20:37:00] [CAM] 摄像头未检测到，等待重连...
[2026-08-02 20:37:01] [CAM] 摄像头捕获器已释放
[2026-08-02 20:37:01] [CAM] 摄像头未检测到，等待重连...
[2026-08-02 20:37:01] [CAM] 摄像头捕获器已释放
[2026-08-02 20:37:01] [CAM] 摄像头未检测到，等待重连...
[2026-08-02 20:37:02] [CAM] 摄像头捕获器已释放
[2026-08-02 20:37:02] [CAM] 摄像头未检测到，等待重连...
[2026-08-02 20:37:02] [CAM] 摄像头捕获器已释放
[2026-08-02 20:37:02] [CAM] 摄像头未检测到，等待重连...
[2026-08-02 20:37:03] [CAM] 摄像头捕获器已释放
[2026-08-02 20:37:03] [CAM] 摄像头未检测到，等待重连...
[2026-08-02 20:37:03] [CAM] 摄像头捕获器已释放
[2026-08-02 20:37:03] [CAM] 摄像头未检测到，等待重连...
[2026-08-02 20:37:04] [CAM] 摄像头捕获器已释放
[2026-08-02 20:37:04] [CAM] 摄像头未检测到，等待重连...
[2026-08-02 20:37:04] [CAM] 摄像头捕获器已释放
[2026-08-02 20:37:04] [CAM] 摄像头未检测到，等待重连...
[2026-08-02 20:37:05] [CAM] 摄像头捕获器已释放
[2026-08-02 20:37:05] [CAM] 摄像头未检测到，等待重连...
[2026-08-02 20:37:05] [CAM] 摄像头捕获器已释放
[2026-08-02 20:37:05] [CAM] 摄像头未检测到，等待重连...
[2026-08-02 20:37:06] [CAM] 摄像头捕获器已释放
[2026-08-02 20:37:06] [CAM] 摄像头未检测到，等待重连...
[2026-08-02 20:37:06] [CAM] 摄像头捕获器已释放
[2026-08-02 20:37:06] [CAM] 摄像头未检测到，等待重连...
[2026-08-02 20:37:07] [CAM] 摄像头捕获器已释放
[2026-08-02 20:37:07] [CAM] 摄像头未检测到，等待重连...
[2026-08-02 20:37:07] [CAM] 摄像头捕获器已释放
[2026-08-02 20:37:07] [CAM] 摄像头未检测到，等待重连...
[2026-08-02 20:37:08] [CAM] 摄像头捕获器已释放
[2026-08-02 20:37:08] [CAM] 摄像头未检测到，等待重连...
[2026-08-02 20:37:08] [CAM] 摄像头捕获器已释放
[2026-08-02 20:37:08] [CAM] 摄像头未检测到，等待重连...
[2026-08-02 20:37:09] [CAM] 摄像头捕获器已释放
[2026-08-02 20:37:09] [CAM] 摄像头未检测到，等待重连...
[2026-08-02 20:37:09] [CAM] 摄像头捕获器已释放
[2026-08-02 20:37:09] [CAM] 摄像头未检测到，等待重连...
[2026-08-02 20:37:10] [CAM] 摄像头捕获器已释放
[2026-08-02 20:37:10] [CAM] 摄像头未检测到，等待重连...
[2026-08-02 20:37:10] [CAM] 摄像头捕获器已释放
[2026-08-02 20:37:10] [CAM] 摄像头未检测到，等待重连...
[2026-08-02 20:37:11] [CAM] 摄像头捕获器已释放
[2026-08-02 20:37:11] [CAM] 摄像头未检测到，等待重连...
[2026-08-02 20:37:11] [CAM] 摄像头捕获器已释放
[2026-08-02 20:37:11] [CAM] 摄像头未检测到，等待重连...
[2026-08-02 20:37:12] [CAM] 摄像头捕获器已释放
[2026-08-02 20:37:12] [CAM] 摄像头未检测到，等待重连...
[2026-08-02 20:37:12] [CAM] 摄像头捕获器已释放
[2026-08-02 20:37:12] [CAM] 摄像头未检测到，等待重连...
[2026-08-02 20:37:13] [CAM] 摄像头捕获器已释放
[2026-08-02 20:37:13] [CAM] 摄像头未检测到，等待重连...
[2026-08-02 20:37:13] [CAM] 摄像头捕获器已释放
[2026-08-02 20:37:13] [CAM] 摄像头未检测到，等待重连...
[2026-08-02 20:37:14] [CAM] 摄像头捕获器已释放
[2026-08-02 20:37:14] [CAM] 摄像头未检测到，等待重连...
[2026-08-02 20:37:14] [CAM] 摄像头捕获器已释放
[2026-08-02 20:37:14] [CAM] 摄像头未检测到，等待重连...
[2026-08-02 20:37:15] [CAM] 摄像头捕获器已释放
[2026-08-02 20:37:15] [CAM] 摄像头未检测到，等待重连...
[2026-08-02 20:37:15] [CAM] 摄像头捕获器已释放
[2026-08-02 20:37:15] [CAM] 摄像头未检测到，等待重连...
[2026-08-02 20:37:16] [CAM] 摄像头捕获器已释放
[2026-08-02 20:37:16] [CAM] 摄像头未检测到，等待重连...
[2026-08-02 20:37:16] [CAM] 摄像头捕获器已释放
[2026-08-02 20:37:16] [CAM] 摄像头未检测到，等待重连...
[2026-08-02 20:37:17] [CAM] 摄像头捕获器已释放
[2026-08-02 20:37:17] [CAM] 摄像头未检测到，等待重连...
[2026-08-02 20:37:17] [CAM] 摄像头捕获器已释放
[2026-08-02 20:37:17] [CAM] 摄像头未检测到，等待重连...
[2026-08-02 20:37:18] [CAM] 摄像头捕获器已释放
[2026-08-02 20:37:18] [CAM] 摄像头未检测到，等待重连...
[2026-08-02 20:37:18] [CAM] 摄像头捕获器已释放
[2026-08-02 20:37:18] [CAM] 摄像头未检测到，等待重连...
[2026-08-02 20:37:19] [CAM] 摄像头捕获器已释放
[2026-08-02 20:37:19] [CAM] 摄像头未检测到，等待重连...
[2026-08-02 20:37:19] [CAM] 摄像头捕获器已释放
[2026-08-02 20:37:19] [CAM] 摄像头未检测到，等待重连...
[2026-08-02 20:37:20] [CAM] 摄像头捕获器已释放
[2026-08-02 20:37:20] [CAM] 摄像头未检测到，等待重连...
[2026-08-02 20:37:20] [CAM] 摄像头捕获器已释放
[2026-08-02 20:37:20] [CAM] 摄像头未检测到，等待重连...
[2026-08-02 20:37:21] [CAM] 摄像头捕获器已释放
[2026-08-02 20:37:21] [CAM] 摄像头未检测到，等待重连...
[2026-08-02 20:37:21] [CAM] 摄像头捕获器已释放
[2026-08-02 20:37:21] [CAM] 摄像头未检测到，等待重连...
[2026-08-02 20:37:22] [CAM] 摄像头捕获器已释放
[2026-08-02 20:37:22] [CAM] 摄像头未检测到，等待重连...
[2026-08-02 20:37:22] [CAM] 摄像头捕获器已释放
[2026-08-02 20:37:22] [CAM] 摄像头未检测到，等待重连...
[2026-08-02 20:37:23] [CAM] 摄像头捕获器已释放
[2026-08-02 20:37:23] [CAM] 摄像头未检测到，等待重连...
[2026-08-02 20:37:23] [CAM] 摄像头捕获器已释放
[2026-08-02 20:37:23] [CAM] 摄像头未检测到，等待重连...
[2026-08-02 20:37:24] [CAM] 摄像头捕获器已释放
[2026-08-02 20:37:24] [CAM] 摄像头未检测到，等待重连...
[2026-08-02 20:37:24] [CAM] 摄像头捕获器已释放
[2026-08-02 20:37:24] [CAM] 摄像头未检测到，等待重连...
[2026-08-02 20:37:25] [CAM] 摄像头捕获器已释放
[2026-08-02 20:37:25] [CAM] 摄像头未检测到，等待重连...
[2026-08-02 20:37:25] [CAM] 摄像头捕获器已释放
[2026-08-02 20:37:25] [CAM] 摄像头未检测到，等待重连...
[2026-08-02 20:37:26] [CAM] 摄像头捕获器已释放
[2026-08-02 20:37:26] [CAM] 摄像头未检测到，等待重连...
[2026-08-02 20:37:26] [CAM] 摄像头捕获器已释放
[2026-08-02 20:37:26] [CAM] 摄像头未检测到，等待重连...
[2026-08-02 20:37:27] [CAM] 摄像头捕获器已释放
[2026-08-02 20:37:27] [CAM] 摄像头未检测到，等待重连...
[2026-08-02 20:37:27] [CAM] 摄像头捕获器已释放
[2026-08-02 20:37:27] [CAM] 摄像头未检测到，等待重连...
[2026-08-02 20:37:28] [CAM] 摄像头捕获器已释放
[2026-08-02 20:37:28] [CAM] 摄像头未检测到，等待重连...
[2026-08-02 20:37:28] [CAM] 摄像头捕获器已释放
[2026-08-02 20:37:28] [CAM] 摄像头未检测到，等待重连...
[2026-08-02 20:37:29] [CAM] 摄像头捕获器已释放
[2026-08-02 20:37:29] [CAM] 摄像头未检测到，等待重连...
[2026-08-02 20:37:29] [CAM] 摄像头捕获器已释放
[2026-08-02 20:37:29] [CAM] 摄像头未检测到，等待重连...
[2026-08-02 20:37:30] [CAM] 摄像头捕获器已释放
[2026-08-02 20:37:30] [CAM] 摄像头未检测到，等待重连...
[2026-08-02 20:37:30] [CAM] 摄像头捕获器已释放
[2026-08-02 20:37:30] [CAM] 摄像头未检测到，等待重连...
[2026-08-02 20:37:31] [CAM] 摄像头捕获器已释放
[2026-08-02 20:37:31] [CAM] 摄像头未检测到，等待重连...
[2026-08-02 20:37:31] [CAM] 摄像头捕获器已释放
[2026-08-02 20:37:31] [CAM] 摄像头未检测到，等待重连...
[2026-08-02 20:37:32] [CAM] 摄像头捕获器已释放
[2026-08-02 20:37:32] [CAM] 摄像头未检测到，等待重连...
[2026-08-02 20:37:32] [CAM] 摄像头捕获器已释放
[2026-08-02 20:37:32] [CAM] 摄像头未检测到，等待重连...
[2026-08-02 20:37:33] [CAM] 摄像头捕获器已释放
[2026-08-02 20:37:33] [CAM] 摄像头未检测到，等待重连...
[2026-08-02 20:37:33] [CAM] 摄像头捕获器已释放
[2026-08-02 20:37:33] [CAM] 摄像头未检测到，等待重连...
[2026-08-02 20:37:34] [CAM] 摄像头捕获器已释放
[2026-08-02 20:37:34] [CAM] 摄像头未检测到，等待重连...
[2026-08-02 20:37:34] [CAM] 摄像头捕获器已释放
[2026-08-02 20:37:34] [CAM] 摄像头未检测到，等待重连...
[2026-08-02 20:37:35] [CAM] 摄像头捕获器已释放
[2026-08-02 20:37:35] [CAM] 摄像头未检测到，等待重连...
[2026-08-02 20:37:35] [CAM] 摄像头捕获器已释放
[2026-08-02 20:37:35] [CAM] 摄像头未检测到，等待重连...
[2026-08-02 20:37:36] [CAM] 摄像头捕获器已释放
[2026-08-02 20:37:36] [CAM] 摄像头未检测到，等待重连...
[2026-08-02 20:37:36] [CAM] 摄像头捕获器已释放
[2026-08-02 20:37:36] [CAM] 摄像头未检测到，等待重连...
[2026-08-02 20:37:37] [CAM] 摄像头捕获器已释放
[2026-08-02 20:37:37] [CAM] 摄像头未检测到，等待重连...
[2026-08-02 20:37:37] [CAM] 摄像头捕获器已释放
[2026-08-02 20:37:37] [CAM] 摄像头未检测到，等待重连...
[2026-08-02 20:37:38] [CAM] 摄像头捕获器已释放
[2026-08-02 20:37:38] [CAM] 摄像头未检测到，等待重连...
[2026-08-02 20:37:38] [CAM] 摄像头捕获器已释放
[2026-08-02 20:37:38] [CAM] 摄像头未检测到，等待重连...
[2026-08-02 20:37:39] [CAM] 摄像头捕获器已释放
[2026-08-02 20:37:39] [CAM] 摄像头未检测到，等待重连...
[2026-08-02 20:37:39] [CAM] 摄像头捕获器已释放
[2026-08-02 20:37:39] [CAM] 摄像头未检测到，等待重连...
[2026-08-02 20:37:40] [CAM] 摄像头捕获器已释放
[2026-08-02 20:37:40] [CAM] 摄像头未检测到，等待重连...
[2026-08-02 20:37:40] [CAM] 摄像头捕获器已释放
[2026-08-02 20:37:40] [CAM] 摄像头未检测到，等待重连...
[2026-08-02 20:37:41] [CAM] 摄像头捕获器已释放
[2026-08-02 20:37:41] [CAM] 摄像头未检测到，等待重连...
[2026-08-02 20:37:41] [CAM] 摄像头捕获器已释放
[2026-08-02 20:37:41] [CAM] 摄像头未检测到，等待重连...
[2026-08-02 20:37:42] [CAM] 摄像头捕获器已释放
[2026-08-02 20:37:42] [CAM] 摄像头未检测到，等待重连...
[2026-08-02 20:37:42] [CAM] 摄像头捕获器已释放
[2026-08-02 20:37:42] [CAM] 摄像头未检测到，等待重连...
[2026-08-02 20:37:43] [CAM] 摄像头捕获器已释放
[2026-08-02 20:37:43] [CAM] 摄像头未检测到，等待重连...
[2026-08-02 20:37:43] [CAM] 摄像头捕获器已释放
[2026-08-02 20:37:43] [CAM] 摄像头未检测到，等待重连...
[2026-08-02 20:37:44] [CAM] 摄像头捕获器已释放
[2026-08-02 20:37:44] [CAM] 摄像头未检测到，等待重连...
[2026-08-02 20:37:44] [CAM] 摄像头捕获器已释放
[2026-08-02 20:37:44] [CAM] 摄像头未检测到，等待重连...
[2026-08-02 20:37:45] [CAM] 摄像头捕获器已释放
[2026-08-02 20:37:45] [CAM] 摄像头未检测到，等待重连...
[2026-08-02 20:37:45] [CAM] 摄像头捕获器已释放
[2026-08-02 20:37:45] [CAM] 摄像头未检测到，等待重连...
[2026-08-02 20:37:46] [CAM] 摄像头捕获器已释放
[2026-08-02 20:37:46] [CAM] 摄像头未检测到，等待重连...
[2026-08-02 20:37:46] [CAM] 摄像头捕获器已释放
[2026-08-02 20:37:46] [CAM] 摄像头未检测到，等待重连...
[2026-08-02 20:37:47] [CAM] 摄像头捕获器已释放
[2026-08-02 20:37:47] [CAM] 摄像头未检测到，等待重连...
[2026-08-02 20:37:47] [CAM] 摄像头捕获器已释放
[2026-08-02 20:37:47] [CAM] 摄像头未检测到，等待重连...
[2026-08-02 20:37:48] [CAM] 摄像头捕获器已释放
[2026-08-02 20:37:48] [CAM] 摄像头未检测到，等待重连...
[2026-08-02 20:37:48] [CAM] 摄像头捕获器已释放
[2026-08-02 20:37:48] [CAM] 摄像头未检测到，等待重连...
[2026-08-02 20:37:49] [CAM] 摄像头捕获器已释放
[2026-08-02 20:37:49] [CAM] 摄像头未检测到，等待重连...
[2026-08-02 20:37:49] [CAM] 摄像头捕获器已释放
[2026-08-02 20:37:49] [CAM] 摄像头未检测到，等待重连...
[2026-08-02 20:37:50] [CAM] 摄像头捕获器已释放
[2026-08-02 20:37:50] [CAM] 摄像头未检测到，等待重连...
[2026-08-02 20:37:50] [CAM] 摄像头捕获器已释放
[2026-08-02 20:37:50] [CAM] 摄像头未检测到，等待重连...
[2026-08-02 20:37:51] [CAM] 摄像头捕获器已释放
[2026-08-02 20:37:51] [CAM] 摄像头未检测到，等待重连...
[2026-08-02 20:37:51] [CAM] 摄像头捕获器已释放
[2026-08-02 20:37:51] [CAM] 摄像头未检测到，等待重连...
[2026-08-02 20:37:52] [CAM] 摄像头捕获器已释放
[2026-08-02 20:37:52] [CAM] 摄像头未检测到，等待重连...
[2026-08-02 20:37:52] [CAM] 摄像头捕获器已释放
[2026-08-02 20:37:52] [CAM] 摄像头未检测到，等待重连...
[2026-08-02 20:37:53] [CAM] 摄像头捕获器已释放
[2026-08-02 20:37:53] [CAM] 摄像头未检测到，等待重连...
[2026-08-02 20:37:53] [CAM] 摄像头捕获器已释放
[2026-08-02 20:37:53] [CAM] 摄像头未检测到，等待重连...
[2026-08-02 20:37:54] [CAM] 摄像头捕获器已释放
[2026-08-02 20:37:54] [CAM] 摄像头未检测到，等待重连...
[2026-08-02 20:37:54] [CAM] 摄像头捕获器已释放
[2026-08-02 20:37:54] [CAM] 摄像头未检测到，等待重连...
[2026-08-02 20:37:55] [CAM] 摄像头捕获器已释放
[2026-08-02 20:37:55] [CAM] 摄像头未检测到，等待重连...
[2026-08-02 20:37:55] [CAM] 摄像头捕获器已释放
[2026-08-02 20:37:55] [CAM] 摄像头未检测到，等待重连...
[2026-08-02 20:37:56] [CAM] 摄像头捕获器已释放
[2026-08-02 20:37:56] [CAM] 摄像头未检测到，等待重连...
[2026-08-02 20:37:56] [CAM] 摄像头捕获器已释放
[2026-08-02 20:37:56] [CAM] 摄像头未检测到，等待重连...
[2026-08-02 20:37:57] [CAM] 摄像头捕获器已释放
[2026-08-02 20:37:57] [CAM] 摄像头未检测到，等待重连...
[2026-08-02 20:37:57] [CAM] 摄像头捕获器已释放
[2026-08-02 20:37:57] [CAM] 摄像头未检测到，等待重连...
[2026-08-02 20:37:58] [CAM] 摄像头捕获器已释放
[2026-08-02 20:37:58] [CAM] 摄像头未检测到，等待重连...
[2026-08-02 20:37:58] [CAM] 摄像头捕获器已释放
[2026-08-02 20:37:58] [CAM] 摄像头未检测到，等待重连...
[2026-08-02 20:37:59] [CAM] 摄像头捕获器已释放
[2026-08-02 20:37:59] [CAM] 摄像头未检测到，等待重连...
[2026-08-02 20:37:59] [CAM] 摄像头捕获器已释放
[2026-08-02 20:37:59] [CAM] 摄像头未检测到，等待重连...
[2026-08-02 20:38:00] [CAM] 摄像头捕获器已释放
[2026-08-02 20:38:00] [CAM] 摄像头未检测到，等待重连...
[2026-08-02 20:38:00] [CAM] 摄像头捕获器已释放
[2026-08-02 20:38:00] [CAM] 摄像头未检测到，等待重连...
[2026-08-02 20:38:01] [CAM] 摄像头捕获器已释放
[2026-08-02 20:38:01] [CAM] 摄像头未检测到，等待重连...
[2026-08-02 20:38:01] [CAM] 摄像头捕获器已释放
[2026-08-02 20:38:01] [CAM] 摄像头未检测到，等待重连...
[2026-08-02 20:38:02] [CAM] 摄像头捕获器已释放
[2026-08-02 20:38:02] [CAM] 摄像头未检测到，等待重连...
[2026-08-02 20:38:02] [CAM] 摄像头捕获器已释放
[2026-08-02 20:38:02] [CAM] 摄像头未检测到，等待重连...
[2026-08-02 20:38:03] [CAM] 摄像头捕获器已释放
[2026-08-02 20:38:03] [CAM] 摄像头未检测到，等待重连...
[2026-08-02 20:38:03] [CAM] 摄像头捕获器已释放
[2026-08-02 20:38:03] [CAM] 摄像头未检测到，等待重连...
[2026-08-02 20:38:04] [CAM] 摄像头捕获器已释放
[2026-08-02 20:38:04] [CAM] 摄像头未检测到，等待重连...
[2026-08-02 20:38:04] [CAM] 摄像头捕获器已释放
[2026-08-02 20:38:04] [CAM] 摄像头未检测到，等待重连...
[2026-08-02 20:38:05] [CAM] 摄像头捕获器已释放
[2026-08-02 20:38:05] [CAM] 摄像头未检测到，等待重连...
[2026-08-02 20:38:05] [CAM] 摄像头捕获器已释放
[2026-08-02 20:38:05] [CAM] 摄像头未检测到，等待重连...
[2026-08-02 20:38:06] [CAM] 摄像头捕获器已释放
[2026-08-02 20:38:06] [CAM] 摄像头未检测到，等待重连...
[2026-08-02 20:38:06] [CAM] 摄像头捕获器已释放
[2026-08-02 20:38:06] [CAM] 摄像头未检测到，等待重连...
[2026-08-02 20:38:07] [CAM] 摄像头捕获器已释放
[2026-08-02 20:38:07] [CAM] 摄像头未检测到，等待重连...
[2026-08-02 20:38:07] [CAM] 摄像头捕获器已释放
[2026-08-02 20:38:07] [CAM] 摄像头未检测到，等待重连...
[2026-08-02 20:38:08] [CAM] 摄像头捕获器已释放
[2026-08-02 20:38:08] [CAM] 摄像头未检测到，等待重连...
[2026-08-02 20:38:08] [CAM] 摄像头捕获器已释放
[2026-08-02 20:38:08] [CAM] 摄像头未检测到，等待重连...
[2026-08-02 20:38:09] [CAM] 摄像头捕获器已释放
[2026-08-02 20:38:09] [CAM] 摄像头未检测到，等待重连...
[2026-08-02 20:38:09] [CAM] 摄像头捕获器已释放
[2026-08-02 20:38:09] [CAM] 摄像头未检测到，等待重连...
[2026-08-02 20:38:10] [CAM] 摄像头捕获器已释放
[2026-08-02 20:38:10] [CAM] 摄像头未检测到，等待重连...
[2026-08-02 20:38:10] [CAM] 摄像头捕获器已释放
[2026-08-02 20:38:10] [CAM] 摄像头未检测到，等待重连...
[2026-08-02 20:38:11] [CAM] 摄像头捕获器已释放
[2026-08-02 20:38:11] [CAM] 摄像头未检测到，等待重连...
[2026-08-02 20:38:11] [CAM] 摄像头捕获器已释放
[2026-08-02 20:38:11] [CAM] 摄像头未检测到，等待重连...
[2026-08-02 20:38:12] [CAM] 摄像头捕获器已释放
[2026-08-02 20:38:12] [CAM] 摄像头未检测到，等待重连...
[2026-08-02 20:38:12] [CAM] 摄像头捕获器已释放
[2026-08-02 20:38:12] [CAM] 摄像头未检测到，等待重连...
[2026-08-02 20:38:13] [CAM] 摄像头捕获器已释放
[2026-08-02 20:38:13] [CAM] 摄像头未检测到，等待重连...
[2026-08-02 20:38:13] [CAM] 摄像头捕获器已释放
[2026-08-02 20:38:13] [CAM] 摄像头未检测到，等待重连...
[2026-08-02 20:38:14] [CAM] 摄像头捕获器已释放
[2026-08-02 20:38:14] [CAM] 摄像头未检测到，等待重连...
[2026-08-02 20:38:14] [CAM] 摄像头捕获器已释放
[2026-08-02 20:38:14] [CAM] 摄像头未检测到，等待重连...
[2026-08-02 20:38:15] [CAM] 摄像头捕获器已释放
[2026-08-02 20:38:15] [CAM] 摄像头未检测到，等待重连...
[2026-08-02 20:38:15] [CAM] 摄像头捕获器已释放
[2026-08-02 20:38:15] [CAM] 摄像头未检测到，等待重连...
[2026-08-02 20:38:16] [CAM] 摄像头捕获器已释放
[2026-08-02 20:38:16] [CAM] 摄像头未检测到，等待重连...
[2026-08-02 20:38:16] [CAM] 摄像头捕获器已释放
[2026-08-02 20:38:16] [CAM] 摄像头未检测到，等待重连...
[2026-08-02 20:38:17] [CAM] 摄像头捕获器已释放
[2026-08-02 20:38:17] [CAM] 摄像头未检测到，等待重连...
[2026-08-02 20:38:17] [CAM] 摄像头捕获器已释放
[2026-08-02 20:38:17] [CAM] 摄像头未检测到，等待重连...
[2026-08-02 20:38:18] [CAM] 摄像头捕获器已释放
[2026-08-02 20:38:18] [CAM] 摄像头未检测到，等待重连...
[2026-08-02 20:38:18] [CAM] 摄像头捕获器已释放
[2026-08-02 20:38:18] [CAM] 摄像头未检测到，等待重连...
[2026-08-02 20:38:19] [CAM] 摄像头捕获器已释放
[2026-08-02 20:38:19] [CAM] 摄像头未检测到，等待重连...
[2026-08-02 20:38:19] [CAM] 摄像头捕获器已释放
[2026-08-02 20:38:19] [CAM] 摄像头未检测到，等待重连...
[2026-08-02 20:38:20] [CAM] 摄像头捕获器已释放
[2026-08-02 20:38:20] [CAM] 摄像头未检测到，等待重连...
[2026-08-02 20:38:20] [CAM] 摄像头捕获器已释放
[2026-08-02 20:38:20] [CAM] 摄像头未检测到，等待重连...
[2026-08-02 20:38:21] [CAM] 摄像头捕获器已释放
[2026-08-02 20:38:21] [CAM] 摄像头未检测到，等待重连...
[2026-08-02 20:38:21] [CAM] 摄像头捕获器已释放
[2026-08-02 20:38:21] [CAM] 摄像头未检测到，等待重连...
[2026-08-02 20:38:22] [CAM] 摄像头捕获器已释放
[2026-08-02 20:38:22] [CAM] 摄像头未检测到，等待重连...
[2026-08-02 20:38:22] [CAM] 摄像头捕获器已释放
[2026-08-02 20:38:22] [CAM] 摄像头未检测到，等待重连...
[2026-08-02 20:38:23] [CAM] 摄像头捕获器已释放
[2026-08-02 20:38:23] [CAM] 摄像头未检测到，等待重连...
[2026-08-02 20:38:23] [CAM] 摄像头捕获器已释放
[2026-08-02 20:38:23] [CAM] 摄像头未检测到，等待重连...
[2026-08-02 20:38:24] [CAM] 摄像头捕获器已释放
[2026-08-02 20:38:24] [CAM] 摄像头未检测到，等待重连...
[2026-08-02 20:38:24] [CAM] 摄像头捕获器已释放
[2026-08-02 20:38:24] [CAM] 摄像头未检测到，等待重连...
[2026-08-02 20:38:25] [CAM] 摄像头捕获器已释放
[2026-08-02 20:38:25] [CAM] 摄像头未检测到，等待重连...
[2026-08-02 20:38:25] [CAM] 摄像头捕获器已释放
[2026-08-02 20:38:25] [CAM] 摄像头未检测到，等待重连...
[2026-08-02 20:38:26] [CAM] 摄像头捕获器已释放
[2026-08-02 20:38:26] [CAM] 摄像头未检测到，等待重连...
[2026-08-02 20:38:26] [CAM] 摄像头捕获器已释放
[2026-08-02 20:38:26] [CAM] 摄像头未检测到，等待重连...
[2026-08-02 20:38:27] [CAM] 摄像头捕获器已释放
[2026-08-02 20:38:27] [CAM] 摄像头未检测到，等待重连...
[2026-08-02 20:38:27] [CAM] 摄像头捕获器已释放
[2026-08-02 20:38:27] [CAM] 摄像头未检测到，等待重连...
[2026-08-02 20:38:28] [CAM] 摄像头捕获器已释放
[2026-08-02 20:38:28] [CAM] 摄像头未检测到，等待重连...
[2026-08-02 20:38:28] [CAM] 摄像头捕获器已释放
[2026-08-02 20:38:28] [CAM] 摄像头未检测到，等待重连...
[2026-08-02 20:38:29] [CAM] 摄像头捕获器已释放
[2026-08-02 20:38:29] [CAM] 摄像头未检测到，等待重连...
[2026-08-02 20:38:29] [CAM] 摄像头捕获器已释放
[2026-08-02 20:38:29] [CAM] 摄像头未检测到，等待重连...
[2026-08-02 20:38:30] [CAM] 摄像头捕获器已释放
[2026-08-02 20:38:30] [CAM] 摄像头未检测到，等待重连...
[2026-08-02 20:38:30] [CAM] 摄像头捕获器已释放
[2026-08-02 20:38:30] [CAM] 摄像头未检测到，等待重连...
[2026-08-02 20:38:31] [CAM] 摄像头捕获器已释放
[2026-08-02 20:38:31] [CAM] 摄像头未检测到，等待重连...
[2026-08-02 20:38:31] [CAM] 摄像头捕获器已释放
[2026-08-02 20:38:31] [CAM] 摄像头未检测到，等待重连...
[2026-08-02 20:38:32] [CAM] 摄像头捕获器已释放
[2026-08-02 20:38:32] [CAM] 摄像头未检测到，等待重连...
[2026-08-02 20:38:32] [CAM] 摄像头捕获器已释放
[2026-08-02 20:38:32] [CAM] 摄像头未检测到，等待重连...
[2026-08-02 20:38:33] [CAM] 摄像头捕获器已释放
[2026-08-02 20:38:33] [CAM] 摄像头未检测到，等待重连...
[2026-08-02 20:38:33] [CAM] 摄像头捕获器已释放
[2026-08-02 20:38:33] [CAM] 摄像头未检测到，等待重连...
[2026-08-02 20:38:34] [CAM] 摄像头捕获器已释放
[2026-08-02 20:38:34] [CAM] 摄像头未检测到，等待重连...
[2026-08-02 20:38:34] [CAM] 摄像头捕获器已释放
[2026-08-02 20:38:34] [CAM] 摄像头未检测到，等待重连...
[2026-08-02 20:38:35] [CAM] 摄像头捕获器已释放
[2026-08-02 20:38:35] [CAM] 摄像头未检测到，等待重连...
[2026-08-02 20:38:35] [CAM] 摄像头捕获器已释放
[2026-08-02 20:38:35] [CAM] 摄像头未检测到，等待重连...
[2026-08-02 20:38:36] [CAM] 摄像头捕获器已释放
[2026-08-02 20:38:36] [CAM] 摄像头未检测到，等待重连...
[2026-08-02 20:38:36] [CAM] 摄像头捕获器已释放
[2026-08-02 20:38:36] [CAM] 摄像头未检测到，等待重连...
[2026-08-02 20:38:37] [CAM] 摄像头捕获器已释放
[2026-08-02 20:38:37] [CAM] 摄像头未检测到，等待重连...
[2026-08-02 20:38:37] [CAM] 摄像头捕获器已释放
[2026-08-02 20:38:37] [CAM] 摄像头未检测到，等待重连...
[2026-08-02 20:38:38] [CAM] 摄像头捕获器已释放
[2026-08-02 20:38:38] [CAM] 摄像头未检测到，等待重连...
[2026-08-02 20:38:38] [CAM] 摄像头捕获器已释放
[2026-08-02 20:38:38] [CAM] 摄像头未检测到，等待重连...
[2026-08-02 20:38:39] [CAM] 摄像头捕获器已释放
[2026-08-02 20:38:39] [CAM] 摄像头未检测到，等待重连...
[2026-08-02 20:38:39] [CAM] 摄像头捕获器已释放
[2026-08-02 20:38:39] [CAM] 摄像头未检测到，等待重连...
[2026-08-02 20:38:40] [CAM] 摄像头捕获器已释放
[2026-08-02 20:38:40] [CAM] 摄像头未检测到，等待重连...
[2026-08-02 20:38:40] [CAM] 摄像头捕获器已释放
[2026-08-02 20:38:40] [CAM] 摄像头未检测到，等待重连...
[2026-08-02 20:38:41] [CAM] 摄像头捕获器已释放
[2026-08-02 20:38:41] [CAM] 摄像头未检测到，等待重连...
[2026-08-02 20:38:41] [CAM] 摄像头捕获器已释放
[2026-08-02 20:38:41] [CAM] 摄像头未检测到，等待重连...
[2026-08-02 20:38:42] [CAM] 摄像头捕获器已释放
[2026-08-02 20:38:42] [CAM] 摄像头未检测到，等待重连...
[2026-08-02 20:38:42] [CAM] 摄像头捕获器已释放
[2026-08-02 20:38:42] [CAM] 摄像头未检测到，等待重连...
[2026-08-02 20:38:43] [CAM] 摄像头捕获器已释放
[2026-08-02 20:38:43] [CAM] 摄像头未检测到，等待重连...
[2026-08-02 20:38:43] [CAM] 摄像头捕获器已释放
[2026-08-02 20:38:43] [CAM] 摄像头未检测到，等待重连...
[2026-08-02 20:38:44] [CAM] 摄像头捕获器已释放
[2026-08-02 20:38:44] [CAM] 摄像头未检测到，等待重连...
[2026-08-02 20:38:44] [CAM] 摄像头捕获器已释放
[2026-08-02 20:38:44] [CAM] 摄像头未检测到，等待重连...
[2026-08-02 20:38:45] [CAM] 摄像头捕获器已释放
[2026-08-02 20:38:45] [CAM] 摄像头未检测到，等待重连...
[2026-08-02 20:38:45] [CAM] 摄像头捕获器已释放
[2026-08-02 20:38:45] [CAM] 摄像头未检测到，等待重连...
[2026-08-02 20:38:46] [CAM] 摄像头捕获器已释放
[2026-08-02 20:38:46] [CAM] 摄像头未检测到，等待重连...
[2026-08-02 20:38:46] [CAM] 摄像头捕获器已释放
[2026-08-02 20:38:46] [CAM] 摄像头未检测到，等待重连...
[2026-08-02 20:38:47] [CAM] 摄像头捕获器已释放
[2026-08-02 20:38:47] [CAM] 摄像头未检测到，等待重连...
[2026-08-02 20:38:47] [CAM] 摄像头捕获器已释放
[2026-08-02 20:38:47] [CAM] 摄像头未检测到，等待重连...
[2026-08-02 20:38:48] [CAM] 摄像头捕获器已释放
[2026-08-02 20:38:48] [CAM] 摄像头未检测到，等待重连...
[2026-08-02 20:38:48] [CAM] 摄像头捕获器已释放
[2026-08-02 20:38:48] [CAM] 摄像头未检测到，等待重连...
[2026-08-02 20:38:49] [CAM] 摄像头捕获器已释放
[2026-08-02 20:38:49] [CAM] 摄像头未检测到，等待重连...
[2026-08-02 20:38:49] [CAM] 摄像头捕获器已释放
[2026-08-02 20:38:49] [CAM] 摄像头未检测到，等待重连...
[2026-08-02 20:38:50] [CAM] 摄像头捕获器已释放
[2026-08-02 20:38:50] [CAM] 摄像头未检测到，等待重连...
[2026-08-02 20:38:50] [CAM] 摄像头捕获器已释放
[2026-08-02 20:38:50] [CAM] 摄像头未检测到，等待重连...
[2026-08-02 20:38:51] [CAM] 摄像头捕获器已释放
[2026-08-02 20:38:51] [CAM] 摄像头未检测到，等待重连...
[2026-08-02 20:38:51] [CAM] 摄像头捕获器已释放
[2026-08-02 20:38:51] [CAM] 摄像头未检测到，等待重连...
[2026-08-02 20:38:52] [CAM] 摄像头捕获器已释放
[2026-08-02 20:38:52] [CAM] 摄像头未检测到，等待重连...
[2026-08-02 20:38:52] [CAM] 摄像头捕获器已释放
[2026-08-02 20:38:52] [CAM] 摄像头未检测到，等待重连...
[2026-08-02 20:38:53] [CAM] 摄像头捕获器已释放
[2026-08-02 20:38:53] [CAM] 摄像头未检测到，等待重连...
[2026-08-02 20:38:53] [CAM] 摄像头捕获器已释放
[2026-08-02 20:38:53] [CAM] 摄像头未检测到，等待重连...
[2026-08-02 20:38:54] [CAM] 摄像头捕获器已释放
[2026-08-02 20:38:54] [CAM] 摄像头未检测到，等待重连...
[2026-08-02 20:38:54] [CAM] 摄像头捕获器已释放
[2026-08-02 20:38:54] [CAM] 摄像头未检测到，等待重连...
[2026-08-02 20:38:55] [CAM] 摄像头捕获器已释放
[2026-08-02 20:38:55] [CAM] 摄像头未检测到，等待重连...
[2026-08-02 20:38:55] [CAM] 摄像头捕获器已释放
[2026-08-02 20:38:55] [CAM] 摄像头未检测到，等待重连...
[2026-08-02 20:38:56] [CAM] 摄像头捕获器已释放
[2026-08-02 20:38:56] [CAM] 摄像头未检测到，等待重连...
[2026-08-02 20:38:56] [CAM] 摄像头捕获器已释放
[2026-08-02 20:38:56] [CAM] 摄像头未检测到，等待重连...
[2026-08-02 20:38:57] [CAM] 摄像头捕获器已释放
[2026-08-02 20:38:57] [CAM] 摄像头未检测到，等待重连...
[2026-08-02 20:38:57] [CAM] 摄像头捕获器已释放
[2026-08-02 20:38:57] [CAM] 摄像头未检测到，等待重连...
[2026-08-02 20:38:58] [CAM] 摄像头捕获器已释放
[2026-08-02 20:38:58] [CAM] 摄像头未检测到，等待重连...
[2026-08-02 20:38:58] [CAM] 摄像头捕获器已释放
[2026-08-02 20:38:58] [CAM] 摄像头未检测到，等待重连...
[2026-08-02 20:38:59] [CAM] 摄像头捕获器已释放
[2026-08-02 20:38:59] [CAM] 摄像头未检测到，等待重连...
[2026-08-02 20:38:59] [CAM] 摄像头捕获器已释放
[2026-08-02 20:38:59] [CAM] 摄像头未检测到，等待重连...
[2026-08-02 20:39:00] [CAM] 摄像头捕获器已释放
[2026-08-02 20:39:00] [CAM] 摄像头未检测到，等待重连...
[2026-08-02 20:39:00] [CAM] 摄像头捕获器已释放
[2026-08-02 20:39:00] [CAM] 摄像头未检测到，等待重连...
[2026-08-02 20:39:01] [CAM] 摄像头捕获器已释放
[2026-08-02 20:39:01] [CAM] 摄像头未检测到，等待重连...
[2026-08-02 20:39:01] [CAM] 摄像头捕获器已释放
[2026-08-02 20:39:01] [CAM] 摄像头未检测到，等待重连...
[2026-08-02 20:39:02] [CAM] 摄像头捕获器已释放
[2026-08-02 20:39:02] [CAM] 摄像头未检测到，等待重连...
[2026-08-02 20:39:02] [CAM] 摄像头捕获器已释放
[2026-08-02 20:39:02] [CAM] 摄像头未检测到，等待重连...
[2026-08-02 20:39:03] [CAM] 摄像头捕获器已释放
[2026-08-02 20:39:03] [CAM] 摄像头未检测到，等待重连...
[2026-08-02 20:39:03] [CAM] 摄像头捕获器已释放
[2026-08-02 20:39:03] [CAM] 摄像头未检测到，等待重连...
[2026-08-02 20:39:04] [CAM] 摄像头捕获器已释放
[2026-08-02 20:39:04] [CAM] 摄像头未检测到，等待重连...
[2026-08-02 20:39:04] [CAM] 摄像头捕获器已释放
[2026-08-02 20:39:04] [CAM] 摄像头未检测到，等待重连...
[2026-08-02 20:39:05] [CAM] 摄像头捕获器已释放
[2026-08-02 20:39:05] [CAM] 摄像头未检测到，等待重连...
[2026-08-02 20:39:05] [CAM] 摄像头捕获器已释放
[2026-08-02 20:39:05] [CAM] 摄像头未检测到，等待重连...
[2026-08-02 20:39:06] [CAM] 摄像头捕获器已释放
[2026-08-02 20:39:06] [CAM] 摄像头未检测到，等待重连...
[2026-08-02 20:39:06] [CAM] 摄像头捕获器已释放
[2026-08-02 20:39:06] [CAM] 摄像头未检测到，等待重连...
[2026-08-02 20:39:07] [CAM] 摄像头捕获器已释放
[2026-08-02 20:39:07] [CAM] 摄像头未检测到，等待重连...
[2026-08-02 20:39:07] [CAM] 摄像头捕获器已释放
[2026-08-02 20:39:07] [CAM] 摄像头未检测到，等待重连...
[2026-08-02 20:39:08] [CAM] 摄像头捕获器已释放
[2026-08-02 20:39:08] [CAM] 摄像头未检测到，等待重连...
[2026-08-02 20:39:08] [CAM] 摄像头捕获器已释放
[2026-08-02 20:39:08] [CAM] 摄像头未检测到，等待重连...
[2026-08-02 20:39:09] [CAM] 摄像头捕获器已释放
[2026-08-02 20:39:09] [CAM] 摄像头未检测到，等待重连...
[2026-08-02 20:39:09] [CAM] 摄像头捕获器已释放
[2026-08-02 20:39:09] [CAM] 摄像头未检测到，等待重连...
[2026-08-02 20:39:10] [CAM] 摄像头捕获器已释放
[2026-08-02 20:39:10] [CAM] 摄像头未检测到，等待重连...
[2026-08-02 20:39:10] [CAM] 摄像头捕获器已释放
[2026-08-02 20:39:10] [CAM] 摄像头未检测到，等待重连...
[2026-08-02 20:39:11] [CAM] 摄像头捕获器已释放
[2026-08-02 20:39:11] [CAM] 摄像头未检测到，等待重连...
[2026-08-02 20:39:11] [CAM] 摄像头捕获器已释放
[2026-08-02 20:39:11] [CAM] 摄像头未检测到，等待重连...
[2026-08-02 20:39:12] [CAM] 摄像头捕获器已释放
[2026-08-02 20:39:12] [CAM] 摄像头未检测到，等待重连...
[2026-08-02 20:39:12] [CAM] 摄像头捕获器已释放
[2026-08-02 20:39:12] [CAM] 摄像头未检测到，等待重连...
[2026-08-02 20:39:13] [CAM] 摄像头捕获器已释放
[2026-08-02 20:39:13] [CAM] 摄像头未检测到，等待重连...
[2026-08-02 20:39:13] [CAM] 摄像头捕获器已释放
[2026-08-02 20:39:13] [CAM] 摄像头未检测到，等待重连...
[2026-08-02 20:39:14] [CAM] 摄像头捕获器已释放
[2026-08-02 20:39:14] [CAM] 摄像头未检测到，等待重连...
[2026-08-02 20:39:14] [CAM] 摄像头捕获器已释放
[2026-08-02 20:39:14] [CAM] 摄像头未检测到，等待重连...
[2026-08-02 20:39:15] [CAM] 摄像头捕获器已释放
[2026-08-02 20:39:15] [CAM] 摄像头未检测到，等待重连...
[2026-08-02 20:39:15] [CAM] 摄像头捕获器已释放
[2026-08-02 20:39:15] [CAM] 摄像头未检测到，等待重连...
[2026-08-02 20:39:16] [CAM] 摄像头捕获器已释放
[2026-08-02 20:39:16] [CAM] 摄像头未检测到，等待重连...
[2026-08-02 20:39:16] [CAM] 摄像头捕获器已释放
[2026-08-02 20:39:16] [CAM] 摄像头未检测到，等待重连...
[2026-08-02 20:39:17] [CAM] 摄像头捕获器已释放
[2026-08-02 20:39:17] [CAM] 摄像头未检测到，等待重连...
[2026-08-02 20:39:17] [CAM] 摄像头捕获器已释放
[2026-08-02 20:39:17] [CAM] 摄像头未检测到，等待重连...
[2026-08-02 20:39:18] [CAM] 摄像头捕获器已释放
[2026-08-02 20:39:18] [CAM] 摄像头未检测到，等待重连...
[2026-08-02 20:39:18] [CAM] 摄像头捕获器已释放
[2026-08-02 20:39:18] [CAM] 摄像头未检测到，等待重连...
[2026-08-02 20:39:19] [CAM] 摄像头捕获器已释放
[2026-08-02 20:39:19] [CAM] 摄像头未检测到，等待重连...
[2026-08-02 20:39:19] [CAM] 摄像头捕获器已释放
[2026-08-02 20:39:19] [CAM] 摄像头未检测到，等待重连...
[2026-08-02 20:39:20] [CAM] 摄像头捕获器已释放
[2026-08-02 20:39:20] [CAM] 摄像头未检测到，等待重连...
[2026-08-02 20:39:20] [CAM] 摄像头捕获器已释放
[2026-08-02 20:39:20] [CAM] 摄像头未检测到，等待重连...
[2026-08-02 20:39:21] [CAM] 摄像头捕获器已释放
[2026-08-02 20:39:21] [CAM] 摄像头未检测到，等待重连...
[2026-08-02 20:39:21] [CAM] 摄像头捕获器已释放
[2026-08-02 20:39:21] [CAM] 摄像头未检测到，等待重连...
[2026-08-02 20:39:22] [CAM] 摄像头捕获器已释放
[2026-08-02 20:39:22] [CAM] 摄像头未检测到，等待重连...
[2026-08-02 20:39:22] [CAM] 摄像头捕获器已释放
[2026-08-02 20:39:22] [CAM] 摄像头未检测到，等待重连...
[2026-08-02 20:39:23] [CAM] 摄像头捕获器已释放
[2026-08-02 20:39:23] [CAM] 摄像头未检测到，等待重连...
[2026-08-02 20:39:23] [CAM] 摄像头捕获器已释放
[2026-08-02 20:39:23] [CAM] 摄像头未检测到，等待重连...
[2026-08-02 20:39:24] [CAM] 摄像头捕获器已释放
[2026-08-02 20:39:24] [CAM] 摄像头未检测到，等待重连...
[2026-08-02 20:39:24] [CAM] 摄像头捕获器已释放
[2026-08-02 20:39:24] [CAM] 摄像头未检测到，等待重连...
[2026-08-02 20:39:25] [CAM] 摄像头捕获器已释放
[2026-08-02 20:39:25] [CAM] 摄像头未检测到，等待重连...
[2026-08-02 20:39:25] [CAM] 摄像头捕获器已释放
[2026-08-02 20:39:25] [CAM] 摄像头未检测到，等待重连...
[2026-08-02 20:39:26] [CAM] 摄像头捕获器已释放
[2026-08-02 20:39:26] [CAM] 摄像头未检测到，等待重连...
[2026-08-02 20:39:26] [CAM] 摄像头捕获器已释放
[2026-08-02 20:39:26] [CAM] 摄像头未检测到，等待重连...
[2026-08-02 20:39:27] [CAM] 摄像头捕获器已释放
[2026-08-02 20:39:27] [CAM] 摄像头未检测到，等待重连...
[2026-08-02 20:39:27] [CAM] 摄像头捕获器已释放
[2026-08-02 20:39:27] [CAM] 摄像头未检测到，等待重连...
[2026-08-02 20:39:28] [CAM] 摄像头捕获器已释放
[2026-08-02 20:39:28] [CAM] 摄像头未检测到，等待重连...
[2026-08-02 20:39:28] [CAM] 摄像头捕获器已释放
[2026-08-02 20:39:28] [CAM] 摄像头未检测到，等待重连...
[2026-08-02 20:39:29] [CAM] 摄像头捕获器已释放
[2026-08-02 20:39:29] [CAM] 摄像头未检测到，等待重连...
[2026-08-02 20:39:29] [CAM] 摄像头捕获器已释放
[2026-08-02 20:39:29] [CAM] 摄像头未检测到，等待重连...
[2026-08-02 20:39:30] [CAM] 摄像头捕获器已释放
[2026-08-02 20:39:30] [CAM] 摄像头未检测到，等待重连...
[2026-08-02 20:39:30] [CAM] 摄像头捕获器已释放
[2026-08-02 20:39:30] [CAM] 摄像头未检测到，等待重连...
[2026-08-02 20:39:31] [CAM] 摄像头捕获器已释放
[2026-08-02 20:39:31] [CAM] 摄像头未检测到，等待重连...
[2026-08-02 20:39:32] [CAM] 摄像头捕获器已释放
[2026-08-02 20:39:32] [CAM] 摄像头未检测到，等待重连...
[2026-08-02 20:39:32] [CAM] 摄像头捕获器已释放
[2026-08-02 20:39:32] [CAM] 摄像头未检测到，等待重连...
[2026-08-02 20:39:33] [CAM] 摄像头捕获器已释放
[2026-08-02 20:39:33] [CAM] 摄像头未检测到，等待重连...
[2026-08-02 20:39:33] [CAM] 摄像头捕获器已释放
[2026-08-02 20:39:33] [CAM] 摄像头未检测到，等待重连...
[2026-08-02 20:39:34] [CAM] 摄像头捕获器已释放
[2026-08-02 20:39:34] [CAM] 摄像头未检测到，等待重连...
[2026-08-02 20:39:34] [CAM] 摄像头捕获器已释放
[2026-08-02 20:39:34] [CAM] 摄像头未检测到，等待重连...
[2026-08-02 20:39:35] [CAM] 摄像头捕获器已释放
[2026-08-02 20:39:35] [CAM] 摄像头未检测到，等待重连...
[2026-08-02 20:39:35] [CAM] 摄像头捕获器已释放
[2026-08-02 20:39:35] [CAM] 摄像头未检测到，等待重连...
[2026-08-02 20:39:36] [CAM] 摄像头捕获器已释放
[2026-08-02 20:39:36] [CAM] 摄像头未检测到，等待重连...
[2026-08-02 20:39:36] [CAM] 摄像头捕获器已释放
[2026-08-02 20:39:36] [CAM] 摄像头未检测到，等待重连...
[2026-08-02 20:39:37] [CAM] 摄像头捕获器已释放
[2026-08-02 20:39:37] [CAM] 摄像头未检测到，等待重连...
[2026-08-02 20:39:37] [CAM] 摄像头捕获器已释放
[2026-08-02 20:39:37] [CAM] 摄像头未检测到，等待重连...
[2026-08-02 20:39:38] [CAM] 摄像头捕获器已释放
[2026-08-02 20:39:38] [CAM] 摄像头未检测到，等待重连...
[2026-08-02 20:39:38] [CAM] 摄像头捕获器已释放
[2026-08-02 20:39:38] [CAM] 摄像头未检测到，等待重连...
[2026-08-02 20:39:39] [CAM] 摄像头捕获器已释放
[2026-08-02 20:39:39] [CAM] 摄像头未检测到，等待重连...
[2026-08-02 20:39:39] [CAM] 摄像头捕获器已释放
[2026-08-02 20:39:39] [CAM] 摄像头未检测到，等待重连...
[2026-08-02 20:39:40] [CAM] 摄像头捕获器已释放
[2026-08-02 20:39:40] [CAM] 摄像头未检测到，等待重连...
[2026-08-02 20:39:40] [CAM] 摄像头捕获器已释放
[2026-08-02 20:39:40] [CAM] 摄像头未检测到，等待重连...
[2026-08-02 20:39:41] [CAM] 摄像头捕获器已释放
[2026-08-02 20:39:41] [CAM] 摄像头未检测到，等待重连...
[2026-08-02 20:39:41] [CAM] 摄像头捕获器已释放
[2026-08-02 20:39:41] [CAM] 摄像头未检测到，等待重连...
[2026-08-02 20:39:42] [CAM] 摄像头捕获器已释放
[2026-08-02 20:39:42] [CAM] 摄像头未检测到，等待重连...
[2026-08-02 20:39:42] [CAM] 摄像头捕获器已释放
[2026-08-02 20:39:42] [CAM] 摄像头未检测到，等待重连...
[2026-08-02 20:39:43] [CAM] 摄像头捕获器已释放
[2026-08-02 20:39:43] [CAM] 摄像头未检测到，等待重连...
[2026-08-02 20:39:43] [CAM] 摄像头捕获器已释放
[2026-08-02 20:39:43] [CAM] 摄像头未检测到，等待重连...
[2026-08-02 20:39:44] [CAM] 摄像头捕获器已释放
[2026-08-02 20:39:44] [CAM] 摄像头未检测到，等待重连...
[2026-08-02 20:39:44] [CAM] 摄像头捕获器已释放
[2026-08-02 20:39:44] [CAM] 摄像头未检测到，等待重连...
[2026-08-02 20:39:45] [CAM] 摄像头捕获器已释放
[2026-08-02 20:39:45] [CAM] 摄像头未检测到，等待重连...
[2026-08-02 20:39:45] [CAM] 摄像头捕获器已释放
[2026-08-02 20:39:45] [CAM] 摄像头未检测到，等待重连...
[2026-08-02 20:39:46] [CAM] 摄像头捕获器已释放
[2026-08-02 20:39:46] [CAM] 摄像头未检测到，等待重连...
[2026-08-02 20:39:46] [CAM] 摄像头捕获器已释放
[2026-08-02 20:39:46] [CAM] 摄像头未检测到，等待重连...
[2026-08-02 20:39:47] [CAM] 摄像头捕获器已释放
[2026-08-02 20:39:47] [CAM] 摄像头未检测到，等待重连...
[2026-08-02 20:39:47] [CAM] 摄像头捕获器已释放
[2026-08-02 20:39:47] [CAM] 摄像头未检测到，等待重连...
[2026-08-02 20:39:48] [CAM] 摄像头捕获器已释放
[2026-08-02 20:39:48] [CAM] 摄像头未检测到，等待重连...
[2026-08-02 20:39:48] [CAM] 摄像头捕获器已释放
[2026-08-02 20:39:48] [CAM] 摄像头未检测到，等待重连...
[2026-08-02 20:39:49] [CAM] 摄像头捕获器已释放
[2026-08-02 20:39:49] [CAM] 摄像头未检测到，等待重连...
[2026-08-02 20:39:49] [CAM] 摄像头捕获器已释放
[2026-08-02 20:39:49] [CAM] 摄像头未检测到，等待重连...
[2026-08-02 20:39:50] [CAM] 摄像头捕获器已释放
[2026-08-02 20:39:50] [CAM] 摄像头未检测到，等待重连...
[2026-08-02 20:39:50] [CAM] 摄像头捕获器已释放
[2026-08-02 20:39:50] [CAM] 摄像头未检测到，等待重连...
[2026-08-02 20:39:51] [CAM] 摄像头捕获器已释放
[2026-08-02 20:39:51] [CAM] 摄像头未检测到，等待重连...
[2026-08-02 20:39:51] [CAM] 摄像头捕获器已释放
[2026-08-02 20:39:51] [CAM] 摄像头未检测到，等待重连...
[2026-08-02 20:39:52] [CAM] 摄像头捕获器已释放
[2026-08-02 20:39:52] [CAM] 摄像头未检测到，等待重连...
[2026-08-02 20:39:52] [CAM] 摄像头捕获器已释放
[2026-08-02 20:39:52] [CAM] 摄像头未检测到，等待重连...
[2026-08-02 20:39:53] [CAM] 摄像头捕获器已释放
[2026-08-02 20:39:53] [CAM] 摄像头未检测到，等待重连...
[2026-08-02 20:39:53] [CAM] 摄像头捕获器已释放
[2026-08-02 20:39:53] [CAM] 摄像头未检测到，等待重连...
[2026-08-02 20:39:54] [CAM] 摄像头捕获器已释放
[2026-08-02 20:39:54] [CAM] 摄像头未检测到，等待重连...
[2026-08-02 20:39:54] [CAM] 摄像头捕获器已释放
[2026-08-02 20:39:54] [CAM] 摄像头未检测到，等待重连...
[2026-08-02 20:39:55] [CAM] 摄像头捕获器已释放
[2026-08-02 20:39:55] [CAM] 摄像头未检测到，等待重连...
[2026-08-02 20:39:55] [CAM] 摄像头捕获器已释放
[2026-08-02 20:39:55] [CAM] 摄像头未检测到，等待重连...
[2026-08-02 20:39:56] [CAM] 摄像头捕获器已释放
[2026-08-02 20:39:56] [CAM] 摄像头未检测到，等待重连...
[2026-08-02 20:39:56] [CAM] 摄像头捕获器已释放
[2026-08-02 20:39:56] [CAM] 摄像头未检测到，等待重连...
[2026-08-02 20:39:57] [CAM] 摄像头捕获器已释放
[2026-08-02 20:39:57] [CAM] 摄像头未检测到，等待重连...
[2026-08-02 20:39:57] [CAM] 摄像头捕获器已释放
[2026-08-02 20:39:57] [CAM] 摄像头未检测到，等待重连...
[2026-08-02 20:39:58] [CAM] 摄像头捕获器已释放
[2026-08-02 20:39:58] [CAM] 摄像头未检测到，等待重连...
[2026-08-02 20:39:58] [CAM] 摄像头捕获器已释放
[2026-08-02 20:39:58] [CAM] 摄像头未检测到，等待重连...
[2026-08-02 20:39:59] [CAM] 摄像头捕获器已释放
[2026-08-02 20:39:59] [CAM] 摄像头未检测到，等待重连...
[2026-08-02 20:39:59] [CAM] 摄像头捕获器已释放
[2026-08-02 20:39:59] [CAM] 摄像头未检测到，等待重连...
[2026-08-02 20:40:00] [CAM] 摄像头捕获器已释放
[2026-08-02 20:40:00] [CAM] 摄像头未检测到，等待重连...
[2026-08-02 20:40:00] [CAM] 摄像头捕获器已释放
[2026-08-02 20:40:00] [CAM] 摄像头未检测到，等待重连...
[2026-08-02 20:40:01] [CAM] 摄像头捕获器已释放
[2026-08-02 20:40:01] [CAM] 摄像头未检测到，等待重连...
[2026-08-02 20:40:01] [CAM] 摄像头捕获器已释放
[2026-08-02 20:40:01] [CAM] 摄像头未检测到，等待重连...
[2026-08-02 20:40:02] [CAM] 摄像头捕获器已释放
[2026-08-02 20:40:02] [CAM] 摄像头未检测到，等待重连...
[2026-08-02 20:40:02] [CAM] 摄像头捕获器已释放
[2026-08-02 20:40:02] [CAM] 摄像头未检测到，等待重连...
[2026-08-02 20:40:03] [CAM] 摄像头捕获器已释放
[2026-08-02 20:40:03] [CAM] 摄像头未检测到，等待重连...
[2026-08-02 20:40:03] [CAM] 摄像头捕获器已释放
[2026-08-02 20:40:03] [CAM] 摄像头未检测到，等待重连...
[2026-08-02 20:40:04] [CAM] 摄像头捕获器已释放
[2026-08-02 20:40:04] [CAM] 摄像头未检测到，等待重连...
[2026-08-02 20:40:04] [CAM] 摄像头捕获器已释放
[2026-08-02 20:40:04] [CAM] 摄像头未检测到，等待重连...
[2026-08-02 20:40:05] [CAM] 摄像头捕获器已释放
[2026-08-02 20:40:05] [CAM] 摄像头未检测到，等待重连...
[2026-08-02 20:40:05] [CAM] 摄像头捕获器已释放
[2026-08-02 20:40:05] [CAM] 摄像头未检测到，等待重连...
[2026-08-02 20:40:06] [CAM] 摄像头捕获器已释放
[2026-08-02 20:40:06] [CAM] 摄像头未检测到，等待重连...
[2026-08-02 20:40:06] [CAM] 摄像头捕获器已释放
[2026-08-02 20:40:06] [CAM] 摄像头未检测到，等待重连...
[2026-08-02 20:40:07] [CAM] 摄像头捕获器已释放
[2026-08-02 20:40:07] [CAM] 摄像头未检测到，等待重连...
[2026-08-02 20:40:07] [CAM] 摄像头捕获器已释放
[2026-08-02 20:40:07] [CAM] 摄像头未检测到，等待重连...
[2026-08-02 20:40:08] [CAM] 摄像头捕获器已释放
[2026-08-02 20:40:08] [CAM] 摄像头未检测到，等待重连...
[2026-08-02 20:40:08] [CAM] 摄像头捕获器已释放
[2026-08-02 20:40:08] [CAM] 摄像头未检测到，等待重连...
[2026-08-02 20:40:09] [CAM] 摄像头捕获器已释放
[2026-08-02 20:40:09] [CAM] 摄像头未检测到，等待重连...
[2026-08-02 20:40:09] [CAM] 摄像头捕获器已释放
[2026-08-02 20:40:09] [CAM] 摄像头未检测到，等待重连...
[2026-08-02 20:40:10] [CAM] 摄像头捕获器已释放
[2026-08-02 20:40:10] [CAM] 摄像头未检测到，等待重连...
[2026-08-02 20:40:10] [CAM] 摄像头捕获器已释放
[2026-08-02 20:40:10] [CAM] 摄像头未检测到，等待重连...
[2026-08-02 20:40:11] [CAM] 摄像头捕获器已释放
[2026-08-02 20:40:11] [CAM] 摄像头未检测到，等待重连...
[2026-08-02 20:40:11] [CAM] 摄像头捕获器已释放
[2026-08-02 20:40:11] [CAM] 摄像头未检测到，等待重连...
[2026-08-02 20:40:12] [CAM] 摄像头捕获器已释放
[2026-08-02 20:40:12] [CAM] 摄像头未检测到，等待重连...
[2026-08-02 20:40:12] [CAM] 摄像头捕获器已释放
[2026-08-02 20:40:12] [CAM] 摄像头未检测到，等待重连...
[2026-08-02 20:40:13] [CAM] 摄像头捕获器已释放
[2026-08-02 20:40:13] [CAM] 摄像头未检测到，等待重连...
[2026-08-02 20:40:13] [CAM] 摄像头捕获器已释放
[2026-08-02 20:40:13] [CAM] 摄像头未检测到，等待重连...
[2026-08-02 20:40:14] [CAM] 摄像头捕获器已释放
[2026-08-02 20:40:14] [CAM] 摄像头未检测到，等待重连...
[2026-08-02 20:40:14] [CAM] 摄像头捕获器已释放
[2026-08-02 20:40:14] [CAM] 摄像头未检测到，等待重连...
[2026-08-02 20:40:15] [CAM] 摄像头捕获器已释放
[2026-08-02 20:40:15] [CAM] 摄像头未检测到，等待重连...
[2026-08-02 20:40:15] [CAM] 摄像头捕获器已释放
[2026-08-02 20:40:15] [CAM] 摄像头未检测到，等待重连...
[2026-08-02 20:40:16] [CAM] 摄像头捕获器已释放
[2026-08-02 20:40:16] [CAM] 摄像头未检测到，等待重连...
[2026-08-02 20:40:16] [CAM] 摄像头捕获器已释放
[2026-08-02 20:40:16] [CAM] 摄像头未检测到，等待重连...
[2026-08-02 20:40:17] [CAM] 摄像头捕获器已释放
[2026-08-02 20:40:17] [CAM] 摄像头未检测到，等待重连...
[2026-08-02 20:40:17] [CAM] 摄像头捕获器已释放
[2026-08-02 20:40:17] [CAM] 摄像头未检测到，等待重连...
[2026-08-02 20:40:18] [CAM] 摄像头捕获器已释放
[2026-08-02 20:40:18] [CAM] 摄像头未检测到，等待重连...
[2026-08-02 20:40:18] [CAM] 摄像头捕获器已释放
[2026-08-02 20:40:18] [CAM] 摄像头未检测到，等待重连...
[2026-08-02 20:40:19] [CAM] 摄像头捕获器已释放
[2026-08-02 20:40:19] [CAM] 摄像头未检测到，等待重连...
[2026-08-02 20:40:19] [CAM] 摄像头捕获器已释放
[2026-08-02 20:40:19] [CAM] 摄像头未检测到，等待重连...
[2026-08-02 20:40:20] [CAM] 摄像头捕获器已释放
[2026-08-02 20:40:20] [CAM] 摄像头未检测到，等待重连...
[2026-08-02 20:40:20] [CAM] 摄像头捕获器已释放
[2026-08-02 20:40:20] [CAM] 摄像头未检测到，等待重连...
[2026-08-02 20:40:21] [CAM] 摄像头捕获器已释放
[2026-08-02 20:40:21] [CAM] 摄像头未检测到，等待重连...
[2026-08-02 20:40:21] [CAM] 摄像头捕获器已释放
[2026-08-02 20:40:21] [CAM] 摄像头未检测到，等待重连...
[2026-08-02 20:40:22] [CAM] 摄像头捕获器已释放
[2026-08-02 20:40:22] [CAM] 摄像头未检测到，等待重连...
[2026-08-02 20:40:22] [CAM] 摄像头捕获器已释放
[2026-08-02 20:40:22] [CAM] 摄像头未检测到，等待重连...
[2026-08-02 20:40:23] [CAM] 摄像头捕获器已释放
[2026-08-02 20:40:23] [CAM] 摄像头未检测到，等待重连...
[2026-08-02 20:40:23] [CAM] 摄像头捕获器已释放
[2026-08-02 20:40:23] [CAM] 摄像头未检测到，等待重连...
[2026-08-02 20:40:24] [CAM] 摄像头捕获器已释放
[2026-08-02 20:40:24] [CAM] 摄像头未检测到，等待重连...
[2026-08-02 20:40:24] [CAM] 摄像头捕获器已释放
[2026-08-02 20:40:24] [CAM] 摄像头未检测到，等待重连...
[2026-08-02 20:40:25] [CAM] 摄像头捕获器已释放
[2026-08-02 20:40:25] [CAM] 摄像头未检测到，等待重连...
[2026-08-02 20:40:25] [CAM] 摄像头捕获器已释放
[2026-08-02 20:40:25] [CAM] 摄像头未检测到，等待重连...
[2026-08-02 20:40:26] [CAM] 摄像头捕获器已释放
[2026-08-02 20:40:26] [CAM] 摄像头未检测到，等待重连...
[2026-08-02 20:40:26] [CAM] 摄像头捕获器已释放
[2026-08-02 20:40:26] [CAM] 摄像头未检测到，等待重连...
[2026-08-02 20:40:27] [CAM] 摄像头捕获器已释放
[2026-08-02 20:40:27] [CAM] 摄像头未检测到，等待重连...
[2026-08-02 20:40:27] [CAM] 摄像头捕获器已释放
[2026-08-02 20:40:27] [CAM] 摄像头未检测到，等待重连...
[2026-08-02 20:40:28] [CAM] 摄像头捕获器已释放
[2026-08-02 20:40:28] [CAM] 摄像头未检测到，等待重连...
[2026-08-02 20:40:28] [CAM] 摄像头捕获器已释放
[2026-08-02 20:40:28] [CAM] 摄像头未检测到，等待重连...
[2026-08-02 20:40:29] [CAM] 摄像头捕获器已释放
[2026-08-02 20:40:29] [CAM] 摄像头未检测到，等待重连...
[2026-08-02 20:40:29] [CAM] 摄像头捕获器已释放
[2026-08-02 20:40:29] [CAM] 摄像头未检测到，等待重连...
[2026-08-02 20:40:30] [CAM] 摄像头捕获器已释放
[2026-08-02 20:40:30] [CAM] 摄像头未检测到，等待重连...
[2026-08-02 20:40:30] [CAM] 摄像头捕获器已释放
[2026-08-02 20:40:30] [CAM] 摄像头未检测到，等待重连...
[2026-08-02 20:40:31] [CAM] 摄像头捕获器已释放
[2026-08-02 20:40:31] [CAM] 摄像头未检测到，等待重连...
[2026-08-02 20:40:31] [CAM] 摄像头捕获器已释放
[2026-08-02 20:40:31] [CAM] 摄像头未检测到，等待重连...
[2026-08-02 20:40:32] [CAM] 摄像头捕获器已释放
[2026-08-02 20:40:32] [CAM] 摄像头未检测到，等待重连...
[2026-08-02 20:40:32] [CAM] 摄像头捕获器已释放
[2026-08-02 20:40:32] [CAM] 摄像头未检测到，等待重连...
[2026-08-02 20:40:33] [CAM] 摄像头捕获器已释放
[2026-08-02 20:40:33] [CAM] 摄像头未检测到，等待重连...
[2026-08-02 20:40:33] [CAM] 摄像头捕获器已释放
[2026-08-02 20:40:33] [CAM] 摄像头未检测到，等待重连...
[2026-08-02 20:40:34] [CAM] 摄像头捕获器已释放
[2026-08-02 20:40:34] [CAM] 摄像头未检测到，等待重连...
[2026-08-02 20:40:34] [CAM] 摄像头捕获器已释放
[2026-08-02 20:40:34] [CAM] 摄像头未检测到，等待重连...
[2026-08-02 20:40:35] [CAM] 摄像头捕获器已释放
[2026-08-02 20:40:35] [CAM] 摄像头未检测到，等待重连...
[2026-08-02 20:40:35] [CAM] 摄像头捕获器已释放
[2026-08-02 20:40:35] [CAM] 摄像头未检测到，等待重连...
[2026-08-02 20:40:36] [CAM] 摄像头捕获器已释放
[2026-08-02 20:40:36] [CAM] 摄像头未检测到，等待重连...
[2026-08-02 20:40:36] [CAM] 摄像头捕获器已释放
[2026-08-02 20:40:36] [CAM] 摄像头未检测到，等待重连...
[2026-08-02 20:40:37] [CAM] 摄像头捕获器已释放
[2026-08-02 20:40:37] [CAM] 摄像头未检测到，等待重连...
[2026-08-02 20:40:37] [CAM] 摄像头捕获器已释放
[2026-08-02 20:40:37] [CAM] 摄像头未检测到，等待重连...
[2026-08-02 20:40:38] [CAM] 摄像头捕获器已释放
[2026-08-02 20:40:38] [CAM] 摄像头未检测到，等待重连...
[2026-08-02 20:40:38] [CAM] 摄像头捕获器已释放
[2026-08-02 20:40:38] [CAM] 摄像头未检测到，等待重连...
[2026-08-02 20:40:39] [CAM] 摄像头捕获器已释放
[2026-08-02 20:40:39] [CAM] 摄像头未检测到，等待重连...
[2026-08-02 20:40:39] [CAM] 摄像头捕获器已释放
[2026-08-02 20:40:39] [CAM] 摄像头未检测到，等待重连...
[2026-08-02 20:40:40] [CAM] 摄像头捕获器已释放
[2026-08-02 20:40:40] [CAM] 摄像头未检测到，等待重连...
[2026-08-02 20:40:40] [CAM] 摄像头捕获器已释放
[2026-08-02 20:40:40] [CAM] 摄像头未检测到，等待重连...
[2026-08-02 20:40:41] [CAM] 摄像头捕获器已释放
[2026-08-02 20:40:41] [CAM] 摄像头未检测到，等待重连...
[2026-08-02 20:40:41] [CAM] 摄像头捕获器已释放
[2026-08-02 20:40:41] [CAM] 摄像头未检测到，等待重连...
[2026-08-02 20:40:42] [CAM] 摄像头捕获器已释放
[2026-08-02 20:40:42] [CAM] 摄像头未检测到，等待重连...
[2026-08-02 20:40:42] [CAM] 摄像头捕获器已释放
[2026-08-02 20:40:42] [CAM] 摄像头未检测到，等待重连...
[2026-08-02 20:40:43] [CAM] 摄像头捕获器已释放
[2026-08-02 20:40:43] [CAM] 摄像头未检测到，等待重连...
[2026-08-02 20:40:43] [CAM] 摄像头捕获器已释放
[2026-08-02 20:40:43] [CAM] 摄像头未检测到，等待重连...
[2026-08-02 20:40:44] [CAM] 摄像头捕获器已释放
[2026-08-02 20:40:44] [CAM] 摄像头未检测到，等待重连...
[2026-08-02 20:40:44] [CAM] 摄像头捕获器已释放
[2026-08-02 20:40:44] [CAM] 摄像头未检测到，等待重连...
[2026-08-02 20:40:45] [CAM] 摄像头捕获器已释放
[2026-08-02 20:40:45] [CAM] 摄像头未检测到，等待重连...
[2026-08-02 20:40:45] [CAM] 摄像头捕获器已释放
[2026-08-02 20:40:45] [CAM] 摄像头未检测到，等待重连...
[2026-08-02 20:40:46] [CAM] 摄像头捕获器已释放
[2026-08-02 20:40:46] [CAM] 摄像头未检测到，等待重连...
[2026-08-02 20:40:46] [CAM] 摄像头捕获器已释放
[2026-08-02 20:40:46] [CAM] 摄像头未检测到，等待重连...
[2026-08-02 20:40:47] [CAM] 摄像头捕获器已释放
[2026-08-02 20:40:47] [CAM] 摄像头未检测到，等待重连...
[2026-08-02 20:40:47] [CAM] 摄像头捕获器已释放
[2026-08-02 20:40:47] [CAM] 摄像头未检测到，等待重连...
[2026-08-02 20:40:48] [CAM] 摄像头捕获器已释放
[2026-08-02 20:40:48] [CAM] 摄像头未检测到，等待重连...
[2026-08-02 20:40:48] [CAM] 摄像头捕获器已释放
[2026-08-02 20:40:48] [CAM] 摄像头未检测到，等待重连...
[2026-08-02 20:40:49] [CAM] 摄像头捕获器已释放
[2026-08-02 20:40:49] [CAM] 摄像头未检测到，等待重连...
[2026-08-02 20:40:49] [CAM] 摄像头捕获器已释放
[2026-08-02 20:40:49] [CAM] 摄像头未检测到，等待重连...
[2026-08-02 20:40:50] [CAM] 摄像头捕获器已释放
[2026-08-02 20:40:50] [CAM] 摄像头未检测到，等待重连...
[2026-08-02 20:40:50] [INFO] 程序收到关闭信号，开始安全退出流程
[2026-08-02 20:40:50] [CAM] 摄像头捕获器已释放
[2026-08-02 20:40:50] [CAM] 摄像头未检测到，等待重连...
[2026-08-02 20:40:51] [CAM] 摄像头捕获器已释放
[2026-08-02 20:40:51] [CAM] 摄像头未检测到，等待重连...
[2026-08-02 20:40:51] [SENSOR] RS485采集线程已停止
[2026-08-02 20:40:51] [CAM] 摄像头捕获器已释放
[2026-08-02 20:40:51] [INFO] 摄像头采集线程正常退出
[2026-08-02 20:40:51] [INFO] 程序正常退出
[2026-08-02 20:40:52] [INFO] 程序结束，退出码:0
