[2026-07-14 05:23:27] [INFO] ========== 幼儿园AI安全卫士程序启动 ==========
[2026-07-14 05:23:27] [INFO] 主程序窗口初始化完成
[2026-07-14 05:23:27] [SENSOR] RS485传感器采集线程已启动，串口：/dev/ttyUSB0
[2026-07-14 05:23:27] [INFO] AI环境模拟线程启动
[2026-07-14 05:23:27] [INFO] 摄像头采集线程启动
[2026-07-14 05:23:27] [CAM] 摄像头未检测到，等待重连...
[2026-07-14 05:23:27] [SENSOR] 开机未检测到温湿度传感器，延时播报
[2026-07-14 05:23:29] [NET] 网络已恢复连通
[2026-07-14 05:23:29] [MIC] 开机未检测到USB麦克风，延时播报
[2026-07-14 05:23:30] [CAM] 摄像头捕获器已释放
[2026-07-14 05:23:30] [CAM] 摄像头未检测到，等待重连...
[2026-07-14 05:23:30] [CAM] 摄像头捕获器已释放
[2026-07-14 05:23:30] [CAM] 摄像头未检测到，等待重连...
[2026-07-14 05:23:31] [CAM] 摄像头捕获器已释放
[2026-07-14 05:23:31] [CAM] 摄像头未检测到，等待重连...
[2026-07-14 05:23:31] [CAM] 摄像头捕获器已释放
[2026-07-14 05:23:31] [CAM] 摄像头未检测到，等待重连...
[2026-07-14 05:23:32] [CAM] 摄像头捕获器已释放
[2026-07-14 05:23:32] [CAM] 摄像头未检测到，等待重连...
[2026-07-14 05:23:32] [CAM] 摄像头捕获器已释放
[2026-07-14 05:23:32] [CAM] 摄像头未检测到，等待重连...
[2026-07-14 05:23:33] [CAM] 摄像头捕获器已释放
[2026-07-14 05:23:33] [CAM] 摄像头未检测到，等待重连...
[2026-07-14 05:23:33] [CAM] 摄像头捕获器已释放
[2026-07-14 05:23:33] [CAM] 摄像头未检测到，等待重连...
[2026-07-14 05:23:34] [CAM] 摄像头捕获器已释放
[2026-07-14 05:23:34] [CAM] 摄像头未检测到，等待重连...
[2026-07-14 05:23:34] [CAM] 摄像头捕获器已释放
[2026-07-14 05:23:34] [CAM] 摄像头未检测到，等待重连...
[2026-07-14 05:23:35] [CAM] 摄像头捕获器已释放
[2026-07-14 05:23:35] [CAM] 摄像头未检测到，等待重连...
[2026-07-14 05:23:35] [CAM] 摄像头捕获器已释放
[2026-07-14 05:23:35] [CAM] 摄像头未检测到，等待重连...
[2026-07-14 05:23:36] [CAM] 摄像头捕获器已释放
[2026-07-14 05:23:36] [CAM] 摄像头未检测到，等待重连...
[2026-07-14 05:23:36] [CAM] 摄像头捕获器已释放
[2026-07-14 05:23:36] [CAM] 摄像头未检测到，等待重连...
[2026-07-14 05:23:37] [CAM] 摄像头捕获器已释放
[2026-07-14 05:23:37] [CAM] 摄像头未检测到，等待重连...
[2026-07-14 05:23:37] [CAM] 摄像头捕获器已释放
[2026-07-14 05:23:37] [CAM] 摄像头未检测到，等待重连...
[2026-07-14 05:23:38] [CAM] 摄像头捕获器已释放
[2026-07-14 05:23:38] [CAM] 摄像头未检测到，等待重连...
[2026-07-14 05:23:38] [CAM] 摄像头捕获器已释放
[2026-07-14 05:23:38] [CAM] 摄像头未检测到，等待重连...
[2026-07-14 05:23:39] [CAM] 摄像头捕获器已释放
[2026-07-14 05:23:39] [CAM] 摄像头未检测到，等待重连...
[2026-07-14 05:23:39] [CAM] 摄像头捕获器已释放
[2026-07-14 05:23:39] [CAM] 摄像头未检测到，等待重连...
[2026-07-14 05:23:40] [CAM] 摄像头捕获器已释放
[2026-07-14 05:23:40] [CAM] 摄像头未检测到，等待重连...
[2026-07-14 05:23:40] [CAM] 摄像头捕获器已释放
[2026-07-14 05:23:40] [CAM] 摄像头未检测到，等待重连...
[2026-07-14 05:23:41] [CAM] 摄像头捕获器已释放
[2026-07-14 05:23:41] [CAM] 摄像头未检测到，等待重连...
[2026-07-14 05:23:41] [CAM] 摄像头捕获器已释放
[2026-07-14 05:23:41] [CAM] 摄像头未检测到，等待重连...
[2026-07-14 05:23:42] [CAM] 摄像头捕获器已释放
[2026-07-14 05:23:42] [CAM] 摄像头未检测到，等待重连...
[2026-07-14 05:23:42] [CAM] 摄像头捕获器已释放
[2026-07-14 05:23:42] [CAM] 摄像头未检测到，等待重连...
[2026-07-14 05:23:40] [CAM] 摄像头捕获器已释放
[2026-07-14 05:23:40] [CAM] 摄像头未检测到，等待重连...
[2026-07-14 05:23:40] [CAM] 摄像头捕获器已释放
[2026-07-14 05:23:40] [CAM] 摄像头未检测到，等待重连...
[2026-07-14 05:23:41] [CAM] 摄像头捕获器已释放
[2026-07-14 05:23:41] [CAM] 摄像头未检测到，等待重连...
[2026-07-14 05:23:41] [CAM] 摄像头捕获器已释放
[2026-07-14 05:23:41] [CAM] 摄像头未检测到，等待重连...
[2026-07-14 05:23:42] [CAM] 摄像头捕获器已释放
[2026-07-14 05:23:42] [CAM] 摄像头未检测到，等待重连...
[2026-07-14 05:23:42] [CAM] 摄像头捕获器已释放
[2026-07-14 05:23:42] [CAM] 摄像头未检测到，等待重连...
[2026-07-14 05:23:43] [CAM] 摄像头捕获器已释放
[2026-07-14 05:23:43] [CAM] 摄像头未检测到，等待重连...
[2026-07-14 05:23:43] [CAM] 摄像头捕获器已释放
[2026-07-14 05:23:43] [CAM] 摄像头未检测到，等待重连...
[2026-07-14 05:23:44] [CAM] 摄像头捕获器已释放
[2026-07-14 05:23:44] [CAM] 摄像头未检测到，等待重连...
[2026-07-14 05:23:44] [CAM] 摄像头捕获器已释放
[2026-07-14 05:23:44] [CAM] 摄像头未检测到，等待重连...
[2026-07-14 05:23:45] [CAM] 摄像头捕获器已释放
[2026-07-14 05:23:45] [CAM] 摄像头未检测到，等待重连...
[2026-07-14 05:23:45] [CAM] 摄像头捕获器已释放
[2026-07-14 05:23:45] [CAM] 摄像头未检测到，等待重连...
[2026-07-14 05:23:46] [CAM] 摄像头捕获器已释放
[2026-07-14 05:23:46] [CAM] 摄像头未检测到，等待重连...
[2026-07-14 05:23:46] [CAM] 摄像头捕获器已释放
[2026-07-14 05:23:46] [CAM] 摄像头未检测到，等待重连...
[2026-07-14 05:23:47] [CAM] 摄像头捕获器已释放
[2026-07-14 05:23:47] [CAM] 摄像头未检测到，等待重连...
[2026-07-14 05:23:47] [CAM] 摄像头捕获器已释放
[2026-07-14 05:23:47] [CAM] 摄像头未检测到，等待重连...
[2026-07-14 05:23:48] [CAM] 摄像头捕获器已释放
[2026-07-14 05:23:48] [CAM] 摄像头未检测到，等待重连...
[2026-07-14 05:23:48] [CAM] 摄像头捕获器已释放
[2026-07-14 05:23:48] [CAM] 摄像头未检测到，等待重连...
[2026-07-14 05:23:49] [CAM] 摄像头捕获器已释放
[2026-07-14 05:23:49] [CAM] 摄像头未检测到，等待重连...
[2026-07-14 05:23:49] [CAM] 摄像头捕获器已释放
[2026-07-14 05:23:49] [CAM] 摄像头未检测到，等待重连...
[2026-07-14 05:23:50] [CAM] 摄像头捕获器已释放
[2026-07-14 05:23:50] [CAM] 摄像头未检测到，等待重连...
[2026-07-14 05:23:50] [CAM] 摄像头捕获器已释放
[2026-07-14 05:23:50] [CAM] 摄像头未检测到，等待重连...
[2026-07-14 05:23:51] [CAM] 摄像头捕获器已释放
[2026-07-14 05:23:51] [CAM] 摄像头未检测到，等待重连...
[2026-07-14 05:23:51] [CAM] 摄像头捕获器已释放
[2026-07-14 05:23:51] [CAM] 摄像头未检测到，等待重连...
[2026-07-14 05:23:52] [CAM] 摄像头捕获器已释放
[2026-07-14 05:23:52] [CAM] 摄像头未检测到，等待重连...
[2026-07-14 05:23:52] [CAM] 摄像头捕获器已释放
[2026-07-14 05:23:52] [CAM] 摄像头未检测到，等待重连...
[2026-07-14 05:23:53] [CAM] 摄像头捕获器已释放
[2026-07-14 05:23:53] [CAM] 摄像头未检测到，等待重连...
[2026-07-14 05:23:53] [CAM] 摄像头捕获器已释放
[2026-07-14 05:23:53] [CAM] 摄像头未检测到，等待重连...
[2026-07-14 05:23:54] [CAM] 摄像头捕获器已释放
[2026-07-14 05:23:54] [CAM] 摄像头未检测到，等待重连...
[2026-07-14 05:23:54] [CAM] 摄像头捕获器已释放
[2026-07-14 05:23:54] [CAM] 摄像头未检测到，等待重连...
[2026-07-14 05:23:55] [CAM] 摄像头捕获器已释放
[2026-07-14 05:23:55] [CAM] 摄像头未检测到，等待重连...
[2026-07-14 05:23:55] [CAM] 摄像头捕获器已释放
[2026-07-14 05:23:55] [CAM] 摄像头未检测到，等待重连...
[2026-07-14 05:23:56] [CAM] 摄像头捕获器已释放
[2026-07-14 05:23:56] [CAM] 摄像头未检测到，等待重连...
[2026-07-14 05:23:56] [CAM] 摄像头捕获器已释放
[2026-07-14 05:23:56] [CAM] 摄像头未检测到，等待重连...
[2026-07-14 05:23:57] [CAM] 摄像头捕获器已释放
[2026-07-14 05:23:57] [CAM] 摄像头未检测到，等待重连...
[2026-07-14 05:23:57] [CAM] 摄像头捕获器已释放
[2026-07-14 05:23:57] [CAM] 摄像头未检测到，等待重连...
[2026-07-14 05:23:58] [CAM] 摄像头捕获器已释放
[2026-07-14 05:23:58] [CAM] 摄像头未检测到，等待重连...
[2026-07-14 05:23:58] [CAM] 摄像头捕获器已释放
[2026-07-14 05:23:58] [CAM] 摄像头未检测到，等待重连...
[2026-07-14 05:23:59] [CAM] 摄像头捕获器已释放
[2026-07-14 05:23:59] [CAM] 摄像头未检测到，等待重连...
[2026-07-14 05:23:59] [CAM] 摄像头捕获器已释放
[2026-07-14 05:23:59] [CAM] 摄像头未检测到，等待重连...
[2026-07-14 05:24:00] [CAM] 摄像头捕获器已释放
[2026-07-14 05:24:00] [CAM] 摄像头未检测到，等待重连...
[2026-07-14 05:24:00] [CAM] 摄像头捕获器已释放
[2026-07-14 05:24:00] [CAM] 摄像头未检测到，等待重连...
[2026-07-14 05:24:01] [CAM] 摄像头捕获器已释放
[2026-07-14 05:24:01] [CAM] 摄像头未检测到，等待重连...
[2026-07-14 05:24:01] [CAM] 摄像头捕获器已释放
[2026-07-14 05:24:01] [CAM] 摄像头未检测到，等待重连...
[2026-07-14 05:24:02] [CAM] 摄像头捕获器已释放
[2026-07-14 05:24:02] [CAM] 摄像头未检测到，等待重连...
[2026-07-14 05:24:02] [CAM] 摄像头捕获器已释放
[2026-07-14 05:24:02] [CAM] 摄像头未检测到，等待重连...
[2026-07-14 05:24:03] [CAM] 摄像头捕获器已释放
[2026-07-14 05:24:03] [CAM] 摄像头未检测到，等待重连...
[2026-07-14 05:24:03] [CAM] 摄像头捕获器已释放
[2026-07-14 05:24:03] [CAM] 摄像头未检测到，等待重连...
[2026-07-14 05:24:04] [CAM] 摄像头捕获器已释放
[2026-07-14 05:24:04] [CAM] 摄像头未检测到，等待重连...
[2026-07-14 05:24:04] [CAM] 摄像头捕获器已释放
[2026-07-14 05:24:04] [CAM] 摄像头未检测到，等待重连...
[2026-07-14 05:24:05] [CAM] 摄像头捕获器已释放
[2026-07-14 05:24:05] [CAM] 摄像头未检测到，等待重连...
[2026-07-14 05:24:05] [CAM] 摄像头捕获器已释放
[2026-07-14 05:24:05] [CAM] 摄像头未检测到，等待重连...
[2026-07-14 05:24:06] [CAM] 摄像头捕获器已释放
[2026-07-14 05:24:06] [CAM] 摄像头未检测到，等待重连...
[2026-07-14 05:24:06] [CAM] 摄像头捕获器已释放
[2026-07-14 05:24:06] [CAM] 摄像头未检测到，等待重连...
[2026-07-14 05:24:07] [CAM] 摄像头捕获器已释放
[2026-07-14 05:24:07] [CAM] 摄像头未检测到，等待重连...
[2026-07-14 05:24:07] [CAM] 摄像头捕获器已释放
[2026-07-14 05:24:07] [CAM] 摄像头未检测到，等待重连...
[2026-07-14 05:24:08] [CAM] 摄像头捕获器已释放
[2026-07-14 05:24:08] [CAM] 摄像头未检测到，等待重连...
[2026-07-14 05:24:08] [CAM] 摄像头捕获器已释放
[2026-07-14 05:24:08] [CAM] 摄像头未检测到，等待重连...
[2026-07-14 05:24:09] [CAM] 摄像头捕获器已释放
[2026-07-14 05:24:09] [CAM] 摄像头未检测到，等待重连...
[2026-07-14 05:24:09] [CAM] 摄像头捕获器已释放
[2026-07-14 05:24:09] [CAM] 摄像头未检测到，等待重连...
[2026-07-14 05:24:10] [CAM] 摄像头捕获器已释放
[2026-07-14 05:24:10] [CAM] 摄像头未检测到，等待重连...
[2026-07-14 05:24:10] [CAM] 摄像头捕获器已释放
[2026-07-14 05:24:10] [CAM] 摄像头未检测到，等待重连...
[2026-07-14 05:24:11] [CAM] 摄像头捕获器已释放
[2026-07-14 05:24:11] [CAM] 摄像头未检测到，等待重连...
[2026-07-14 05:24:11] [CAM] 摄像头捕获器已释放
[2026-07-14 05:24:11] [CAM] 摄像头未检测到，等待重连...
[2026-07-14 05:24:12] [CAM] 摄像头捕获器已释放
[2026-07-14 05:24:12] [CAM] 摄像头未检测到，等待重连...
[2026-07-14 05:24:12] [CAM] 摄像头捕获器已释放
[2026-07-14 05:24:12] [CAM] 摄像头未检测到，等待重连...
[2026-07-14 05:24:13] [CAM] 摄像头捕获器已释放
[2026-07-14 05:24:13] [CAM] 摄像头未检测到，等待重连...
[2026-07-14 05:24:13] [CAM] 摄像头捕获器已释放
[2026-07-14 05:24:13] [CAM] 摄像头未检测到，等待重连...
[2026-07-14 05:24:14] [CAM] 摄像头捕获器已释放
[2026-07-14 05:24:14] [CAM] 摄像头未检测到，等待重连...
[2026-07-14 05:24:14] [CAM] 摄像头捕获器已释放
[2026-07-14 05:24:14] [CAM] 摄像头未检测到，等待重连...
[2026-07-14 05:24:15] [CAM] 摄像头捕获器已释放
[2026-07-14 05:24:15] [CAM] 摄像头未检测到，等待重连...
[2026-07-14 05:24:15] [CAM] 摄像头捕获器已释放
[2026-07-14 05:24:15] [CAM] 摄像头未检测到，等待重连...
[2026-07-14 05:24:16] [CAM] 摄像头捕获器已释放
[2026-07-14 05:24:16] [CAM] 摄像头未检测到，等待重连...
[2026-07-14 05:24:16] [CAM] 摄像头捕获器已释放
[2026-07-14 05:24:16] [CAM] 摄像头未检测到，等待重连...
[2026-07-14 05:24:17] [CAM] 摄像头捕获器已释放
[2026-07-14 05:24:17] [CAM] 摄像头未检测到，等待重连...
[2026-07-14 05:24:17] [CAM] 摄像头捕获器已释放
[2026-07-14 05:24:17] [CAM] 摄像头未检测到，等待重连...
[2026-07-14 05:24:18] [CAM] 摄像头捕获器已释放
[2026-07-14 05:24:18] [CAM] 摄像头未检测到，等待重连...
[2026-07-14 05:24:18] [CAM] 摄像头捕获器已释放
[2026-07-14 05:24:18] [CAM] 摄像头未检测到，等待重连...
[2026-07-14 05:24:19] [CAM] 摄像头捕获器已释放
[2026-07-14 05:24:19] [CAM] 摄像头未检测到，等待重连...
[2026-07-14 05:24:19] [CAM] 摄像头捕获器已释放
[2026-07-14 05:24:19] [CAM] 摄像头未检测到，等待重连...
[2026-07-14 05:24:20] [CAM] 摄像头捕获器已释放
[2026-07-14 05:24:20] [CAM] 摄像头未检测到，等待重连...
[2026-07-14 05:24:20] [CAM] 摄像头捕获器已释放
[2026-07-14 05:24:20] [CAM] 摄像头未检测到，等待重连...
[2026-07-14 05:24:21] [CAM] 摄像头捕获器已释放
[2026-07-14 05:24:21] [CAM] 摄像头未检测到，等待重连...
[2026-07-14 05:24:21] [CAM] 摄像头捕获器已释放
[2026-07-14 05:24:21] [CAM] 摄像头未检测到，等待重连...
[2026-07-14 05:24:22] [CAM] 摄像头捕获器已释放
[2026-07-14 05:24:22] [CAM] 摄像头未检测到，等待重连...
[2026-07-14 05:24:22] [CAM] 摄像头捕获器已释放
[2026-07-14 05:24:22] [CAM] 摄像头未检测到，等待重连...
[2026-07-14 05:24:23] [CAM] 摄像头捕获器已释放
[2026-07-14 05:24:23] [CAM] 摄像头未检测到，等待重连...
[2026-07-14 05:24:23] [CAM] 摄像头捕获器已释放
[2026-07-14 05:24:23] [CAM] 摄像头未检测到，等待重连...
[2026-07-14 05:24:24] [CAM] 摄像头捕获器已释放
[2026-07-14 05:24:24] [CAM] 摄像头未检测到，等待重连...
[2026-07-14 05:24:24] [CAM] 摄像头捕获器已释放
[2026-07-14 05:24:24] [CAM] 摄像头未检测到，等待重连...
[2026-07-14 05:24:25] [CAM] 摄像头捕获器已释放
[2026-07-14 05:24:25] [CAM] 摄像头未检测到，等待重连...
[2026-07-14 05:24:25] [CAM] 摄像头捕获器已释放
[2026-07-14 05:24:25] [CAM] 摄像头未检测到，等待重连...
[2026-07-14 05:24:26] [CAM] 摄像头捕获器已释放
[2026-07-14 05:24:26] [CAM] 摄像头未检测到，等待重连...
[2026-07-14 05:24:26] [CAM] 摄像头捕获器已释放
[2026-07-14 05:24:26] [CAM] 摄像头未检测到，等待重连...
[2026-07-14 05:24:27] [CAM] 摄像头捕获器已释放
[2026-07-14 05:24:27] [CAM] 摄像头未检测到，等待重连...
[2026-07-14 05:24:27] [CAM] 摄像头捕获器已释放
[2026-07-14 05:24:27] [CAM] 摄像头未检测到，等待重连...
[2026-07-14 05:24:28] [CAM] 摄像头捕获器已释放
[2026-07-14 05:24:28] [CAM] 摄像头未检测到，等待重连...
[2026-07-14 05:24:28] [CAM] 摄像头捕获器已释放
[2026-07-14 05:24:28] [CAM] 摄像头未检测到，等待重连...
[2026-07-14 05:24:29] [CAM] 摄像头捕获器已释放
[2026-07-14 05:24:29] [CAM] 摄像头未检测到，等待重连...
[2026-07-14 05:24:29] [CAM] 摄像头捕获器已释放
[2026-07-14 05:24:29] [CAM] 摄像头未检测到，等待重连...
[2026-07-14 05:24:30] [CAM] 摄像头捕获器已释放
[2026-07-14 05:24:30] [CAM] 摄像头未检测到，等待重连...
[2026-07-14 05:24:30] [CAM] 摄像头捕获器已释放
[2026-07-14 05:24:30] [CAM] 摄像头未检测到，等待重连...
[2026-07-14 05:24:31] [CAM] 摄像头捕获器已释放
[2026-07-14 05:24:31] [CAM] 摄像头未检测到，等待重连...
[2026-07-14 05:24:31] [CAM] 摄像头捕获器已释放
[2026-07-14 05:24:31] [CAM] 摄像头未检测到，等待重连...
[2026-07-14 05:24:32] [CAM] 摄像头捕获器已释放
[2026-07-14 05:24:32] [CAM] 摄像头未检测到，等待重连...
[2026-07-14 05:24:32] [CAM] 摄像头捕获器已释放
[2026-07-14 05:24:32] [CAM] 摄像头未检测到，等待重连...
[2026-07-14 05:24:33] [CAM] 摄像头捕获器已释放
[2026-07-14 05:24:33] [CAM] 摄像头未检测到，等待重连...
[2026-07-14 05:24:33] [CAM] 摄像头捕获器已释放
[2026-07-14 05:24:33] [CAM] 摄像头未检测到，等待重连...
[2026-07-14 05:24:34] [CAM] 摄像头捕获器已释放
[2026-07-14 05:24:34] [CAM] 摄像头未检测到，等待重连...
[2026-07-14 05:24:34] [CAM] 摄像头捕获器已释放
[2026-07-14 05:24:34] [CAM] 摄像头未检测到，等待重连...
[2026-07-14 05:24:35] [CAM] 摄像头捕获器已释放
[2026-07-14 05:24:35] [CAM] 摄像头未检测到，等待重连...
[2026-07-14 05:24:35] [CAM] 摄像头捕获器已释放
[2026-07-14 05:24:35] [CAM] 摄像头未检测到，等待重连...
[2026-07-14 05:24:36] [CAM] 摄像头捕获器已释放
[2026-07-14 05:24:36] [CAM] 摄像头未检测到，等待重连...
[2026-07-14 05:24:36] [CAM] 摄像头捕获器已释放
[2026-07-14 05:24:36] [CAM] 摄像头未检测到，等待重连...
[2026-07-14 05:24:36] [INFO] 切换运行模式: 课堂模式 场景:中四班
[2026-07-14 05:24:37] [INFO] 切换运行模式: 午睡模式 场景:一楼左侧睡眠室
[2026-07-14 05:24:37] [CAM] 摄像头捕获器已释放
[2026-07-14 05:24:37] [CAM] 摄像头未检测到，等待重连...
[2026-07-14 05:24:37] [INFO] 切换运行模式: 公共巡查模式 场景:公共过道
[2026-07-14 05:24:37] [CAM] 摄像头捕获器已释放
[2026-07-14 05:24:37] [CAM] 摄像头未检测到，等待重连...
[2026-07-14 05:24:38] [CAM] 摄像头捕获器已释放
[2026-07-14 05:24:38] [CAM] 摄像头未检测到，等待重连...
[2026-07-14 05:24:38] [CAM] 摄像头捕获器已释放
[2026-07-14 05:24:38] [CAM] 摄像头未检测到，等待重连...
[2026-07-14 05:24:39] [CAM] 摄像头捕获器已释放
[2026-07-14 05:24:39] [CAM] 摄像头未检测到，等待重连...
[2026-07-14 05:24:39] [CAM] 摄像头捕获器已释放
[2026-07-14 05:24:39] [CAM] 摄像头未检测到，等待重连...
[2026-07-14 05:24:40] [CAM] 摄像头捕获器已释放
[2026-07-14 05:24:40] [CAM] 摄像头未检测到，等待重连...
[2026-07-14 05:24:40] [CAM] 摄像头捕获器已释放
[2026-07-14 05:24:40] [CAM] 摄像头未检测到，等待重连...
[2026-07-14 05:24:41] [CAM] 摄像头捕获器已释放
[2026-07-14 05:24:41] [CAM] 摄像头未检测到，等待重连...
[2026-07-14 05:24:41] [CAM] 摄像头捕获器已释放
[2026-07-14 05:24:41] [CAM] 摄像头未检测到，等待重连...
[2026-07-14 05:24:42] [CAM] 摄像头捕获器已释放
[2026-07-14 05:24:42] [CAM] 摄像头未检测到，等待重连...
[2026-07-14 05:24:42] [CAM] 摄像头捕获器已释放
[2026-07-14 05:24:42] [CAM] 摄像头未检测到，等待重连...
[2026-07-14 05:24:43] [CAM] 摄像头捕获器已释放
[2026-07-14 05:24:43] [CAM] 摄像头未检测到，等待重连...
[2026-07-14 05:24:43] [CAM] 摄像头捕获器已释放
[2026-07-14 05:24:43] [CAM] 摄像头未检测到，等待重连...
[2026-07-14 05:24:44] [CAM] 摄像头捕获器已释放
[2026-07-14 05:24:44] [CAM] 摄像头未检测到，等待重连...
[2026-07-14 05:24:44] [CAM] 摄像头捕获器已释放
[2026-07-14 05:24:44] [CAM] 摄像头未检测到，等待重连...
[2026-07-14 05:24:45] [CAM] 摄像头捕获器已释放
[2026-07-14 05:24:45] [CAM] 摄像头未检测到，等待重连...
[2026-07-14 05:24:45] [CAM] 摄像头捕获器已释放
[2026-07-14 05:24:45] [CAM] 摄像头未检测到，等待重连...
[2026-07-14 05:24:46] [CAM] 摄像头捕获器已释放
[2026-07-14 05:24:46] [CAM] 摄像头未检测到，等待重连...
[2026-07-14 05:24:46] [CAM] 摄像头捕获器已释放
[2026-07-14 05:24:46] [CAM] 摄像头未检测到，等待重连...
[2026-07-14 05:24:47] [CAM] 摄像头捕获器已释放
[2026-07-14 05:24:47] [CAM] 摄像头未检测到，等待重连...
[2026-07-14 05:24:47] [CAM] 摄像头捕获器已释放
[2026-07-14 05:24:47] [CAM] 摄像头未检测到，等待重连...
[2026-07-14 05:24:48] [CAM] 摄像头捕获器已释放
[2026-07-14 05:24:48] [CAM] 摄像头未检测到，等待重连...
[2026-07-14 05:24:48] [CAM] 摄像头捕获器已释放
[2026-07-14 05:24:48] [CAM] 摄像头未检测到，等待重连...
[2026-07-14 05:24:49] [CAM] 摄像头捕获器已释放
[2026-07-14 05:24:49] [CAM] 摄像头未检测到，等待重连...
[2026-07-14 05:24:49] [CAM] 摄像头捕获器已释放
[2026-07-14 05:24:49] [CAM] 摄像头未检测到，等待重连...
[2026-07-14 05:24:50] [CAM] 摄像头捕获器已释放
[2026-07-14 05:24:50] [CAM] 摄像头未检测到，等待重连...
[2026-07-14 05:24:50] [CAM] 摄像头捕获器已释放
[2026-07-14 05:24:50] [CAM] 摄像头未检测到，等待重连...
[2026-07-14 05:24:51] [CAM] 摄像头捕获器已释放
[2026-07-14 05:24:51] [CAM] 摄像头未检测到，等待重连...
[2026-07-14 05:24:51] [CAM] 摄像头捕获器已释放
[2026-07-14 05:24:51] [CAM] 摄像头未检测到，等待重连...
[2026-07-14 05:24:52] [CAM] 摄像头捕获器已释放
[2026-07-14 05:24:52] [CAM] 摄像头未检测到，等待重连...
[2026-07-14 05:24:52] [CAM] 摄像头捕获器已释放
[2026-07-14 05:24:52] [CAM] 摄像头未检测到，等待重连...
[2026-07-14 05:24:53] [CAM] 摄像头捕获器已释放
[2026-07-14 05:24:53] [CAM] 摄像头未检测到，等待重连...
[2026-07-14 05:24:53] [CAM] 摄像头捕获器已释放
[2026-07-14 05:24:53] [CAM] 摄像头未检测到，等待重连...
[2026-07-14 05:24:54] [CAM] 摄像头捕获器已释放
[2026-07-14 05:24:54] [CAM] 摄像头未检测到，等待重连...
[2026-07-14 05:24:54] [CAM] 摄像头捕获器已释放
[2026-07-14 05:24:54] [CAM] 摄像头未检测到，等待重连...
[2026-07-14 05:24:55] [CAM] 摄像头捕获器已释放
[2026-07-14 05:24:55] [CAM] 摄像头未检测到，等待重连...
[2026-07-14 05:24:55] [CAM] 摄像头捕获器已释放
[2026-07-14 05:24:55] [CAM] 摄像头未检测到，等待重连...
[2026-07-14 05:24:56] [CAM] 摄像头捕获器已释放
[2026-07-14 05:24:56] [CAM] 摄像头未检测到，等待重连...
[2026-07-14 05:24:56] [CAM] 摄像头捕获器已释放
[2026-07-14 05:24:56] [CAM] 摄像头未检测到，等待重连...
[2026-07-14 05:24:57] [CAM] 摄像头捕获器已释放
[2026-07-14 05:24:57] [CAM] 摄像头未检测到，等待重连...
[2026-07-14 05:24:57] [CAM] 摄像头捕获器已释放
[2026-07-14 05:24:57] [CAM] 摄像头未检测到，等待重连...
[2026-07-14 05:24:58] [CAM] 摄像头捕获器已释放
[2026-07-14 05:24:58] [CAM] 摄像头未检测到，等待重连...
[2026-07-14 05:24:58] [CAM] 摄像头捕获器已释放
[2026-07-14 05:24:58] [CAM] 摄像头未检测到，等待重连...
[2026-07-14 05:24:59] [CAM] 摄像头捕获器已释放
[2026-07-14 05:24:59] [CAM] 摄像头未检测到，等待重连...
[2026-07-14 05:24:59] [CAM] 摄像头捕获器已释放
[2026-07-14 05:24:59] [CAM] 摄像头未检测到，等待重连...
[2026-07-14 05:25:00] [CAM] 摄像头捕获器已释放
[2026-07-14 05:25:00] [CAM] 摄像头未检测到，等待重连...
[2026-07-14 05:25:00] [CAM] 摄像头捕获器已释放
[2026-07-14 05:25:00] [CAM] 摄像头未检测到，等待重连...
[2026-07-14 05:25:01] [CAM] 摄像头捕获器已释放
[2026-07-14 05:25:01] [CAM] 摄像头未检测到，等待重连...
[2026-07-14 05:25:01] [CAM] 摄像头捕获器已释放
[2026-07-14 05:25:01] [CAM] 摄像头未检测到，等待重连...
[2026-07-14 05:25:02] [CAM] 摄像头捕获器已释放
[2026-07-14 05:25:02] [CAM] 摄像头未检测到，等待重连...
[2026-07-14 05:25:02] [CAM] 摄像头捕获器已释放
[2026-07-14 05:25:02] [CAM] 摄像头未检测到，等待重连...
[2026-07-14 05:25:03] [CAM] 摄像头捕获器已释放
[2026-07-14 05:25:03] [CAM] 摄像头未检测到，等待重连...
[2026-07-14 05:25:03] [CAM] 摄像头捕获器已释放
[2026-07-14 05:25:03] [CAM] 摄像头未检测到，等待重连...
[2026-07-14 05:25:04] [CAM] 摄像头捕获器已释放
[2026-07-14 05:25:04] [CAM] 摄像头未检测到，等待重连...
[2026-07-14 05:25:04] [CAM] 摄像头捕获器已释放
[2026-07-14 05:25:04] [CAM] 摄像头未检测到，等待重连...
[2026-07-14 05:25:05] [CAM] 摄像头捕获器已释放
[2026-07-14 05:25:05] [CAM] 摄像头未检测到，等待重连...
[2026-07-14 05:25:05] [CAM] 摄像头捕获器已释放
[2026-07-14 05:25:05] [CAM] 摄像头未检测到，等待重连...
[2026-07-14 05:25:06] [CAM] 摄像头捕获器已释放
[2026-07-14 05:25:06] [CAM] 摄像头未检测到，等待重连...
[2026-07-14 05:25:06] [CAM] 摄像头捕获器已释放
[2026-07-14 05:25:06] [CAM] 摄像头未检测到，等待重连...
[2026-07-14 05:25:07] [CAM] 摄像头捕获器已释放
[2026-07-14 05:25:07] [CAM] 摄像头未检测到，等待重连...
[2026-07-14 05:25:07] [CAM] 摄像头捕获器已释放
[2026-07-14 05:25:07] [CAM] 摄像头未检测到，等待重连...
[2026-07-14 05:25:08] [CAM] 摄像头捕获器已释放
[2026-07-14 05:25:08] [CAM] 摄像头未检测到，等待重连...
[2026-07-14 05:25:08] [CAM] 摄像头捕获器已释放
[2026-07-14 05:25:08] [CAM] 摄像头未检测到，等待重连...
[2026-07-14 05:25:09] [CAM] 摄像头捕获器已释放
[2026-07-14 05:25:09] [CAM] 摄像头未检测到，等待重连...
[2026-07-14 05:25:09] [CAM] 摄像头捕获器已释放
[2026-07-14 05:25:09] [CAM] 摄像头未检测到，等待重连...
[2026-07-14 05:25:10] [CAM] 摄像头捕获器已释放
[2026-07-14 05:25:10] [CAM] 摄像头未检测到，等待重连...
[2026-07-14 05:25:10] [CAM] 摄像头捕获器已释放
[2026-07-14 05:25:10] [CAM] 摄像头未检测到，等待重连...
[2026-07-14 05:25:11] [CAM] 摄像头捕获器已释放
[2026-07-14 05:25:11] [CAM] 摄像头未检测到，等待重连...
[2026-07-14 05:25:11] [CAM] 摄像头捕获器已释放
[2026-07-14 05:25:11] [CAM] 摄像头未检测到，等待重连...
[2026-07-14 05:25:12] [CAM] 摄像头捕获器已释放
[2026-07-14 05:25:12] [CAM] 摄像头未检测到，等待重连...
[2026-07-14 05:25:12] [CAM] 摄像头捕获器已释放
[2026-07-14 05:25:12] [CAM] 摄像头未检测到，等待重连...
[2026-07-14 05:25:13] [CAM] 摄像头捕获器已释放
[2026-07-14 05:25:13] [CAM] 摄像头未检测到，等待重连...
[2026-07-14 05:25:13] [CAM] 摄像头捕获器已释放
[2026-07-14 05:25:13] [CAM] 摄像头未检测到，等待重连...
[2026-07-14 05:25:14] [CAM] 摄像头捕获器已释放
[2026-07-14 05:25:14] [CAM] 摄像头未检测到，等待重连...
[2026-07-14 05:25:14] [CAM] 摄像头捕获器已释放
[2026-07-14 05:25:14] [CAM] 摄像头未检测到，等待重连...
[2026-07-14 05:25:15] [CAM] 摄像头捕获器已释放
[2026-07-14 05:25:15] [CAM] 摄像头未检测到，等待重连...
[2026-07-14 05:25:15] [CAM] 摄像头捕获器已释放
[2026-07-14 05:25:15] [CAM] 摄像头未检测到，等待重连...
[2026-07-14 05:25:16] [CAM] 摄像头捕获器已释放
[2026-07-14 05:25:16] [CAM] 摄像头未检测到，等待重连...
[2026-07-14 05:25:16] [CAM] 摄像头捕获器已释放
[2026-07-14 05:25:16] [CAM] 摄像头未检测到，等待重连...
[2026-07-14 05:25:17] [CAM] 摄像头捕获器已释放
[2026-07-14 05:25:17] [CAM] 摄像头未检测到，等待重连...
[2026-07-14 05:25:17] [CAM] 摄像头捕获器已释放
[2026-07-14 05:25:17] [CAM] 摄像头未检测到，等待重连...
[2026-07-14 05:25:18] [CAM] 摄像头捕获器已释放
[2026-07-14 05:25:18] [CAM] 摄像头未检测到，等待重连...
[2026-07-14 05:25:18] [CAM] 摄像头捕获器已释放
[2026-07-14 05:25:18] [CAM] 摄像头未检测到，等待重连...
[2026-07-14 05:25:19] [CAM] 摄像头捕获器已释放
[2026-07-14 05:25:19] [CAM] 摄像头未检测到，等待重连...
[2026-07-14 05:25:19] [CAM] 摄像头捕获器已释放
[2026-07-14 05:25:19] [CAM] 摄像头未检测到，等待重连...
[2026-07-14 05:25:20] [CAM] 摄像头捕获器已释放
[2026-07-14 05:25:20] [CAM] 摄像头未检测到，等待重连...
[2026-07-14 05:25:20] [CAM] 摄像头捕获器已释放
[2026-07-14 05:25:20] [CAM] 摄像头未检测到，等待重连...
[2026-07-14 05:25:21] [CAM] 摄像头捕获器已释放
[2026-07-14 05:25:21] [CAM] 摄像头未检测到，等待重连...
[2026-07-14 05:25:21] [CAM] 摄像头捕获器已释放
[2026-07-14 05:25:21] [CAM] 摄像头未检测到，等待重连...
[2026-07-14 05:25:22] [CAM] 摄像头捕获器已释放
[2026-07-14 05:25:22] [CAM] 摄像头未检测到，等待重连...
[2026-07-14 05:25:22] [CAM] 摄像头捕获器已释放
[2026-07-14 05:25:22] [CAM] 摄像头未检测到，等待重连...
[2026-07-14 05:25:23] [CAM] 摄像头捕获器已释放
[2026-07-14 05:25:23] [CAM] 摄像头未检测到，等待重连...
[2026-07-14 05:25:23] [CAM] 摄像头捕获器已释放
[2026-07-14 05:25:23] [CAM] 摄像头未检测到，等待重连...
[2026-07-14 05:25:24] [CAM] 摄像头捕获器已释放
[2026-07-14 05:25:24] [CAM] 摄像头未检测到，等待重连...
[2026-07-14 05:25:24] [CAM] 摄像头捕获器已释放
[2026-07-14 05:25:24] [CAM] 摄像头未检测到，等待重连...
[2026-07-14 05:25:25] [CAM] 摄像头捕获器已释放
[2026-07-14 05:25:25] [CAM] 摄像头未检测到，等待重连...
[2026-07-14 05:25:25] [CAM] 摄像头捕获器已释放
[2026-07-14 05:25:25] [CAM] 摄像头未检测到，等待重连...
[2026-07-14 05:25:26] [CAM] 摄像头捕获器已释放
[2026-07-14 05:25:26] [CAM] 摄像头未检测到，等待重连...
[2026-07-14 05:25:26] [CAM] 摄像头捕获器已释放
[2026-07-14 05:25:26] [CAM] 摄像头未检测到，等待重连...
[2026-07-14 05:25:27] [CAM] 摄像头捕获器已释放
[2026-07-14 05:25:27] [CAM] 摄像头未检测到，等待重连...
[2026-07-14 05:25:27] [CAM] 摄像头捕获器已释放
[2026-07-14 05:25:27] [CAM] 摄像头未检测到，等待重连...
[2026-07-14 05:25:28] [CAM] 摄像头捕获器已释放
[2026-07-14 05:25:28] [CAM] 摄像头未检测到，等待重连...
[2026-07-14 05:25:28] [CAM] 摄像头捕获器已释放
[2026-07-14 05:25:28] [CAM] 摄像头未检测到，等待重连...
[2026-07-14 05:25:29] [CAM] 摄像头捕获器已释放
[2026-07-14 05:25:29] [CAM] 摄像头未检测到，等待重连...
[2026-07-14 05:25:29] [CAM] 摄像头捕获器已释放
[2026-07-14 05:25:29] [CAM] 摄像头未检测到，等待重连...
[2026-07-14 05:25:30] [CAM] 摄像头捕获器已释放
[2026-07-14 05:25:30] [CAM] 摄像头未检测到，等待重连...
[2026-07-14 05:25:30] [CAM] 摄像头捕获器已释放
[2026-07-14 05:25:30] [CAM] 摄像头未检测到，等待重连...
[2026-07-14 05:25:31] [CAM] 摄像头捕获器已释放
[2026-07-14 05:25:31] [CAM] 摄像头未检测到，等待重连...
[2026-07-14 05:25:31] [CAM] 摄像头捕获器已释放
[2026-07-14 05:25:31] [CAM] 摄像头未检测到，等待重连...
[2026-07-14 05:25:32] [CAM] 摄像头捕获器已释放
[2026-07-14 05:25:32] [CAM] 摄像头未检测到，等待重连...
[2026-07-14 05:25:32] [CAM] 摄像头捕获器已释放
[2026-07-14 05:25:32] [CAM] 摄像头未检测到，等待重连...
[2026-07-14 05:25:33] [CAM] 摄像头捕获器已释放
[2026-07-14 05:25:33] [CAM] 摄像头未检测到，等待重连...
[2026-07-14 05:25:33] [CAM] 摄像头捕获器已释放
[2026-07-14 05:25:33] [CAM] 摄像头未检测到，等待重连...
[2026-07-14 05:25:34] [CAM] 摄像头捕获器已释放
[2026-07-14 05:25:34] [CAM] 摄像头未检测到，等待重连...
[2026-07-14 05:25:34] [CAM] 摄像头捕获器已释放
[2026-07-14 05:25:34] [CAM] 摄像头未检测到，等待重连...
[2026-07-14 05:25:35] [CAM] 摄像头捕获器已释放
[2026-07-14 05:25:35] [CAM] 摄像头未检测到，等待重连...
[2026-07-14 05:25:35] [CAM] 摄像头捕获器已释放
[2026-07-14 05:25:35] [CAM] 摄像头未检测到，等待重连...
[2026-07-14 05:25:36] [CAM] 摄像头捕获器已释放
[2026-07-14 05:25:36] [CAM] 摄像头未检测到，等待重连...
[2026-07-14 05:25:36] [CAM] 摄像头捕获器已释放
[2026-07-14 05:25:36] [CAM] 摄像头未检测到，等待重连...
[2026-07-14 05:25:37] [CAM] 摄像头捕获器已释放
[2026-07-14 05:25:37] [CAM] 摄像头未检测到，等待重连...
[2026-07-14 05:25:37] [CAM] 摄像头捕获器已释放
[2026-07-14 05:25:37] [CAM] 摄像头未检测到，等待重连...
[2026-07-14 05:25:38] [CAM] 摄像头捕获器已释放
[2026-07-14 05:25:38] [CAM] 摄像头未检测到，等待重连...
[2026-07-14 05:25:38] [CAM] 摄像头捕获器已释放
[2026-07-14 05:25:38] [CAM] 摄像头未检测到，等待重连...
[2026-07-14 05:25:39] [CAM] 摄像头捕获器已释放
[2026-07-14 05:25:39] [CAM] 摄像头未检测到，等待重连...
[2026-07-14 05:25:39] [CAM] 摄像头捕获器已释放
[2026-07-14 05:25:39] [CAM] 摄像头未检测到，等待重连...
[2026-07-14 05:25:40] [CAM] 摄像头捕获器已释放
[2026-07-14 05:25:40] [CAM] 摄像头未检测到，等待重连...
[2026-07-14 05:25:40] [CAM] 摄像头捕获器已释放
[2026-07-14 05:25:40] [CAM] 摄像头未检测到，等待重连...
[2026-07-14 05:25:41] [CAM] 摄像头捕获器已释放
[2026-07-14 05:25:41] [CAM] 摄像头未检测到，等待重连...
[2026-07-14 05:25:41] [CAM] 摄像头捕获器已释放
[2026-07-14 05:25:41] [CAM] 摄像头未检测到，等待重连...
[2026-07-14 05:25:42] [CAM] 摄像头捕获器已释放
[2026-07-14 05:25:42] [CAM] 摄像头未检测到，等待重连...
[2026-07-14 05:25:42] [CAM] 摄像头捕获器已释放
[2026-07-14 05:25:42] [CAM] 摄像头未检测到，等待重连...
[2026-07-14 05:25:43] [CAM] 摄像头捕获器已释放
[2026-07-14 05:25:43] [CAM] 摄像头未检测到，等待重连...
[2026-07-14 05:25:43] [CAM] 摄像头捕获器已释放
[2026-07-14 05:25:43] [CAM] 摄像头未检测到，等待重连...
[2026-07-14 05:25:44] [CAM] 摄像头捕获器已释放
[2026-07-14 05:25:44] [CAM] 摄像头未检测到，等待重连...
[2026-07-14 05:25:44] [CAM] 摄像头捕获器已释放
[2026-07-14 05:25:44] [CAM] 摄像头未检测到，等待重连...
[2026-07-14 05:25:45] [CAM] 摄像头捕获器已释放
[2026-07-14 05:25:45] [CAM] 摄像头未检测到，等待重连...
[2026-07-14 05:25:45] [CAM] 摄像头捕获器已释放
[2026-07-14 05:25:45] [CAM] 摄像头未检测到，等待重连...
[2026-07-14 05:25:46] [CAM] 摄像头捕获器已释放
[2026-07-14 05:25:46] [CAM] 摄像头未检测到，等待重连...
[2026-07-14 05:25:46] [CAM] 摄像头捕获器已释放
[2026-07-14 05:25:46] [CAM] 摄像头未检测到，等待重连...
[2026-07-14 05:25:47] [CAM] 摄像头捕获器已释放
[2026-07-14 05:25:47] [CAM] 摄像头未检测到，等待重连...
[2026-07-14 05:25:47] [CAM] 摄像头捕获器已释放
[2026-07-14 05:25:47] [CAM] 摄像头未检测到，等待重连...
[2026-07-14 05:25:48] [CAM] 摄像头捕获器已释放
[2026-07-14 05:25:48] [CAM] 摄像头未检测到，等待重连...
[2026-07-14 05:25:48] [CAM] 摄像头捕获器已释放
[2026-07-14 05:25:48] [CAM] 摄像头未检测到，等待重连...
[2026-07-14 05:25:49] [CAM] 摄像头捕获器已释放
[2026-07-14 05:25:49] [CAM] 摄像头未检测到，等待重连...
[2026-07-14 05:25:49] [CAM] 摄像头捕获器已释放
[2026-07-14 05:25:49] [CAM] 摄像头未检测到，等待重连...
[2026-07-14 05:25:50] [CAM] 摄像头捕获器已释放
[2026-07-14 05:25:50] [CAM] 摄像头未检测到，等待重连...
[2026-07-14 05:25:50] [CAM] 摄像头捕获器已释放
[2026-07-14 05:25:50] [CAM] 摄像头未检测到，等待重连...
[2026-07-14 05:25:51] [CAM] 摄像头捕获器已释放
[2026-07-14 05:25:51] [CAM] 摄像头未检测到，等待重连...
[2026-07-14 05:25:51] [CAM] 摄像头捕获器已释放
[2026-07-14 05:25:51] [CAM] 摄像头未检测到，等待重连...
[2026-07-14 05:25:52] [CAM] 摄像头捕获器已释放
[2026-07-14 05:25:52] [CAM] 摄像头未检测到，等待重连...
[2026-07-14 05:25:52] [CAM] 摄像头捕获器已释放
[2026-07-14 05:25:52] [CAM] 摄像头未检测到，等待重连...
[2026-07-14 05:25:53] [CAM] 摄像头捕获器已释放
[2026-07-14 05:25:53] [CAM] 摄像头未检测到，等待重连...
[2026-07-14 05:25:53] [CAM] 摄像头捕获器已释放
[2026-07-14 05:25:53] [CAM] 摄像头未检测到，等待重连...
[2026-07-14 05:25:54] [CAM] 摄像头捕获器已释放
[2026-07-14 05:25:54] [CAM] 摄像头未检测到，等待重连...
[2026-07-14 05:25:54] [CAM] 摄像头捕获器已释放
[2026-07-14 05:25:54] [CAM] 摄像头未检测到，等待重连...
[2026-07-14 05:25:55] [CAM] 摄像头捕获器已释放
[2026-07-14 05:25:55] [CAM] 摄像头未检测到，等待重连...
[2026-07-14 05:25:55] [CAM] 摄像头捕获器已释放
[2026-07-14 05:25:55] [CAM] 摄像头未检测到，等待重连...
[2026-07-14 05:25:56] [CAM] 摄像头捕获器已释放
[2026-07-14 05:25:56] [CAM] 摄像头未检测到，等待重连...
[2026-07-14 05:25:56] [CAM] 摄像头捕获器已释放
[2026-07-14 05:25:56] [CAM] 摄像头未检测到，等待重连...
[2026-07-14 05:25:57] [CAM] 摄像头捕获器已释放
[2026-07-14 05:25:57] [CAM] 摄像头未检测到，等待重连...
[2026-07-14 05:25:58] [CAM] 摄像头捕获器已释放
[2026-07-14 05:25:58] [CAM] 摄像头未检测到，等待重连...
[2026-07-14 05:25:58] [CAM] 摄像头捕获器已释放
[2026-07-14 05:25:58] [CAM] 摄像头未检测到，等待重连...
[2026-07-14 05:25:59] [CAM] 摄像头捕获器已释放
[2026-07-14 05:25:59] [CAM] 摄像头未检测到，等待重连...
[2026-07-14 05:25:59] [CAM] 摄像头捕获器已释放
[2026-07-14 05:25:59] [CAM] 摄像头未检测到，等待重连...
[2026-07-14 05:26:00] [CAM] 摄像头捕获器已释放
[2026-07-14 05:26:00] [CAM] 摄像头未检测到，等待重连...
[2026-07-14 05:26:00] [CAM] 摄像头捕获器已释放
[2026-07-14 05:26:00] [CAM] 摄像头未检测到，等待重连...
[2026-07-14 05:26:01] [CAM] 摄像头捕获器已释放
[2026-07-14 05:26:01] [CAM] 摄像头未检测到，等待重连...
[2026-07-14 05:26:01] [CAM] 摄像头捕获器已释放
[2026-07-14 05:26:01] [CAM] 摄像头未检测到，等待重连...
[2026-07-14 05:26:02] [CAM] 摄像头捕获器已释放
[2026-07-14 05:26:02] [CAM] 摄像头未检测到，等待重连...
[2026-07-14 05:26:02] [CAM] 摄像头捕获器已释放
[2026-07-14 05:26:02] [CAM] 摄像头未检测到，等待重连...
[2026-07-14 05:26:03] [CAM] 摄像头捕获器已释放
[2026-07-14 05:26:03] [CAM] 摄像头未检测到，等待重连...
[2026-07-14 05:26:03] [CAM] 摄像头捕获器已释放
[2026-07-14 05:26:03] [CAM] 摄像头未检测到，等待重连...
[2026-07-14 05:26:04] [CAM] 摄像头捕获器已释放
[2026-07-14 05:26:04] [CAM] 摄像头未检测到，等待重连...
[2026-07-14 05:26:04] [CAM] 摄像头捕获器已释放
[2026-07-14 05:26:04] [CAM] 摄像头未检测到，等待重连...
[2026-07-14 05:26:05] [CAM] 摄像头捕获器已释放
[2026-07-14 05:26:05] [CAM] 摄像头未检测到，等待重连...
[2026-07-14 05:26:05] [CAM] 摄像头捕获器已释放
[2026-07-14 05:26:05] [CAM] 摄像头未检测到，等待重连...
[2026-07-14 05:26:06] [CAM] 摄像头捕获器已释放
[2026-07-14 05:26:06] [CAM] 摄像头未检测到，等待重连...
[2026-07-14 05:26:06] [CAM] 摄像头捕获器已释放
[2026-07-14 05:26:06] [CAM] 摄像头未检测到，等待重连...
[2026-07-14 05:26:07] [CAM] 摄像头捕获器已释放
[2026-07-14 05:26:07] [CAM] 摄像头未检测到，等待重连...
[2026-07-14 05:26:07] [CAM] 摄像头捕获器已释放
[2026-07-14 05:26:07] [CAM] 摄像头未检测到，等待重连...
[2026-07-14 05:26:08] [CAM] 摄像头捕获器已释放
[2026-07-14 05:26:08] [CAM] 摄像头未检测到，等待重连...
[2026-07-14 05:26:08] [CAM] 摄像头捕获器已释放
[2026-07-14 05:26:08] [CAM] 摄像头未检测到，等待重连...
[2026-07-14 05:26:09] [CAM] 摄像头捕获器已释放
[2026-07-14 05:26:09] [CAM] 摄像头未检测到，等待重连...
[2026-07-14 05:26:09] [CAM] 摄像头捕获器已释放
[2026-07-14 05:26:09] [CAM] 摄像头未检测到，等待重连...
[2026-07-14 05:26:10] [CAM] 摄像头捕获器已释放
[2026-07-14 05:26:10] [CAM] 摄像头未检测到，等待重连...
[2026-07-14 05:26:10] [CAM] 摄像头捕获器已释放
[2026-07-14 05:26:10] [CAM] 摄像头未检测到，等待重连...
[2026-07-14 05:26:11] [CAM] 摄像头捕获器已释放
[2026-07-14 05:26:11] [CAM] 摄像头未检测到，等待重连...
[2026-07-14 05:26:11] [CAM] 摄像头捕获器已释放
[2026-07-14 05:26:11] [CAM] 摄像头未检测到，等待重连...
[2026-07-14 05:26:12] [CAM] 摄像头捕获器已释放
[2026-07-14 05:26:12] [CAM] 摄像头未检测到，等待重连...
[2026-07-14 05:26:12] [CAM] 摄像头捕获器已释放
[2026-07-14 05:26:12] [CAM] 摄像头未检测到，等待重连...
[2026-07-14 05:26:13] [CAM] 摄像头捕获器已释放
[2026-07-14 05:26:13] [CAM] 摄像头未检测到，等待重连...
[2026-07-14 05:26:13] [CAM] 摄像头捕获器已释放
[2026-07-14 05:26:13] [CAM] 摄像头未检测到，等待重连...
[2026-07-14 05:26:14] [CAM] 摄像头捕获器已释放
[2026-07-14 05:26:14] [CAM] 摄像头未检测到，等待重连...
[2026-07-14 05:26:14] [CAM] 摄像头捕获器已释放
[2026-07-14 05:26:14] [CAM] 摄像头未检测到，等待重连...
[2026-07-14 05:26:15] [CAM] 摄像头捕获器已释放
[2026-07-14 05:26:15] [CAM] 摄像头未检测到，等待重连...
[2026-07-14 05:26:15] [CAM] 摄像头捕获器已释放
[2026-07-14 05:26:15] [CAM] 摄像头未检测到，等待重连...
[2026-07-14 05:26:16] [CAM] 摄像头捕获器已释放
[2026-07-14 05:26:16] [CAM] 摄像头未检测到，等待重连...
[2026-07-14 05:26:16] [CAM] 摄像头捕获器已释放
[2026-07-14 05:26:16] [CAM] 摄像头未检测到，等待重连...
[2026-07-14 05:26:17] [CAM] 摄像头捕获器已释放
[2026-07-14 05:26:17] [CAM] 摄像头未检测到，等待重连...
[2026-07-14 05:26:17] [CAM] 摄像头捕获器已释放
[2026-07-14 05:26:17] [CAM] 摄像头未检测到，等待重连...
[2026-07-14 05:26:18] [CAM] 摄像头捕获器已释放
[2026-07-14 05:26:18] [CAM] 摄像头未检测到，等待重连...
[2026-07-14 05:26:18] [CAM] 摄像头捕获器已释放
[2026-07-14 05:26:18] [CAM] 摄像头未检测到，等待重连...
[2026-07-14 05:26:19] [CAM] 摄像头捕获器已释放
[2026-07-14 05:26:19] [CAM] 摄像头未检测到，等待重连...
[2026-07-14 05:26:19] [CAM] 摄像头捕获器已释放
[2026-07-14 05:26:19] [CAM] 摄像头未检测到，等待重连...
[2026-07-14 05:26:20] [CAM] 摄像头捕获器已释放
[2026-07-14 05:26:20] [CAM] 摄像头未检测到，等待重连...
[2026-07-14 05:26:20] [CAM] 摄像头捕获器已释放
[2026-07-14 05:26:20] [CAM] 摄像头未检测到，等待重连...
[2026-07-14 05:26:21] [CAM] 摄像头捕获器已释放
[2026-07-14 05:26:21] [CAM] 摄像头未检测到，等待重连...
[2026-07-14 05:26:21] [CAM] 摄像头捕获器已释放
[2026-07-14 05:26:21] [CAM] 摄像头未检测到，等待重连...
[2026-07-14 05:26:22] [CAM] 摄像头捕获器已释放
[2026-07-14 05:26:22] [CAM] 摄像头未检测到，等待重连...
[2026-07-14 05:26:22] [CAM] 摄像头捕获器已释放
[2026-07-14 05:26:22] [CAM] 摄像头未检测到，等待重连...
[2026-07-14 05:26:23] [CAM] 摄像头捕获器已释放
[2026-07-14 05:26:23] [CAM] 摄像头未检测到，等待重连...
[2026-07-14 05:26:23] [CAM] 摄像头捕获器已释放
[2026-07-14 05:26:23] [CAM] 摄像头未检测到，等待重连...
[2026-07-14 05:26:24] [CAM] 摄像头捕获器已释放
[2026-07-14 05:26:24] [CAM] 摄像头未检测到，等待重连...
[2026-07-14 05:26:24] [CAM] 摄像头捕获器已释放
[2026-07-14 05:26:24] [CAM] 摄像头未检测到，等待重连...
[2026-07-14 05:26:25] [CAM] 摄像头捕获器已释放
[2026-07-14 05:26:25] [CAM] 摄像头未检测到，等待重连...
[2026-07-14 05:26:25] [CAM] 摄像头捕获器已释放
[2026-07-14 05:26:25] [CAM] 摄像头未检测到，等待重连...
[2026-07-14 05:26:26] [CAM] 摄像头捕获器已释放
[2026-07-14 05:26:26] [CAM] 摄像头未检测到，等待重连...
[2026-07-14 05:26:26] [CAM] 摄像头捕获器已释放
[2026-07-14 05:26:26] [CAM] 摄像头未检测到，等待重连...
[2026-07-14 05:26:27] [CAM] 摄像头捕获器已释放
[2026-07-14 05:26:27] [CAM] 摄像头未检测到，等待重连...
[2026-07-14 05:26:27] [CAM] 摄像头捕获器已释放
[2026-07-14 05:26:27] [CAM] 摄像头未检测到，等待重连...
[2026-07-14 05:26:28] [CAM] 摄像头捕获器已释放
[2026-07-14 05:26:28] [CAM] 摄像头未检测到，等待重连...
[2026-07-14 05:26:28] [CAM] 摄像头捕获器已释放
[2026-07-14 05:26:28] [CAM] 摄像头未检测到，等待重连...
[2026-07-14 05:26:29] [CAM] 摄像头捕获器已释放
[2026-07-14 05:26:29] [CAM] 摄像头未检测到，等待重连...
[2026-07-14 05:26:29] [CAM] 摄像头捕获器已释放
[2026-07-14 05:26:29] [CAM] 摄像头未检测到，等待重连...
[2026-07-14 05:26:30] [CAM] 摄像头捕获器已释放
[2026-07-14 05:26:30] [CAM] 摄像头未检测到，等待重连...
[2026-07-14 05:26:30] [CAM] 摄像头捕获器已释放
[2026-07-14 05:26:30] [CAM] 摄像头未检测到，等待重连...
[2026-07-14 05:26:31] [CAM] 摄像头捕获器已释放
[2026-07-14 05:26:31] [CAM] 摄像头未检测到，等待重连...
[2026-07-14 05:26:31] [CAM] 摄像头捕获器已释放
[2026-07-14 05:26:31] [CAM] 摄像头未检测到，等待重连...
[2026-07-14 05:26:32] [CAM] 摄像头捕获器已释放
[2026-07-14 05:26:32] [CAM] 摄像头未检测到，等待重连...
[2026-07-14 05:26:32] [CAM] 摄像头捕获器已释放
[2026-07-14 05:26:32] [CAM] 摄像头未检测到，等待重连...
[2026-07-14 05:26:33] [CAM] 摄像头捕获器已释放
[2026-07-14 05:26:33] [CAM] 摄像头未检测到，等待重连...
[2026-07-14 05:26:33] [CAM] 摄像头捕获器已释放
[2026-07-14 05:26:33] [CAM] 摄像头未检测到，等待重连...
[2026-07-14 05:26:34] [CAM] 摄像头捕获器已释放
[2026-07-14 05:26:34] [CAM] 摄像头未检测到，等待重连...
[2026-07-14 05:26:34] [CAM] 摄像头捕获器已释放
[2026-07-14 05:26:34] [CAM] 摄像头未检测到，等待重连...
[2026-07-14 05:26:35] [CAM] 摄像头捕获器已释放
[2026-07-14 05:26:35] [CAM] 摄像头未检测到，等待重连...
[2026-07-14 05:26:35] [CAM] 摄像头捕获器已释放
[2026-07-14 05:26:35] [CAM] 摄像头未检测到，等待重连...
[2026-07-14 05:26:36] [CAM] 摄像头捕获器已释放
[2026-07-14 05:26:36] [CAM] 摄像头未检测到，等待重连...
[2026-07-14 05:26:36] [CAM] 摄像头捕获器已释放
[2026-07-14 05:26:36] [CAM] 摄像头未检测到，等待重连...
[2026-07-14 05:26:37] [CAM] 摄像头捕获器已释放
[2026-07-14 05:26:37] [CAM] 摄像头未检测到，等待重连...
[2026-07-14 05:26:37] [CAM] 摄像头捕获器已释放
[2026-07-14 05:26:37] [CAM] 摄像头未检测到，等待重连...
[2026-07-14 05:26:38] [CAM] 摄像头捕获器已释放
[2026-07-14 05:26:38] [CAM] 摄像头未检测到，等待重连...
[2026-07-14 05:26:38] [CAM] 摄像头捕获器已释放
[2026-07-14 05:26:38] [CAM] 摄像头未检测到，等待重连...
[2026-07-14 05:26:39] [CAM] 摄像头捕获器已释放
[2026-07-14 05:26:39] [CAM] 摄像头未检测到，等待重连...
[2026-07-14 05:26:39] [CAM] 摄像头捕获器已释放
[2026-07-14 05:26:39] [CAM] 摄像头未检测到，等待重连...
[2026-07-14 05:26:40] [CAM] 摄像头捕获器已释放
[2026-07-14 05:26:40] [CAM] 摄像头未检测到，等待重连...
[2026-07-14 05:26:40] [CAM] 摄像头捕获器已释放
[2026-07-14 05:26:40] [CAM] 摄像头未检测到，等待重连...
[2026-07-14 05:26:41] [CAM] 摄像头捕获器已释放
[2026-07-14 05:26:41] [CAM] 摄像头未检测到，等待重连...
[2026-07-14 05:26:41] [CAM] 摄像头捕获器已释放
[2026-07-14 05:26:41] [CAM] 摄像头未检测到，等待重连...
[2026-07-14 05:26:42] [CAM] 摄像头捕获器已释放
[2026-07-14 05:26:42] [CAM] 摄像头未检测到，等待重连...
[2026-07-14 05:26:42] [CAM] 摄像头捕获器已释放
[2026-07-14 05:26:42] [CAM] 摄像头未检测到，等待重连...
[2026-07-14 05:26:43] [CAM] 摄像头捕获器已释放
[2026-07-14 05:26:43] [CAM] 摄像头未检测到，等待重连...
[2026-07-14 05:26:43] [CAM] 摄像头捕获器已释放
[2026-07-14 05:26:43] [CAM] 摄像头未检测到，等待重连...
[2026-07-14 05:26:44] [CAM] 摄像头捕获器已释放
[2026-07-14 05:26:44] [CAM] 摄像头未检测到，等待重连...
[2026-07-14 05:26:44] [CAM] 摄像头捕获器已释放
[2026-07-14 05:26:44] [CAM] 摄像头未检测到，等待重连...
[2026-07-14 05:26:45] [CAM] 摄像头捕获器已释放
[2026-07-14 05:26:45] [CAM] 摄像头未检测到，等待重连...
[2026-07-14 05:26:45] [CAM] 摄像头捕获器已释放
[2026-07-14 05:26:45] [CAM] 摄像头未检测到，等待重连...
[2026-07-14 05:26:46] [CAM] 摄像头捕获器已释放
[2026-07-14 05:26:46] [CAM] 摄像头未检测到，等待重连...
[2026-07-14 05:26:46] [CAM] 摄像头捕获器已释放
[2026-07-14 05:26:46] [CAM] 摄像头未检测到，等待重连...
[2026-07-14 05:26:47] [CAM] 摄像头捕获器已释放
[2026-07-14 05:26:47] [CAM] 摄像头未检测到，等待重连...
[2026-07-14 05:26:47] [CAM] 摄像头捕获器已释放
[2026-07-14 05:26:47] [CAM] 摄像头未检测到，等待重连...
[2026-07-14 05:26:48] [CAM] 摄像头捕获器已释放
[2026-07-14 05:26:48] [CAM] 摄像头未检测到，等待重连...
[2026-07-14 05:26:48] [CAM] 摄像头捕获器已释放
[2026-07-14 05:26:48] [CAM] 摄像头未检测到，等待重连...
[2026-07-14 05:26:49] [CAM] 摄像头捕获器已释放
[2026-07-14 05:26:49] [CAM] 摄像头未检测到，等待重连...
[2026-07-14 05:26:49] [CAM] 摄像头捕获器已释放
[2026-07-14 05:26:49] [CAM] 摄像头未检测到，等待重连...
[2026-07-14 05:26:50] [CAM] 摄像头捕获器已释放
[2026-07-14 05:26:50] [CAM] 摄像头未检测到，等待重连...
[2026-07-14 05:26:50] [CAM] 摄像头捕获器已释放
[2026-07-14 05:26:50] [CAM] 摄像头未检测到，等待重连...
[2026-07-14 05:26:51] [CAM] 摄像头捕获器已释放
[2026-07-14 05:26:51] [CAM] 摄像头未检测到，等待重连...
[2026-07-14 05:26:51] [CAM] 摄像头捕获器已释放
[2026-07-14 05:26:51] [CAM] 摄像头未检测到，等待重连...
[2026-07-14 05:26:52] [CAM] 摄像头捕获器已释放
[2026-07-14 05:26:52] [CAM] 摄像头未检测到，等待重连...
[2026-07-14 05:26:52] [CAM] 摄像头捕获器已释放
[2026-07-14 05:26:52] [CAM] 摄像头未检测到，等待重连...
[2026-07-14 05:26:53] [CAM] 摄像头捕获器已释放
[2026-07-14 05:26:53] [CAM] 摄像头未检测到，等待重连...
[2026-07-14 05:26:53] [CAM] 摄像头捕获器已释放
[2026-07-14 05:26:53] [CAM] 摄像头未检测到，等待重连...
[2026-07-14 05:26:54] [CAM] 摄像头捕获器已释放
[2026-07-14 05:26:54] [CAM] 摄像头未检测到，等待重连...
[2026-07-14 05:26:54] [CAM] 摄像头捕获器已释放
[2026-07-14 05:26:54] [CAM] 摄像头未检测到，等待重连...
[2026-07-14 05:26:55] [CAM] 摄像头捕获器已释放
[2026-07-14 05:26:55] [CAM] 摄像头未检测到，等待重连...
[2026-07-14 05:26:55] [CAM] 摄像头捕获器已释放
[2026-07-14 05:26:55] [CAM] 摄像头未检测到，等待重连...
[2026-07-14 05:26:56] [CAM] 摄像头捕获器已释放
[2026-07-14 05:26:56] [CAM] 摄像头未检测到，等待重连...
[2026-07-14 05:26:56] [CAM] 摄像头捕获器已释放
[2026-07-14 05:26:56] [CAM] 摄像头未检测到，等待重连...
[2026-07-14 05:26:57] [CAM] 摄像头捕获器已释放
[2026-07-14 05:26:57] [CAM] 摄像头未检测到，等待重连...
[2026-07-14 05:26:57] [CAM] 摄像头捕获器已释放
[2026-07-14 05:26:57] [CAM] 摄像头未检测到，等待重连...
[2026-07-14 05:26:58] [CAM] 摄像头捕获器已释放
[2026-07-14 05:26:58] [CAM] 摄像头未检测到，等待重连...
[2026-07-14 05:26:58] [CAM] 摄像头捕获器已释放
[2026-07-14 05:26:58] [CAM] 摄像头未检测到，等待重连...
[2026-07-14 05:26:59] [CAM] 摄像头捕获器已释放
[2026-07-14 05:26:59] [CAM] 摄像头未检测到，等待重连...
[2026-07-14 05:26:59] [CAM] 摄像头捕获器已释放
[2026-07-14 05:26:59] [CAM] 摄像头未检测到，等待重连...
[2026-07-14 05:27:00] [CAM] 摄像头捕获器已释放
[2026-07-14 05:27:00] [CAM] 摄像头未检测到，等待重连...
[2026-07-14 05:27:00] [CAM] 摄像头捕获器已释放
[2026-07-14 05:27:00] [CAM] 摄像头未检测到，等待重连...
[2026-07-14 05:27:01] [CAM] 摄像头捕获器已释放
[2026-07-14 05:27:01] [CAM] 摄像头未检测到，等待重连...
[2026-07-14 05:27:01] [CAM] 摄像头捕获器已释放
[2026-07-14 05:27:01] [CAM] 摄像头未检测到，等待重连...
[2026-07-14 05:27:02] [CAM] 摄像头捕获器已释放
[2026-07-14 05:27:02] [CAM] 摄像头未检测到，等待重连...
[2026-07-14 05:27:02] [CAM] 摄像头捕获器已释放
[2026-07-14 05:27:02] [CAM] 摄像头未检测到，等待重连...
[2026-07-14 05:27:03] [CAM] 摄像头捕获器已释放
[2026-07-14 05:27:03] [CAM] 摄像头未检测到，等待重连...
[2026-07-14 05:27:03] [CAM] 摄像头捕获器已释放
[2026-07-14 05:27:03] [CAM] 摄像头未检测到，等待重连...
[2026-07-14 05:27:04] [CAM] 摄像头捕获器已释放
[2026-07-14 05:27:04] [CAM] 摄像头未检测到，等待重连...
[2026-07-14 05:27:04] [CAM] 摄像头捕获器已释放
[2026-07-14 05:27:04] [CAM] 摄像头未检测到，等待重连...
[2026-07-14 05:27:05] [CAM] 摄像头捕获器已释放
[2026-07-14 05:27:05] [CAM] 摄像头未检测到，等待重连...
[2026-07-14 05:27:05] [CAM] 摄像头捕获器已释放
[2026-07-14 05:27:05] [CAM] 摄像头未检测到，等待重连...
[2026-07-14 05:27:06] [CAM] 摄像头捕获器已释放
[2026-07-14 05:27:06] [CAM] 摄像头未检测到，等待重连...
[2026-07-14 05:27:06] [CAM] 摄像头捕获器已释放
[2026-07-14 05:27:06] [CAM] 摄像头未检测到，等待重连...
[2026-07-14 05:27:07] [CAM] 摄像头捕获器已释放
[2026-07-14 05:27:07] [CAM] 摄像头未检测到，等待重连...
[2026-07-14 05:27:07] [CAM] 摄像头捕获器已释放
[2026-07-14 05:27:07] [CAM] 摄像头未检测到，等待重连...
[2026-07-14 05:27:08] [CAM] 摄像头捕获器已释放
[2026-07-14 05:27:08] [CAM] 摄像头未检测到，等待重连...
[2026-07-14 05:27:08] [CAM] 摄像头捕获器已释放
[2026-07-14 05:27:08] [CAM] 摄像头未检测到，等待重连...
[2026-07-14 05:27:09] [CAM] 摄像头捕获器已释放
[2026-07-14 05:27:09] [CAM] 摄像头未检测到，等待重连...
[2026-07-14 05:27:09] [CAM] 摄像头捕获器已释放
[2026-07-14 05:27:09] [CAM] 摄像头未检测到，等待重连...
[2026-07-14 05:27:10] [CAM] 摄像头捕获器已释放
[2026-07-14 05:27:10] [CAM] 摄像头未检测到，等待重连...
[2026-07-14 05:27:10] [CAM] 摄像头捕获器已释放
[2026-07-14 05:27:10] [CAM] 摄像头未检测到，等待重连...
[2026-07-14 05:27:11] [CAM] 摄像头捕获器已释放
[2026-07-14 05:27:11] [CAM] 摄像头未检测到，等待重连...
[2026-07-14 05:27:11] [CAM] 摄像头捕获器已释放
[2026-07-14 05:27:11] [CAM] 摄像头未检测到，等待重连...
[2026-07-14 05:27:12] [CAM] 摄像头捕获器已释放
[2026-07-14 05:27:12] [CAM] 摄像头未检测到，等待重连...
[2026-07-14 05:27:12] [CAM] 摄像头捕获器已释放
[2026-07-14 05:27:12] [CAM] 摄像头未检测到，等待重连...
[2026-07-14 05:27:13] [CAM] 摄像头捕获器已释放
[2026-07-14 05:27:13] [CAM] 摄像头未检测到，等待重连...
[2026-07-14 05:27:13] [CAM] 摄像头捕获器已释放
[2026-07-14 05:27:13] [CAM] 摄像头未检测到，等待重连...
[2026-07-14 05:27:14] [CAM] 摄像头捕获器已释放
[2026-07-14 05:27:14] [CAM] 摄像头未检测到，等待重连...
[2026-07-14 05:27:14] [CAM] 摄像头捕获器已释放
[2026-07-14 05:27:14] [CAM] 摄像头未检测到，等待重连...
[2026-07-14 05:27:15] [CAM] 摄像头捕获器已释放
[2026-07-14 05:27:15] [CAM] 摄像头未检测到，等待重连...
[2026-07-14 05:27:15] [CAM] 摄像头捕获器已释放
[2026-07-14 05:27:15] [CAM] 摄像头未检测到，等待重连...
[2026-07-14 05:27:16] [CAM] 摄像头捕获器已释放
[2026-07-14 05:27:16] [CAM] 摄像头未检测到，等待重连...
[2026-07-14 05:27:16] [CAM] 摄像头捕获器已释放
[2026-07-14 05:27:16] [CAM] 摄像头未检测到，等待重连...
[2026-07-14 05:27:17] [CAM] 摄像头捕获器已释放
[2026-07-14 05:27:17] [CAM] 摄像头未检测到，等待重连...
[2026-07-14 05:27:17] [CAM] 摄像头捕获器已释放
[2026-07-14 05:27:17] [CAM] 摄像头未检测到，等待重连...
[2026-07-14 05:27:18] [CAM] 摄像头捕获器已释放
[2026-07-14 05:27:18] [CAM] 摄像头未检测到，等待重连...
[2026-07-14 05:27:18] [CAM] 摄像头捕获器已释放
[2026-07-14 05:27:18] [CAM] 摄像头未检测到，等待重连...
[2026-07-14 05:27:19] [CAM] 摄像头捕获器已释放
[2026-07-14 05:27:19] [CAM] 摄像头未检测到，等待重连...
[2026-07-14 05:27:19] [CAM] 摄像头捕获器已释放
[2026-07-14 05:27:19] [CAM] 摄像头未检测到，等待重连...
[2026-07-14 05:27:20] [CAM] 摄像头捕获器已释放
[2026-07-14 05:27:20] [CAM] 摄像头未检测到，等待重连...
[2026-07-14 05:27:20] [CAM] 摄像头捕获器已释放
[2026-07-14 05:27:20] [CAM] 摄像头未检测到，等待重连...
[2026-07-14 05:27:21] [CAM] 摄像头捕获器已释放
[2026-07-14 05:27:21] [CAM] 摄像头未检测到，等待重连...
[2026-07-14 05:27:21] [CAM] 摄像头捕获器已释放
[2026-07-14 05:27:21] [CAM] 摄像头未检测到，等待重连...
[2026-07-14 05:27:22] [CAM] 摄像头捕获器已释放
[2026-07-14 05:27:22] [CAM] 摄像头未检测到，等待重连...
[2026-07-14 05:27:22] [CAM] 摄像头捕获器已释放
[2026-07-14 05:27:22] [CAM] 摄像头未检测到，等待重连...
[2026-07-14 05:27:23] [CAM] 摄像头捕获器已释放
[2026-07-14 05:27:23] [CAM] 摄像头未检测到，等待重连...
[2026-07-14 05:27:23] [CAM] 摄像头捕获器已释放
[2026-07-14 05:27:23] [CAM] 摄像头未检测到，等待重连...
[2026-07-14 05:27:24] [CAM] 摄像头捕获器已释放
[2026-07-14 05:27:24] [CAM] 摄像头未检测到，等待重连...
[2026-07-14 05:27:24] [CAM] 摄像头捕获器已释放
[2026-07-14 05:27:24] [CAM] 摄像头未检测到，等待重连...
[2026-07-14 05:27:25] [CAM] 摄像头捕获器已释放
[2026-07-14 05:27:25] [CAM] 摄像头未检测到，等待重连...
[2026-07-14 05:27:25] [CAM] 摄像头捕获器已释放
[2026-07-14 05:27:25] [CAM] 摄像头未检测到，等待重连...
[2026-07-14 05:27:26] [CAM] 摄像头捕获器已释放
[2026-07-14 05:27:26] [CAM] 摄像头未检测到，等待重连...
[2026-07-14 05:27:26] [CAM] 摄像头捕获器已释放
[2026-07-14 05:27:26] [CAM] 摄像头未检测到，等待重连...
[2026-07-14 05:27:27] [CAM] 摄像头捕获器已释放
[2026-07-14 05:27:27] [CAM] 摄像头未检测到，等待重连...
[2026-07-14 05:27:27] [CAM] 摄像头捕获器已释放
[2026-07-14 05:27:27] [CAM] 摄像头未检测到，等待重连...
[2026-07-14 05:27:28] [CAM] 摄像头捕获器已释放
[2026-07-14 05:27:28] [CAM] 摄像头未检测到，等待重连...
[2026-07-14 05:27:28] [CAM] 摄像头捕获器已释放
[2026-07-14 05:27:28] [CAM] 摄像头未检测到，等待重连...
[2026-07-14 05:27:29] [CAM] 摄像头捕获器已释放
[2026-07-14 05:27:29] [CAM] 摄像头未检测到，等待重连...
[2026-07-14 05:27:29] [CAM] 摄像头捕获器已释放
[2026-07-14 05:27:29] [CAM] 摄像头未检测到，等待重连...
[2026-07-14 05:27:30] [CAM] 摄像头捕获器已释放
[2026-07-14 05:27:30] [CAM] 摄像头未检测到，等待重连...
[2026-07-14 05:27:30] [CAM] 摄像头捕获器已释放
[2026-07-14 05:27:30] [CAM] 摄像头未检测到，等待重连...
[2026-07-14 05:27:31] [CAM] 摄像头捕获器已释放
[2026-07-14 05:27:31] [CAM] 摄像头未检测到，等待重连...
[2026-07-14 05:27:31] [CAM] 摄像头捕获器已释放
[2026-07-14 05:27:31] [CAM] 摄像头未检测到，等待重连...
[2026-07-14 05:27:32] [CAM] 摄像头捕获器已释放
[2026-07-14 05:27:32] [CAM] 摄像头未检测到，等待重连...
[2026-07-14 05:27:32] [CAM] 摄像头捕获器已释放
[2026-07-14 05:27:32] [CAM] 摄像头未检测到，等待重连...
[2026-07-14 05:27:33] [CAM] 摄像头捕获器已释放
[2026-07-14 05:27:33] [CAM] 摄像头未检测到，等待重连...
[2026-07-14 05:27:33] [CAM] 摄像头捕获器已释放
[2026-07-14 05:27:33] [CAM] 摄像头未检测到，等待重连...
[2026-07-14 05:27:34] [CAM] 摄像头捕获器已释放
[2026-07-14 05:27:34] [CAM] 摄像头未检测到，等待重连...
[2026-07-14 05:27:34] [CAM] 摄像头捕获器已释放
[2026-07-14 05:27:34] [CAM] 摄像头未检测到，等待重连...
[2026-07-14 05:27:35] [CAM] 摄像头捕获器已释放
[2026-07-14 05:27:35] [CAM] 摄像头未检测到，等待重连...
[2026-07-14 05:27:35] [CAM] 摄像头捕获器已释放
[2026-07-14 05:27:35] [CAM] 摄像头未检测到，等待重连...
[2026-07-14 05:27:36] [CAM] 摄像头捕获器已释放
[2026-07-14 05:27:36] [CAM] 摄像头未检测到，等待重连...
[2026-07-14 05:27:36] [CAM] 摄像头捕获器已释放
[2026-07-14 05:27:36] [CAM] 摄像头未检测到，等待重连...
[2026-07-14 05:27:37] [CAM] 摄像头捕获器已释放
[2026-07-14 05:27:37] [CAM] 摄像头未检测到，等待重连...
[2026-07-14 05:27:37] [CAM] 摄像头捕获器已释放
[2026-07-14 05:27:37] [CAM] 摄像头未检测到，等待重连...
[2026-07-14 05:27:38] [CAM] 摄像头捕获器已释放
[2026-07-14 05:27:38] [CAM] 摄像头未检测到，等待重连...
[2026-07-14 05:27:38] [CAM] 摄像头捕获器已释放
[2026-07-14 05:27:38] [CAM] 摄像头未检测到，等待重连...
[2026-07-14 05:27:39] [CAM] 摄像头捕获器已释放
[2026-07-14 05:27:39] [CAM] 摄像头未检测到，等待重连...
[2026-07-14 05:27:39] [CAM] 摄像头捕获器已释放
[2026-07-14 05:27:39] [CAM] 摄像头未检测到，等待重连...
[2026-07-14 05:27:40] [CAM] 摄像头捕获器已释放
[2026-07-14 05:27:40] [CAM] 摄像头未检测到，等待重连...
[2026-07-14 05:27:40] [CAM] 摄像头捕获器已释放
[2026-07-14 05:27:40] [CAM] 摄像头未检测到，等待重连...
[2026-07-14 05:27:41] [CAM] 摄像头捕获器已释放
[2026-07-14 05:27:41] [CAM] 摄像头未检测到，等待重连...
[2026-07-14 05:27:41] [CAM] 摄像头捕获器已释放
[2026-07-14 05:27:41] [CAM] 摄像头未检测到，等待重连...
[2026-07-14 05:27:42] [CAM] 摄像头捕获器已释放
[2026-07-14 05:27:42] [CAM] 摄像头未检测到，等待重连...
[2026-07-14 05:27:42] [CAM] 摄像头捕获器已释放
[2026-07-14 05:27:42] [CAM] 摄像头未检测到，等待重连...
[2026-07-14 05:27:43] [CAM] 摄像头捕获器已释放
[2026-07-14 05:27:43] [CAM] 摄像头未检测到，等待重连...
[2026-07-14 05:27:43] [CAM] 摄像头捕获器已释放
[2026-07-14 05:27:43] [CAM] 摄像头未检测到，等待重连...
[2026-07-14 05:27:44] [CAM] 摄像头捕获器已释放
[2026-07-14 05:27:44] [CAM] 摄像头未检测到，等待重连...
[2026-07-14 05:27:44] [CAM] 摄像头捕获器已释放
[2026-07-14 05:27:44] [CAM] 摄像头未检测到，等待重连...
[2026-07-14 05:27:45] [CAM] 摄像头捕获器已释放
[2026-07-14 05:27:45] [CAM] 摄像头未检测到，等待重连...
[2026-07-14 05:27:45] [CAM] 摄像头捕获器已释放
[2026-07-14 05:27:45] [CAM] 摄像头未检测到，等待重连...
[2026-07-14 05:27:46] [CAM] 摄像头捕获器已释放
[2026-07-14 05:27:46] [CAM] 摄像头未检测到，等待重连...
[2026-07-14 05:27:46] [CAM] 摄像头捕获器已释放
[2026-07-14 05:27:46] [CAM] 摄像头未检测到，等待重连...
[2026-07-14 05:27:47] [CAM] 摄像头捕获器已释放
[2026-07-14 05:27:47] [CAM] 摄像头未检测到，等待重连...
[2026-07-14 05:27:47] [CAM] 摄像头捕获器已释放
[2026-07-14 05:27:47] [CAM] 摄像头未检测到，等待重连...
[2026-07-14 05:27:48] [CAM] 摄像头捕获器已释放
[2026-07-14 05:27:48] [CAM] 摄像头未检测到，等待重连...
[2026-07-14 05:27:48] [CAM] 摄像头捕获器已释放
[2026-07-14 05:27:48] [CAM] 摄像头未检测到，等待重连...
[2026-07-14 05:27:49] [CAM] 摄像头捕获器已释放
[2026-07-14 05:27:49] [CAM] 摄像头未检测到，等待重连...
[2026-07-14 05:27:49] [CAM] 摄像头捕获器已释放
[2026-07-14 05:27:49] [CAM] 摄像头未检测到，等待重连...
[2026-07-14 05:27:50] [CAM] 摄像头捕获器已释放
[2026-07-14 05:27:50] [CAM] 摄像头未检测到，等待重连...
[2026-07-14 05:27:50] [CAM] 摄像头捕获器已释放
[2026-07-14 05:27:50] [CAM] 摄像头未检测到，等待重连...
[2026-07-14 05:27:51] [CAM] 摄像头捕获器已释放
[2026-07-14 05:27:51] [CAM] 摄像头未检测到，等待重连...
[2026-07-14 05:27:51] [CAM] 摄像头捕获器已释放
[2026-07-14 05:27:51] [CAM] 摄像头未检测到，等待重连...
[2026-07-14 05:27:52] [CAM] 摄像头捕获器已释放
[2026-07-14 05:27:52] [CAM] 摄像头未检测到，等待重连...
[2026-07-14 05:27:52] [CAM] 摄像头捕获器已释放
[2026-07-14 05:27:52] [CAM] 摄像头未检测到，等待重连...
[2026-07-14 05:27:53] [CAM] 摄像头捕获器已释放
[2026-07-14 05:27:53] [CAM] 摄像头未检测到，等待重连...
[2026-07-14 05:27:53] [CAM] 摄像头捕获器已释放
[2026-07-14 05:27:53] [CAM] 摄像头未检测到，等待重连...
[2026-07-14 05:27:54] [CAM] 摄像头捕获器已释放
[2026-07-14 05:27:54] [CAM] 摄像头未检测到，等待重连...
[2026-07-14 05:27:54] [CAM] 摄像头捕获器已释放
[2026-07-14 05:27:54] [CAM] 摄像头未检测到，等待重连...
[2026-07-14 05:27:55] [CAM] 摄像头捕获器已释放
[2026-07-14 05:27:55] [CAM] 摄像头未检测到，等待重连...
[2026-07-14 05:27:55] [CAM] 摄像头捕获器已释放
[2026-07-14 05:27:55] [CAM] 摄像头未检测到，等待重连...
[2026-07-14 05:27:56] [CAM] 摄像头捕获器已释放
[2026-07-14 05:27:56] [CAM] 摄像头未检测到，等待重连...
[2026-07-14 05:27:56] [CAM] 摄像头捕获器已释放
[2026-07-14 05:27:56] [CAM] 摄像头未检测到，等待重连...
[2026-07-14 05:27:57] [CAM] 摄像头捕获器已释放
[2026-07-14 05:27:57] [CAM] 摄像头未检测到，等待重连...
[2026-07-14 05:27:57] [CAM] 摄像头捕获器已释放
[2026-07-14 05:27:57] [CAM] 摄像头未检测到，等待重连...
[2026-07-14 05:27:58] [CAM] 摄像头捕获器已释放
[2026-07-14 05:27:58] [CAM] 摄像头未检测到，等待重连...
[2026-07-14 05:27:58] [CAM] 摄像头捕获器已释放
[2026-07-14 05:27:58] [CAM] 摄像头未检测到，等待重连...
[2026-07-14 05:27:59] [CAM] 摄像头捕获器已释放
[2026-07-14 05:27:59] [CAM] 摄像头未检测到，等待重连...
[2026-07-14 05:27:59] [CAM] 摄像头捕获器已释放
[2026-07-14 05:27:59] [CAM] 摄像头未检测到，等待重连...
[2026-07-14 05:28:00] [CAM] 摄像头捕获器已释放
[2026-07-14 05:28:00] [CAM] 摄像头未检测到，等待重连...
[2026-07-14 05:28:00] [CAM] 摄像头捕获器已释放
[2026-07-14 05:28:00] [CAM] 摄像头未检测到，等待重连...
[2026-07-14 05:28:01] [CAM] 摄像头捕获器已释放
[2026-07-14 05:28:01] [CAM] 摄像头未检测到，等待重连...
[2026-07-14 05:28:01] [CAM] 摄像头捕获器已释放
[2026-07-14 05:28:01] [CAM] 摄像头未检测到，等待重连...
[2026-07-14 05:28:02] [CAM] 摄像头捕获器已释放
[2026-07-14 05:28:02] [CAM] 摄像头未检测到，等待重连...
[2026-07-14 05:28:02] [CAM] 摄像头捕获器已释放
[2026-07-14 05:28:02] [CAM] 摄像头未检测到，等待重连...
[2026-07-14 05:28:03] [CAM] 摄像头捕获器已释放
[2026-07-14 05:28:03] [CAM] 摄像头未检测到，等待重连...
[2026-07-14 05:28:03] [CAM] 摄像头捕获器已释放
[2026-07-14 05:28:03] [CAM] 摄像头未检测到，等待重连...
[2026-07-14 05:28:04] [CAM] 摄像头捕获器已释放
[2026-07-14 05:28:04] [CAM] 摄像头未检测到，等待重连...
[2026-07-14 05:28:04] [CAM] 摄像头捕获器已释放
[2026-07-14 05:28:04] [CAM] 摄像头未检测到，等待重连...
[2026-07-14 05:28:05] [CAM] 摄像头捕获器已释放
[2026-07-14 05:28:05] [CAM] 摄像头未检测到，等待重连...
[2026-07-14 05:28:05] [CAM] 摄像头捕获器已释放
[2026-07-14 05:28:05] [CAM] 摄像头未检测到，等待重连...
[2026-07-14 05:28:06] [CAM] 摄像头捕获器已释放
[2026-07-14 05:28:06] [CAM] 摄像头未检测到，等待重连...
[2026-07-14 05:28:06] [CAM] 摄像头捕获器已释放
[2026-07-14 05:28:06] [CAM] 摄像头未检测到，等待重连...
[2026-07-14 05:28:07] [CAM] 摄像头捕获器已释放
[2026-07-14 05:28:07] [CAM] 摄像头未检测到，等待重连...
[2026-07-14 05:28:07] [CAM] 摄像头捕获器已释放
[2026-07-14 05:28:07] [CAM] 摄像头未检测到，等待重连...
[2026-07-14 05:28:08] [CAM] 摄像头捕获器已释放
[2026-07-14 05:28:08] [CAM] 摄像头未检测到，等待重连...
[2026-07-14 05:28:08] [CAM] 摄像头捕获器已释放
[2026-07-14 05:28:08] [CAM] 摄像头未检测到，等待重连...
[2026-07-14 05:28:09] [CAM] 摄像头捕获器已释放
[2026-07-14 05:28:09] [CAM] 摄像头未检测到，等待重连...
[2026-07-14 05:28:09] [CAM] 摄像头捕获器已释放
[2026-07-14 05:28:09] [CAM] 摄像头未检测到，等待重连...
[2026-07-14 05:28:10] [CAM] 摄像头捕获器已释放
[2026-07-14 05:28:10] [CAM] 摄像头未检测到，等待重连...
[2026-07-14 05:28:10] [CAM] 摄像头捕获器已释放
[2026-07-14 05:28:10] [CAM] 摄像头未检测到，等待重连...
[2026-07-14 05:28:11] [CAM] 摄像头捕获器已释放
[2026-07-14 05:28:11] [CAM] 摄像头未检测到，等待重连...
[2026-07-14 05:28:11] [CAM] 摄像头捕获器已释放
[2026-07-14 05:28:11] [CAM] 摄像头未检测到，等待重连...
[2026-07-14 05:28:12] [CAM] 摄像头捕获器已释放
[2026-07-14 05:28:12] [CAM] 摄像头未检测到，等待重连...
[2026-07-14 05:28:12] [CAM] 摄像头捕获器已释放
[2026-07-14 05:28:12] [CAM] 摄像头未检测到，等待重连...
[2026-07-14 05:28:13] [CAM] 摄像头捕获器已释放
[2026-07-14 05:28:13] [CAM] 摄像头未检测到，等待重连...
[2026-07-14 05:28:13] [CAM] 摄像头捕获器已释放
[2026-07-14 05:28:13] [CAM] 摄像头未检测到，等待重连...
[2026-07-14 05:28:14] [CAM] 摄像头捕获器已释放
[2026-07-14 05:28:14] [CAM] 摄像头未检测到，等待重连...
[2026-07-14 05:28:14] [CAM] 摄像头捕获器已释放
[2026-07-14 05:28:14] [CAM] 摄像头未检测到，等待重连...
[2026-07-14 05:28:15] [CAM] 摄像头捕获器已释放
[2026-07-14 05:28:15] [CAM] 摄像头未检测到，等待重连...
[2026-07-14 05:28:15] [CAM] 摄像头捕获器已释放
[2026-07-14 05:28:15] [CAM] 摄像头未检测到，等待重连...
[2026-07-14 05:28:16] [CAM] 摄像头捕获器已释放
[2026-07-14 05:28:16] [CAM] 摄像头未检测到，等待重连...
[2026-07-14 05:28:16] [CAM] 摄像头捕获器已释放
[2026-07-14 05:28:16] [CAM] 摄像头未检测到，等待重连...
[2026-07-14 05:28:17] [CAM] 摄像头捕获器已释放
[2026-07-14 05:28:17] [CAM] 摄像头未检测到，等待重连...
[2026-07-14 05:28:17] [CAM] 摄像头捕获器已释放
[2026-07-14 05:28:17] [CAM] 摄像头未检测到，等待重连...
[2026-07-14 05:28:18] [CAM] 摄像头捕获器已释放
[2026-07-14 05:28:18] [CAM] 摄像头未检测到，等待重连...
[2026-07-14 05:28:18] [CAM] 摄像头捕获器已释放
[2026-07-14 05:28:18] [CAM] 摄像头未检测到，等待重连...
[2026-07-14 05:28:19] [CAM] 摄像头捕获器已释放
[2026-07-14 05:28:19] [CAM] 摄像头未检测到，等待重连...
[2026-07-14 05:28:19] [CAM] 摄像头捕获器已释放
[2026-07-14 05:28:19] [CAM] 摄像头未检测到，等待重连...
[2026-07-14 05:28:20] [CAM] 摄像头捕获器已释放
[2026-07-14 05:28:20] [CAM] 摄像头未检测到，等待重连...
[2026-07-14 05:28:20] [CAM] 摄像头捕获器已释放
[2026-07-14 05:28:20] [CAM] 摄像头未检测到，等待重连...
[2026-07-14 05:28:21] [CAM] 摄像头捕获器已释放
[2026-07-14 05:28:21] [CAM] 摄像头未检测到，等待重连...
[2026-07-14 05:28:21] [CAM] 摄像头捕获器已释放
[2026-07-14 05:28:21] [CAM] 摄像头未检测到，等待重连...
[2026-07-14 05:28:22] [CAM] 摄像头捕获器已释放
[2026-07-14 05:28:22] [CAM] 摄像头未检测到，等待重连...
[2026-07-14 05:28:22] [CAM] 摄像头捕获器已释放
[2026-07-14 05:28:22] [CAM] 摄像头未检测到，等待重连...
[2026-07-14 05:28:23] [CAM] 摄像头捕获器已释放
[2026-07-14 05:28:23] [CAM] 摄像头未检测到，等待重连...
[2026-07-14 05:28:23] [CAM] 摄像头捕获器已释放
[2026-07-14 05:28:23] [CAM] 摄像头未检测到，等待重连...
[2026-07-14 05:28:24] [CAM] 摄像头捕获器已释放
[2026-07-14 05:28:24] [CAM] 摄像头未检测到，等待重连...
[2026-07-14 05:28:24] [CAM] 摄像头捕获器已释放
[2026-07-14 05:28:24] [CAM] 摄像头未检测到，等待重连...
[2026-07-14 05:28:25] [CAM] 摄像头捕获器已释放
[2026-07-14 05:28:25] [CAM] 摄像头未检测到，等待重连...
[2026-07-14 05:28:25] [CAM] 摄像头捕获器已释放
[2026-07-14 05:28:25] [CAM] 摄像头未检测到，等待重连...
[2026-07-14 05:28:26] [CAM] 摄像头捕获器已释放
[2026-07-14 05:28:26] [CAM] 摄像头未检测到，等待重连...
[2026-07-14 05:28:26] [CAM] 摄像头捕获器已释放
[2026-07-14 05:28:26] [CAM] 摄像头未检测到，等待重连...
[2026-07-14 05:28:27] [CAM] 摄像头捕获器已释放
[2026-07-14 05:28:27] [CAM] 摄像头未检测到，等待重连...
[2026-07-14 05:28:27] [CAM] 摄像头捕获器已释放
[2026-07-14 05:28:27] [CAM] 摄像头未检测到，等待重连...
[2026-07-14 05:28:28] [CAM] 摄像头捕获器已释放
[2026-07-14 05:28:28] [CAM] 摄像头未检测到，等待重连...
[2026-07-14 05:28:28] [CAM] 摄像头捕获器已释放
[2026-07-14 05:28:28] [CAM] 摄像头未检测到，等待重连...
[2026-07-14 05:28:29] [CAM] 摄像头捕获器已释放
[2026-07-14 05:28:29] [CAM] 摄像头未检测到，等待重连...
[2026-07-14 05:28:29] [CAM] 摄像头捕获器已释放
[2026-07-14 05:28:29] [CAM] 摄像头未检测到，等待重连...
[2026-07-14 05:28:30] [CAM] 摄像头捕获器已释放
[2026-07-14 05:28:30] [CAM] 摄像头未检测到，等待重连...
[2026-07-14 05:28:30] [CAM] 摄像头捕获器已释放
[2026-07-14 05:28:30] [CAM] 摄像头未检测到，等待重连...
[2026-07-14 05:28:31] [CAM] 摄像头捕获器已释放
[2026-07-14 05:28:31] [CAM] 摄像头未检测到，等待重连...
[2026-07-14 05:28:31] [CAM] 摄像头捕获器已释放
[2026-07-14 05:28:31] [CAM] 摄像头未检测到，等待重连...
[2026-07-14 05:28:32] [CAM] 摄像头捕获器已释放
[2026-07-14 05:28:32] [CAM] 摄像头未检测到，等待重连...
[2026-07-14 05:28:32] [CAM] 摄像头捕获器已释放
[2026-07-14 05:28:32] [CAM] 摄像头未检测到，等待重连...
[2026-07-14 05:28:33] [CAM] 摄像头捕获器已释放
[2026-07-14 05:28:33] [CAM] 摄像头未检测到，等待重连...
[2026-07-14 05:28:33] [CAM] 摄像头捕获器已释放
[2026-07-14 05:28:33] [CAM] 摄像头未检测到，等待重连...
[2026-07-14 05:28:34] [CAM] 摄像头捕获器已释放
[2026-07-14 05:28:34] [CAM] 摄像头未检测到，等待重连...
[2026-07-14 05:28:34] [CAM] 摄像头捕获器已释放
[2026-07-14 05:28:34] [CAM] 摄像头未检测到，等待重连...
[2026-07-14 05:28:35] [CAM] 摄像头捕获器已释放
[2026-07-14 05:28:35] [CAM] 摄像头未检测到，等待重连...
[2026-07-14 05:28:35] [CAM] 摄像头捕获器已释放
[2026-07-14 05:28:35] [CAM] 摄像头未检测到，等待重连...
[2026-07-14 05:28:36] [CAM] 摄像头捕获器已释放
[2026-07-14 05:28:36] [CAM] 摄像头未检测到，等待重连...
[2026-07-14 05:28:36] [CAM] 摄像头捕获器已释放
[2026-07-14 05:28:36] [CAM] 摄像头未检测到，等待重连...
[2026-07-14 05:28:37] [CAM] 摄像头捕获器已释放
[2026-07-14 05:28:37] [CAM] 摄像头未检测到，等待重连...
[2026-07-14 05:28:37] [CAM] 摄像头捕获器已释放
[2026-07-14 05:28:37] [CAM] 摄像头未检测到，等待重连...
[2026-07-14 05:28:38] [CAM] 摄像头捕获器已释放
[2026-07-14 05:28:38] [CAM] 摄像头未检测到，等待重连...
[2026-07-14 05:28:38] [CAM] 摄像头捕获器已释放
[2026-07-14 05:28:38] [CAM] 摄像头未检测到，等待重连...
[2026-07-14 05:28:39] [CAM] 摄像头捕获器已释放
[2026-07-14 05:28:39] [CAM] 摄像头未检测到，等待重连...
[2026-07-14 05:28:39] [CAM] 摄像头捕获器已释放
[2026-07-14 05:28:39] [CAM] 摄像头未检测到，等待重连...
[2026-07-14 05:28:40] [CAM] 摄像头捕获器已释放
[2026-07-14 05:28:40] [CAM] 摄像头未检测到，等待重连...
[2026-07-14 05:28:40] [CAM] 摄像头捕获器已释放
[2026-07-14 05:28:40] [CAM] 摄像头未检测到，等待重连...
[2026-07-14 05:28:41] [CAM] 摄像头捕获器已释放
[2026-07-14 05:28:41] [CAM] 摄像头未检测到，等待重连...
[2026-07-14 05:28:41] [CAM] 摄像头捕获器已释放
[2026-07-14 05:28:41] [CAM] 摄像头未检测到，等待重连...
[2026-07-14 05:28:42] [CAM] 摄像头捕获器已释放
[2026-07-14 05:28:42] [CAM] 摄像头未检测到，等待重连...
[2026-07-14 05:28:42] [CAM] 摄像头捕获器已释放
[2026-07-14 05:28:42] [CAM] 摄像头未检测到，等待重连...
[2026-07-14 05:28:43] [CAM] 摄像头捕获器已释放
[2026-07-14 05:28:43] [CAM] 摄像头未检测到，等待重连...
[2026-07-14 05:28:43] [CAM] 摄像头捕获器已释放
[2026-07-14 05:28:43] [CAM] 摄像头未检测到，等待重连...
[2026-07-14 05:28:44] [CAM] 摄像头捕获器已释放
[2026-07-14 05:28:44] [CAM] 摄像头未检测到，等待重连...
[2026-07-14 05:28:44] [CAM] 摄像头捕获器已释放
[2026-07-14 05:28:44] [CAM] 摄像头未检测到，等待重连...
[2026-07-14 05:28:45] [CAM] 摄像头捕获器已释放
[2026-07-14 05:28:45] [CAM] 摄像头未检测到，等待重连...
[2026-07-14 05:28:45] [CAM] 摄像头捕获器已释放
[2026-07-14 05:28:45] [CAM] 摄像头未检测到，等待重连...
[2026-07-14 05:28:46] [CAM] 摄像头捕获器已释放
[2026-07-14 05:28:46] [CAM] 摄像头未检测到，等待重连...
[2026-07-14 05:28:46] [CAM] 摄像头捕获器已释放
[2026-07-14 05:28:46] [CAM] 摄像头未检测到，等待重连...
[2026-07-14 05:28:47] [CAM] 摄像头捕获器已释放
[2026-07-14 05:28:47] [CAM] 摄像头未检测到，等待重连...
[2026-07-14 05:28:47] [CAM] 摄像头捕获器已释放
[2026-07-14 05:28:47] [CAM] 摄像头未检测到，等待重连...
[2026-07-14 05:28:48] [CAM] 摄像头捕获器已释放
[2026-07-14 05:28:48] [CAM] 摄像头未检测到，等待重连...
[2026-07-14 05:28:48] [CAM] 摄像头捕获器已释放
[2026-07-14 05:28:48] [CAM] 摄像头未检测到，等待重连...
[2026-07-14 05:28:49] [CAM] 摄像头捕获器已释放
[2026-07-14 05:28:49] [CAM] 摄像头未检测到，等待重连...
[2026-07-14 05:28:49] [CAM] 摄像头捕获器已释放
[2026-07-14 05:28:49] [CAM] 摄像头未检测到，等待重连...
[2026-07-14 05:28:50] [CAM] 摄像头捕获器已释放
[2026-07-14 05:28:50] [CAM] 摄像头未检测到，等待重连...
[2026-07-14 05:28:50] [CAM] 摄像头捕获器已释放
[2026-07-14 05:28:50] [CAM] 摄像头未检测到，等待重连...
[2026-07-14 05:28:51] [CAM] 摄像头捕获器已释放
[2026-07-14 05:28:51] [CAM] 摄像头未检测到，等待重连...
[2026-07-14 05:28:51] [CAM] 摄像头捕获器已释放
[2026-07-14 05:28:51] [CAM] 摄像头未检测到，等待重连...
[2026-07-14 05:28:52] [CAM] 摄像头捕获器已释放
[2026-07-14 05:28:52] [CAM] 摄像头未检测到，等待重连...
[2026-07-14 05:28:52] [CAM] 摄像头捕获器已释放
[2026-07-14 05:28:52] [CAM] 摄像头未检测到，等待重连...
[2026-07-14 05:28:53] [CAM] 摄像头捕获器已释放
[2026-07-14 05:28:53] [CAM] 摄像头未检测到，等待重连...
[2026-07-14 05:28:53] [CAM] 摄像头捕获器已释放
[2026-07-14 05:28:53] [CAM] 摄像头未检测到，等待重连...
[2026-07-14 05:28:54] [CAM] 摄像头捕获器已释放
[2026-07-14 05:28:54] [CAM] 摄像头未检测到，等待重连...
[2026-07-14 05:28:54] [CAM] 摄像头捕获器已释放
[2026-07-14 05:28:54] [CAM] 摄像头未检测到，等待重连...
[2026-07-14 05:28:55] [CAM] 摄像头捕获器已释放
[2026-07-14 05:28:55] [CAM] 摄像头未检测到，等待重连...
[2026-07-14 05:28:55] [CAM] 摄像头捕获器已释放
[2026-07-14 05:28:55] [CAM] 摄像头未检测到，等待重连...
[2026-07-14 05:28:56] [CAM] 摄像头捕获器已释放
[2026-07-14 05:28:56] [CAM] 摄像头未检测到，等待重连...
[2026-07-14 05:28:56] [CAM] 摄像头捕获器已释放
[2026-07-14 05:28:56] [CAM] 摄像头未检测到，等待重连...
[2026-07-14 05:28:57] [CAM] 摄像头捕获器已释放
[2026-07-14 05:28:57] [CAM] 摄像头未检测到，等待重连...
[2026-07-14 05:28:57] [CAM] 摄像头捕获器已释放
[2026-07-14 05:28:57] [CAM] 摄像头未检测到，等待重连...
[2026-07-14 05:28:58] [CAM] 摄像头捕获器已释放
[2026-07-14 05:28:58] [CAM] 摄像头未检测到，等待重连...
[2026-07-14 05:28:58] [CAM] 摄像头捕获器已释放
[2026-07-14 05:28:58] [CAM] 摄像头未检测到，等待重连...
[2026-07-14 05:28:59] [CAM] 摄像头捕获器已释放
[2026-07-14 05:28:59] [CAM] 摄像头未检测到，等待重连...
[2026-07-14 05:28:59] [CAM] 摄像头捕获器已释放
[2026-07-14 05:28:59] [CAM] 摄像头未检测到，等待重连...
[2026-07-14 05:29:00] [CAM] 摄像头捕获器已释放
[2026-07-14 05:29:00] [CAM] 摄像头未检测到，等待重连...
[2026-07-14 05:29:00] [CAM] 摄像头捕获器已释放
[2026-07-14 05:29:00] [CAM] 摄像头未检测到，等待重连...
[2026-07-14 05:29:01] [CAM] 摄像头捕获器已释放
[2026-07-14 05:29:01] [CAM] 摄像头未检测到，等待重连...
[2026-07-14 05:29:01] [CAM] 摄像头捕获器已释放
[2026-07-14 05:29:01] [CAM] 摄像头未检测到，等待重连...
[2026-07-14 05:29:02] [CAM] 摄像头捕获器已释放
[2026-07-14 05:29:02] [CAM] 摄像头未检测到，等待重连...
[2026-07-14 05:29:02] [CAM] 摄像头捕获器已释放
[2026-07-14 05:29:02] [CAM] 摄像头未检测到，等待重连...
[2026-07-14 05:29:03] [CAM] 摄像头捕获器已释放
[2026-07-14 05:29:03] [CAM] 摄像头未检测到，等待重连...
[2026-07-14 05:29:03] [CAM] 摄像头捕获器已释放
[2026-07-14 05:29:03] [CAM] 摄像头未检测到，等待重连...
[2026-07-14 05:29:04] [CAM] 摄像头捕获器已释放
[2026-07-14 05:29:04] [CAM] 摄像头未检测到，等待重连...
[2026-07-14 05:29:04] [CAM] 摄像头捕获器已释放
[2026-07-14 05:29:04] [CAM] 摄像头未检测到，等待重连...
[2026-07-14 05:29:05] [CAM] 摄像头捕获器已释放
[2026-07-14 05:29:05] [CAM] 摄像头未检测到，等待重连...
[2026-07-14 05:29:05] [CAM] 摄像头捕获器已释放
[2026-07-14 05:29:05] [CAM] 摄像头未检测到，等待重连...
[2026-07-14 05:29:06] [CAM] 摄像头捕获器已释放
[2026-07-14 05:29:06] [CAM] 摄像头未检测到，等待重连...
[2026-07-14 05:29:06] [CAM] 摄像头捕获器已释放
[2026-07-14 05:29:06] [CAM] 摄像头未检测到，等待重连...
[2026-07-14 05:29:07] [CAM] 摄像头捕获器已释放
[2026-07-14 05:29:07] [CAM] 摄像头未检测到，等待重连...
[2026-07-14 05:29:07] [CAM] 摄像头捕获器已释放
[2026-07-14 05:29:07] [CAM] 摄像头未检测到，等待重连...
[2026-07-14 05:29:08] [CAM] 摄像头捕获器已释放
[2026-07-14 05:29:08] [CAM] 摄像头未检测到，等待重连...
[2026-07-14 05:29:08] [CAM] 摄像头捕获器已释放
[2026-07-14 05:29:08] [CAM] 摄像头未检测到，等待重连...
[2026-07-14 05:29:09] [CAM] 摄像头捕获器已释放
[2026-07-14 05:29:09] [CAM] 摄像头未检测到，等待重连...
[2026-07-14 05:29:09] [CAM] 摄像头捕获器已释放
[2026-07-14 05:29:09] [CAM] 摄像头未检测到，等待重连...
[2026-07-14 05:29:10] [CAM] 摄像头捕获器已释放
[2026-07-14 05:29:10] [CAM] 摄像头未检测到，等待重连...
[2026-07-14 05:29:10] [CAM] 摄像头捕获器已释放
[2026-07-14 05:29:10] [CAM] 摄像头未检测到，等待重连...
[2026-07-14 05:29:11] [CAM] 摄像头捕获器已释放
[2026-07-14 05:29:11] [CAM] 摄像头未检测到，等待重连...
[2026-07-14 05:29:11] [CAM] 摄像头捕获器已释放
[2026-07-14 05:29:11] [CAM] 摄像头未检测到，等待重连...
[2026-07-14 05:29:12] [CAM] 摄像头捕获器已释放
[2026-07-14 05:29:12] [CAM] 摄像头未检测到，等待重连...
[2026-07-14 05:29:12] [CAM] 摄像头捕获器已释放
[2026-07-14 05:29:12] [CAM] 摄像头未检测到，等待重连...
[2026-07-14 05:29:13] [CAM] 摄像头捕获器已释放
[2026-07-14 05:29:13] [CAM] 摄像头未检测到，等待重连...
[2026-07-14 05:29:13] [CAM] 摄像头捕获器已释放
[2026-07-14 05:29:13] [CAM] 摄像头未检测到，等待重连...
[2026-07-14 05:29:14] [CAM] 摄像头捕获器已释放
[2026-07-14 05:29:14] [CAM] 摄像头未检测到，等待重连...
[2026-07-14 05:29:14] [CAM] 摄像头捕获器已释放
[2026-07-14 05:29:14] [CAM] 摄像头未检测到，等待重连...
[2026-07-14 05:29:15] [CAM] 摄像头捕获器已释放
[2026-07-14 05:29:15] [CAM] 摄像头未检测到，等待重连...
[2026-07-14 05:29:15] [CAM] 摄像头捕获器已释放
[2026-07-14 05:29:15] [CAM] 摄像头未检测到，等待重连...
[2026-07-14 05:29:16] [CAM] 摄像头捕获器已释放
[2026-07-14 05:29:16] [CAM] 摄像头未检测到，等待重连...
[2026-07-14 05:29:16] [CAM] 摄像头捕获器已释放
[2026-07-14 05:29:16] [CAM] 摄像头未检测到，等待重连...
[2026-07-14 05:29:17] [CAM] 摄像头捕获器已释放
[2026-07-14 05:29:17] [CAM] 摄像头未检测到，等待重连...
[2026-07-14 05:29:17] [CAM] 摄像头捕获器已释放
[2026-07-14 05:29:17] [CAM] 摄像头未检测到，等待重连...
[2026-07-14 05:29:18] [CAM] 摄像头捕获器已释放
[2026-07-14 05:29:18] [CAM] 摄像头未检测到，等待重连...
[2026-07-14 05:29:18] [CAM] 摄像头捕获器已释放
[2026-07-14 05:29:18] [CAM] 摄像头未检测到，等待重连...
[2026-07-14 05:29:19] [CAM] 摄像头捕获器已释放
[2026-07-14 05:29:19] [CAM] 摄像头未检测到，等待重连...
[2026-07-14 05:29:19] [CAM] 摄像头捕获器已释放
[2026-07-14 05:29:19] [CAM] 摄像头未检测到，等待重连...
[2026-07-14 05:29:20] [CAM] 摄像头捕获器已释放
[2026-07-14 05:29:20] [CAM] 摄像头未检测到，等待重连...
[2026-07-14 05:29:20] [CAM] 摄像头捕获器已释放
[2026-07-14 05:29:20] [CAM] 摄像头未检测到，等待重连...
[2026-07-14 05:29:21] [CAM] 摄像头捕获器已释放
[2026-07-14 05:29:21] [CAM] 摄像头未检测到，等待重连...
[2026-07-14 05:29:21] [CAM] 摄像头捕获器已释放
[2026-07-14 05:29:21] [CAM] 摄像头未检测到，等待重连...
[2026-07-14 05:29:22] [CAM] 摄像头捕获器已释放
[2026-07-14 05:29:22] [CAM] 摄像头未检测到，等待重连...
[2026-07-14 05:29:22] [CAM] 摄像头捕获器已释放
[2026-07-14 05:29:22] [CAM] 摄像头未检测到，等待重连...
[2026-07-14 05:29:23] [CAM] 摄像头捕获器已释放
[2026-07-14 05:29:23] [CAM] 摄像头未检测到，等待重连...
[2026-07-14 05:29:23] [CAM] 摄像头捕获器已释放
[2026-07-14 05:29:23] [CAM] 摄像头未检测到，等待重连...
[2026-07-14 05:29:24] [CAM] 摄像头捕获器已释放
[2026-07-14 05:29:24] [CAM] 摄像头未检测到，等待重连...
[2026-07-14 05:29:24] [CAM] 摄像头捕获器已释放
[2026-07-14 05:29:24] [CAM] 摄像头未检测到，等待重连...
[2026-07-14 05:29:25] [CAM] 摄像头捕获器已释放
[2026-07-14 05:29:25] [CAM] 摄像头未检测到，等待重连...
[2026-07-14 05:29:25] [CAM] 摄像头捕获器已释放
[2026-07-14 05:29:25] [CAM] 摄像头未检测到，等待重连...
[2026-07-14 05:29:26] [CAM] 摄像头捕获器已释放
[2026-07-14 05:29:26] [CAM] 摄像头未检测到，等待重连...
[2026-07-14 05:29:26] [CAM] 摄像头捕获器已释放
[2026-07-14 05:29:26] [CAM] 摄像头未检测到，等待重连...
[2026-07-14 05:29:27] [CAM] 摄像头捕获器已释放
[2026-07-14 05:29:27] [CAM] 摄像头未检测到，等待重连...
[2026-07-14 05:29:27] [CAM] 摄像头捕获器已释放
[2026-07-14 05:29:27] [CAM] 摄像头未检测到，等待重连...
[2026-07-14 05:29:28] [CAM] 摄像头捕获器已释放
[2026-07-14 05:29:28] [CAM] 摄像头未检测到，等待重连...
[2026-07-14 05:29:28] [CAM] 摄像头捕获器已释放
[2026-07-14 05:29:28] [CAM] 摄像头未检测到，等待重连...
[2026-07-14 05:29:29] [CAM] 摄像头捕获器已释放
[2026-07-14 05:29:29] [CAM] 摄像头未检测到，等待重连...
[2026-07-14 05:29:29] [CAM] 摄像头捕获器已释放
[2026-07-14 05:29:29] [CAM] 摄像头未检测到，等待重连...
[2026-07-14 05:29:30] [CAM] 摄像头捕获器已释放
[2026-07-14 05:29:30] [CAM] 摄像头未检测到，等待重连...
[2026-07-14 05:29:30] [CAM] 摄像头捕获器已释放
[2026-07-14 05:29:30] [CAM] 摄像头未检测到，等待重连...
[2026-07-14 05:29:31] [CAM] 摄像头捕获器已释放
[2026-07-14 05:29:31] [CAM] 摄像头未检测到，等待重连...
[2026-07-14 05:29:31] [CAM] 摄像头捕获器已释放
[2026-07-14 05:29:31] [CAM] 摄像头未检测到，等待重连...
[2026-07-14 05:29:32] [CAM] 摄像头捕获器已释放
[2026-07-14 05:29:32] [CAM] 摄像头未检测到，等待重连...
[2026-07-14 05:29:32] [CAM] 摄像头捕获器已释放
[2026-07-14 05:29:32] [CAM] 摄像头未检测到，等待重连...
[2026-07-14 05:29:33] [CAM] 摄像头捕获器已释放
[2026-07-14 05:29:33] [CAM] 摄像头未检测到，等待重连...
[2026-07-14 05:29:33] [CAM] 摄像头捕获器已释放
[2026-07-14 05:29:33] [CAM] 摄像头未检测到，等待重连...
[2026-07-14 05:29:34] [CAM] 摄像头捕获器已释放
[2026-07-14 05:29:34] [CAM] 摄像头未检测到，等待重连...
[2026-07-14 05:29:34] [CAM] 摄像头捕获器已释放
[2026-07-14 05:29:34] [CAM] 摄像头未检测到，等待重连...
[2026-07-14 05:29:35] [CAM] 摄像头捕获器已释放
[2026-07-14 05:29:35] [CAM] 摄像头未检测到，等待重连...
[2026-07-14 05:29:35] [CAM] 摄像头捕获器已释放
[2026-07-14 05:29:35] [CAM] 摄像头未检测到，等待重连...
[2026-07-14 05:29:36] [CAM] 摄像头捕获器已释放
[2026-07-14 05:29:36] [CAM] 摄像头未检测到，等待重连...
[2026-07-14 05:29:36] [CAM] 摄像头捕获器已释放
[2026-07-14 05:29:36] [CAM] 摄像头未检测到，等待重连...
[2026-07-14 05:29:37] [CAM] 摄像头捕获器已释放
[2026-07-14 05:29:37] [CAM] 摄像头未检测到，等待重连...
[2026-07-14 05:29:37] [CAM] 摄像头捕获器已释放
[2026-07-14 05:29:37] [CAM] 摄像头未检测到，等待重连...
[2026-07-14 05:29:38] [CAM] 摄像头捕获器已释放
[2026-07-14 05:29:38] [CAM] 摄像头未检测到，等待重连...
[2026-07-14 05:29:38] [CAM] 摄像头捕获器已释放
[2026-07-14 05:29:38] [CAM] 摄像头未检测到，等待重连...
[2026-07-14 05:29:39] [CAM] 摄像头捕获器已释放
[2026-07-14 05:29:39] [CAM] 摄像头未检测到，等待重连...
[2026-07-14 05:29:39] [CAM] 摄像头捕获器已释放
[2026-07-14 05:29:39] [CAM] 摄像头未检测到，等待重连...
[2026-07-14 05:29:40] [CAM] 摄像头捕获器已释放
[2026-07-14 05:29:40] [CAM] 摄像头未检测到，等待重连...
[2026-07-14 05:29:40] [CAM] 摄像头捕获器已释放
[2026-07-14 05:29:40] [CAM] 摄像头未检测到，等待重连...
[2026-07-14 05:29:41] [CAM] 摄像头捕获器已释放
[2026-07-14 05:29:41] [CAM] 摄像头未检测到，等待重连...
[2026-07-14 05:29:41] [CAM] 摄像头捕获器已释放
[2026-07-14 05:29:41] [CAM] 摄像头未检测到，等待重连...
[2026-07-14 05:29:42] [CAM] 摄像头捕获器已释放
[2026-07-14 05:29:42] [CAM] 摄像头未检测到，等待重连...
[2026-07-14 05:29:42] [CAM] 摄像头捕获器已释放
[2026-07-14 05:29:42] [CAM] 摄像头未检测到，等待重连...
[2026-07-14 05:29:43] [CAM] 摄像头捕获器已释放
[2026-07-14 05:29:43] [CAM] 摄像头未检测到，等待重连...
[2026-07-14 05:29:43] [CAM] 摄像头捕获器已释放
[2026-07-14 05:29:43] [CAM] 摄像头未检测到，等待重连...
[2026-07-14 05:29:44] [CAM] 摄像头捕获器已释放
[2026-07-14 05:29:44] [CAM] 摄像头未检测到，等待重连...
[2026-07-14 05:29:44] [CAM] 摄像头捕获器已释放
[2026-07-14 05:29:44] [CAM] 摄像头未检测到，等待重连...
[2026-07-14 05:29:45] [CAM] 摄像头捕获器已释放
[2026-07-14 05:29:45] [CAM] 摄像头未检测到，等待重连...
[2026-07-14 05:29:45] [CAM] 摄像头捕获器已释放
[2026-07-14 05:29:45] [CAM] 摄像头未检测到，等待重连...
[2026-07-14 05:29:46] [CAM] 摄像头捕获器已释放
[2026-07-14 05:29:46] [CAM] 摄像头未检测到，等待重连...
[2026-07-14 05:29:46] [CAM] 摄像头捕获器已释放
[2026-07-14 05:29:46] [CAM] 摄像头未检测到，等待重连...
[2026-07-14 05:29:47] [CAM] 摄像头捕获器已释放
[2026-07-14 05:29:47] [CAM] 摄像头未检测到，等待重连...
[2026-07-14 05:29:47] [CAM] 摄像头捕获器已释放
[2026-07-14 05:29:47] [CAM] 摄像头未检测到，等待重连...
[2026-07-14 05:29:48] [CAM] 摄像头捕获器已释放
[2026-07-14 05:29:48] [CAM] 摄像头未检测到，等待重连...
[2026-07-14 05:29:48] [CAM] 摄像头捕获器已释放
[2026-07-14 05:29:48] [CAM] 摄像头未检测到，等待重连...
[2026-07-14 05:29:49] [CAM] 摄像头捕获器已释放
[2026-07-14 05:29:49] [CAM] 摄像头未检测到，等待重连...
[2026-07-14 05:29:49] [CAM] 摄像头捕获器已释放
[2026-07-14 05:29:49] [CAM] 摄像头未检测到，等待重连...
[2026-07-14 05:29:50] [CAM] 摄像头捕获器已释放
[2026-07-14 05:29:50] [CAM] 摄像头未检测到，等待重连...
[2026-07-14 05:29:50] [CAM] 摄像头捕获器已释放
[2026-07-14 05:29:50] [CAM] 摄像头未检测到，等待重连...
[2026-07-14 05:29:51] [CAM] 摄像头捕获器已释放
[2026-07-14 05:29:51] [CAM] 摄像头未检测到，等待重连...
[2026-07-14 05:29:51] [CAM] 摄像头捕获器已释放
[2026-07-14 05:29:51] [CAM] 摄像头未检测到，等待重连...
[2026-07-14 05:29:52] [CAM] 摄像头捕获器已释放
[2026-07-14 05:29:52] [CAM] 摄像头未检测到，等待重连...
[2026-07-14 05:29:53] [CAM] 摄像头捕获器已释放
[2026-07-14 05:29:53] [CAM] 摄像头未检测到，等待重连...
[2026-07-14 05:29:53] [CAM] 摄像头捕获器已释放
[2026-07-14 05:29:53] [CAM] 摄像头未检测到，等待重连...
[2026-07-14 05:29:54] [CAM] 摄像头捕获器已释放
[2026-07-14 05:29:54] [CAM] 摄像头未检测到，等待重连...
[2026-07-14 05:29:54] [CAM] 摄像头捕获器已释放
[2026-07-14 05:29:54] [CAM] 摄像头未检测到，等待重连...
[2026-07-14 05:29:55] [CAM] 摄像头捕获器已释放
[2026-07-14 05:29:55] [CAM] 摄像头未检测到，等待重连...
[2026-07-14 05:29:55] [CAM] 摄像头捕获器已释放
[2026-07-14 05:29:55] [CAM] 摄像头未检测到，等待重连...
[2026-07-14 05:29:56] [CAM] 摄像头捕获器已释放
[2026-07-14 05:29:56] [CAM] 摄像头未检测到，等待重连...
[2026-07-14 05:29:56] [CAM] 摄像头捕获器已释放
[2026-07-14 05:29:56] [CAM] 摄像头未检测到，等待重连...
[2026-07-14 05:29:57] [CAM] 摄像头捕获器已释放
[2026-07-14 05:29:57] [CAM] 摄像头未检测到，等待重连...
[2026-07-14 05:29:57] [CAM] 摄像头捕获器已释放
[2026-07-14 05:29:57] [CAM] 摄像头未检测到，等待重连...
[2026-07-14 05:29:58] [CAM] 摄像头捕获器已释放
[2026-07-14 05:29:58] [CAM] 摄像头未检测到，等待重连...
[2026-07-14 05:29:58] [CAM] 摄像头捕获器已释放
[2026-07-14 05:29:58] [CAM] 摄像头未检测到，等待重连...
[2026-07-14 05:29:59] [CAM] 摄像头捕获器已释放
[2026-07-14 05:29:59] [CAM] 摄像头未检测到，等待重连...
[2026-07-14 05:29:59] [CAM] 摄像头捕获器已释放
[2026-07-14 05:29:59] [CAM] 摄像头未检测到，等待重连...
[2026-07-14 05:30:00] [CAM] 摄像头捕获器已释放
[2026-07-14 05:30:00] [CAM] 摄像头未检测到，等待重连...
[2026-07-14 05:30:00] [CAM] 摄像头捕获器已释放
[2026-07-14 05:30:00] [CAM] 摄像头未检测到，等待重连...
[2026-07-14 05:30:01] [CAM] 摄像头捕获器已释放
[2026-07-14 05:30:01] [CAM] 摄像头未检测到，等待重连...
[2026-07-14 05:30:01] [CAM] 摄像头捕获器已释放
[2026-07-14 05:30:01] [CAM] 摄像头未检测到，等待重连...
[2026-07-14 05:30:02] [CAM] 摄像头捕获器已释放
[2026-07-14 05:30:02] [CAM] 摄像头未检测到，等待重连...
[2026-07-14 05:30:02] [CAM] 摄像头捕获器已释放
[2026-07-14 05:30:02] [CAM] 摄像头未检测到，等待重连...
[2026-07-14 05:30:03] [CAM] 摄像头捕获器已释放
[2026-07-14 05:30:03] [CAM] 摄像头未检测到，等待重连...
[2026-07-14 05:30:03] [CAM] 摄像头捕获器已释放
[2026-07-14 05:30:03] [CAM] 摄像头未检测到，等待重连...
[2026-07-14 05:30:04] [CAM] 摄像头捕获器已释放
[2026-07-14 05:30:04] [CAM] 摄像头未检测到，等待重连...
[2026-07-14 05:30:04] [CAM] 摄像头捕获器已释放
[2026-07-14 05:30:04] [CAM] 摄像头未检测到，等待重连...
[2026-07-14 05:30:05] [CAM] 摄像头捕获器已释放
[2026-07-14 05:30:05] [CAM] 摄像头未检测到，等待重连...
[2026-07-14 05:30:05] [CAM] 摄像头捕获器已释放
[2026-07-14 05:30:05] [CAM] 摄像头未检测到，等待重连...
[2026-07-14 05:30:06] [CAM] 摄像头捕获器已释放
[2026-07-14 05:30:06] [CAM] 摄像头未检测到，等待重连...
[2026-07-14 05:30:06] [CAM] 摄像头捕获器已释放
[2026-07-14 05:30:06] [CAM] 摄像头未检测到，等待重连...
[2026-07-14 05:30:07] [CAM] 摄像头捕获器已释放
[2026-07-14 05:30:07] [CAM] 摄像头未检测到，等待重连...
[2026-07-14 05:30:07] [CAM] 摄像头捕获器已释放
[2026-07-14 05:30:07] [CAM] 摄像头未检测到，等待重连...
[2026-07-14 05:30:08] [CAM] 摄像头捕获器已释放
[2026-07-14 05:30:08] [CAM] 摄像头未检测到，等待重连...
[2026-07-14 05:30:08] [CAM] 摄像头捕获器已释放
[2026-07-14 05:30:08] [CAM] 摄像头未检测到，等待重连...
[2026-07-14 05:30:09] [CAM] 摄像头捕获器已释放
[2026-07-14 05:30:09] [CAM] 摄像头未检测到，等待重连...
[2026-07-14 05:30:09] [CAM] 摄像头捕获器已释放
[2026-07-14 05:30:09] [CAM] 摄像头未检测到，等待重连...
[2026-07-14 05:30:10] [CAM] 摄像头捕获器已释放
[2026-07-14 05:30:10] [CAM] 摄像头未检测到，等待重连...
[2026-07-14 05:30:10] [CAM] 摄像头捕获器已释放
[2026-07-14 05:30:10] [CAM] 摄像头未检测到，等待重连...
[2026-07-14 05:30:11] [CAM] 摄像头捕获器已释放
[2026-07-14 05:30:11] [CAM] 摄像头未检测到，等待重连...
[2026-07-14 05:30:11] [CAM] 摄像头捕获器已释放
[2026-07-14 05:30:11] [CAM] 摄像头未检测到，等待重连...
[2026-07-14 05:30:12] [CAM] 摄像头捕获器已释放
[2026-07-14 05:30:12] [CAM] 摄像头未检测到，等待重连...
[2026-07-14 05:30:12] [CAM] 摄像头捕获器已释放
[2026-07-14 05:30:12] [CAM] 摄像头未检测到，等待重连...
[2026-07-14 05:30:13] [CAM] 摄像头捕获器已释放
[2026-07-14 05:30:13] [CAM] 摄像头未检测到，等待重连...
[2026-07-14 05:30:13] [CAM] 摄像头捕获器已释放
[2026-07-14 05:30:13] [CAM] 摄像头未检测到，等待重连...
[2026-07-14 05:30:14] [CAM] 摄像头捕获器已释放
[2026-07-14 05:30:14] [CAM] 摄像头未检测到，等待重连...
[2026-07-14 05:30:14] [CAM] 摄像头捕获器已释放
[2026-07-14 05:30:14] [CAM] 摄像头未检测到，等待重连...
[2026-07-14 05:30:15] [CAM] 摄像头捕获器已释放
[2026-07-14 05:30:15] [CAM] 摄像头未检测到，等待重连...
[2026-07-14 05:30:15] [CAM] 摄像头捕获器已释放
[2026-07-14 05:30:15] [CAM] 摄像头未检测到，等待重连...
[2026-07-14 05:30:16] [CAM] 摄像头捕获器已释放
[2026-07-14 05:30:16] [CAM] 摄像头未检测到，等待重连...
[2026-07-14 05:30:16] [CAM] 摄像头捕获器已释放
[2026-07-14 05:30:16] [CAM] 摄像头未检测到，等待重连...
[2026-07-14 05:30:17] [CAM] 摄像头捕获器已释放
[2026-07-14 05:30:17] [CAM] 摄像头未检测到，等待重连...
[2026-07-14 05:30:17] [CAM] 摄像头捕获器已释放
[2026-07-14 05:30:17] [CAM] 摄像头未检测到，等待重连...
[2026-07-14 05:30:18] [CAM] 摄像头捕获器已释放
[2026-07-14 05:30:18] [CAM] 摄像头未检测到，等待重连...
[2026-07-14 05:30:18] [CAM] 摄像头捕获器已释放
[2026-07-14 05:30:18] [CAM] 摄像头未检测到，等待重连...
[2026-07-14 05:30:19] [CAM] 摄像头捕获器已释放
[2026-07-14 05:30:19] [CAM] 摄像头未检测到，等待重连...
[2026-07-14 05:30:19] [CAM] 摄像头捕获器已释放
[2026-07-14 05:30:19] [CAM] 摄像头未检测到，等待重连...
[2026-07-14 05:30:20] [CAM] 摄像头捕获器已释放
[2026-07-14 05:30:20] [CAM] 摄像头未检测到，等待重连...
[2026-07-14 05:30:20] [CAM] 摄像头捕获器已释放
[2026-07-14 05:30:20] [CAM] 摄像头未检测到，等待重连...
[2026-07-14 05:30:21] [CAM] 摄像头捕获器已释放
[2026-07-14 05:30:21] [CAM] 摄像头未检测到，等待重连...
[2026-07-14 05:30:21] [CAM] 摄像头捕获器已释放
[2026-07-14 05:30:21] [CAM] 摄像头未检测到，等待重连...
[2026-07-14 05:30:22] [CAM] 摄像头捕获器已释放
[2026-07-14 05:30:22] [CAM] 摄像头未检测到，等待重连...
[2026-07-14 05:30:22] [CAM] 摄像头捕获器已释放
[2026-07-14 05:30:22] [CAM] 摄像头未检测到，等待重连...
[2026-07-14 05:30:23] [CAM] 摄像头捕获器已释放
[2026-07-14 05:30:23] [CAM] 摄像头未检测到，等待重连...
[2026-07-14 05:30:23] [CAM] 摄像头捕获器已释放
[2026-07-14 05:30:23] [CAM] 摄像头未检测到，等待重连...
[2026-07-14 05:30:24] [CAM] 摄像头捕获器已释放
[2026-07-14 05:30:24] [CAM] 摄像头未检测到，等待重连...
[2026-07-14 05:30:24] [CAM] 摄像头捕获器已释放
[2026-07-14 05:30:24] [CAM] 摄像头未检测到，等待重连...
[2026-07-14 05:30:25] [CAM] 摄像头捕获器已释放
[2026-07-14 05:30:25] [CAM] 摄像头未检测到，等待重连...
[2026-07-14 05:30:25] [CAM] 摄像头捕获器已释放
[2026-07-14 05:30:25] [CAM] 摄像头未检测到，等待重连...
[2026-07-14 05:30:26] [CAM] 摄像头捕获器已释放
[2026-07-14 05:30:26] [CAM] 摄像头未检测到，等待重连...
[2026-07-14 05:30:26] [CAM] 摄像头捕获器已释放
[2026-07-14 05:30:26] [CAM] 摄像头未检测到，等待重连...
[2026-07-14 05:30:27] [CAM] 摄像头捕获器已释放
[2026-07-14 05:30:27] [CAM] 摄像头未检测到，等待重连...
[2026-07-14 05:30:27] [CAM] 摄像头捕获器已释放
[2026-07-14 05:30:27] [CAM] 摄像头未检测到，等待重连...
[2026-07-14 05:30:28] [CAM] 摄像头捕获器已释放
[2026-07-14 05:30:28] [CAM] 摄像头未检测到，等待重连...
[2026-07-14 05:30:28] [CAM] 摄像头捕获器已释放
[2026-07-14 05:30:28] [CAM] 摄像头未检测到，等待重连...
[2026-07-14 05:30:29] [CAM] 摄像头捕获器已释放
[2026-07-14 05:30:29] [CAM] 摄像头未检测到，等待重连...
[2026-07-14 05:30:29] [CAM] 摄像头捕获器已释放
[2026-07-14 05:30:29] [CAM] 摄像头未检测到，等待重连...
[2026-07-14 05:30:30] [CAM] 摄像头捕获器已释放
[2026-07-14 05:30:30] [CAM] 摄像头未检测到，等待重连...
[2026-07-14 05:30:30] [CAM] 摄像头捕获器已释放
[2026-07-14 05:30:30] [CAM] 摄像头未检测到，等待重连...
[2026-07-14 05:30:31] [CAM] 摄像头捕获器已释放
[2026-07-14 05:30:31] [CAM] 摄像头未检测到，等待重连...
[2026-07-14 05:30:31] [CAM] 摄像头捕获器已释放
[2026-07-14 05:30:31] [CAM] 摄像头未检测到，等待重连...
[2026-07-14 05:30:32] [CAM] 摄像头捕获器已释放
[2026-07-14 05:30:32] [CAM] 摄像头未检测到，等待重连...
[2026-07-14 05:30:32] [CAM] 摄像头捕获器已释放
[2026-07-14 05:30:32] [CAM] 摄像头未检测到，等待重连...
[2026-07-14 05:30:33] [CAM] 摄像头捕获器已释放
[2026-07-14 05:30:33] [CAM] 摄像头未检测到，等待重连...
[2026-07-14 05:30:33] [CAM] 摄像头捕获器已释放
[2026-07-14 05:30:33] [CAM] 摄像头未检测到，等待重连...
[2026-07-14 05:30:34] [CAM] 摄像头捕获器已释放
[2026-07-14 05:30:34] [CAM] 摄像头未检测到，等待重连...
[2026-07-14 05:30:34] [CAM] 摄像头捕获器已释放
[2026-07-14 05:30:34] [CAM] 摄像头未检测到，等待重连...
[2026-07-14 05:30:35] [CAM] 摄像头捕获器已释放
[2026-07-14 05:30:35] [CAM] 摄像头未检测到，等待重连...
[2026-07-14 05:30:35] [CAM] 摄像头捕获器已释放
[2026-07-14 05:30:35] [CAM] 摄像头未检测到，等待重连...
[2026-07-14 05:30:36] [CAM] 摄像头捕获器已释放
[2026-07-14 05:30:36] [CAM] 摄像头未检测到，等待重连...
[2026-07-14 05:30:36] [CAM] 摄像头捕获器已释放
[2026-07-14 05:30:36] [CAM] 摄像头未检测到，等待重连...
[2026-07-14 05:30:37] [CAM] 摄像头捕获器已释放
[2026-07-14 05:30:37] [CAM] 摄像头未检测到，等待重连...
[2026-07-14 05:30:37] [CAM] 摄像头捕获器已释放
[2026-07-14 05:30:37] [CAM] 摄像头未检测到，等待重连...
[2026-07-14 05:30:38] [CAM] 摄像头捕获器已释放
[2026-07-14 05:30:38] [CAM] 摄像头未检测到，等待重连...
[2026-07-14 05:30:38] [CAM] 摄像头捕获器已释放
[2026-07-14 05:30:38] [CAM] 摄像头未检测到，等待重连...
[2026-07-14 05:30:39] [CAM] 摄像头捕获器已释放
[2026-07-14 05:30:39] [CAM] 摄像头未检测到，等待重连...
[2026-07-14 05:30:39] [CAM] 摄像头捕获器已释放
[2026-07-14 05:30:39] [CAM] 摄像头未检测到，等待重连...
[2026-07-14 05:30:40] [CAM] 摄像头捕获器已释放
[2026-07-14 05:30:40] [CAM] 摄像头未检测到，等待重连...
[2026-07-14 05:30:40] [CAM] 摄像头捕获器已释放
[2026-07-14 05:30:40] [CAM] 摄像头未检测到，等待重连...
[2026-07-14 05:30:41] [CAM] 摄像头捕获器已释放
[2026-07-14 05:30:41] [CAM] 摄像头未检测到，等待重连...
[2026-07-14 05:30:41] [CAM] 摄像头捕获器已释放
[2026-07-14 05:30:41] [CAM] 摄像头未检测到，等待重连...
[2026-07-14 05:30:42] [CAM] 摄像头捕获器已释放
[2026-07-14 05:30:42] [CAM] 摄像头未检测到，等待重连...
[2026-07-14 05:30:42] [CAM] 摄像头捕获器已释放
[2026-07-14 05:30:42] [CAM] 摄像头未检测到，等待重连...
[2026-07-14 05:30:43] [CAM] 摄像头捕获器已释放
[2026-07-14 05:30:43] [CAM] 摄像头未检测到，等待重连...
[2026-07-14 05:30:43] [CAM] 摄像头捕获器已释放
[2026-07-14 05:30:43] [CAM] 摄像头未检测到，等待重连...
[2026-07-14 05:30:44] [CAM] 摄像头捕获器已释放
[2026-07-14 05:30:44] [CAM] 摄像头未检测到，等待重连...
[2026-07-14 05:30:44] [CAM] 摄像头捕获器已释放
[2026-07-14 05:30:44] [CAM] 摄像头未检测到，等待重连...
[2026-07-14 05:30:45] [CAM] 摄像头捕获器已释放
[2026-07-14 05:30:45] [CAM] 摄像头未检测到，等待重连...
[2026-07-14 05:30:45] [CAM] 摄像头捕获器已释放
[2026-07-14 05:30:45] [CAM] 摄像头未检测到，等待重连...
[2026-07-14 05:30:46] [CAM] 摄像头捕获器已释放
[2026-07-14 05:30:46] [CAM] 摄像头未检测到，等待重连...
[2026-07-14 05:30:46] [CAM] 摄像头捕获器已释放
[2026-07-14 05:30:46] [CAM] 摄像头未检测到，等待重连...
[2026-07-14 05:30:47] [CAM] 摄像头捕获器已释放
[2026-07-14 05:30:47] [CAM] 摄像头未检测到，等待重连...
[2026-07-14 05:30:47] [CAM] 摄像头捕获器已释放
[2026-07-14 05:30:47] [CAM] 摄像头未检测到，等待重连...
[2026-07-14 05:30:48] [CAM] 摄像头捕获器已释放
[2026-07-14 05:30:48] [CAM] 摄像头未检测到，等待重连...
[2026-07-14 05:30:48] [CAM] 摄像头捕获器已释放
[2026-07-14 05:30:48] [CAM] 摄像头未检测到，等待重连...
[2026-07-14 05:30:49] [CAM] 摄像头捕获器已释放
[2026-07-14 05:30:49] [CAM] 摄像头未检测到，等待重连...
[2026-07-14 05:30:49] [CAM] 摄像头捕获器已释放
[2026-07-14 05:30:49] [CAM] 摄像头未检测到，等待重连...
[2026-07-14 05:30:50] [CAM] 摄像头捕获器已释放
[2026-07-14 05:30:50] [CAM] 摄像头未检测到，等待重连...
[2026-07-14 05:30:50] [CAM] 摄像头捕获器已释放
[2026-07-14 05:30:50] [CAM] 摄像头未检测到，等待重连...
[2026-07-14 05:30:51] [CAM] 摄像头捕获器已释放
[2026-07-14 05:30:51] [CAM] 摄像头未检测到，等待重连...
[2026-07-14 05:30:51] [CAM] 摄像头捕获器已释放
[2026-07-14 05:30:51] [CAM] 摄像头未检测到，等待重连...
[2026-07-14 05:30:52] [CAM] 摄像头捕获器已释放
[2026-07-14 05:30:52] [CAM] 摄像头未检测到，等待重连...
[2026-07-14 05:30:52] [CAM] 摄像头捕获器已释放
[2026-07-14 05:30:52] [CAM] 摄像头未检测到，等待重连...
[2026-07-14 05:30:53] [CAM] 摄像头捕获器已释放
[2026-07-14 05:30:53] [CAM] 摄像头未检测到，等待重连...
[2026-07-14 05:30:53] [CAM] 摄像头捕获器已释放
[2026-07-14 05:30:53] [CAM] 摄像头未检测到，等待重连...
[2026-07-14 05:30:54] [CAM] 摄像头捕获器已释放
[2026-07-14 05:30:54] [CAM] 摄像头未检测到，等待重连...
[2026-07-14 05:30:54] [CAM] 摄像头捕获器已释放
[2026-07-14 05:30:54] [CAM] 摄像头未检测到，等待重连...
[2026-07-14 05:30:55] [CAM] 摄像头捕获器已释放
[2026-07-14 05:30:55] [CAM] 摄像头未检测到，等待重连...
[2026-07-14 05:30:55] [CAM] 摄像头捕获器已释放
[2026-07-14 05:30:55] [CAM] 摄像头未检测到，等待重连...
[2026-07-14 05:30:56] [CAM] 摄像头捕获器已释放
[2026-07-14 05:30:56] [CAM] 摄像头未检测到，等待重连...
[2026-07-14 05:30:56] [CAM] 摄像头捕获器已释放
[2026-07-14 05:30:56] [CAM] 摄像头未检测到，等待重连...
[2026-07-14 05:30:57] [CAM] 摄像头捕获器已释放
[2026-07-14 05:30:57] [CAM] 摄像头未检测到，等待重连...
[2026-07-14 05:30:57] [CAM] 摄像头捕获器已释放
[2026-07-14 05:30:57] [CAM] 摄像头未检测到，等待重连...
[2026-07-14 05:30:58] [CAM] 摄像头捕获器已释放
[2026-07-14 05:30:58] [CAM] 摄像头未检测到，等待重连...
[2026-07-14 05:30:58] [CAM] 摄像头捕获器已释放
[2026-07-14 05:30:58] [CAM] 摄像头未检测到，等待重连...
[2026-07-14 05:30:59] [CAM] 摄像头捕获器已释放
[2026-07-14 05:30:59] [CAM] 摄像头未检测到，等待重连...
[2026-07-14 05:30:59] [CAM] 摄像头捕获器已释放
[2026-07-14 05:30:59] [CAM] 摄像头未检测到，等待重连...
[2026-07-14 05:31:00] [CAM] 摄像头捕获器已释放
[2026-07-14 05:31:00] [CAM] 摄像头未检测到，等待重连...
[2026-07-14 05:31:00] [CAM] 摄像头捕获器已释放
[2026-07-14 05:31:00] [CAM] 摄像头未检测到，等待重连...
[2026-07-14 05:31:01] [CAM] 摄像头捕获器已释放
[2026-07-14 05:31:01] [CAM] 摄像头未检测到，等待重连...
[2026-07-14 05:31:01] [CAM] 摄像头捕获器已释放
[2026-07-14 05:31:01] [CAM] 摄像头未检测到，等待重连...
[2026-07-14 05:31:02] [CAM] 摄像头捕获器已释放
[2026-07-14 05:31:02] [CAM] 摄像头未检测到，等待重连...
[2026-07-14 05:31:02] [CAM] 摄像头捕获器已释放
[2026-07-14 05:31:02] [CAM] 摄像头未检测到，等待重连...
[2026-07-14 05:31:03] [CAM] 摄像头捕获器已释放
[2026-07-14 05:31:03] [CAM] 摄像头未检测到，等待重连...
[2026-07-14 05:31:03] [CAM] 摄像头捕获器已释放
[2026-07-14 05:31:03] [CAM] 摄像头未检测到，等待重连...
[2026-07-14 05:31:04] [CAM] 摄像头捕获器已释放
[2026-07-14 05:31:04] [CAM] 摄像头未检测到，等待重连...
[2026-07-14 05:31:04] [CAM] 摄像头捕获器已释放
[2026-07-14 05:31:04] [CAM] 摄像头未检测到，等待重连...
[2026-07-14 05:31:05] [CAM] 摄像头捕获器已释放
[2026-07-14 05:31:05] [CAM] 摄像头未检测到，等待重连...
[2026-07-14 05:31:05] [CAM] 摄像头捕获器已释放
[2026-07-14 05:31:05] [CAM] 摄像头未检测到，等待重连...
[2026-07-14 05:31:06] [CAM] 摄像头捕获器已释放
[2026-07-14 05:31:06] [CAM] 摄像头未检测到，等待重连...
[2026-07-14 05:31:06] [CAM] 摄像头捕获器已释放
[2026-07-14 05:31:06] [CAM] 摄像头未检测到，等待重连...
[2026-07-14 05:31:07] [CAM] 摄像头捕获器已释放
[2026-07-14 05:31:07] [CAM] 摄像头未检测到，等待重连...
[2026-07-14 05:31:07] [CAM] 摄像头捕获器已释放
[2026-07-14 05:31:07] [CAM] 摄像头未检测到，等待重连...
[2026-07-14 05:31:08] [CAM] 摄像头捕获器已释放
[2026-07-14 05:31:08] [CAM] 摄像头未检测到，等待重连...
[2026-07-14 05:31:08] [CAM] 摄像头捕获器已释放
[2026-07-14 05:31:08] [CAM] 摄像头未检测到，等待重连...
[2026-07-14 05:31:09] [CAM] 摄像头捕获器已释放
[2026-07-14 05:31:09] [CAM] 摄像头未检测到，等待重连...
[2026-07-14 05:31:09] [CAM] 摄像头捕获器已释放
[2026-07-14 05:31:09] [CAM] 摄像头未检测到，等待重连...
[2026-07-14 05:31:10] [CAM] 摄像头捕获器已释放
[2026-07-14 05:31:10] [CAM] 摄像头未检测到，等待重连...
[2026-07-14 05:31:10] [CAM] 摄像头捕获器已释放
[2026-07-14 05:31:10] [CAM] 摄像头未检测到，等待重连...
[2026-07-14 05:31:11] [CAM] 摄像头捕获器已释放
[2026-07-14 05:31:11] [CAM] 摄像头未检测到，等待重连...
[2026-07-14 05:31:11] [CAM] 摄像头捕获器已释放
[2026-07-14 05:31:11] [CAM] 摄像头未检测到，等待重连...
[2026-07-14 05:31:12] [CAM] 摄像头捕获器已释放
[2026-07-14 05:31:12] [CAM] 摄像头未检测到，等待重连...
[2026-07-14 05:31:12] [CAM] 摄像头捕获器已释放
[2026-07-14 05:31:12] [CAM] 摄像头未检测到，等待重连...
[2026-07-14 05:31:13] [CAM] 摄像头捕获器已释放
[2026-07-14 05:31:13] [CAM] 摄像头未检测到，等待重连...
[2026-07-14 05:31:13] [CAM] 摄像头捕获器已释放
[2026-07-14 05:31:13] [CAM] 摄像头未检测到，等待重连...
[2026-07-14 05:31:14] [CAM] 摄像头捕获器已释放
[2026-07-14 05:31:14] [CAM] 摄像头未检测到，等待重连...
[2026-07-14 05:31:14] [CAM] 摄像头捕获器已释放
[2026-07-14 05:31:14] [CAM] 摄像头未检测到，等待重连...
[2026-07-14 05:31:15] [CAM] 摄像头捕获器已释放
[2026-07-14 05:31:15] [CAM] 摄像头未检测到，等待重连...
[2026-07-14 05:31:15] [CAM] 摄像头捕获器已释放
[2026-07-14 05:31:15] [CAM] 摄像头未检测到，等待重连...
[2026-07-14 05:31:16] [CAM] 摄像头捕获器已释放
[2026-07-14 05:31:16] [CAM] 摄像头未检测到，等待重连...
[2026-07-14 05:31:16] [CAM] 摄像头捕获器已释放
[2026-07-14 05:31:16] [CAM] 摄像头未检测到，等待重连...
[2026-07-14 05:31:17] [CAM] 摄像头捕获器已释放
[2026-07-14 05:31:17] [CAM] 摄像头未检测到，等待重连...
[2026-07-14 05:31:17] [CAM] 摄像头捕获器已释放
[2026-07-14 05:31:17] [CAM] 摄像头未检测到，等待重连...
[2026-07-14 05:31:18] [CAM] 摄像头捕获器已释放
[2026-07-14 05:31:18] [CAM] 摄像头未检测到，等待重连...
[2026-07-14 05:31:18] [CAM] 摄像头捕获器已释放
[2026-07-14 05:31:18] [CAM] 摄像头未检测到，等待重连...
[2026-07-14 05:31:19] [CAM] 摄像头捕获器已释放
[2026-07-14 05:31:19] [CAM] 摄像头未检测到，等待重连...
[2026-07-14 05:31:19] [CAM] 摄像头捕获器已释放
[2026-07-14 05:31:19] [CAM] 摄像头未检测到，等待重连...
[2026-07-14 05:31:20] [CAM] 摄像头捕获器已释放
[2026-07-14 05:31:20] [CAM] 摄像头未检测到，等待重连...
[2026-07-14 05:31:20] [CAM] 摄像头捕获器已释放
[2026-07-14 05:31:20] [CAM] 摄像头未检测到，等待重连...
[2026-07-14 05:31:21] [CAM] 摄像头捕获器已释放
[2026-07-14 05:31:21] [CAM] 摄像头未检测到，等待重连...
[2026-07-14 05:31:21] [CAM] 摄像头捕获器已释放
[2026-07-14 05:31:21] [CAM] 摄像头未检测到，等待重连...
[2026-07-14 05:31:22] [CAM] 摄像头捕获器已释放
[2026-07-14 05:31:22] [CAM] 摄像头未检测到，等待重连...
[2026-07-14 05:31:22] [CAM] 摄像头捕获器已释放
[2026-07-14 05:31:22] [CAM] 摄像头未检测到，等待重连...
[2026-07-14 05:31:23] [CAM] 摄像头捕获器已释放
[2026-07-14 05:31:23] [CAM] 摄像头未检测到，等待重连...
[2026-07-14 05:31:23] [CAM] 摄像头捕获器已释放
[2026-07-14 05:31:23] [CAM] 摄像头未检测到，等待重连...
[2026-07-14 05:31:24] [CAM] 摄像头捕获器已释放
[2026-07-14 05:31:24] [CAM] 摄像头未检测到，等待重连...
[2026-07-14 05:31:24] [CAM] 摄像头捕获器已释放
[2026-07-14 05:31:24] [CAM] 摄像头未检测到，等待重连...
[2026-07-14 05:31:25] [CAM] 摄像头捕获器已释放
[2026-07-14 05:31:25] [CAM] 摄像头未检测到，等待重连...
[2026-07-14 05:31:25] [CAM] 摄像头捕获器已释放
[2026-07-14 05:31:25] [CAM] 摄像头未检测到，等待重连...
[2026-07-14 05:31:26] [CAM] 摄像头捕获器已释放
[2026-07-14 05:31:26] [CAM] 摄像头未检测到，等待重连...
[2026-07-14 05:31:26] [CAM] 摄像头捕获器已释放
[2026-07-14 05:31:26] [CAM] 摄像头未检测到，等待重连...
[2026-07-14 05:31:27] [CAM] 摄像头捕获器已释放
[2026-07-14 05:31:27] [CAM] 摄像头未检测到，等待重连...
[2026-07-14 05:31:27] [CAM] 摄像头捕获器已释放
[2026-07-14 05:31:27] [CAM] 摄像头未检测到，等待重连...
[2026-07-14 05:31:28] [CAM] 摄像头捕获器已释放
[2026-07-14 05:31:28] [CAM] 摄像头未检测到，等待重连...
[2026-07-14 05:31:28] [CAM] 摄像头捕获器已释放
[2026-07-14 05:31:28] [CAM] 摄像头未检测到，等待重连...
[2026-07-14 05:31:29] [CAM] 摄像头捕获器已释放
[2026-07-14 05:31:29] [CAM] 摄像头未检测到，等待重连...
[2026-07-14 05:31:29] [CAM] 摄像头捕获器已释放
[2026-07-14 05:31:29] [CAM] 摄像头未检测到，等待重连...
[2026-07-14 05:31:30] [CAM] 摄像头捕获器已释放
[2026-07-14 05:31:30] [CAM] 摄像头未检测到，等待重连...
[2026-07-14 05:31:30] [CAM] 摄像头捕获器已释放
[2026-07-14 05:31:30] [CAM] 摄像头未检测到，等待重连...
[2026-07-14 05:31:31] [CAM] 摄像头捕获器已释放
[2026-07-14 05:31:31] [CAM] 摄像头未检测到，等待重连...
[2026-07-14 05:31:31] [CAM] 摄像头捕获器已释放
[2026-07-14 05:31:31] [CAM] 摄像头未检测到，等待重连...
[2026-07-14 05:31:32] [CAM] 摄像头捕获器已释放
[2026-07-14 05:31:32] [CAM] 摄像头未检测到，等待重连...
[2026-07-14 05:31:32] [CAM] 摄像头捕获器已释放
[2026-07-14 05:31:32] [CAM] 摄像头未检测到，等待重连...
[2026-07-14 05:31:33] [CAM] 摄像头捕获器已释放
[2026-07-14 05:31:33] [CAM] 摄像头未检测到，等待重连...
[2026-07-14 05:31:33] [CAM] 摄像头捕获器已释放
[2026-07-14 05:31:33] [CAM] 摄像头未检测到，等待重连...
[2026-07-14 05:31:34] [CAM] 摄像头捕获器已释放
[2026-07-14 05:31:34] [CAM] 摄像头未检测到，等待重连...
[2026-07-14 05:31:34] [CAM] 摄像头捕获器已释放
[2026-07-14 05:31:34] [CAM] 摄像头未检测到，等待重连...
[2026-07-14 05:31:35] [CAM] 摄像头捕获器已释放
[2026-07-14 05:31:35] [CAM] 摄像头未检测到，等待重连...
[2026-07-14 05:31:35] [CAM] 摄像头捕获器已释放
[2026-07-14 05:31:35] [CAM] 摄像头未检测到，等待重连...
[2026-07-14 05:31:36] [CAM] 摄像头捕获器已释放
[2026-07-14 05:31:36] [CAM] 摄像头未检测到，等待重连...
[2026-07-14 05:31:36] [CAM] 摄像头捕获器已释放
[2026-07-14 05:31:36] [CAM] 摄像头未检测到，等待重连...
[2026-07-14 05:31:37] [CAM] 摄像头捕获器已释放
[2026-07-14 05:31:37] [CAM] 摄像头未检测到，等待重连...
[2026-07-14 05:31:37] [CAM] 摄像头捕获器已释放
[2026-07-14 05:31:37] [CAM] 摄像头未检测到，等待重连...
[2026-07-14 05:31:38] [CAM] 摄像头捕获器已释放
[2026-07-14 05:31:38] [CAM] 摄像头未检测到，等待重连...
[2026-07-14 05:31:38] [CAM] 摄像头捕获器已释放
[2026-07-14 05:31:38] [CAM] 摄像头未检测到，等待重连...
[2026-07-14 05:31:39] [CAM] 摄像头捕获器已释放
[2026-07-14 05:31:39] [CAM] 摄像头未检测到，等待重连...
[2026-07-14 05:31:39] [CAM] 摄像头捕获器已释放
[2026-07-14 05:31:39] [CAM] 摄像头未检测到，等待重连...
[2026-07-14 05:31:40] [CAM] 摄像头捕获器已释放
[2026-07-14 05:31:40] [CAM] 摄像头未检测到，等待重连...
[2026-07-14 05:31:40] [CAM] 摄像头捕获器已释放
[2026-07-14 05:31:40] [CAM] 摄像头未检测到，等待重连...
[2026-07-14 05:31:41] [CAM] 摄像头捕获器已释放
[2026-07-14 05:31:41] [CAM] 摄像头未检测到，等待重连...
[2026-07-14 05:31:41] [CAM] 摄像头捕获器已释放
[2026-07-14 05:31:41] [CAM] 摄像头未检测到，等待重连...
[2026-07-14 05:31:42] [CAM] 摄像头捕获器已释放
[2026-07-14 05:31:42] [CAM] 摄像头未检测到，等待重连...
[2026-07-14 05:31:42] [CAM] 摄像头捕获器已释放
[2026-07-14 05:31:42] [CAM] 摄像头未检测到，等待重连...
[2026-07-14 05:31:43] [CAM] 摄像头捕获器已释放
[2026-07-14 05:31:43] [CAM] 摄像头未检测到，等待重连...
[2026-07-14 05:31:43] [CAM] 摄像头捕获器已释放
[2026-07-14 05:31:43] [CAM] 摄像头未检测到，等待重连...
[2026-07-14 05:31:44] [CAM] 摄像头捕获器已释放
[2026-07-14 05:31:44] [CAM] 摄像头未检测到，等待重连...
[2026-07-14 05:31:44] [CAM] 摄像头捕获器已释放
[2026-07-14 05:31:44] [CAM] 摄像头未检测到，等待重连...
[2026-07-14 05:31:45] [CAM] 摄像头捕获器已释放
[2026-07-14 05:31:45] [CAM] 摄像头未检测到，等待重连...
[2026-07-14 05:31:45] [CAM] 摄像头捕获器已释放
[2026-07-14 05:31:45] [CAM] 摄像头未检测到，等待重连...
[2026-07-14 05:31:46] [CAM] 摄像头捕获器已释放
[2026-07-14 05:31:46] [CAM] 摄像头未检测到，等待重连...
[2026-07-14 05:31:46] [CAM] 摄像头捕获器已释放
[2026-07-14 05:31:46] [CAM] 摄像头未检测到，等待重连...
[2026-07-14 05:31:47] [CAM] 摄像头捕获器已释放
[2026-07-14 05:31:47] [CAM] 摄像头未检测到，等待重连...
[2026-07-14 05:31:47] [CAM] 摄像头捕获器已释放
[2026-07-14 05:31:47] [CAM] 摄像头未检测到，等待重连...
[2026-07-14 05:31:48] [CAM] 摄像头捕获器已释放
[2026-07-14 05:31:48] [CAM] 摄像头未检测到，等待重连...
[2026-07-14 05:31:48] [CAM] 摄像头捕获器已释放
[2026-07-14 05:31:48] [CAM] 摄像头未检测到，等待重连...
[2026-07-14 05:31:49] [CAM] 摄像头捕获器已释放
[2026-07-14 05:31:49] [CAM] 摄像头未检测到，等待重连...
[2026-07-14 05:31:49] [CAM] 摄像头捕获器已释放
[2026-07-14 05:31:49] [CAM] 摄像头未检测到，等待重连...
[2026-07-14 05:31:50] [CAM] 摄像头捕获器已释放
[2026-07-14 05:31:50] [CAM] 摄像头未检测到，等待重连...
[2026-07-14 05:31:50] [CAM] 摄像头捕获器已释放
[2026-07-14 05:31:50] [CAM] 摄像头未检测到，等待重连...
[2026-07-14 05:31:51] [CAM] 摄像头捕获器已释放
[2026-07-14 05:31:51] [CAM] 摄像头未检测到，等待重连...
[2026-07-14 05:31:51] [CAM] 摄像头捕获器已释放
[2026-07-14 05:31:51] [CAM] 摄像头未检测到，等待重连...
[2026-07-14 05:31:52] [CAM] 摄像头捕获器已释放
[2026-07-14 05:31:52] [CAM] 摄像头未检测到，等待重连...
[2026-07-14 05:31:52] [CAM] 摄像头捕获器已释放
[2026-07-14 05:31:52] [CAM] 摄像头未检测到，等待重连...
[2026-07-14 05:31:53] [CAM] 摄像头捕获器已释放
[2026-07-14 05:31:53] [CAM] 摄像头未检测到，等待重连...
[2026-07-14 05:31:53] [CAM] 摄像头捕获器已释放
[2026-07-14 05:31:53] [CAM] 摄像头未检测到，等待重连...
[2026-07-14 05:31:54] [CAM] 摄像头捕获器已释放
[2026-07-14 05:31:54] [CAM] 摄像头未检测到，等待重连...
[2026-07-14 05:31:54] [CAM] 摄像头捕获器已释放
[2026-07-14 05:31:54] [CAM] 摄像头未检测到，等待重连...
[2026-07-14 05:31:55] [CAM] 摄像头捕获器已释放
[2026-07-14 05:31:55] [CAM] 摄像头未检测到，等待重连...
[2026-07-14 05:31:55] [CAM] 摄像头捕获器已释放
[2026-07-14 05:31:55] [CAM] 摄像头未检测到，等待重连...
[2026-07-14 05:31:56] [CAM] 摄像头捕获器已释放
[2026-07-14 05:31:56] [CAM] 摄像头未检测到，等待重连...
[2026-07-14 05:31:56] [CAM] 摄像头捕获器已释放
[2026-07-14 05:31:56] [CAM] 摄像头未检测到，等待重连...
[2026-07-14 05:31:57] [CAM] 摄像头捕获器已释放
[2026-07-14 05:31:57] [CAM] 摄像头未检测到，等待重连...
[2026-07-14 05:31:57] [CAM] 摄像头捕获器已释放
[2026-07-14 05:31:57] [CAM] 摄像头未检测到，等待重连...
[2026-07-14 05:31:58] [CAM] 摄像头捕获器已释放
[2026-07-14 05:31:58] [CAM] 摄像头未检测到，等待重连...
[2026-07-14 05:31:58] [CAM] 摄像头捕获器已释放
[2026-07-14 05:31:58] [CAM] 摄像头未检测到，等待重连...
[2026-07-14 05:31:59] [CAM] 摄像头捕获器已释放
[2026-07-14 05:31:59] [CAM] 摄像头未检测到，等待重连...
[2026-07-14 05:31:59] [CAM] 摄像头捕获器已释放
[2026-07-14 05:31:59] [CAM] 摄像头未检测到，等待重连...
[2026-07-14 05:32:00] [CAM] 摄像头捕获器已释放
[2026-07-14 05:32:00] [CAM] 摄像头未检测到，等待重连...
[2026-07-14 05:32:00] [CAM] 摄像头捕获器已释放
[2026-07-14 05:32:00] [CAM] 摄像头未检测到，等待重连...
[2026-07-14 05:32:01] [CAM] 摄像头捕获器已释放
[2026-07-14 05:32:01] [CAM] 摄像头未检测到，等待重连...
[2026-07-14 05:32:01] [CAM] 摄像头捕获器已释放
[2026-07-14 05:32:01] [CAM] 摄像头未检测到，等待重连...
[2026-07-14 05:32:02] [CAM] 摄像头捕获器已释放
[2026-07-14 05:32:02] [CAM] 摄像头未检测到，等待重连...
[2026-07-14 05:32:02] [CAM] 摄像头捕获器已释放
[2026-07-14 05:32:02] [CAM] 摄像头未检测到，等待重连...
[2026-07-14 05:32:03] [CAM] 摄像头捕获器已释放
[2026-07-14 05:32:03] [CAM] 摄像头未检测到，等待重连...
[2026-07-14 05:32:03] [CAM] 摄像头捕获器已释放
[2026-07-14 05:32:03] [CAM] 摄像头未检测到，等待重连...
[2026-07-14 05:32:04] [CAM] 摄像头捕获器已释放
[2026-07-14 05:32:04] [CAM] 摄像头未检测到，等待重连...
[2026-07-14 05:32:04] [CAM] 摄像头捕获器已释放
[2026-07-14 05:32:04] [CAM] 摄像头未检测到，等待重连...
[2026-07-14 05:32:05] [CAM] 摄像头捕获器已释放
[2026-07-14 05:32:05] [CAM] 摄像头未检测到，等待重连...
[2026-07-14 05:32:05] [CAM] 摄像头捕获器已释放
[2026-07-14 05:32:05] [CAM] 摄像头未检测到，等待重连...
[2026-07-14 05:32:06] [CAM] 摄像头捕获器已释放
[2026-07-14 05:32:06] [CAM] 摄像头未检测到，等待重连...
[2026-07-14 05:32:06] [CAM] 摄像头捕获器已释放
[2026-07-14 05:32:06] [CAM] 摄像头未检测到，等待重连...
[2026-07-14 05:32:07] [CAM] 摄像头捕获器已释放
[2026-07-14 05:32:07] [CAM] 摄像头未检测到，等待重连...
[2026-07-14 05:32:07] [CAM] 摄像头捕获器已释放
[2026-07-14 05:32:07] [CAM] 摄像头未检测到，等待重连...
[2026-07-14 05:32:08] [CAM] 摄像头捕获器已释放
[2026-07-14 05:32:08] [CAM] 摄像头未检测到，等待重连...
[2026-07-14 05:32:08] [CAM] 摄像头捕获器已释放
[2026-07-14 05:32:08] [CAM] 摄像头未检测到，等待重连...
[2026-07-14 05:32:09] [CAM] 摄像头捕获器已释放
[2026-07-14 05:32:09] [CAM] 摄像头未检测到，等待重连...
[2026-07-14 05:32:09] [CAM] 摄像头捕获器已释放
[2026-07-14 05:32:09] [CAM] 摄像头未检测到，等待重连...
[2026-07-14 05:32:10] [CAM] 摄像头捕获器已释放
[2026-07-14 05:32:10] [CAM] 摄像头未检测到，等待重连...
[2026-07-14 05:32:10] [CAM] 摄像头捕获器已释放
[2026-07-14 05:32:10] [CAM] 摄像头未检测到，等待重连...
[2026-07-14 05:32:11] [CAM] 摄像头捕获器已释放
[2026-07-14 05:32:11] [CAM] 摄像头未检测到，等待重连...
[2026-07-14 05:32:11] [CAM] 摄像头捕获器已释放
[2026-07-14 05:32:11] [CAM] 摄像头未检测到，等待重连...
[2026-07-14 05:32:12] [CAM] 摄像头捕获器已释放
[2026-07-14 05:32:12] [CAM] 摄像头未检测到，等待重连...
[2026-07-14 05:32:12] [CAM] 摄像头捕获器已释放
[2026-07-14 05:32:12] [CAM] 摄像头未检测到，等待重连...
[2026-07-14 05:32:13] [CAM] 摄像头捕获器已释放
[2026-07-14 05:32:13] [CAM] 摄像头未检测到，等待重连...
[2026-07-14 05:32:13] [CAM] 摄像头捕获器已释放
[2026-07-14 05:32:13] [CAM] 摄像头未检测到，等待重连...
[2026-07-14 05:32:14] [CAM] 摄像头捕获器已释放
[2026-07-14 05:32:14] [CAM] 摄像头未检测到，等待重连...
[2026-07-14 05:32:14] [CAM] 摄像头捕获器已释放
[2026-07-14 05:32:14] [CAM] 摄像头未检测到，等待重连...
[2026-07-14 05:32:15] [CAM] 摄像头捕获器已释放
[2026-07-14 05:32:15] [CAM] 摄像头未检测到，等待重连...
[2026-07-14 05:32:15] [CAM] 摄像头捕获器已释放
[2026-07-14 05:32:15] [CAM] 摄像头未检测到，等待重连...
[2026-07-14 05:32:16] [CAM] 摄像头捕获器已释放
[2026-07-14 05:32:16] [CAM] 摄像头未检测到，等待重连...
[2026-07-14 05:32:16] [CAM] 摄像头捕获器已释放
[2026-07-14 05:32:16] [CAM] 摄像头未检测到，等待重连...
[2026-07-14 05:32:17] [CAM] 摄像头捕获器已释放
[2026-07-14 05:32:17] [CAM] 摄像头未检测到，等待重连...
[2026-07-14 05:32:17] [CAM] 摄像头捕获器已释放
[2026-07-14 05:32:17] [CAM] 摄像头未检测到，等待重连...
[2026-07-14 05:32:18] [CAM] 摄像头捕获器已释放
[2026-07-14 05:32:18] [CAM] 摄像头未检测到，等待重连...
[2026-07-14 05:32:18] [CAM] 摄像头捕获器已释放
[2026-07-14 05:32:18] [CAM] 摄像头未检测到，等待重连...
[2026-07-14 05:32:19] [CAM] 摄像头捕获器已释放
[2026-07-14 05:32:19] [CAM] 摄像头未检测到，等待重连...
[2026-07-14 05:32:19] [CAM] 摄像头捕获器已释放
[2026-07-14 05:32:19] [CAM] 摄像头未检测到，等待重连...
[2026-07-14 05:32:20] [CAM] 摄像头捕获器已释放
[2026-07-14 05:32:20] [CAM] 摄像头未检测到，等待重连...
[2026-07-14 05:32:20] [CAM] 摄像头捕获器已释放
[2026-07-14 05:32:20] [CAM] 摄像头未检测到，等待重连...
[2026-07-14 05:32:21] [CAM] 摄像头捕获器已释放
[2026-07-14 05:32:21] [CAM] 摄像头未检测到，等待重连...
[2026-07-14 05:32:21] [CAM] 摄像头捕获器已释放
[2026-07-14 05:32:21] [CAM] 摄像头未检测到，等待重连...
[2026-07-14 05:32:22] [CAM] 摄像头捕获器已释放
[2026-07-14 05:32:22] [CAM] 摄像头未检测到，等待重连...
[2026-07-14 05:32:22] [CAM] 摄像头捕获器已释放
[2026-07-14 05:32:22] [CAM] 摄像头未检测到，等待重连...
[2026-07-14 05:32:23] [CAM] 摄像头捕获器已释放
[2026-07-14 05:32:23] [CAM] 摄像头未检测到，等待重连...
[2026-07-14 05:32:23] [CAM] 摄像头捕获器已释放
[2026-07-14 05:32:23] [CAM] 摄像头未检测到，等待重连...
[2026-07-14 05:32:24] [CAM] 摄像头捕获器已释放
[2026-07-14 05:32:24] [CAM] 摄像头未检测到，等待重连...
[2026-07-14 05:32:24] [CAM] 摄像头捕获器已释放
[2026-07-14 05:32:24] [CAM] 摄像头未检测到，等待重连...
[2026-07-14 05:32:25] [CAM] 摄像头捕获器已释放
[2026-07-14 05:32:25] [CAM] 摄像头未检测到，等待重连...
[2026-07-14 05:32:25] [CAM] 摄像头捕获器已释放
[2026-07-14 05:32:25] [CAM] 摄像头未检测到，等待重连...
[2026-07-14 05:32:26] [CAM] 摄像头捕获器已释放
[2026-07-14 05:32:26] [CAM] 摄像头未检测到，等待重连...
[2026-07-14 05:32:26] [CAM] 摄像头捕获器已释放
[2026-07-14 05:32:26] [CAM] 摄像头未检测到，等待重连...
[2026-07-14 05:32:27] [CAM] 摄像头捕获器已释放
[2026-07-14 05:32:27] [CAM] 摄像头未检测到，等待重连...
[2026-07-14 05:32:27] [CAM] 摄像头捕获器已释放
[2026-07-14 05:32:27] [CAM] 摄像头未检测到，等待重连...
[2026-07-14 05:32:28] [CAM] 摄像头捕获器已释放
[2026-07-14 05:32:28] [CAM] 摄像头未检测到，等待重连...
[2026-07-14 05:32:28] [CAM] 摄像头捕获器已释放
[2026-07-14 05:32:28] [CAM] 摄像头未检测到，等待重连...
[2026-07-14 05:32:29] [CAM] 摄像头捕获器已释放
[2026-07-14 05:32:29] [CAM] 摄像头未检测到，等待重连...
[2026-07-14 05:32:29] [CAM] 摄像头捕获器已释放
[2026-07-14 05:32:29] [CAM] 摄像头未检测到，等待重连...
[2026-07-14 05:32:30] [CAM] 摄像头捕获器已释放
[2026-07-14 05:32:30] [CAM] 摄像头未检测到，等待重连...
[2026-07-14 05:32:30] [CAM] 摄像头捕获器已释放
[2026-07-14 05:32:30] [CAM] 摄像头未检测到，等待重连...
[2026-07-14 05:32:31] [CAM] 摄像头捕获器已释放
[2026-07-14 05:32:31] [CAM] 摄像头未检测到，等待重连...
[2026-07-14 05:32:31] [CAM] 摄像头捕获器已释放
[2026-07-14 05:32:31] [CAM] 摄像头未检测到，等待重连...
[2026-07-14 05:32:32] [CAM] 摄像头捕获器已释放
[2026-07-14 05:32:32] [CAM] 摄像头未检测到，等待重连...
[2026-07-14 05:32:32] [CAM] 摄像头捕获器已释放
[2026-07-14 05:32:32] [CAM] 摄像头未检测到，等待重连...
[2026-07-14 05:32:33] [CAM] 摄像头捕获器已释放
[2026-07-14 05:32:33] [CAM] 摄像头未检测到，等待重连...
[2026-07-14 05:32:33] [CAM] 摄像头捕获器已释放
[2026-07-14 05:32:33] [CAM] 摄像头未检测到，等待重连...
[2026-07-14 05:32:34] [CAM] 摄像头捕获器已释放
[2026-07-14 05:32:34] [CAM] 摄像头未检测到，等待重连...
[2026-07-14 05:32:34] [CAM] 摄像头捕获器已释放
[2026-07-14 05:32:34] [CAM] 摄像头未检测到，等待重连...
[2026-07-14 05:32:35] [CAM] 摄像头捕获器已释放
[2026-07-14 05:32:35] [CAM] 摄像头未检测到，等待重连...
[2026-07-14 05:32:35] [CAM] 摄像头捕获器已释放
[2026-07-14 05:32:35] [CAM] 摄像头未检测到，等待重连...
[2026-07-14 05:32:36] [CAM] 摄像头捕获器已释放
[2026-07-14 05:32:36] [CAM] 摄像头未检测到，等待重连...
[2026-07-14 05:32:36] [CAM] 摄像头捕获器已释放
[2026-07-14 05:32:36] [CAM] 摄像头未检测到，等待重连...
[2026-07-14 05:32:37] [CAM] 摄像头捕获器已释放
[2026-07-14 05:32:37] [CAM] 摄像头未检测到，等待重连...
[2026-07-14 05:32:37] [CAM] 摄像头捕获器已释放
[2026-07-14 05:32:37] [CAM] 摄像头未检测到，等待重连...
[2026-07-14 05:32:38] [CAM] 摄像头捕获器已释放
[2026-07-14 05:32:38] [CAM] 摄像头未检测到，等待重连...
[2026-07-14 05:32:38] [CAM] 摄像头捕获器已释放
[2026-07-14 05:32:38] [CAM] 摄像头未检测到，等待重连...
[2026-07-14 05:32:39] [CAM] 摄像头捕获器已释放
[2026-07-14 05:32:39] [CAM] 摄像头未检测到，等待重连...
[2026-07-14 05:32:39] [CAM] 摄像头捕获器已释放
[2026-07-14 05:32:39] [CAM] 摄像头未检测到，等待重连...
[2026-07-14 05:32:40] [CAM] 摄像头捕获器已释放
[2026-07-14 05:32:40] [CAM] 摄像头未检测到，等待重连...
[2026-07-14 05:32:40] [CAM] 摄像头捕获器已释放
[2026-07-14 05:32:40] [CAM] 摄像头未检测到，等待重连...
[2026-07-14 05:32:41] [CAM] 摄像头捕获器已释放
[2026-07-14 05:32:41] [CAM] 摄像头未检测到，等待重连...
[2026-07-14 05:32:41] [CAM] 摄像头捕获器已释放
[2026-07-14 05:32:41] [CAM] 摄像头未检测到，等待重连...
[2026-07-14 05:32:42] [CAM] 摄像头捕获器已释放
[2026-07-14 05:32:42] [CAM] 摄像头未检测到，等待重连...
[2026-07-14 05:32:42] [CAM] 摄像头捕获器已释放
[2026-07-14 05:32:42] [CAM] 摄像头未检测到，等待重连...
[2026-07-14 05:32:43] [CAM] 摄像头捕获器已释放
[2026-07-14 05:32:43] [CAM] 摄像头未检测到，等待重连...
[2026-07-14 05:32:43] [CAM] 摄像头捕获器已释放
[2026-07-14 05:32:43] [CAM] 摄像头未检测到，等待重连...
[2026-07-14 05:32:44] [CAM] 摄像头捕获器已释放
[2026-07-14 05:32:44] [CAM] 摄像头未检测到，等待重连...
[2026-07-14 05:32:44] [CAM] 摄像头捕获器已释放
[2026-07-14 05:32:44] [CAM] 摄像头未检测到，等待重连...
[2026-07-14 05:32:45] [CAM] 摄像头捕获器已释放
[2026-07-14 05:32:45] [CAM] 摄像头未检测到，等待重连...
[2026-07-14 05:32:45] [CAM] 摄像头捕获器已释放
[2026-07-14 05:32:45] [CAM] 摄像头未检测到，等待重连...
[2026-07-14 05:32:46] [CAM] 摄像头捕获器已释放
[2026-07-14 05:32:46] [CAM] 摄像头未检测到，等待重连...
[2026-07-14 05:32:46] [CAM] 摄像头捕获器已释放
[2026-07-14 05:32:46] [CAM] 摄像头未检测到，等待重连...
[2026-07-14 05:32:47] [CAM] 摄像头捕获器已释放
[2026-07-14 05:32:47] [CAM] 摄像头未检测到，等待重连...
[2026-07-14 05:32:47] [CAM] 摄像头捕获器已释放
[2026-07-14 05:32:47] [CAM] 摄像头未检测到，等待重连...
[2026-07-14 05:32:48] [CAM] 摄像头捕获器已释放
[2026-07-14 05:32:48] [CAM] 摄像头未检测到，等待重连...
[2026-07-14 05:32:48] [CAM] 摄像头捕获器已释放
[2026-07-14 05:32:48] [CAM] 摄像头未检测到，等待重连...
[2026-07-14 05:32:49] [CAM] 摄像头捕获器已释放
[2026-07-14 05:32:49] [CAM] 摄像头未检测到，等待重连...
[2026-07-14 05:32:49] [CAM] 摄像头捕获器已释放
[2026-07-14 05:32:49] [CAM] 摄像头未检测到，等待重连...
[2026-07-14 05:32:50] [CAM] 摄像头捕获器已释放
[2026-07-14 05:32:50] [CAM] 摄像头未检测到，等待重连...
[2026-07-14 05:32:50] [CAM] 摄像头捕获器已释放
[2026-07-14 05:32:50] [CAM] 摄像头未检测到，等待重连...
[2026-07-14 05:32:51] [CAM] 摄像头捕获器已释放
[2026-07-14 05:32:51] [CAM] 摄像头未检测到，等待重连...
[2026-07-14 05:32:51] [CAM] 摄像头捕获器已释放
[2026-07-14 05:32:51] [CAM] 摄像头未检测到，等待重连...
[2026-07-14 05:32:52] [CAM] 摄像头捕获器已释放
[2026-07-14 05:32:52] [CAM] 摄像头未检测到，等待重连...
[2026-07-14 05:32:52] [CAM] 摄像头捕获器已释放
[2026-07-14 05:32:52] [CAM] 摄像头未检测到，等待重连...
[2026-07-14 05:32:53] [CAM] 摄像头捕获器已释放
[2026-07-14 05:32:53] [CAM] 摄像头未检测到，等待重连...
[2026-07-14 05:32:53] [CAM] 摄像头捕获器已释放
[2026-07-14 05:32:53] [CAM] 摄像头未检测到，等待重连...
[2026-07-14 05:32:54] [CAM] 摄像头捕获器已释放
[2026-07-14 05:32:54] [CAM] 摄像头未检测到，等待重连...
[2026-07-14 05:32:54] [CAM] 摄像头捕获器已释放
[2026-07-14 05:32:54] [CAM] 摄像头未检测到，等待重连...
[2026-07-14 05:32:55] [CAM] 摄像头捕获器已释放
[2026-07-14 05:32:55] [CAM] 摄像头未检测到，等待重连...
[2026-07-14 05:32:55] [CAM] 摄像头捕获器已释放
[2026-07-14 05:32:55] [CAM] 摄像头未检测到，等待重连...
[2026-07-14 05:32:56] [CAM] 摄像头捕获器已释放
[2026-07-14 05:32:56] [CAM] 摄像头未检测到，等待重连...
[2026-07-14 05:32:56] [CAM] 摄像头捕获器已释放
[2026-07-14 05:32:56] [CAM] 摄像头未检测到，等待重连...
[2026-07-14 05:32:57] [CAM] 摄像头捕获器已释放
[2026-07-14 05:32:57] [CAM] 摄像头未检测到，等待重连...
[2026-07-14 05:32:57] [CAM] 摄像头捕获器已释放
[2026-07-14 05:32:57] [CAM] 摄像头未检测到，等待重连...
[2026-07-14 05:32:58] [CAM] 摄像头捕获器已释放
[2026-07-14 05:32:58] [CAM] 摄像头未检测到，等待重连...
[2026-07-14 05:32:58] [CAM] 摄像头捕获器已释放
[2026-07-14 05:32:58] [CAM] 摄像头未检测到，等待重连...
[2026-07-14 05:32:59] [CAM] 摄像头捕获器已释放
[2026-07-14 05:32:59] [CAM] 摄像头未检测到，等待重连...
[2026-07-14 05:32:59] [CAM] 摄像头捕获器已释放
[2026-07-14 05:32:59] [CAM] 摄像头未检测到，等待重连...
[2026-07-14 05:33:00] [CAM] 摄像头捕获器已释放
[2026-07-14 05:33:00] [CAM] 摄像头未检测到，等待重连...
[2026-07-14 05:33:00] [CAM] 摄像头捕获器已释放
[2026-07-14 05:33:00] [CAM] 摄像头未检测到，等待重连...
[2026-07-14 05:33:01] [CAM] 摄像头捕获器已释放
[2026-07-14 05:33:01] [CAM] 摄像头未检测到，等待重连...
[2026-07-14 05:33:01] [CAM] 摄像头捕获器已释放
[2026-07-14 05:33:01] [CAM] 摄像头未检测到，等待重连...
[2026-07-14 05:33:02] [CAM] 摄像头捕获器已释放
[2026-07-14 05:33:02] [CAM] 摄像头未检测到，等待重连...
[2026-07-14 05:33:02] [CAM] 摄像头捕获器已释放
[2026-07-14 05:33:02] [CAM] 摄像头未检测到，等待重连...
[2026-07-14 05:33:03] [CAM] 摄像头捕获器已释放
[2026-07-14 05:33:03] [CAM] 摄像头未检测到，等待重连...
[2026-07-14 05:33:03] [CAM] 摄像头捕获器已释放
[2026-07-14 05:33:03] [CAM] 摄像头未检测到，等待重连...
[2026-07-14 05:33:04] [CAM] 摄像头捕获器已释放
[2026-07-14 05:33:04] [CAM] 摄像头未检测到，等待重连...
[2026-07-14 05:33:04] [CAM] 摄像头捕获器已释放
[2026-07-14 05:33:04] [CAM] 摄像头未检测到，等待重连...
[2026-07-14 05:33:05] [CAM] 摄像头捕获器已释放
[2026-07-14 05:33:05] [CAM] 摄像头未检测到，等待重连...
[2026-07-14 05:33:05] [CAM] 摄像头捕获器已释放
[2026-07-14 05:33:06] [CAM] 摄像头未检测到，等待重连...
[2026-07-14 05:33:06] [CAM] 摄像头捕获器已释放
[2026-07-14 05:33:06] [CAM] 摄像头未检测到，等待重连...
[2026-07-14 05:33:07] [CAM] 摄像头捕获器已释放
[2026-07-14 05:33:07] [CAM] 摄像头未检测到，等待重连...
[2026-07-14 05:33:07] [CAM] 摄像头捕获器已释放
[2026-07-14 05:33:07] [CAM] 摄像头未检测到，等待重连...
[2026-07-14 05:33:08] [CAM] 摄像头捕获器已释放
[2026-07-14 05:33:08] [CAM] 摄像头未检测到，等待重连...
[2026-07-14 05:33:08] [CAM] 摄像头捕获器已释放
[2026-07-14 05:33:08] [CAM] 摄像头未检测到，等待重连...
[2026-07-14 05:33:09] [CAM] 摄像头捕获器已释放
[2026-07-14 05:33:09] [CAM] 摄像头未检测到，等待重连...
[2026-07-14 05:33:09] [CAM] 摄像头捕获器已释放
[2026-07-14 05:33:09] [CAM] 摄像头未检测到，等待重连...
[2026-07-14 05:33:10] [CAM] 摄像头捕获器已释放
[2026-07-14 05:33:10] [CAM] 摄像头未检测到，等待重连...
[2026-07-14 05:33:10] [CAM] 摄像头捕获器已释放
[2026-07-14 05:33:10] [CAM] 摄像头未检测到，等待重连...
[2026-07-14 05:33:11] [CAM] 摄像头捕获器已释放
[2026-07-14 05:33:11] [CAM] 摄像头未检测到，等待重连...
[2026-07-14 05:33:11] [CAM] 摄像头捕获器已释放
[2026-07-14 05:33:11] [CAM] 摄像头未检测到，等待重连...
[2026-07-14 05:33:12] [CAM] 摄像头捕获器已释放
[2026-07-14 05:33:12] [CAM] 摄像头未检测到，等待重连...
[2026-07-14 05:33:12] [CAM] 摄像头捕获器已释放
[2026-07-14 05:33:12] [CAM] 摄像头未检测到，等待重连...
[2026-07-14 05:33:13] [CAM] 摄像头捕获器已释放
[2026-07-14 05:33:13] [CAM] 摄像头未检测到，等待重连...
[2026-07-14 05:33:13] [CAM] 摄像头捕获器已释放
[2026-07-14 05:33:13] [CAM] 摄像头未检测到，等待重连...
[2026-07-14 05:33:14] [CAM] 摄像头捕获器已释放
[2026-07-14 05:33:14] [CAM] 摄像头未检测到，等待重连...
[2026-07-14 05:33:14] [CAM] 摄像头捕获器已释放
[2026-07-14 05:33:14] [CAM] 摄像头未检测到，等待重连...
[2026-07-14 05:33:15] [CAM] 摄像头捕获器已释放
[2026-07-14 05:33:15] [CAM] 摄像头未检测到，等待重连...
[2026-07-14 05:33:15] [CAM] 摄像头捕获器已释放
[2026-07-14 05:33:15] [CAM] 摄像头未检测到，等待重连...
[2026-07-14 05:33:16] [CAM] 摄像头捕获器已释放
[2026-07-14 05:33:16] [CAM] 摄像头未检测到，等待重连...
[2026-07-14 05:33:16] [CAM] 摄像头捕获器已释放
[2026-07-14 05:33:16] [CAM] 摄像头未检测到，等待重连...
[2026-07-14 05:33:17] [CAM] 摄像头捕获器已释放
[2026-07-14 05:33:17] [CAM] 摄像头未检测到，等待重连...
[2026-07-14 05:33:17] [CAM] 摄像头捕获器已释放
[2026-07-14 05:33:17] [CAM] 摄像头未检测到，等待重连...
[2026-07-14 05:33:18] [CAM] 摄像头捕获器已释放
[2026-07-14 05:33:18] [CAM] 摄像头未检测到，等待重连...
[2026-07-14 05:33:18] [CAM] 摄像头捕获器已释放
[2026-07-14 05:33:18] [CAM] 摄像头未检测到，等待重连...
[2026-07-14 05:33:19] [CAM] 摄像头捕获器已释放
[2026-07-14 05:33:19] [CAM] 摄像头未检测到，等待重连...
[2026-07-14 05:33:19] [CAM] 摄像头捕获器已释放
[2026-07-14 05:33:19] [CAM] 摄像头未检测到，等待重连...
[2026-07-14 05:33:20] [CAM] 摄像头捕获器已释放
[2026-07-14 05:33:20] [CAM] 摄像头未检测到，等待重连...
[2026-07-14 05:33:20] [CAM] 摄像头捕获器已释放
[2026-07-14 05:33:20] [CAM] 摄像头未检测到，等待重连...
[2026-07-14 05:33:21] [CAM] 摄像头捕获器已释放
[2026-07-14 05:33:21] [CAM] 摄像头未检测到，等待重连...
[2026-07-14 05:33:21] [CAM] 摄像头捕获器已释放
[2026-07-14 05:33:21] [CAM] 摄像头未检测到，等待重连...
[2026-07-14 05:33:22] [CAM] 摄像头捕获器已释放
[2026-07-14 05:33:22] [CAM] 摄像头未检测到，等待重连...
[2026-07-14 05:33:22] [CAM] 摄像头捕获器已释放
[2026-07-14 05:33:22] [CAM] 摄像头未检测到，等待重连...
[2026-07-14 05:33:23] [CAM] 摄像头捕获器已释放
[2026-07-14 05:33:23] [CAM] 摄像头未检测到，等待重连...
[2026-07-14 05:33:23] [CAM] 摄像头捕获器已释放
[2026-07-14 05:33:23] [CAM] 摄像头未检测到，等待重连...
[2026-07-14 05:33:24] [CAM] 摄像头捕获器已释放
[2026-07-14 05:33:24] [CAM] 摄像头未检测到，等待重连...
[2026-07-14 05:33:24] [CAM] 摄像头捕获器已释放
[2026-07-14 05:33:24] [CAM] 摄像头未检测到，等待重连...
[2026-07-14 05:33:25] [CAM] 摄像头捕获器已释放
[2026-07-14 05:33:25] [CAM] 摄像头未检测到，等待重连...
[2026-07-14 05:33:25] [CAM] 摄像头捕获器已释放
[2026-07-14 05:33:25] [CAM] 摄像头未检测到，等待重连...
[2026-07-14 05:33:26] [CAM] 摄像头捕获器已释放
[2026-07-14 05:33:26] [CAM] 摄像头未检测到，等待重连...
[2026-07-14 05:33:26] [CAM] 摄像头捕获器已释放
[2026-07-14 05:33:26] [CAM] 摄像头未检测到，等待重连...
[2026-07-14 05:33:27] [CAM] 摄像头捕获器已释放
[2026-07-14 05:33:27] [CAM] 摄像头未检测到，等待重连...
[2026-07-14 05:33:27] [CAM] 摄像头捕获器已释放
[2026-07-14 05:33:27] [CAM] 摄像头未检测到，等待重连...
[2026-07-14 05:33:28] [CAM] 摄像头捕获器已释放
[2026-07-14 05:33:28] [CAM] 摄像头未检测到，等待重连...
[2026-07-14 05:33:28] [CAM] 摄像头捕获器已释放
[2026-07-14 05:33:28] [CAM] 摄像头未检测到，等待重连...
[2026-07-14 05:33:29] [CAM] 摄像头捕获器已释放
[2026-07-14 05:33:29] [CAM] 摄像头未检测到，等待重连...
[2026-07-14 05:33:29] [CAM] 摄像头捕获器已释放
[2026-07-14 05:33:29] [CAM] 摄像头未检测到，等待重连...
[2026-07-14 05:33:30] [CAM] 摄像头捕获器已释放
[2026-07-14 05:33:30] [CAM] 摄像头未检测到，等待重连...
[2026-07-14 05:33:30] [CAM] 摄像头捕获器已释放
[2026-07-14 05:33:30] [CAM] 摄像头未检测到，等待重连...
[2026-07-14 05:33:31] [CAM] 摄像头捕获器已释放
[2026-07-14 05:33:31] [CAM] 摄像头未检测到，等待重连...
[2026-07-14 05:33:31] [CAM] 摄像头捕获器已释放
[2026-07-14 05:33:31] [CAM] 摄像头未检测到，等待重连...
[2026-07-14 05:33:32] [CAM] 摄像头捕获器已释放
[2026-07-14 05:33:32] [CAM] 摄像头未检测到，等待重连...
[2026-07-14 05:33:32] [CAM] 摄像头捕获器已释放
[2026-07-14 05:33:32] [CAM] 摄像头未检测到，等待重连...
[2026-07-14 05:33:33] [CAM] 摄像头捕获器已释放
[2026-07-14 05:33:33] [CAM] 摄像头未检测到，等待重连...
[2026-07-14 05:33:33] [CAM] 摄像头捕获器已释放
[2026-07-14 05:33:33] [CAM] 摄像头未检测到，等待重连...
[2026-07-14 05:33:34] [CAM] 摄像头捕获器已释放
[2026-07-14 05:33:34] [CAM] 摄像头未检测到，等待重连...
[2026-07-14 05:33:34] [CAM] 摄像头捕获器已释放
[2026-07-14 05:33:34] [CAM] 摄像头未检测到，等待重连...
[2026-07-14 05:33:35] [CAM] 摄像头捕获器已释放
[2026-07-14 05:33:35] [CAM] 摄像头未检测到，等待重连...
[2026-07-14 05:33:35] [CAM] 摄像头捕获器已释放
[2026-07-14 05:33:35] [CAM] 摄像头未检测到，等待重连...
[2026-07-14 05:33:36] [CAM] 摄像头捕获器已释放
[2026-07-14 05:33:36] [CAM] 摄像头未检测到，等待重连...
[2026-07-14 05:33:36] [CAM] 摄像头捕获器已释放
[2026-07-14 05:33:36] [CAM] 摄像头未检测到，等待重连...
[2026-07-14 05:33:37] [CAM] 摄像头捕获器已释放
[2026-07-14 05:33:37] [CAM] 摄像头未检测到，等待重连...
[2026-07-14 05:33:37] [CAM] 摄像头捕获器已释放
[2026-07-14 05:33:37] [CAM] 摄像头未检测到，等待重连...
[2026-07-14 05:33:38] [CAM] 摄像头捕获器已释放
[2026-07-14 05:33:38] [CAM] 摄像头未检测到，等待重连...
[2026-07-14 05:33:38] [CAM] 摄像头捕获器已释放
[2026-07-14 05:33:38] [CAM] 摄像头未检测到，等待重连...
[2026-07-14 05:33:39] [CAM] 摄像头捕获器已释放
[2026-07-14 05:33:39] [CAM] 摄像头未检测到，等待重连...
[2026-07-14 05:33:39] [CAM] 摄像头捕获器已释放
[2026-07-14 05:33:39] [CAM] 摄像头未检测到，等待重连...
[2026-07-14 05:33:40] [CAM] 摄像头捕获器已释放
[2026-07-14 05:33:40] [CAM] 摄像头未检测到，等待重连...
[2026-07-14 05:33:40] [CAM] 摄像头捕获器已释放
[2026-07-14 05:33:40] [CAM] 摄像头未检测到，等待重连...
[2026-07-14 05:33:41] [CAM] 摄像头捕获器已释放
[2026-07-14 05:33:41] [CAM] 摄像头未检测到，等待重连...
[2026-07-14 05:33:41] [CAM] 摄像头捕获器已释放
[2026-07-14 05:33:41] [CAM] 摄像头未检测到，等待重连...
[2026-07-14 05:33:42] [CAM] 摄像头捕获器已释放
[2026-07-14 05:33:42] [CAM] 摄像头未检测到，等待重连...
[2026-07-14 05:33:42] [CAM] 摄像头捕获器已释放
[2026-07-14 05:33:42] [CAM] 摄像头未检测到，等待重连...
[2026-07-14 05:33:43] [CAM] 摄像头捕获器已释放
[2026-07-14 05:33:43] [CAM] 摄像头未检测到，等待重连...
[2026-07-14 05:33:43] [CAM] 摄像头捕获器已释放
[2026-07-14 05:33:43] [CAM] 摄像头未检测到，等待重连...
[2026-07-14 05:33:44] [CAM] 摄像头捕获器已释放
[2026-07-14 05:33:44] [CAM] 摄像头未检测到，等待重连...
[2026-07-14 05:33:44] [CAM] 摄像头捕获器已释放
[2026-07-14 05:33:44] [CAM] 摄像头未检测到，等待重连...
[2026-07-14 05:33:45] [CAM] 摄像头捕获器已释放
[2026-07-14 05:33:45] [CAM] 摄像头未检测到，等待重连...
[2026-07-14 05:33:45] [CAM] 摄像头捕获器已释放
[2026-07-14 05:33:45] [CAM] 摄像头未检测到，等待重连...
[2026-07-14 05:33:46] [CAM] 摄像头捕获器已释放
[2026-07-14 05:33:46] [CAM] 摄像头未检测到，等待重连...
[2026-07-14 05:33:46] [CAM] 摄像头捕获器已释放
[2026-07-14 05:33:46] [CAM] 摄像头未检测到，等待重连...
[2026-07-14 05:33:47] [CAM] 摄像头捕获器已释放
[2026-07-14 05:33:47] [CAM] 摄像头未检测到，等待重连...
[2026-07-14 05:33:47] [CAM] 摄像头捕获器已释放
[2026-07-14 05:33:47] [CAM] 摄像头未检测到，等待重连...
[2026-07-14 05:33:48] [CAM] 摄像头捕获器已释放
[2026-07-14 05:33:48] [CAM] 摄像头未检测到，等待重连...
[2026-07-14 05:33:48] [CAM] 摄像头捕获器已释放
[2026-07-14 05:33:48] [CAM] 摄像头未检测到，等待重连...
[2026-07-14 05:33:49] [CAM] 摄像头捕获器已释放
[2026-07-14 05:33:49] [CAM] 摄像头未检测到，等待重连...
[2026-07-14 05:33:49] [CAM] 摄像头捕获器已释放
[2026-07-14 05:33:49] [CAM] 摄像头未检测到，等待重连...
[2026-07-14 05:33:50] [CAM] 摄像头捕获器已释放
[2026-07-14 05:33:50] [CAM] 摄像头未检测到，等待重连...
[2026-07-14 05:33:50] [CAM] 摄像头捕获器已释放
[2026-07-14 05:33:50] [CAM] 摄像头未检测到，等待重连...
[2026-07-14 05:33:51] [CAM] 摄像头捕获器已释放
[2026-07-14 05:33:51] [CAM] 摄像头未检测到，等待重连...
[2026-07-14 05:33:51] [CAM] 摄像头捕获器已释放
[2026-07-14 05:33:51] [CAM] 摄像头未检测到，等待重连...
[2026-07-14 05:33:52] [CAM] 摄像头捕获器已释放
[2026-07-14 05:33:52] [CAM] 摄像头未检测到，等待重连...
[2026-07-14 05:33:52] [CAM] 摄像头捕获器已释放
[2026-07-14 05:33:52] [CAM] 摄像头未检测到，等待重连...
[2026-07-14 05:33:53] [CAM] 摄像头捕获器已释放
[2026-07-14 05:33:53] [CAM] 摄像头未检测到，等待重连...
[2026-07-14 05:33:53] [CAM] 摄像头捕获器已释放
[2026-07-14 05:33:53] [CAM] 摄像头未检测到，等待重连...
[2026-07-14 05:33:54] [CAM] 摄像头捕获器已释放
[2026-07-14 05:33:54] [CAM] 摄像头未检测到，等待重连...
[2026-07-14 05:33:54] [CAM] 摄像头捕获器已释放
[2026-07-14 05:33:54] [CAM] 摄像头未检测到，等待重连...
[2026-07-14 05:33:55] [CAM] 摄像头捕获器已释放
[2026-07-14 05:33:55] [CAM] 摄像头未检测到，等待重连...
[2026-07-14 05:33:55] [CAM] 摄像头捕获器已释放
[2026-07-14 05:33:55] [CAM] 摄像头未检测到，等待重连...
[2026-07-14 05:33:56] [CAM] 摄像头捕获器已释放
[2026-07-14 05:33:56] [CAM] 摄像头未检测到，等待重连...
[2026-07-14 05:33:56] [CAM] 摄像头捕获器已释放
[2026-07-14 05:33:56] [CAM] 摄像头未检测到，等待重连...
[2026-07-14 05:33:57] [CAM] 摄像头捕获器已释放
[2026-07-14 05:33:57] [CAM] 摄像头未检测到，等待重连...
[2026-07-14 05:33:57] [CAM] 摄像头捕获器已释放
[2026-07-14 05:33:57] [CAM] 摄像头未检测到，等待重连...
[2026-07-14 05:33:58] [CAM] 摄像头捕获器已释放
[2026-07-14 05:33:58] [CAM] 摄像头未检测到，等待重连...
[2026-07-14 05:33:58] [CAM] 摄像头捕获器已释放
[2026-07-14 05:33:58] [CAM] 摄像头未检测到，等待重连...
[2026-07-14 05:33:59] [CAM] 摄像头捕获器已释放
[2026-07-14 05:33:59] [CAM] 摄像头未检测到，等待重连...
[2026-07-14 05:33:59] [CAM] 摄像头捕获器已释放
[2026-07-14 05:33:59] [CAM] 摄像头未检测到，等待重连...
[2026-07-14 05:34:00] [CAM] 摄像头捕获器已释放
[2026-07-14 05:34:00] [CAM] 摄像头未检测到，等待重连...
[2026-07-14 05:34:00] [CAM] 摄像头捕获器已释放
[2026-07-14 05:34:00] [CAM] 摄像头未检测到，等待重连...
[2026-07-14 05:34:01] [CAM] 摄像头捕获器已释放
[2026-07-14 05:34:01] [CAM] 摄像头未检测到，等待重连...
[2026-07-14 05:34:01] [CAM] 摄像头捕获器已释放
[2026-07-14 05:34:01] [CAM] 摄像头未检测到，等待重连...
[2026-07-14 05:34:02] [CAM] 摄像头捕获器已释放
[2026-07-14 05:34:02] [CAM] 摄像头未检测到，等待重连...
[2026-07-14 05:34:02] [CAM] 摄像头捕获器已释放
[2026-07-14 05:34:02] [CAM] 摄像头未检测到，等待重连...
[2026-07-14 05:34:03] [CAM] 摄像头捕获器已释放
[2026-07-14 05:34:03] [CAM] 摄像头未检测到，等待重连...
[2026-07-14 05:34:03] [CAM] 摄像头捕获器已释放
[2026-07-14 05:34:03] [CAM] 摄像头未检测到，等待重连...
[2026-07-14 05:34:04] [CAM] 摄像头捕获器已释放
[2026-07-14 05:34:04] [CAM] 摄像头未检测到，等待重连...
[2026-07-14 05:34:04] [CAM] 摄像头捕获器已释放
[2026-07-14 05:34:04] [CAM] 摄像头未检测到，等待重连...
[2026-07-14 05:34:05] [CAM] 摄像头捕获器已释放
[2026-07-14 05:34:05] [CAM] 摄像头未检测到，等待重连...
[2026-07-14 05:34:05] [CAM] 摄像头捕获器已释放
[2026-07-14 05:34:05] [CAM] 摄像头未检测到，等待重连...
[2026-07-14 05:34:06] [CAM] 摄像头捕获器已释放
[2026-07-14 05:34:06] [CAM] 摄像头未检测到，等待重连...
[2026-07-14 05:34:06] [CAM] 摄像头捕获器已释放
[2026-07-14 05:34:06] [CAM] 摄像头未检测到，等待重连...
[2026-07-14 05:34:07] [CAM] 摄像头捕获器已释放
[2026-07-14 05:34:07] [CAM] 摄像头未检测到，等待重连...
[2026-07-14 05:34:07] [CAM] 摄像头捕获器已释放
[2026-07-14 05:34:07] [CAM] 摄像头未检测到，等待重连...
[2026-07-14 05:34:08] [CAM] 摄像头捕获器已释放
[2026-07-14 05:34:08] [CAM] 摄像头未检测到，等待重连...
[2026-07-14 05:34:08] [CAM] 摄像头捕获器已释放
[2026-07-14 05:34:08] [CAM] 摄像头未检测到，等待重连...
[2026-07-14 05:34:09] [CAM] 摄像头捕获器已释放
[2026-07-14 05:34:09] [CAM] 摄像头未检测到，等待重连...
[2026-07-14 05:34:09] [CAM] 摄像头捕获器已释放
[2026-07-14 05:34:09] [CAM] 摄像头未检测到，等待重连...
[2026-07-14 05:34:10] [CAM] 摄像头捕获器已释放
[2026-07-14 05:34:10] [CAM] 摄像头未检测到，等待重连...
[2026-07-14 05:34:10] [CAM] 摄像头捕获器已释放
[2026-07-14 05:34:10] [CAM] 摄像头未检测到，等待重连...
[2026-07-14 05:34:11] [CAM] 摄像头捕获器已释放
[2026-07-14 05:34:11] [CAM] 摄像头未检测到，等待重连...
[2026-07-14 05:34:11] [CAM] 摄像头捕获器已释放
[2026-07-14 05:34:11] [CAM] 摄像头未检测到，等待重连...
[2026-07-14 05:34:12] [CAM] 摄像头捕获器已释放
[2026-07-14 05:34:12] [CAM] 摄像头未检测到，等待重连...
[2026-07-14 05:34:12] [CAM] 摄像头捕获器已释放
[2026-07-14 05:34:12] [CAM] 摄像头未检测到，等待重连...
[2026-07-14 05:34:13] [CAM] 摄像头捕获器已释放
[2026-07-14 05:34:13] [CAM] 摄像头未检测到，等待重连...
[2026-07-14 05:34:13] [CAM] 摄像头捕获器已释放
[2026-07-14 05:34:13] [CAM] 摄像头未检测到，等待重连...
[2026-07-14 05:34:14] [CAM] 摄像头捕获器已释放
[2026-07-14 05:34:14] [CAM] 摄像头未检测到，等待重连...
[2026-07-14 05:34:14] [CAM] 摄像头捕获器已释放
[2026-07-14 05:34:14] [CAM] 摄像头未检测到，等待重连...
[2026-07-14 05:34:15] [CAM] 摄像头捕获器已释放
[2026-07-14 05:34:15] [CAM] 摄像头未检测到，等待重连...
[2026-07-14 05:34:15] [CAM] 摄像头捕获器已释放
[2026-07-14 05:34:15] [CAM] 摄像头未检测到，等待重连...
[2026-07-14 05:34:16] [CAM] 摄像头捕获器已释放
[2026-07-14 05:34:16] [CAM] 摄像头未检测到，等待重连...
[2026-07-14 05:34:16] [CAM] 摄像头捕获器已释放
[2026-07-14 05:34:16] [CAM] 摄像头未检测到，等待重连...
[2026-07-14 05:34:17] [CAM] 摄像头捕获器已释放
[2026-07-14 05:34:17] [CAM] 摄像头未检测到，等待重连...
[2026-07-14 05:34:17] [CAM] 摄像头捕获器已释放
[2026-07-14 05:34:17] [CAM] 摄像头未检测到，等待重连...
[2026-07-14 05:34:18] [CAM] 摄像头捕获器已释放
[2026-07-14 05:34:18] [CAM] 摄像头未检测到，等待重连...
[2026-07-14 05:34:18] [CAM] 摄像头捕获器已释放
[2026-07-14 05:34:18] [CAM] 摄像头未检测到，等待重连...
[2026-07-14 05:34:19] [CAM] 摄像头捕获器已释放
[2026-07-14 05:34:19] [CAM] 摄像头未检测到，等待重连...
[2026-07-14 05:34:19] [CAM] 摄像头捕获器已释放
[2026-07-14 05:34:19] [CAM] 摄像头未检测到，等待重连...
[2026-07-14 05:34:20] [CAM] 摄像头捕获器已释放
[2026-07-14 05:34:20] [CAM] 摄像头未检测到，等待重连...
[2026-07-14 05:34:20] [CAM] 摄像头捕获器已释放
[2026-07-14 05:34:20] [CAM] 摄像头未检测到，等待重连...
[2026-07-14 05:34:21] [CAM] 摄像头捕获器已释放
[2026-07-14 05:34:21] [CAM] 摄像头未检测到，等待重连...
[2026-07-14 05:34:21] [CAM] 摄像头捕获器已释放
[2026-07-14 05:34:21] [CAM] 摄像头未检测到，等待重连...
[2026-07-14 05:34:22] [CAM] 摄像头捕获器已释放
[2026-07-14 05:34:22] [CAM] 摄像头未检测到，等待重连...
[2026-07-14 05:34:22] [CAM] 摄像头捕获器已释放
[2026-07-14 05:34:22] [CAM] 摄像头未检测到，等待重连...
[2026-07-14 05:34:23] [CAM] 摄像头捕获器已释放
[2026-07-14 05:34:23] [CAM] 摄像头未检测到，等待重连...
[2026-07-14 05:34:23] [CAM] 摄像头捕获器已释放
[2026-07-14 05:34:23] [CAM] 摄像头未检测到，等待重连...
[2026-07-14 05:34:24] [CAM] 摄像头捕获器已释放
[2026-07-14 05:34:24] [CAM] 摄像头未检测到，等待重连...
[2026-07-14 05:34:24] [CAM] 摄像头捕获器已释放
[2026-07-14 05:34:24] [CAM] 摄像头未检测到，等待重连...
[2026-07-14 05:34:25] [CAM] 摄像头捕获器已释放
[2026-07-14 05:34:25] [CAM] 摄像头未检测到，等待重连...
[2026-07-14 05:34:25] [CAM] 摄像头捕获器已释放
[2026-07-14 05:34:25] [CAM] 摄像头未检测到，等待重连...
[2026-07-14 05:34:26] [CAM] 摄像头捕获器已释放
[2026-07-14 05:34:26] [CAM] 摄像头未检测到，等待重连...
[2026-07-14 05:34:26] [CAM] 摄像头捕获器已释放
[2026-07-14 05:34:26] [CAM] 摄像头未检测到，等待重连...
[2026-07-14 05:34:27] [CAM] 摄像头捕获器已释放
[2026-07-14 05:34:27] [CAM] 摄像头未检测到，等待重连...
[2026-07-14 05:34:27] [CAM] 摄像头捕获器已释放
[2026-07-14 05:34:27] [CAM] 摄像头未检测到，等待重连...
[2026-07-14 05:34:28] [CAM] 摄像头捕获器已释放
[2026-07-14 05:34:28] [CAM] 摄像头未检测到，等待重连...
[2026-07-14 05:34:28] [CAM] 摄像头捕获器已释放
[2026-07-14 05:34:28] [CAM] 摄像头未检测到，等待重连...
[2026-07-14 05:34:29] [CAM] 摄像头捕获器已释放
[2026-07-14 05:34:29] [CAM] 摄像头未检测到，等待重连...
[2026-07-14 05:34:29] [CAM] 摄像头捕获器已释放
[2026-07-14 05:34:29] [CAM] 摄像头未检测到，等待重连...
[2026-07-14 05:34:30] [CAM] 摄像头捕获器已释放
[2026-07-14 05:34:30] [CAM] 摄像头未检测到，等待重连...
[2026-07-14 05:34:30] [CAM] 摄像头捕获器已释放
[2026-07-14 05:34:30] [CAM] 摄像头未检测到，等待重连...
[2026-07-14 05:34:31] [CAM] 摄像头捕获器已释放
[2026-07-14 05:34:31] [CAM] 摄像头未检测到，等待重连...
[2026-07-14 05:34:31] [CAM] 摄像头捕获器已释放
[2026-07-14 05:34:31] [CAM] 摄像头未检测到，等待重连...
[2026-07-14 05:34:32] [CAM] 摄像头捕获器已释放
[2026-07-14 05:34:32] [CAM] 摄像头未检测到，等待重连...
[2026-07-14 05:34:32] [CAM] 摄像头捕获器已释放
[2026-07-14 05:34:32] [CAM] 摄像头未检测到，等待重连...
[2026-07-14 05:34:33] [CAM] 摄像头捕获器已释放
[2026-07-14 05:34:33] [CAM] 摄像头未检测到，等待重连...
[2026-07-14 05:34:33] [CAM] 摄像头捕获器已释放
[2026-07-14 05:34:33] [CAM] 摄像头未检测到，等待重连...
[2026-07-14 05:34:34] [CAM] 摄像头捕获器已释放
[2026-07-14 05:34:34] [CAM] 摄像头未检测到，等待重连...
[2026-07-14 05:34:34] [CAM] 摄像头捕获器已释放
[2026-07-14 05:34:34] [CAM] 摄像头未检测到，等待重连...
[2026-07-14 05:34:35] [CAM] 摄像头捕获器已释放
[2026-07-14 05:34:35] [CAM] 摄像头未检测到，等待重连...
[2026-07-14 05:34:35] [CAM] 摄像头捕获器已释放
[2026-07-14 05:34:35] [CAM] 摄像头未检测到，等待重连...
[2026-07-14 05:34:36] [CAM] 摄像头捕获器已释放
[2026-07-14 05:34:36] [CAM] 摄像头未检测到，等待重连...
[2026-07-14 05:34:36] [CAM] 摄像头捕获器已释放
[2026-07-14 05:34:36] [CAM] 摄像头未检测到，等待重连...
[2026-07-14 05:34:37] [CAM] 摄像头捕获器已释放
[2026-07-14 05:34:37] [CAM] 摄像头未检测到，等待重连...
[2026-07-14 05:34:37] [CAM] 摄像头捕获器已释放
[2026-07-14 05:34:37] [CAM] 摄像头未检测到，等待重连...
[2026-07-14 05:34:38] [CAM] 摄像头捕获器已释放
[2026-07-14 05:34:38] [CAM] 摄像头未检测到，等待重连...
[2026-07-14 05:34:38] [CAM] 摄像头捕获器已释放
[2026-07-14 05:34:38] [CAM] 摄像头未检测到，等待重连...
[2026-07-14 05:34:39] [CAM] 摄像头捕获器已释放
[2026-07-14 05:34:39] [CAM] 摄像头未检测到，等待重连...
[2026-07-14 05:34:39] [CAM] 摄像头捕获器已释放
[2026-07-14 05:34:39] [CAM] 摄像头未检测到，等待重连...
[2026-07-14 05:34:40] [CAM] 摄像头捕获器已释放
[2026-07-14 05:34:40] [CAM] 摄像头未检测到，等待重连...
[2026-07-14 05:34:40] [CAM] 摄像头捕获器已释放
[2026-07-14 05:34:40] [CAM] 摄像头未检测到，等待重连...
[2026-07-14 05:34:41] [CAM] 摄像头捕获器已释放
[2026-07-14 05:34:41] [CAM] 摄像头未检测到，等待重连...
[2026-07-14 05:34:41] [CAM] 摄像头捕获器已释放
[2026-07-14 05:34:41] [CAM] 摄像头未检测到，等待重连...
[2026-07-14 05:34:42] [CAM] 摄像头捕获器已释放
[2026-07-14 05:34:42] [CAM] 摄像头未检测到，等待重连...
[2026-07-14 05:34:42] [CAM] 摄像头捕获器已释放
[2026-07-14 05:34:42] [CAM] 摄像头未检测到，等待重连...
[2026-07-14 05:34:43] [CAM] 摄像头捕获器已释放
[2026-07-14 05:34:43] [CAM] 摄像头未检测到，等待重连...
[2026-07-14 05:34:43] [CAM] 摄像头捕获器已释放
[2026-07-14 05:34:43] [CAM] 摄像头未检测到，等待重连...
[2026-07-14 05:34:44] [CAM] 摄像头捕获器已释放
[2026-07-14 05:34:44] [CAM] 摄像头未检测到，等待重连...
[2026-07-14 05:34:44] [CAM] 摄像头捕获器已释放
[2026-07-14 05:34:44] [CAM] 摄像头未检测到，等待重连...
[2026-07-14 05:34:45] [CAM] 摄像头捕获器已释放
[2026-07-14 05:34:45] [CAM] 摄像头未检测到，等待重连...
[2026-07-14 05:34:45] [CAM] 摄像头捕获器已释放
[2026-07-14 05:34:45] [CAM] 摄像头未检测到，等待重连...
[2026-07-14 05:34:46] [CAM] 摄像头捕获器已释放
[2026-07-14 05:34:46] [CAM] 摄像头未检测到，等待重连...
[2026-07-14 05:34:46] [CAM] 摄像头捕获器已释放
[2026-07-14 05:34:46] [CAM] 摄像头未检测到，等待重连...
[2026-07-14 05:34:47] [CAM] 摄像头捕获器已释放
[2026-07-14 05:34:47] [CAM] 摄像头未检测到，等待重连...
[2026-07-14 05:34:47] [CAM] 摄像头捕获器已释放
[2026-07-14 05:34:47] [CAM] 摄像头未检测到，等待重连...
[2026-07-14 05:34:48] [CAM] 摄像头捕获器已释放
[2026-07-14 05:34:48] [CAM] 摄像头未检测到，等待重连...
[2026-07-14 05:34:48] [CAM] 摄像头捕获器已释放
[2026-07-14 05:34:48] [CAM] 摄像头未检测到，等待重连...
[2026-07-14 05:34:49] [CAM] 摄像头捕获器已释放
[2026-07-14 05:34:49] [CAM] 摄像头未检测到，等待重连...
[2026-07-14 05:34:49] [CAM] 摄像头捕获器已释放
[2026-07-14 05:34:49] [CAM] 摄像头未检测到，等待重连...
[2026-07-14 05:34:50] [CAM] 摄像头捕获器已释放
[2026-07-14 05:34:50] [CAM] 摄像头未检测到，等待重连...
[2026-07-14 05:34:50] [CAM] 摄像头捕获器已释放
[2026-07-14 05:34:50] [CAM] 摄像头未检测到，等待重连...
[2026-07-14 05:34:51] [CAM] 摄像头捕获器已释放
[2026-07-14 05:34:51] [CAM] 摄像头未检测到，等待重连...
[2026-07-14 05:34:51] [CAM] 摄像头捕获器已释放
[2026-07-14 05:34:51] [CAM] 摄像头未检测到，等待重连...
[2026-07-14 05:34:52] [CAM] 摄像头捕获器已释放
[2026-07-14 05:34:52] [CAM] 摄像头未检测到，等待重连...
[2026-07-14 05:34:52] [CAM] 摄像头捕获器已释放
[2026-07-14 05:34:52] [CAM] 摄像头未检测到，等待重连...
[2026-07-14 05:34:53] [CAM] 摄像头捕获器已释放
[2026-07-14 05:34:53] [CAM] 摄像头未检测到，等待重连...
[2026-07-14 05:34:53] [CAM] 摄像头捕获器已释放
[2026-07-14 05:34:53] [CAM] 摄像头未检测到，等待重连...
[2026-07-14 05:34:54] [CAM] 摄像头捕获器已释放
[2026-07-14 05:34:54] [CAM] 摄像头未检测到，等待重连...
[2026-07-14 05:34:54] [CAM] 摄像头捕获器已释放
[2026-07-14 05:34:54] [CAM] 摄像头未检测到，等待重连...
[2026-07-14 05:34:55] [CAM] 摄像头捕获器已释放
[2026-07-14 05:34:55] [CAM] 摄像头未检测到，等待重连...
[2026-07-14 05:34:55] [CAM] 摄像头捕获器已释放
[2026-07-14 05:34:55] [CAM] 摄像头未检测到，等待重连...
[2026-07-14 05:34:56] [CAM] 摄像头捕获器已释放
[2026-07-14 05:34:56] [CAM] 摄像头未检测到，等待重连...
[2026-07-14 05:34:56] [CAM] 摄像头捕获器已释放
[2026-07-14 05:34:56] [CAM] 摄像头未检测到，等待重连...
[2026-07-14 05:34:57] [CAM] 摄像头捕获器已释放
[2026-07-14 05:34:57] [CAM] 摄像头未检测到，等待重连...
[2026-07-14 05:34:57] [CAM] 摄像头捕获器已释放
[2026-07-14 05:34:57] [CAM] 摄像头未检测到，等待重连...
[2026-07-14 05:34:58] [CAM] 摄像头捕获器已释放
[2026-07-14 05:34:58] [CAM] 摄像头未检测到，等待重连...
[2026-07-14 05:34:58] [CAM] 摄像头捕获器已释放
[2026-07-14 05:34:58] [CAM] 摄像头未检测到，等待重连...
[2026-07-14 05:34:59] [CAM] 摄像头捕获器已释放
[2026-07-14 05:34:59] [CAM] 摄像头未检测到，等待重连...
[2026-07-14 05:34:59] [CAM] 摄像头捕获器已释放
[2026-07-14 05:34:59] [CAM] 摄像头未检测到，等待重连...
[2026-07-14 05:35:00] [CAM] 摄像头捕获器已释放
[2026-07-14 05:35:00] [CAM] 摄像头未检测到，等待重连...
[2026-07-14 05:35:00] [CAM] 摄像头捕获器已释放
[2026-07-14 05:35:00] [CAM] 摄像头未检测到，等待重连...
[2026-07-14 05:35:01] [CAM] 摄像头捕获器已释放
[2026-07-14 05:35:01] [CAM] 摄像头未检测到，等待重连...
[2026-07-14 05:35:01] [CAM] 摄像头捕获器已释放
[2026-07-14 05:35:01] [CAM] 摄像头未检测到，等待重连...
[2026-07-14 05:35:02] [CAM] 摄像头捕获器已释放
[2026-07-14 05:35:02] [CAM] 摄像头未检测到，等待重连...
[2026-07-14 05:35:02] [CAM] 摄像头捕获器已释放
[2026-07-14 05:35:02] [CAM] 摄像头未检测到，等待重连...
[2026-07-14 05:35:03] [CAM] 摄像头捕获器已释放
[2026-07-14 05:35:03] [CAM] 摄像头未检测到，等待重连...
[2026-07-14 05:35:03] [CAM] 摄像头捕获器已释放
[2026-07-14 05:35:03] [CAM] 摄像头未检测到，等待重连...
[2026-07-14 05:35:04] [CAM] 摄像头捕获器已释放
[2026-07-14 05:35:04] [CAM] 摄像头未检测到，等待重连...
[2026-07-14 05:35:04] [CAM] 摄像头捕获器已释放
[2026-07-14 05:35:04] [CAM] 摄像头未检测到，等待重连...
[2026-07-14 05:35:05] [CAM] 摄像头捕获器已释放
[2026-07-14 05:35:05] [CAM] 摄像头未检测到，等待重连...
[2026-07-14 05:35:05] [CAM] 摄像头捕获器已释放
[2026-07-14 05:35:05] [CAM] 摄像头未检测到，等待重连...
[2026-07-14 05:35:06] [CAM] 摄像头捕获器已释放
[2026-07-14 05:35:06] [CAM] 摄像头未检测到，等待重连...
[2026-07-14 05:35:06] [CAM] 摄像头捕获器已释放
[2026-07-14 05:35:06] [CAM] 摄像头未检测到，等待重连...
[2026-07-14 05:35:07] [CAM] 摄像头捕获器已释放
[2026-07-14 05:35:07] [CAM] 摄像头未检测到，等待重连...
[2026-07-14 05:35:07] [CAM] 摄像头捕获器已释放
[2026-07-14 05:35:07] [CAM] 摄像头未检测到，等待重连...
[2026-07-14 05:35:08] [CAM] 摄像头捕获器已释放
[2026-07-14 05:35:08] [CAM] 摄像头未检测到，等待重连...
[2026-07-14 05:35:08] [CAM] 摄像头捕获器已释放
[2026-07-14 05:35:08] [CAM] 摄像头未检测到，等待重连...
[2026-07-14 05:35:09] [CAM] 摄像头捕获器已释放
[2026-07-14 05:35:09] [CAM] 摄像头未检测到，等待重连...
[2026-07-14 05:35:09] [CAM] 摄像头捕获器已释放
[2026-07-14 05:35:09] [CAM] 摄像头未检测到，等待重连...
[2026-07-14 05:35:10] [CAM] 摄像头捕获器已释放
[2026-07-14 05:35:10] [CAM] 摄像头未检测到，等待重连...
[2026-07-14 05:35:10] [CAM] 摄像头捕获器已释放
[2026-07-14 05:35:10] [CAM] 摄像头未检测到，等待重连...
[2026-07-14 05:35:11] [CAM] 摄像头捕获器已释放
[2026-07-14 05:35:11] [CAM] 摄像头未检测到，等待重连...
[2026-07-14 05:35:11] [CAM] 摄像头捕获器已释放
[2026-07-14 05:35:11] [CAM] 摄像头未检测到，等待重连...
[2026-07-14 05:35:12] [CAM] 摄像头捕获器已释放
[2026-07-14 05:35:12] [CAM] 摄像头未检测到，等待重连...
[2026-07-14 05:35:12] [CAM] 摄像头捕获器已释放
[2026-07-14 05:35:12] [CAM] 摄像头未检测到，等待重连...
[2026-07-14 05:35:13] [CAM] 摄像头捕获器已释放
[2026-07-14 05:35:13] [CAM] 摄像头未检测到，等待重连...
[2026-07-14 05:35:13] [CAM] 摄像头捕获器已释放
[2026-07-14 05:35:13] [CAM] 摄像头未检测到，等待重连...
[2026-07-14 05:35:14] [CAM] 摄像头捕获器已释放
[2026-07-14 05:35:14] [CAM] 摄像头未检测到，等待重连...
[2026-07-14 05:35:14] [CAM] 摄像头捕获器已释放
[2026-07-14 05:35:14] [CAM] 摄像头未检测到，等待重连...
[2026-07-14 05:35:15] [CAM] 摄像头捕获器已释放
[2026-07-14 05:35:15] [CAM] 摄像头未检测到，等待重连...
[2026-07-14 05:35:15] [CAM] 摄像头捕获器已释放
[2026-07-14 05:35:15] [CAM] 摄像头未检测到，等待重连...
[2026-07-14 05:35:16] [CAM] 摄像头捕获器已释放
[2026-07-14 05:35:16] [CAM] 摄像头未检测到，等待重连...
[2026-07-14 05:35:16] [CAM] 摄像头捕获器已释放
[2026-07-14 05:35:16] [CAM] 摄像头未检测到，等待重连...
[2026-07-14 05:35:17] [CAM] 摄像头捕获器已释放
[2026-07-14 05:35:17] [CAM] 摄像头未检测到，等待重连...
[2026-07-14 05:35:17] [CAM] 摄像头捕获器已释放
[2026-07-14 05:35:17] [CAM] 摄像头未检测到，等待重连...
[2026-07-14 05:35:18] [CAM] 摄像头捕获器已释放
[2026-07-14 05:35:18] [CAM] 摄像头未检测到，等待重连...
[2026-07-14 05:35:18] [CAM] 摄像头捕获器已释放
[2026-07-14 05:35:18] [CAM] 摄像头未检测到，等待重连...
[2026-07-14 05:35:19] [CAM] 摄像头捕获器已释放
[2026-07-14 05:35:19] [CAM] 摄像头未检测到，等待重连...
[2026-07-14 05:35:19] [CAM] 摄像头捕获器已释放
[2026-07-14 05:35:19] [CAM] 摄像头未检测到，等待重连...
[2026-07-14 05:35:20] [CAM] 摄像头捕获器已释放
[2026-07-14 05:35:20] [CAM] 摄像头未检测到，等待重连...
[2026-07-14 05:35:20] [CAM] 摄像头捕获器已释放
[2026-07-14 05:35:20] [CAM] 摄像头未检测到，等待重连...
[2026-07-14 05:35:21] [CAM] 摄像头捕获器已释放
[2026-07-14 05:35:21] [CAM] 摄像头未检测到，等待重连...
[2026-07-14 05:35:21] [CAM] 摄像头捕获器已释放
[2026-07-14 05:35:21] [CAM] 摄像头未检测到，等待重连...
[2026-07-14 05:35:22] [CAM] 摄像头捕获器已释放
[2026-07-14 05:35:22] [CAM] 摄像头未检测到，等待重连...
[2026-07-14 05:35:22] [CAM] 摄像头捕获器已释放
[2026-07-14 05:35:22] [CAM] 摄像头未检测到，等待重连...
[2026-07-14 05:35:23] [CAM] 摄像头捕获器已释放
[2026-07-14 05:35:23] [CAM] 摄像头未检测到，等待重连...
[2026-07-14 05:35:23] [CAM] 摄像头捕获器已释放
[2026-07-14 05:35:23] [CAM] 摄像头未检测到，等待重连...
[2026-07-14 05:35:24] [CAM] 摄像头捕获器已释放
[2026-07-14 05:35:24] [CAM] 摄像头未检测到，等待重连...
[2026-07-14 05:35:24] [CAM] 摄像头捕获器已释放
[2026-07-14 05:35:24] [CAM] 摄像头未检测到，等待重连...
[2026-07-14 05:35:25] [CAM] 摄像头捕获器已释放
[2026-07-14 05:35:25] [CAM] 摄像头未检测到，等待重连...
[2026-07-14 05:35:25] [CAM] 摄像头捕获器已释放
[2026-07-14 05:35:25] [CAM] 摄像头未检测到，等待重连...
[2026-07-14 05:35:26] [CAM] 摄像头捕获器已释放
[2026-07-14 05:35:26] [CAM] 摄像头未检测到，等待重连...
[2026-07-14 05:35:26] [CAM] 摄像头捕获器已释放
[2026-07-14 05:35:26] [CAM] 摄像头未检测到，等待重连...
[2026-07-14 05:35:27] [CAM] 摄像头捕获器已释放
[2026-07-14 05:35:27] [CAM] 摄像头未检测到，等待重连...
[2026-07-14 05:35:27] [CAM] 摄像头捕获器已释放
[2026-07-14 05:35:27] [CAM] 摄像头未检测到，等待重连...
[2026-07-14 05:35:28] [CAM] 摄像头捕获器已释放
[2026-07-14 05:35:28] [CAM] 摄像头未检测到，等待重连...
[2026-07-14 05:35:28] [CAM] 摄像头捕获器已释放
[2026-07-14 05:35:28] [CAM] 摄像头未检测到，等待重连...
[2026-07-14 05:35:29] [CAM] 摄像头捕获器已释放
[2026-07-14 05:35:29] [CAM] 摄像头未检测到，等待重连...
[2026-07-14 05:35:29] [CAM] 摄像头捕获器已释放
[2026-07-14 05:35:29] [CAM] 摄像头未检测到，等待重连...
[2026-07-14 05:35:30] [CAM] 摄像头捕获器已释放
[2026-07-14 05:35:30] [CAM] 摄像头未检测到，等待重连...
[2026-07-14 05:35:30] [CAM] 摄像头捕获器已释放
[2026-07-14 05:35:30] [CAM] 摄像头未检测到，等待重连...
[2026-07-14 05:35:31] [CAM] 摄像头捕获器已释放
[2026-07-14 05:35:31] [CAM] 摄像头未检测到，等待重连...
[2026-07-14 05:35:31] [CAM] 摄像头捕获器已释放
[2026-07-14 05:35:31] [CAM] 摄像头未检测到，等待重连...
[2026-07-14 05:35:32] [CAM] 摄像头捕获器已释放
[2026-07-14 05:35:32] [CAM] 摄像头未检测到，等待重连...
[2026-07-14 05:35:32] [CAM] 摄像头捕获器已释放
[2026-07-14 05:35:32] [CAM] 摄像头未检测到，等待重连...
[2026-07-14 05:35:33] [CAM] 摄像头捕获器已释放
[2026-07-14 05:35:33] [CAM] 摄像头未检测到，等待重连...
[2026-07-14 05:35:33] [CAM] 摄像头捕获器已释放
[2026-07-14 05:35:33] [CAM] 摄像头未检测到，等待重连...
[2026-07-14 05:35:34] [CAM] 摄像头捕获器已释放
[2026-07-14 05:35:34] [CAM] 摄像头未检测到，等待重连...
[2026-07-14 05:35:34] [CAM] 摄像头捕获器已释放
[2026-07-14 05:35:34] [CAM] 摄像头未检测到，等待重连...
[2026-07-14 05:35:35] [CAM] 摄像头捕获器已释放
[2026-07-14 05:35:35] [CAM] 摄像头未检测到，等待重连...
[2026-07-14 05:35:35] [CAM] 摄像头捕获器已释放
[2026-07-14 05:35:35] [CAM] 摄像头未检测到，等待重连...
[2026-07-14 05:35:36] [CAM] 摄像头捕获器已释放
[2026-07-14 05:35:36] [CAM] 摄像头未检测到，等待重连...
[2026-07-14 05:35:36] [CAM] 摄像头捕获器已释放
[2026-07-14 05:35:36] [CAM] 摄像头未检测到，等待重连...
[2026-07-14 05:35:37] [CAM] 摄像头捕获器已释放
[2026-07-14 05:35:37] [CAM] 摄像头未检测到，等待重连...
[2026-07-14 05:35:37] [CAM] 摄像头捕获器已释放
[2026-07-14 05:35:37] [CAM] 摄像头未检测到，等待重连...
[2026-07-14 05:35:38] [CAM] 摄像头捕获器已释放
[2026-07-14 05:35:38] [CAM] 摄像头未检测到，等待重连...
[2026-07-14 05:35:38] [CAM] 摄像头捕获器已释放
[2026-07-14 05:35:38] [CAM] 摄像头未检测到，等待重连...
[2026-07-14 05:35:39] [CAM] 摄像头捕获器已释放
[2026-07-14 05:35:39] [CAM] 摄像头未检测到，等待重连...
[2026-07-14 05:35:39] [CAM] 摄像头捕获器已释放
[2026-07-14 05:35:39] [CAM] 摄像头未检测到，等待重连...
[2026-07-14 05:35:40] [CAM] 摄像头捕获器已释放
[2026-07-14 05:35:40] [CAM] 摄像头未检测到，等待重连...
[2026-07-14 05:35:40] [CAM] 摄像头捕获器已释放
[2026-07-14 05:35:40] [CAM] 摄像头未检测到，等待重连...
[2026-07-14 05:35:41] [CAM] 摄像头捕获器已释放
[2026-07-14 05:35:41] [CAM] 摄像头未检测到，等待重连...
[2026-07-14 05:35:41] [CAM] 摄像头捕获器已释放
[2026-07-14 05:35:41] [CAM] 摄像头未检测到，等待重连...
[2026-07-14 05:35:42] [CAM] 摄像头捕获器已释放
[2026-07-14 05:35:42] [CAM] 摄像头未检测到，等待重连...
[2026-07-14 05:35:42] [CAM] 摄像头捕获器已释放
[2026-07-14 05:35:42] [CAM] 摄像头未检测到，等待重连...
[2026-07-14 05:35:43] [CAM] 摄像头捕获器已释放
[2026-07-14 05:35:43] [CAM] 摄像头未检测到，等待重连...
[2026-07-14 05:35:43] [CAM] 摄像头捕获器已释放
[2026-07-14 05:35:43] [CAM] 摄像头未检测到，等待重连...
[2026-07-14 05:35:44] [CAM] 摄像头捕获器已释放
[2026-07-14 05:35:44] [CAM] 摄像头未检测到，等待重连...
[2026-07-14 05:35:44] [CAM] 摄像头捕获器已释放
[2026-07-14 05:35:44] [CAM] 摄像头未检测到，等待重连...
[2026-07-14 05:35:45] [CAM] 摄像头捕获器已释放
[2026-07-14 05:35:45] [CAM] 摄像头未检测到，等待重连...
[2026-07-14 05:35:45] [CAM] 摄像头捕获器已释放
[2026-07-14 05:35:45] [CAM] 摄像头未检测到，等待重连...
[2026-07-14 05:35:46] [CAM] 摄像头捕获器已释放
[2026-07-14 05:35:46] [CAM] 摄像头未检测到，等待重连...
[2026-07-14 05:35:46] [CAM] 摄像头捕获器已释放
[2026-07-14 05:35:46] [CAM] 摄像头未检测到，等待重连...
[2026-07-14 05:35:47] [CAM] 摄像头捕获器已释放
[2026-07-14 05:35:47] [CAM] 摄像头未检测到，等待重连...
[2026-07-14 05:35:47] [CAM] 摄像头捕获器已释放
[2026-07-14 05:35:47] [CAM] 摄像头未检测到，等待重连...
[2026-07-14 05:35:48] [CAM] 摄像头捕获器已释放
[2026-07-14 05:35:48] [CAM] 摄像头未检测到，等待重连...
[2026-07-14 05:35:48] [CAM] 摄像头捕获器已释放
[2026-07-14 05:35:48] [CAM] 摄像头未检测到，等待重连...
[2026-07-14 05:35:49] [CAM] 摄像头捕获器已释放
[2026-07-14 05:35:49] [CAM] 摄像头未检测到，等待重连...
[2026-07-14 05:35:49] [CAM] 摄像头捕获器已释放
[2026-07-14 05:35:49] [CAM] 摄像头未检测到，等待重连...
[2026-07-14 05:35:50] [CAM] 摄像头捕获器已释放
[2026-07-14 05:35:50] [CAM] 摄像头未检测到，等待重连...
[2026-07-14 05:35:50] [CAM] 摄像头捕获器已释放
[2026-07-14 05:35:50] [CAM] 摄像头未检测到，等待重连...
[2026-07-14 05:35:51] [CAM] 摄像头捕获器已释放
[2026-07-14 05:35:51] [CAM] 摄像头未检测到，等待重连...
[2026-07-14 05:35:51] [CAM] 摄像头捕获器已释放
[2026-07-14 05:35:51] [CAM] 摄像头未检测到，等待重连...
[2026-07-14 05:35:52] [CAM] 摄像头捕获器已释放
[2026-07-14 05:35:52] [CAM] 摄像头未检测到，等待重连...
[2026-07-14 05:35:52] [CAM] 摄像头捕获器已释放
[2026-07-14 05:35:52] [CAM] 摄像头未检测到，等待重连...
[2026-07-14 05:35:53] [CAM] 摄像头捕获器已释放
[2026-07-14 05:35:53] [CAM] 摄像头未检测到，等待重连...
[2026-07-14 05:35:53] [CAM] 摄像头捕获器已释放
[2026-07-14 05:35:53] [CAM] 摄像头未检测到，等待重连...
[2026-07-14 05:35:54] [CAM] 摄像头捕获器已释放
[2026-07-14 05:35:54] [CAM] 摄像头未检测到，等待重连...
[2026-07-14 05:35:54] [CAM] 摄像头捕获器已释放
[2026-07-14 05:35:54] [CAM] 摄像头未检测到，等待重连...
[2026-07-14 05:35:55] [CAM] 摄像头捕获器已释放
[2026-07-14 05:35:55] [CAM] 摄像头未检测到，等待重连...
[2026-07-14 05:35:55] [CAM] 摄像头捕获器已释放
[2026-07-14 05:35:55] [CAM] 摄像头未检测到，等待重连...
[2026-07-14 05:35:56] [CAM] 摄像头捕获器已释放
[2026-07-14 05:35:56] [CAM] 摄像头未检测到，等待重连...
[2026-07-14 05:35:56] [CAM] 摄像头捕获器已释放
[2026-07-14 05:35:56] [CAM] 摄像头未检测到，等待重连...
[2026-07-14 05:35:57] [CAM] 摄像头捕获器已释放
[2026-07-14 05:35:57] [CAM] 摄像头未检测到，等待重连...
[2026-07-14 05:35:57] [CAM] 摄像头捕获器已释放
[2026-07-14 05:35:57] [CAM] 摄像头未检测到，等待重连...
[2026-07-14 05:35:58] [CAM] 摄像头捕获器已释放
[2026-07-14 05:35:58] [CAM] 摄像头未检测到，等待重连...
[2026-07-14 05:35:58] [CAM] 摄像头捕获器已释放
[2026-07-14 05:35:58] [CAM] 摄像头未检测到，等待重连...
[2026-07-14 05:35:59] [CAM] 摄像头捕获器已释放
[2026-07-14 05:35:59] [CAM] 摄像头未检测到，等待重连...
[2026-07-14 05:35:59] [CAM] 摄像头捕获器已释放
[2026-07-14 05:35:59] [CAM] 摄像头未检测到，等待重连...
[2026-07-14 05:36:00] [CAM] 摄像头捕获器已释放
[2026-07-14 05:36:00] [CAM] 摄像头未检测到，等待重连...
[2026-07-14 05:36:00] [CAM] 摄像头捕获器已释放
[2026-07-14 05:36:00] [CAM] 摄像头未检测到，等待重连...
[2026-07-14 05:36:01] [CAM] 摄像头捕获器已释放
[2026-07-14 05:36:01] [CAM] 摄像头未检测到，等待重连...
[2026-07-14 05:36:01] [CAM] 摄像头捕获器已释放
[2026-07-14 05:36:01] [CAM] 摄像头未检测到，等待重连...
[2026-07-14 05:36:02] [CAM] 摄像头捕获器已释放
[2026-07-14 05:36:02] [CAM] 摄像头未检测到，等待重连...
[2026-07-14 05:36:02] [CAM] 摄像头捕获器已释放
[2026-07-14 05:36:02] [CAM] 摄像头未检测到，等待重连...
[2026-07-14 05:36:03] [CAM] 摄像头捕获器已释放
[2026-07-14 05:36:03] [CAM] 摄像头未检测到，等待重连...
[2026-07-14 05:36:03] [CAM] 摄像头捕获器已释放
[2026-07-14 05:36:03] [CAM] 摄像头未检测到，等待重连...
[2026-07-14 05:36:04] [CAM] 摄像头捕获器已释放
[2026-07-14 05:36:04] [CAM] 摄像头未检测到，等待重连...
[2026-07-14 05:36:04] [CAM] 摄像头捕获器已释放
[2026-07-14 05:36:04] [CAM] 摄像头未检测到，等待重连...
[2026-07-14 05:36:05] [CAM] 摄像头捕获器已释放
[2026-07-14 05:36:05] [CAM] 摄像头未检测到，等待重连...
[2026-07-14 05:36:05] [CAM] 摄像头捕获器已释放
[2026-07-14 05:36:05] [CAM] 摄像头未检测到，等待重连...
[2026-07-14 05:36:06] [CAM] 摄像头捕获器已释放
[2026-07-14 05:36:06] [CAM] 摄像头未检测到，等待重连...
[2026-07-14 05:36:06] [CAM] 摄像头捕获器已释放
[2026-07-14 05:36:06] [CAM] 摄像头未检测到，等待重连...
[2026-07-14 05:36:07] [CAM] 摄像头捕获器已释放
[2026-07-14 05:36:07] [CAM] 摄像头未检测到，等待重连...
[2026-07-14 05:36:07] [CAM] 摄像头捕获器已释放
[2026-07-14 05:36:07] [CAM] 摄像头未检测到，等待重连...
[2026-07-14 05:36:08] [CAM] 摄像头捕获器已释放
[2026-07-14 05:36:08] [CAM] 摄像头未检测到，等待重连...
[2026-07-14 05:36:08] [CAM] 摄像头捕获器已释放
[2026-07-14 05:36:08] [CAM] 摄像头未检测到，等待重连...
[2026-07-14 05:36:09] [CAM] 摄像头捕获器已释放
[2026-07-14 05:36:09] [CAM] 摄像头未检测到，等待重连...
[2026-07-14 05:36:09] [CAM] 摄像头捕获器已释放
[2026-07-14 05:36:09] [CAM] 摄像头未检测到，等待重连...
[2026-07-14 05:36:10] [CAM] 摄像头捕获器已释放
[2026-07-14 05:36:10] [CAM] 摄像头未检测到，等待重连...
[2026-07-14 05:36:10] [CAM] 摄像头捕获器已释放
[2026-07-14 05:36:10] [CAM] 摄像头未检测到，等待重连...
[2026-07-14 05:36:11] [CAM] 摄像头捕获器已释放
[2026-07-14 05:36:11] [CAM] 摄像头未检测到，等待重连...
[2026-07-14 05:36:11] [CAM] 摄像头捕获器已释放
[2026-07-14 05:36:11] [CAM] 摄像头未检测到，等待重连...
[2026-07-14 05:36:12] [CAM] 摄像头捕获器已释放
[2026-07-14 05:36:12] [CAM] 摄像头未检测到，等待重连...
[2026-07-14 05:36:12] [CAM] 摄像头捕获器已释放
[2026-07-14 05:36:12] [CAM] 摄像头未检测到，等待重连...
[2026-07-14 05:36:13] [CAM] 摄像头捕获器已释放
[2026-07-14 05:36:13] [CAM] 摄像头未检测到，等待重连...
[2026-07-14 05:36:13] [CAM] 摄像头捕获器已释放
[2026-07-14 05:36:13] [CAM] 摄像头未检测到，等待重连...
[2026-07-14 05:36:14] [CAM] 摄像头捕获器已释放
[2026-07-14 05:36:14] [CAM] 摄像头未检测到，等待重连...
[2026-07-14 05:36:14] [CAM] 摄像头捕获器已释放
[2026-07-14 05:36:14] [CAM] 摄像头未检测到，等待重连...
[2026-07-14 05:36:15] [CAM] 摄像头捕获器已释放
[2026-07-14 05:36:15] [CAM] 摄像头未检测到，等待重连...
[2026-07-14 05:36:15] [CAM] 摄像头捕获器已释放
[2026-07-14 05:36:15] [CAM] 摄像头未检测到，等待重连...
[2026-07-14 05:36:16] [CAM] 摄像头捕获器已释放
[2026-07-14 05:36:16] [CAM] 摄像头未检测到，等待重连...
[2026-07-14 05:36:16] [CAM] 摄像头捕获器已释放
[2026-07-14 05:36:16] [CAM] 摄像头未检测到，等待重连...
[2026-07-14 05:36:17] [CAM] 摄像头捕获器已释放
[2026-07-14 05:36:17] [CAM] 摄像头未检测到，等待重连...
[2026-07-14 05:36:17] [CAM] 摄像头捕获器已释放
[2026-07-14 05:36:17] [CAM] 摄像头未检测到，等待重连...
[2026-07-14 05:36:18] [CAM] 摄像头捕获器已释放
[2026-07-14 05:36:18] [CAM] 摄像头未检测到，等待重连...
[2026-07-14 05:36:18] [CAM] 摄像头捕获器已释放
[2026-07-14 05:36:18] [CAM] 摄像头未检测到，等待重连...
[2026-07-14 05:36:19] [CAM] 摄像头捕获器已释放
[2026-07-14 05:36:19] [CAM] 摄像头未检测到，等待重连...
[2026-07-14 05:36:19] [CAM] 摄像头捕获器已释放
[2026-07-14 05:36:19] [CAM] 摄像头未检测到，等待重连...
[2026-07-14 05:36:20] [CAM] 摄像头捕获器已释放
[2026-07-14 05:36:20] [CAM] 摄像头未检测到，等待重连...
[2026-07-14 05:36:20] [CAM] 摄像头捕获器已释放
[2026-07-14 05:36:20] [CAM] 摄像头未检测到，等待重连...
[2026-07-14 05:36:21] [CAM] 摄像头捕获器已释放
[2026-07-14 05:36:21] [CAM] 摄像头未检测到，等待重连...
[2026-07-14 05:36:21] [CAM] 摄像头捕获器已释放
[2026-07-14 05:36:21] [CAM] 摄像头未检测到，等待重连...
[2026-07-14 05:36:22] [CAM] 摄像头捕获器已释放
[2026-07-14 05:36:22] [CAM] 摄像头未检测到，等待重连...
[2026-07-14 05:36:22] [CAM] 摄像头捕获器已释放
[2026-07-14 05:36:22] [CAM] 摄像头未检测到，等待重连...
[2026-07-14 05:36:23] [CAM] 摄像头捕获器已释放
[2026-07-14 05:36:23] [CAM] 摄像头未检测到，等待重连...
[2026-07-14 05:36:23] [CAM] 摄像头捕获器已释放
[2026-07-14 05:36:23] [CAM] 摄像头未检测到，等待重连...
[2026-07-14 05:36:24] [CAM] 摄像头捕获器已释放
[2026-07-14 05:36:24] [CAM] 摄像头未检测到，等待重连...
[2026-07-14 05:36:24] [CAM] 摄像头捕获器已释放
[2026-07-14 05:36:24] [CAM] 摄像头未检测到，等待重连...
[2026-07-14 05:36:25] [CAM] 摄像头捕获器已释放
[2026-07-14 05:36:25] [CAM] 摄像头未检测到，等待重连...
[2026-07-14 05:36:25] [CAM] 摄像头捕获器已释放
[2026-07-14 05:36:25] [CAM] 摄像头未检测到，等待重连...
[2026-07-14 05:36:26] [CAM] 摄像头捕获器已释放
[2026-07-14 05:36:26] [CAM] 摄像头未检测到，等待重连...
[2026-07-14 05:36:26] [CAM] 摄像头捕获器已释放
[2026-07-14 05:36:26] [CAM] 摄像头未检测到，等待重连...
[2026-07-14 05:36:27] [CAM] 摄像头捕获器已释放
[2026-07-14 05:36:27] [CAM] 摄像头未检测到，等待重连...
[2026-07-14 05:36:27] [CAM] 摄像头捕获器已释放
[2026-07-14 05:36:27] [CAM] 摄像头未检测到，等待重连...
[2026-07-14 05:36:28] [CAM] 摄像头捕获器已释放
[2026-07-14 05:36:28] [CAM] 摄像头未检测到，等待重连...
[2026-07-14 05:36:29] [CAM] 摄像头捕获器已释放
[2026-07-14 05:36:29] [CAM] 摄像头未检测到，等待重连...
[2026-07-14 05:36:29] [CAM] 摄像头捕获器已释放
[2026-07-14 05:36:29] [CAM] 摄像头未检测到，等待重连...
[2026-07-14 05:36:30] [CAM] 摄像头捕获器已释放
[2026-07-14 05:36:30] [CAM] 摄像头未检测到，等待重连...
[2026-07-14 05:36:30] [CAM] 摄像头捕获器已释放
[2026-07-14 05:36:30] [CAM] 摄像头未检测到，等待重连...
[2026-07-14 05:36:31] [CAM] 摄像头捕获器已释放
[2026-07-14 05:36:31] [CAM] 摄像头未检测到，等待重连...
[2026-07-14 05:36:31] [CAM] 摄像头捕获器已释放
[2026-07-14 05:36:31] [CAM] 摄像头未检测到，等待重连...
[2026-07-14 05:36:32] [CAM] 摄像头捕获器已释放
[2026-07-14 05:36:32] [CAM] 摄像头未检测到，等待重连...
[2026-07-14 05:36:32] [CAM] 摄像头捕获器已释放
[2026-07-14 05:36:32] [CAM] 摄像头未检测到，等待重连...
[2026-07-14 05:36:33] [CAM] 摄像头捕获器已释放
[2026-07-14 05:36:33] [CAM] 摄像头未检测到，等待重连...
[2026-07-14 05:36:33] [CAM] 摄像头捕获器已释放
[2026-07-14 05:36:33] [CAM] 摄像头未检测到，等待重连...
[2026-07-14 05:36:34] [CAM] 摄像头捕获器已释放
[2026-07-14 05:36:34] [CAM] 摄像头未检测到，等待重连...
[2026-07-14 05:36:34] [CAM] 摄像头捕获器已释放
[2026-07-14 05:36:34] [CAM] 摄像头未检测到，等待重连...
[2026-07-14 05:36:35] [CAM] 摄像头捕获器已释放
[2026-07-14 05:36:35] [CAM] 摄像头未检测到，等待重连...
[2026-07-14 05:36:35] [CAM] 摄像头捕获器已释放
[2026-07-14 05:36:35] [CAM] 摄像头未检测到，等待重连...
[2026-07-14 05:36:36] [CAM] 摄像头捕获器已释放
[2026-07-14 05:36:36] [CAM] 摄像头未检测到，等待重连...
[2026-07-14 05:36:36] [CAM] 摄像头捕获器已释放
[2026-07-14 05:36:36] [CAM] 摄像头未检测到，等待重连...
[2026-07-14 05:36:37] [CAM] 摄像头捕获器已释放
[2026-07-14 05:36:37] [CAM] 摄像头未检测到，等待重连...
[2026-07-14 05:36:37] [CAM] 摄像头捕获器已释放
[2026-07-14 05:36:37] [CAM] 摄像头未检测到，等待重连...
[2026-07-14 05:36:38] [CAM] 摄像头捕获器已释放
[2026-07-14 05:36:38] [CAM] 摄像头未检测到，等待重连...
[2026-07-14 05:36:38] [CAM] 摄像头捕获器已释放
[2026-07-14 05:36:38] [CAM] 摄像头未检测到，等待重连...
[2026-07-14 05:36:39] [CAM] 摄像头捕获器已释放
[2026-07-14 05:36:39] [CAM] 摄像头未检测到，等待重连...
[2026-07-14 05:36:39] [CAM] 摄像头捕获器已释放
[2026-07-14 05:36:39] [CAM] 摄像头未检测到，等待重连...
[2026-07-14 05:36:40] [CAM] 摄像头捕获器已释放
[2026-07-14 05:36:40] [CAM] 摄像头未检测到，等待重连...
[2026-07-14 05:36:40] [CAM] 摄像头捕获器已释放
[2026-07-14 05:36:40] [CAM] 摄像头未检测到，等待重连...
[2026-07-14 05:36:41] [CAM] 摄像头捕获器已释放
[2026-07-14 05:36:41] [CAM] 摄像头未检测到，等待重连...
[2026-07-14 05:36:41] [CAM] 摄像头捕获器已释放
[2026-07-14 05:36:41] [CAM] 摄像头未检测到，等待重连...
[2026-07-14 05:36:42] [CAM] 摄像头捕获器已释放
[2026-07-14 05:36:42] [CAM] 摄像头未检测到，等待重连...
[2026-07-14 05:36:42] [CAM] 摄像头捕获器已释放
[2026-07-14 05:36:42] [CAM] 摄像头未检测到，等待重连...
[2026-07-14 05:36:43] [CAM] 摄像头捕获器已释放
[2026-07-14 05:36:43] [CAM] 摄像头未检测到，等待重连...
[2026-07-14 05:36:43] [CAM] 摄像头捕获器已释放
[2026-07-14 05:36:43] [CAM] 摄像头未检测到，等待重连...
[2026-07-14 05:36:44] [CAM] 摄像头捕获器已释放
[2026-07-14 05:36:44] [CAM] 摄像头未检测到，等待重连...
[2026-07-14 05:36:44] [CAM] 摄像头捕获器已释放
[2026-07-14 05:36:44] [CAM] 摄像头未检测到，等待重连...
[2026-07-14 05:36:45] [CAM] 摄像头捕获器已释放
[2026-07-14 05:36:45] [CAM] 摄像头未检测到，等待重连...
[2026-07-14 05:36:45] [CAM] 摄像头捕获器已释放
[2026-07-14 05:36:45] [CAM] 摄像头未检测到，等待重连...
[2026-07-14 05:36:46] [CAM] 摄像头捕获器已释放
[2026-07-14 05:36:46] [CAM] 摄像头未检测到，等待重连...
[2026-07-14 05:36:46] [CAM] 摄像头捕获器已释放
[2026-07-14 05:36:46] [CAM] 摄像头未检测到，等待重连...
[2026-07-14 05:36:47] [CAM] 摄像头捕获器已释放
[2026-07-14 05:36:47] [CAM] 摄像头未检测到，等待重连...
[2026-07-14 05:36:47] [CAM] 摄像头捕获器已释放
[2026-07-14 05:36:47] [CAM] 摄像头未检测到，等待重连...
[2026-07-14 05:36:48] [CAM] 摄像头捕获器已释放
[2026-07-14 05:36:48] [CAM] 摄像头未检测到，等待重连...
[2026-07-14 05:36:48] [CAM] 摄像头捕获器已释放
[2026-07-14 05:36:48] [CAM] 摄像头未检测到，等待重连...
[2026-07-14 05:36:49] [CAM] 摄像头捕获器已释放
[2026-07-14 05:36:49] [CAM] 摄像头未检测到，等待重连...
[2026-07-14 05:36:49] [CAM] 摄像头捕获器已释放
[2026-07-14 05:36:49] [CAM] 摄像头未检测到，等待重连...
[2026-07-14 05:36:50] [CAM] 摄像头捕获器已释放
[2026-07-14 05:36:50] [CAM] 摄像头未检测到，等待重连...
[2026-07-14 05:36:50] [CAM] 摄像头捕获器已释放
[2026-07-14 05:36:50] [CAM] 摄像头未检测到，等待重连...
[2026-07-14 05:36:51] [CAM] 摄像头捕获器已释放
[2026-07-14 05:36:51] [CAM] 摄像头未检测到，等待重连...
[2026-07-14 05:36:51] [CAM] 摄像头捕获器已释放
[2026-07-14 05:36:51] [CAM] 摄像头未检测到，等待重连...
[2026-07-14 05:36:52] [CAM] 摄像头捕获器已释放
[2026-07-14 05:36:52] [CAM] 摄像头未检测到，等待重连...
[2026-07-14 05:36:52] [CAM] 摄像头捕获器已释放
[2026-07-14 05:36:52] [CAM] 摄像头未检测到，等待重连...
[2026-07-14 05:36:53] [CAM] 摄像头捕获器已释放
[2026-07-14 05:36:53] [CAM] 摄像头未检测到，等待重连...
[2026-07-14 05:36:53] [CAM] 摄像头捕获器已释放
[2026-07-14 05:36:53] [CAM] 摄像头未检测到，等待重连...
[2026-07-14 05:36:54] [CAM] 摄像头捕获器已释放
[2026-07-14 05:36:54] [CAM] 摄像头未检测到，等待重连...
[2026-07-14 05:36:54] [CAM] 摄像头捕获器已释放
[2026-07-14 05:36:54] [CAM] 摄像头未检测到，等待重连...
[2026-07-14 05:36:55] [CAM] 摄像头捕获器已释放
[2026-07-14 05:36:55] [CAM] 摄像头未检测到，等待重连...
[2026-07-14 05:36:55] [CAM] 摄像头捕获器已释放
[2026-07-14 05:36:55] [CAM] 摄像头未检测到，等待重连...
[2026-07-14 05:36:56] [CAM] 摄像头捕获器已释放
[2026-07-14 05:36:56] [CAM] 摄像头未检测到，等待重连...
[2026-07-14 05:36:56] [CAM] 摄像头捕获器已释放
[2026-07-14 05:36:56] [CAM] 摄像头未检测到，等待重连...
[2026-07-14 05:36:57] [CAM] 摄像头捕获器已释放
[2026-07-14 05:36:57] [CAM] 摄像头未检测到，等待重连...
[2026-07-14 05:36:57] [CAM] 摄像头捕获器已释放
[2026-07-14 05:36:57] [CAM] 摄像头未检测到，等待重连...
[2026-07-14 05:36:58] [CAM] 摄像头捕获器已释放
[2026-07-14 05:36:58] [CAM] 摄像头未检测到，等待重连...
[2026-07-14 05:36:58] [CAM] 摄像头捕获器已释放
[2026-07-14 05:36:58] [CAM] 摄像头未检测到，等待重连...
[2026-07-14 05:36:59] [CAM] 摄像头捕获器已释放
[2026-07-14 05:36:59] [CAM] 摄像头未检测到，等待重连...
[2026-07-14 05:36:59] [CAM] 摄像头捕获器已释放
[2026-07-14 05:36:59] [CAM] 摄像头未检测到，等待重连...
[2026-07-14 05:37:00] [CAM] 摄像头捕获器已释放
[2026-07-14 05:37:00] [CAM] 摄像头未检测到，等待重连...
[2026-07-14 05:37:00] [CAM] 摄像头捕获器已释放
[2026-07-14 05:37:00] [CAM] 摄像头未检测到，等待重连...
[2026-07-14 05:37:01] [CAM] 摄像头捕获器已释放
[2026-07-14 05:37:01] [CAM] 摄像头未检测到，等待重连...
[2026-07-14 05:37:01] [CAM] 摄像头捕获器已释放
[2026-07-14 05:37:01] [CAM] 摄像头未检测到，等待重连...
[2026-07-14 05:37:02] [CAM] 摄像头捕获器已释放
[2026-07-14 05:37:02] [CAM] 摄像头未检测到，等待重连...
[2026-07-14 05:37:02] [CAM] 摄像头捕获器已释放
[2026-07-14 05:37:02] [CAM] 摄像头未检测到，等待重连...
[2026-07-14 05:37:03] [CAM] 摄像头捕获器已释放
[2026-07-14 05:37:03] [CAM] 摄像头未检测到，等待重连...
[2026-07-14 05:37:03] [CAM] 摄像头捕获器已释放
[2026-07-14 05:37:03] [CAM] 摄像头未检测到，等待重连...
[2026-07-14 05:37:04] [CAM] 摄像头捕获器已释放
[2026-07-14 05:37:04] [CAM] 摄像头未检测到，等待重连...
[2026-07-14 05:37:04] [CAM] 摄像头捕获器已释放
[2026-07-14 05:37:04] [CAM] 摄像头未检测到，等待重连...
[2026-07-14 05:37:05] [CAM] 摄像头捕获器已释放
[2026-07-14 05:37:05] [CAM] 摄像头未检测到，等待重连...
[2026-07-14 05:37:05] [CAM] 摄像头捕获器已释放
[2026-07-14 05:37:05] [CAM] 摄像头未检测到，等待重连...
[2026-07-14 05:37:06] [CAM] 摄像头捕获器已释放
[2026-07-14 05:37:06] [CAM] 摄像头未检测到，等待重连...
[2026-07-14 05:37:06] [CAM] 摄像头捕获器已释放
[2026-07-14 05:37:06] [CAM] 摄像头未检测到，等待重连...
[2026-07-14 05:37:07] [CAM] 摄像头捕获器已释放
[2026-07-14 05:37:07] [CAM] 摄像头未检测到，等待重连...
[2026-07-14 05:37:07] [CAM] 摄像头捕获器已释放
[2026-07-14 05:37:07] [CAM] 摄像头未检测到，等待重连...
[2026-07-14 05:37:08] [CAM] 摄像头捕获器已释放
[2026-07-14 05:37:08] [CAM] 摄像头未检测到，等待重连...
[2026-07-14 05:37:08] [CAM] 摄像头捕获器已释放
[2026-07-14 05:37:08] [CAM] 摄像头未检测到，等待重连...
[2026-07-14 05:37:09] [CAM] 摄像头捕获器已释放
[2026-07-14 05:37:09] [CAM] 摄像头未检测到，等待重连...
[2026-07-14 05:37:09] [CAM] 摄像头捕获器已释放
[2026-07-14 05:37:09] [CAM] 摄像头未检测到，等待重连...
[2026-07-14 05:37:10] [CAM] 摄像头捕获器已释放
[2026-07-14 05:37:10] [CAM] 摄像头未检测到，等待重连...
[2026-07-14 05:37:10] [CAM] 摄像头捕获器已释放
[2026-07-14 05:37:10] [CAM] 摄像头未检测到，等待重连...
[2026-07-14 05:37:11] [CAM] 摄像头捕获器已释放
[2026-07-14 05:37:11] [CAM] 摄像头未检测到，等待重连...
[2026-07-14 05:37:11] [CAM] 摄像头捕获器已释放
[2026-07-14 05:37:11] [CAM] 摄像头未检测到，等待重连...
[2026-07-14 05:37:12] [CAM] 摄像头捕获器已释放
[2026-07-14 05:37:12] [CAM] 摄像头未检测到，等待重连...
[2026-07-14 05:37:12] [CAM] 摄像头捕获器已释放
[2026-07-14 05:37:12] [CAM] 摄像头未检测到，等待重连...
[2026-07-14 05:37:13] [CAM] 摄像头捕获器已释放
[2026-07-14 05:37:13] [CAM] 摄像头未检测到，等待重连...
[2026-07-14 05:37:13] [CAM] 摄像头捕获器已释放
[2026-07-14 05:37:13] [CAM] 摄像头未检测到，等待重连...
[2026-07-14 05:37:14] [CAM] 摄像头捕获器已释放
[2026-07-14 05:37:14] [CAM] 摄像头未检测到，等待重连...
[2026-07-14 05:37:14] [CAM] 摄像头捕获器已释放
[2026-07-14 05:37:14] [CAM] 摄像头未检测到，等待重连...
[2026-07-14 05:37:15] [CAM] 摄像头捕获器已释放
[2026-07-14 05:37:15] [CAM] 摄像头未检测到，等待重连...
[2026-07-14 05:37:15] [CAM] 摄像头捕获器已释放
[2026-07-14 05:37:15] [CAM] 摄像头未检测到，等待重连...
[2026-07-14 05:37:16] [CAM] 摄像头捕获器已释放
[2026-07-14 05:37:16] [CAM] 摄像头未检测到，等待重连...
[2026-07-14 05:37:16] [CAM] 摄像头捕获器已释放
[2026-07-14 05:37:16] [CAM] 摄像头未检测到，等待重连...
[2026-07-14 05:37:17] [CAM] 摄像头捕获器已释放
[2026-07-14 05:37:17] [CAM] 摄像头未检测到，等待重连...
[2026-07-14 05:37:17] [CAM] 摄像头捕获器已释放
[2026-07-14 05:37:17] [CAM] 摄像头未检测到，等待重连...
[2026-07-14 05:37:18] [CAM] 摄像头捕获器已释放
[2026-07-14 05:37:18] [CAM] 摄像头未检测到，等待重连...
[2026-07-14 05:37:18] [CAM] 摄像头捕获器已释放
[2026-07-14 05:37:18] [CAM] 摄像头未检测到，等待重连...
[2026-07-14 05:37:19] [CAM] 摄像头捕获器已释放
[2026-07-14 05:37:19] [CAM] 摄像头未检测到，等待重连...
[2026-07-14 05:37:19] [CAM] 摄像头捕获器已释放
[2026-07-14 05:37:19] [CAM] 摄像头未检测到，等待重连...
[2026-07-14 05:37:20] [CAM] 摄像头捕获器已释放
[2026-07-14 05:37:20] [CAM] 摄像头未检测到，等待重连...
[2026-07-14 05:37:20] [CAM] 摄像头捕获器已释放
[2026-07-14 05:37:20] [CAM] 摄像头未检测到，等待重连...
[2026-07-14 05:37:21] [CAM] 摄像头捕获器已释放
[2026-07-14 05:37:21] [CAM] 摄像头未检测到，等待重连...
[2026-07-14 05:37:21] [CAM] 摄像头捕获器已释放
[2026-07-14 05:37:21] [CAM] 摄像头未检测到，等待重连...
[2026-07-14 05:37:22] [CAM] 摄像头捕获器已释放
[2026-07-14 05:37:22] [CAM] 摄像头未检测到，等待重连...
[2026-07-14 05:37:22] [CAM] 摄像头捕获器已释放
[2026-07-14 05:37:22] [CAM] 摄像头未检测到，等待重连...
[2026-07-14 05:37:23] [CAM] 摄像头捕获器已释放
[2026-07-14 05:37:23] [CAM] 摄像头未检测到，等待重连...
[2026-07-14 05:37:23] [CAM] 摄像头捕获器已释放
[2026-07-14 05:37:23] [CAM] 摄像头未检测到，等待重连...
[2026-07-14 05:37:24] [CAM] 摄像头捕获器已释放
[2026-07-14 05:37:24] [CAM] 摄像头未检测到，等待重连...
[2026-07-14 05:37:24] [CAM] 摄像头捕获器已释放
[2026-07-14 05:37:24] [CAM] 摄像头未检测到，等待重连...
[2026-07-14 05:37:25] [CAM] 摄像头捕获器已释放
[2026-07-14 05:37:25] [CAM] 摄像头未检测到，等待重连...
[2026-07-14 05:37:25] [CAM] 摄像头捕获器已释放
[2026-07-14 05:37:25] [CAM] 摄像头未检测到，等待重连...
[2026-07-14 05:37:26] [CAM] 摄像头捕获器已释放
[2026-07-14 05:37:26] [CAM] 摄像头未检测到，等待重连...
[2026-07-14 05:37:26] [CAM] 摄像头捕获器已释放
[2026-07-14 05:37:26] [CAM] 摄像头未检测到，等待重连...
[2026-07-14 05:37:27] [CAM] 摄像头捕获器已释放
[2026-07-14 05:37:27] [CAM] 摄像头未检测到，等待重连...
[2026-07-14 05:37:27] [CAM] 摄像头捕获器已释放
[2026-07-14 05:37:27] [CAM] 摄像头未检测到，等待重连...
[2026-07-14 05:37:28] [CAM] 摄像头捕获器已释放
[2026-07-14 05:37:28] [CAM] 摄像头未检测到，等待重连...
[2026-07-14 05:37:28] [CAM] 摄像头捕获器已释放
[2026-07-14 05:37:28] [CAM] 摄像头未检测到，等待重连...
[2026-07-14 05:37:29] [CAM] 摄像头捕获器已释放
[2026-07-14 05:37:29] [CAM] 摄像头未检测到，等待重连...
[2026-07-14 05:37:29] [CAM] 摄像头捕获器已释放
[2026-07-14 05:37:29] [CAM] 摄像头未检测到，等待重连...
[2026-07-14 05:37:30] [CAM] 摄像头捕获器已释放
[2026-07-14 05:37:30] [CAM] 摄像头未检测到，等待重连...
[2026-07-14 05:37:30] [CAM] 摄像头捕获器已释放
[2026-07-14 05:37:30] [CAM] 摄像头未检测到，等待重连...
[2026-07-14 05:37:31] [CAM] 摄像头捕获器已释放
[2026-07-14 05:37:31] [CAM] 摄像头未检测到，等待重连...
[2026-07-14 05:37:31] [CAM] 摄像头捕获器已释放
[2026-07-14 05:37:31] [CAM] 摄像头未检测到，等待重连...
[2026-07-14 05:37:32] [CAM] 摄像头捕获器已释放
[2026-07-14 05:37:32] [CAM] 摄像头未检测到，等待重连...
[2026-07-14 05:37:32] [CAM] 摄像头捕获器已释放
[2026-07-14 05:37:32] [CAM] 摄像头未检测到，等待重连...
[2026-07-14 05:37:33] [CAM] 摄像头捕获器已释放
[2026-07-14 05:37:33] [CAM] 摄像头未检测到，等待重连...
[2026-07-14 05:37:33] [CAM] 摄像头捕获器已释放
[2026-07-14 05:37:33] [CAM] 摄像头未检测到，等待重连...
[2026-07-14 05:37:34] [CAM] 摄像头捕获器已释放
[2026-07-14 05:37:34] [CAM] 摄像头未检测到，等待重连...
[2026-07-14 05:37:34] [CAM] 摄像头捕获器已释放
[2026-07-14 05:37:34] [CAM] 摄像头未检测到，等待重连...
[2026-07-14 05:37:35] [CAM] 摄像头捕获器已释放
[2026-07-14 05:37:35] [CAM] 摄像头未检测到，等待重连...
[2026-07-14 05:37:35] [CAM] 摄像头捕获器已释放
[2026-07-14 05:37:35] [CAM] 摄像头未检测到，等待重连...
[2026-07-14 05:37:36] [CAM] 摄像头捕获器已释放
[2026-07-14 05:37:36] [CAM] 摄像头未检测到，等待重连...
[2026-07-14 05:37:36] [CAM] 摄像头捕获器已释放
[2026-07-14 05:37:36] [CAM] 摄像头未检测到，等待重连...
[2026-07-14 05:37:37] [CAM] 摄像头捕获器已释放
[2026-07-14 05:37:37] [CAM] 摄像头未检测到，等待重连...
[2026-07-14 05:37:37] [CAM] 摄像头捕获器已释放
[2026-07-14 05:37:37] [CAM] 摄像头未检测到，等待重连...
[2026-07-14 05:37:38] [CAM] 摄像头捕获器已释放
[2026-07-14 05:37:38] [CAM] 摄像头未检测到，等待重连...
[2026-07-14 05:37:38] [CAM] 摄像头捕获器已释放
[2026-07-14 05:37:38] [CAM] 摄像头未检测到，等待重连...
[2026-07-14 05:37:39] [CAM] 摄像头捕获器已释放
[2026-07-14 05:37:39] [CAM] 摄像头未检测到，等待重连...
[2026-07-14 05:37:39] [CAM] 摄像头捕获器已释放
[2026-07-14 05:37:39] [CAM] 摄像头未检测到，等待重连...
[2026-07-14 05:37:40] [CAM] 摄像头捕获器已释放
[2026-07-14 05:37:40] [CAM] 摄像头未检测到，等待重连...
[2026-07-14 05:37:40] [CAM] 摄像头捕获器已释放
[2026-07-14 05:37:40] [CAM] 摄像头未检测到，等待重连...
[2026-07-14 05:37:41] [CAM] 摄像头捕获器已释放
[2026-07-14 05:37:41] [CAM] 摄像头未检测到，等待重连...
[2026-07-14 05:37:41] [CAM] 摄像头捕获器已释放
[2026-07-14 05:37:41] [CAM] 摄像头未检测到，等待重连...
[2026-07-14 05:37:42] [CAM] 摄像头捕获器已释放
[2026-07-14 05:37:42] [CAM] 摄像头未检测到，等待重连...
[2026-07-14 05:37:42] [CAM] 摄像头捕获器已释放
[2026-07-14 05:37:42] [CAM] 摄像头未检测到，等待重连...
[2026-07-14 05:37:43] [CAM] 摄像头捕获器已释放
[2026-07-14 05:37:43] [CAM] 摄像头未检测到，等待重连...
[2026-07-14 05:37:43] [CAM] 摄像头捕获器已释放
[2026-07-14 05:37:43] [CAM] 摄像头未检测到，等待重连...
[2026-07-14 05:37:44] [CAM] 摄像头捕获器已释放
[2026-07-14 05:37:44] [CAM] 摄像头未检测到，等待重连...
[2026-07-14 05:37:44] [CAM] 摄像头捕获器已释放
[2026-07-14 05:37:44] [CAM] 摄像头未检测到，等待重连...
[2026-07-14 05:37:45] [CAM] 摄像头捕获器已释放
[2026-07-14 05:37:45] [CAM] 摄像头未检测到，等待重连...
[2026-07-14 05:37:45] [CAM] 摄像头捕获器已释放
[2026-07-14 05:37:45] [CAM] 摄像头未检测到，等待重连...
[2026-07-14 05:37:46] [CAM] 摄像头捕获器已释放
[2026-07-14 05:37:46] [CAM] 摄像头未检测到，等待重连...
[2026-07-14 05:37:46] [CAM] 摄像头捕获器已释放
[2026-07-14 05:37:46] [CAM] 摄像头未检测到，等待重连...
[2026-07-14 05:37:47] [CAM] 摄像头捕获器已释放
[2026-07-14 05:37:47] [CAM] 摄像头未检测到，等待重连...
[2026-07-14 05:37:47] [CAM] 摄像头捕获器已释放
[2026-07-14 05:37:47] [CAM] 摄像头未检测到，等待重连...
[2026-07-14 05:37:48] [CAM] 摄像头捕获器已释放
[2026-07-14 05:37:48] [CAM] 摄像头未检测到，等待重连...
[2026-07-14 05:37:48] [CAM] 摄像头捕获器已释放
[2026-07-14 05:37:48] [CAM] 摄像头未检测到，等待重连...
[2026-07-14 05:37:49] [CAM] 摄像头捕获器已释放
[2026-07-14 05:37:49] [CAM] 摄像头未检测到，等待重连...
[2026-07-14 05:37:49] [CAM] 摄像头捕获器已释放
[2026-07-14 05:37:49] [CAM] 摄像头未检测到，等待重连...
[2026-07-14 05:37:50] [CAM] 摄像头捕获器已释放
[2026-07-14 05:37:50] [CAM] 摄像头未检测到，等待重连...
[2026-07-14 05:37:50] [CAM] 摄像头捕获器已释放
[2026-07-14 05:37:50] [CAM] 摄像头未检测到，等待重连...
[2026-07-14 05:37:51] [CAM] 摄像头捕获器已释放
[2026-07-14 05:37:51] [CAM] 摄像头未检测到，等待重连...
[2026-07-14 05:37:51] [CAM] 摄像头捕获器已释放
[2026-07-14 05:37:51] [CAM] 摄像头未检测到，等待重连...
[2026-07-14 05:37:52] [CAM] 摄像头捕获器已释放
[2026-07-14 05:37:52] [CAM] 摄像头未检测到，等待重连...
[2026-07-14 05:37:52] [CAM] 摄像头捕获器已释放
[2026-07-14 05:37:52] [CAM] 摄像头未检测到，等待重连...
[2026-07-14 05:37:53] [CAM] 摄像头捕获器已释放
[2026-07-14 05:37:53] [CAM] 摄像头未检测到，等待重连...
[2026-07-14 05:37:53] [CAM] 摄像头捕获器已释放
[2026-07-14 05:37:53] [CAM] 摄像头未检测到，等待重连...
[2026-07-14 05:37:54] [CAM] 摄像头捕获器已释放
[2026-07-14 05:37:54] [CAM] 摄像头未检测到，等待重连...
[2026-07-14 05:37:54] [CAM] 摄像头捕获器已释放
[2026-07-14 05:37:54] [CAM] 摄像头未检测到，等待重连...
[2026-07-14 05:37:55] [CAM] 摄像头捕获器已释放
[2026-07-14 05:37:55] [CAM] 摄像头未检测到，等待重连...
[2026-07-14 05:37:55] [CAM] 摄像头捕获器已释放
[2026-07-14 05:37:55] [CAM] 摄像头未检测到，等待重连...
[2026-07-14 05:37:56] [CAM] 摄像头捕获器已释放
[2026-07-14 05:37:56] [CAM] 摄像头未检测到，等待重连...
[2026-07-14 05:37:56] [CAM] 摄像头捕获器已释放
[2026-07-14 05:37:56] [CAM] 摄像头未检测到，等待重连...
[2026-07-14 05:37:57] [CAM] 摄像头捕获器已释放
[2026-07-14 05:37:57] [CAM] 摄像头未检测到，等待重连...
[2026-07-14 05:37:57] [CAM] 摄像头捕获器已释放
[2026-07-14 05:37:57] [CAM] 摄像头未检测到，等待重连...
[2026-07-14 05:37:58] [CAM] 摄像头捕获器已释放
[2026-07-14 05:37:58] [CAM] 摄像头未检测到，等待重连...
[2026-07-14 05:37:58] [CAM] 摄像头捕获器已释放
[2026-07-14 05:37:58] [CAM] 摄像头未检测到，等待重连...
[2026-07-14 05:37:59] [CAM] 摄像头捕获器已释放
[2026-07-14 05:37:59] [CAM] 摄像头未检测到，等待重连...
[2026-07-14 05:37:59] [CAM] 摄像头捕获器已释放
[2026-07-14 05:37:59] [CAM] 摄像头未检测到，等待重连...
[2026-07-14 05:38:00] [CAM] 摄像头捕获器已释放
[2026-07-14 05:38:00] [CAM] 摄像头未检测到，等待重连...
[2026-07-14 05:38:00] [CAM] 摄像头捕获器已释放
[2026-07-14 05:38:00] [CAM] 摄像头未检测到，等待重连...
[2026-07-14 05:38:01] [CAM] 摄像头捕获器已释放
[2026-07-14 05:38:01] [CAM] 摄像头未检测到，等待重连...
[2026-07-14 05:38:01] [CAM] 摄像头捕获器已释放
[2026-07-14 05:38:01] [CAM] 摄像头未检测到，等待重连...
[2026-07-14 05:38:02] [CAM] 摄像头捕获器已释放
[2026-07-14 05:38:02] [CAM] 摄像头未检测到，等待重连...
[2026-07-14 05:38:02] [CAM] 摄像头捕获器已释放
[2026-07-14 05:38:02] [CAM] 摄像头未检测到，等待重连...
[2026-07-14 05:38:03] [CAM] 摄像头捕获器已释放
[2026-07-14 05:38:03] [CAM] 摄像头未检测到，等待重连...
[2026-07-14 05:38:03] [CAM] 摄像头捕获器已释放
[2026-07-14 05:38:03] [CAM] 摄像头未检测到，等待重连...
[2026-07-14 05:38:04] [CAM] 摄像头捕获器已释放
[2026-07-14 05:38:04] [CAM] 摄像头未检测到，等待重连...
[2026-07-14 05:38:04] [CAM] 摄像头捕获器已释放
[2026-07-14 05:38:04] [CAM] 摄像头未检测到，等待重连...
[2026-07-14 05:38:05] [CAM] 摄像头捕获器已释放
[2026-07-14 05:38:05] [CAM] 摄像头未检测到，等待重连...
[2026-07-14 05:38:05] [CAM] 摄像头捕获器已释放
[2026-07-14 05:38:05] [CAM] 摄像头未检测到，等待重连...
[2026-07-14 05:38:06] [CAM] 摄像头捕获器已释放
[2026-07-14 05:38:06] [CAM] 摄像头未检测到，等待重连...
[2026-07-14 05:38:06] [CAM] 摄像头捕获器已释放
[2026-07-14 05:38:06] [CAM] 摄像头未检测到，等待重连...
[2026-07-14 05:38:07] [CAM] 摄像头捕获器已释放
[2026-07-14 05:38:07] [CAM] 摄像头未检测到，等待重连...
[2026-07-14 05:38:07] [CAM] 摄像头捕获器已释放
[2026-07-14 05:38:07] [CAM] 摄像头未检测到，等待重连...
[2026-07-14 05:38:08] [CAM] 摄像头捕获器已释放
[2026-07-14 05:38:08] [CAM] 摄像头未检测到，等待重连...
[2026-07-14 05:38:08] [CAM] 摄像头捕获器已释放
[2026-07-14 05:38:08] [CAM] 摄像头未检测到，等待重连...
[2026-07-14 05:38:09] [CAM] 摄像头捕获器已释放
[2026-07-14 05:38:09] [CAM] 摄像头未检测到，等待重连...
[2026-07-14 05:38:09] [CAM] 摄像头捕获器已释放
[2026-07-14 05:38:09] [CAM] 摄像头未检测到，等待重连...
[2026-07-14 05:38:10] [CAM] 摄像头捕获器已释放
[2026-07-14 05:38:10] [CAM] 摄像头未检测到，等待重连...
[2026-07-14 05:38:10] [CAM] 摄像头捕获器已释放
[2026-07-14 05:38:10] [CAM] 摄像头未检测到，等待重连...
[2026-07-14 05:38:11] [CAM] 摄像头捕获器已释放
[2026-07-14 05:38:11] [CAM] 摄像头未检测到，等待重连...
[2026-07-14 05:38:11] [CAM] 摄像头捕获器已释放
[2026-07-14 05:38:11] [CAM] 摄像头未检测到，等待重连...
[2026-07-14 05:38:12] [CAM] 摄像头捕获器已释放
[2026-07-14 05:38:12] [CAM] 摄像头未检测到，等待重连...
[2026-07-14 05:38:12] [CAM] 摄像头捕获器已释放
[2026-07-14 05:38:12] [CAM] 摄像头未检测到，等待重连...
[2026-07-14 05:38:13] [CAM] 摄像头捕获器已释放
[2026-07-14 05:38:13] [CAM] 摄像头未检测到，等待重连...
[2026-07-14 05:38:13] [CAM] 摄像头捕获器已释放
[2026-07-14 05:38:13] [CAM] 摄像头未检测到，等待重连...
[2026-07-14 05:38:14] [CAM] 摄像头捕获器已释放
[2026-07-14 05:38:14] [CAM] 摄像头未检测到，等待重连...
[2026-07-14 05:38:14] [CAM] 摄像头捕获器已释放
[2026-07-14 05:38:14] [CAM] 摄像头未检测到，等待重连...
[2026-07-14 05:38:15] [CAM] 摄像头捕获器已释放
[2026-07-14 05:38:15] [CAM] 摄像头未检测到，等待重连...
[2026-07-14 05:38:15] [CAM] 摄像头捕获器已释放
[2026-07-14 05:38:15] [CAM] 摄像头未检测到，等待重连...
[2026-07-14 05:38:16] [CAM] 摄像头捕获器已释放
[2026-07-14 05:38:16] [CAM] 摄像头未检测到，等待重连...
[2026-07-14 05:38:16] [CAM] 摄像头捕获器已释放
[2026-07-14 05:38:16] [CAM] 摄像头未检测到，等待重连...
[2026-07-14 05:38:17] [CAM] 摄像头捕获器已释放
[2026-07-14 05:38:17] [CAM] 摄像头未检测到，等待重连...
[2026-07-14 05:38:17] [CAM] 摄像头捕获器已释放
[2026-07-14 05:38:17] [CAM] 摄像头未检测到，等待重连...
[2026-07-14 05:38:18] [CAM] 摄像头捕获器已释放
[2026-07-14 05:38:18] [CAM] 摄像头未检测到，等待重连...
[2026-07-14 05:38:18] [CAM] 摄像头捕获器已释放
[2026-07-14 05:38:18] [CAM] 摄像头未检测到，等待重连...
[2026-07-14 05:38:19] [CAM] 摄像头捕获器已释放
[2026-07-14 05:38:19] [CAM] 摄像头未检测到，等待重连...
[2026-07-14 05:38:19] [CAM] 摄像头捕获器已释放
[2026-07-14 05:38:19] [CAM] 摄像头未检测到，等待重连...
[2026-07-14 05:38:20] [CAM] 摄像头捕获器已释放
[2026-07-14 05:38:20] [CAM] 摄像头未检测到，等待重连...
[2026-07-14 05:38:20] [CAM] 摄像头捕获器已释放
[2026-07-14 05:38:20] [CAM] 摄像头未检测到，等待重连...
[2026-07-14 05:38:21] [CAM] 摄像头捕获器已释放
[2026-07-14 05:38:21] [CAM] 摄像头未检测到，等待重连...
[2026-07-14 05:38:21] [CAM] 摄像头捕获器已释放
[2026-07-14 05:38:21] [CAM] 摄像头未检测到，等待重连...
[2026-07-14 05:38:22] [CAM] 摄像头捕获器已释放
[2026-07-14 05:38:22] [CAM] 摄像头未检测到，等待重连...
[2026-07-14 05:38:22] [CAM] 摄像头捕获器已释放
[2026-07-14 05:38:22] [CAM] 摄像头未检测到，等待重连...
[2026-07-14 05:38:23] [CAM] 摄像头捕获器已释放
[2026-07-14 05:38:23] [CAM] 摄像头未检测到，等待重连...
[2026-07-14 05:38:23] [CAM] 摄像头捕获器已释放
[2026-07-14 05:38:23] [CAM] 摄像头未检测到，等待重连...
[2026-07-14 05:38:24] [CAM] 摄像头捕获器已释放
[2026-07-14 05:38:24] [CAM] 摄像头未检测到，等待重连...
[2026-07-14 05:38:24] [CAM] 摄像头捕获器已释放
[2026-07-14 05:38:24] [CAM] 摄像头未检测到，等待重连...
[2026-07-14 05:38:25] [CAM] 摄像头捕获器已释放
[2026-07-14 05:38:25] [CAM] 摄像头未检测到，等待重连...
[2026-07-14 05:38:25] [CAM] 摄像头捕获器已释放
[2026-07-14 05:38:25] [CAM] 摄像头未检测到，等待重连...
[2026-07-14 05:38:26] [CAM] 摄像头捕获器已释放
[2026-07-14 05:38:26] [CAM] 摄像头未检测到，等待重连...
[2026-07-14 05:38:26] [CAM] 摄像头捕获器已释放
[2026-07-14 05:38:26] [CAM] 摄像头未检测到，等待重连...
[2026-07-14 05:38:27] [CAM] 摄像头捕获器已释放
[2026-07-14 05:38:27] [CAM] 摄像头未检测到，等待重连...
[2026-07-14 05:38:27] [CAM] 摄像头捕获器已释放
[2026-07-14 05:38:27] [CAM] 摄像头未检测到，等待重连...
[2026-07-14 05:38:28] [CAM] 摄像头捕获器已释放
[2026-07-14 05:38:28] [CAM] 摄像头未检测到，等待重连...
[2026-07-14 05:38:28] [CAM] 摄像头捕获器已释放
[2026-07-14 05:38:28] [CAM] 摄像头未检测到，等待重连...
[2026-07-14 05:38:29] [CAM] 摄像头捕获器已释放
[2026-07-14 05:38:29] [CAM] 摄像头未检测到，等待重连...
[2026-07-14 05:38:29] [CAM] 摄像头捕获器已释放
[2026-07-14 05:38:29] [CAM] 摄像头未检测到，等待重连...
[2026-07-14 05:38:30] [CAM] 摄像头捕获器已释放
[2026-07-14 05:38:30] [CAM] 摄像头未检测到，等待重连...
[2026-07-14 05:38:30] [CAM] 摄像头捕获器已释放
[2026-07-14 05:38:30] [CAM] 摄像头未检测到，等待重连...
[2026-07-14 05:38:31] [CAM] 摄像头捕获器已释放
[2026-07-14 05:38:31] [CAM] 摄像头未检测到，等待重连...
[2026-07-14 05:38:31] [CAM] 摄像头捕获器已释放
[2026-07-14 05:38:31] [CAM] 摄像头未检测到，等待重连...
[2026-07-14 05:38:32] [CAM] 摄像头捕获器已释放
[2026-07-14 05:38:32] [CAM] 摄像头未检测到，等待重连...
[2026-07-14 05:38:32] [CAM] 摄像头捕获器已释放
[2026-07-14 05:38:32] [CAM] 摄像头未检测到，等待重连...
[2026-07-14 05:38:33] [CAM] 摄像头捕获器已释放
[2026-07-14 05:38:33] [CAM] 摄像头未检测到，等待重连...
[2026-07-14 05:38:33] [CAM] 摄像头捕获器已释放
[2026-07-14 05:38:33] [CAM] 摄像头未检测到，等待重连...
[2026-07-14 05:38:34] [CAM] 摄像头捕获器已释放
[2026-07-14 05:38:34] [CAM] 摄像头未检测到，等待重连...
[2026-07-14 05:38:34] [CAM] 摄像头捕获器已释放
[2026-07-14 05:38:34] [CAM] 摄像头未检测到，等待重连...
[2026-07-14 05:38:35] [CAM] 摄像头捕获器已释放
[2026-07-14 05:38:35] [CAM] 摄像头未检测到，等待重连...
[2026-07-14 05:38:35] [CAM] 摄像头捕获器已释放
[2026-07-14 05:38:35] [CAM] 摄像头未检测到，等待重连...
[2026-07-14 05:38:36] [CAM] 摄像头捕获器已释放
[2026-07-14 05:38:36] [CAM] 摄像头未检测到，等待重连...
[2026-07-14 05:38:36] [CAM] 摄像头捕获器已释放
[2026-07-14 05:38:36] [CAM] 摄像头未检测到，等待重连...
[2026-07-14 05:38:37] [CAM] 摄像头捕获器已释放
[2026-07-14 05:38:37] [CAM] 摄像头未检测到，等待重连...
[2026-07-14 05:38:37] [CAM] 摄像头捕获器已释放
[2026-07-14 05:38:37] [CAM] 摄像头未检测到，等待重连...
[2026-07-14 05:38:38] [CAM] 摄像头捕获器已释放
[2026-07-14 05:38:38] [CAM] 摄像头未检测到，等待重连...
[2026-07-14 05:38:38] [CAM] 摄像头捕获器已释放
[2026-07-14 05:38:38] [CAM] 摄像头未检测到，等待重连...
[2026-07-14 05:38:39] [CAM] 摄像头捕获器已释放
[2026-07-14 05:38:39] [CAM] 摄像头未检测到，等待重连...
[2026-07-14 05:38:39] [CAM] 摄像头捕获器已释放
[2026-07-14 05:38:39] [CAM] 摄像头未检测到，等待重连...
[2026-07-14 05:38:40] [CAM] 摄像头捕获器已释放
[2026-07-14 05:38:40] [CAM] 摄像头未检测到，等待重连...
[2026-07-14 05:38:40] [CAM] 摄像头捕获器已释放
[2026-07-14 05:38:40] [CAM] 摄像头未检测到，等待重连...
[2026-07-14 05:38:41] [CAM] 摄像头捕获器已释放
[2026-07-14 05:38:41] [CAM] 摄像头未检测到，等待重连...
[2026-07-14 05:38:41] [CAM] 摄像头捕获器已释放
[2026-07-14 05:38:41] [CAM] 摄像头未检测到，等待重连...
[2026-07-14 05:38:42] [CAM] 摄像头捕获器已释放
[2026-07-14 05:38:42] [CAM] 摄像头未检测到，等待重连...
[2026-07-14 05:38:42] [CAM] 摄像头捕获器已释放
[2026-07-14 05:38:42] [CAM] 摄像头未检测到，等待重连...
[2026-07-14 05:38:43] [CAM] 摄像头捕获器已释放
[2026-07-14 05:38:43] [CAM] 摄像头未检测到，等待重连...
[2026-07-14 05:38:43] [CAM] 摄像头捕获器已释放
[2026-07-14 05:38:43] [CAM] 摄像头未检测到，等待重连...
[2026-07-14 05:38:44] [CAM] 摄像头捕获器已释放
[2026-07-14 05:38:44] [CAM] 摄像头未检测到，等待重连...
[2026-07-14 05:38:44] [CAM] 摄像头捕获器已释放
[2026-07-14 05:38:44] [CAM] 摄像头未检测到，等待重连...
[2026-07-14 05:38:45] [CAM] 摄像头捕获器已释放
[2026-07-14 05:38:45] [CAM] 摄像头未检测到，等待重连...
[2026-07-14 05:38:45] [CAM] 摄像头捕获器已释放
[2026-07-14 05:38:45] [CAM] 摄像头未检测到，等待重连...
[2026-07-14 05:38:46] [CAM] 摄像头捕获器已释放
[2026-07-14 05:38:46] [CAM] 摄像头未检测到，等待重连...
[2026-07-14 05:38:46] [CAM] 摄像头捕获器已释放
[2026-07-14 05:38:46] [CAM] 摄像头未检测到，等待重连...
[2026-07-14 05:38:47] [CAM] 摄像头捕获器已释放
[2026-07-14 05:38:47] [CAM] 摄像头未检测到，等待重连...
[2026-07-14 05:38:47] [CAM] 摄像头捕获器已释放
[2026-07-14 05:38:47] [CAM] 摄像头未检测到，等待重连...
[2026-07-14 05:38:48] [CAM] 摄像头捕获器已释放
[2026-07-14 05:38:48] [CAM] 摄像头未检测到，等待重连...
[2026-07-14 05:38:48] [CAM] 摄像头捕获器已释放
[2026-07-14 05:38:48] [CAM] 摄像头未检测到，等待重连...
[2026-07-14 05:38:49] [CAM] 摄像头捕获器已释放
[2026-07-14 05:38:49] [CAM] 摄像头未检测到，等待重连...
[2026-07-14 05:38:49] [CAM] 摄像头捕获器已释放
[2026-07-14 05:38:49] [CAM] 摄像头未检测到，等待重连...
[2026-07-14 05:38:50] [CAM] 摄像头捕获器已释放
[2026-07-14 05:38:50] [CAM] 摄像头未检测到，等待重连...
[2026-07-14 05:38:50] [CAM] 摄像头捕获器已释放
[2026-07-14 05:38:50] [CAM] 摄像头未检测到，等待重连...
[2026-07-14 05:38:51] [CAM] 摄像头捕获器已释放
[2026-07-14 05:38:51] [CAM] 摄像头未检测到，等待重连...
[2026-07-14 05:38:51] [CAM] 摄像头捕获器已释放
[2026-07-14 05:38:51] [CAM] 摄像头未检测到，等待重连...
[2026-07-14 05:38:52] [CAM] 摄像头捕获器已释放
[2026-07-14 05:38:52] [CAM] 摄像头未检测到，等待重连...
[2026-07-14 05:38:52] [CAM] 摄像头捕获器已释放
[2026-07-14 05:38:52] [CAM] 摄像头未检测到，等待重连...
[2026-07-14 05:38:53] [CAM] 摄像头捕获器已释放
[2026-07-14 05:38:53] [CAM] 摄像头未检测到，等待重连...
[2026-07-14 05:38:53] [CAM] 摄像头捕获器已释放
[2026-07-14 05:38:53] [CAM] 摄像头未检测到，等待重连...
[2026-07-14 05:38:54] [CAM] 摄像头捕获器已释放
[2026-07-14 05:38:54] [CAM] 摄像头未检测到，等待重连...
[2026-07-14 05:38:54] [CAM] 摄像头捕获器已释放
[2026-07-14 05:38:54] [CAM] 摄像头未检测到，等待重连...
[2026-07-14 05:38:55] [CAM] 摄像头捕获器已释放
[2026-07-14 05:38:55] [CAM] 摄像头未检测到，等待重连...
[2026-07-14 05:38:55] [CAM] 摄像头捕获器已释放
[2026-07-14 05:38:55] [CAM] 摄像头未检测到，等待重连...
[2026-07-14 05:38:56] [CAM] 摄像头捕获器已释放
[2026-07-14 05:38:56] [CAM] 摄像头未检测到，等待重连...
[2026-07-14 05:38:56] [CAM] 摄像头捕获器已释放
[2026-07-14 05:38:56] [CAM] 摄像头未检测到，等待重连...
[2026-07-14 05:38:57] [CAM] 摄像头捕获器已释放
[2026-07-14 05:38:57] [CAM] 摄像头未检测到，等待重连...
[2026-07-14 05:38:57] [CAM] 摄像头捕获器已释放
[2026-07-14 05:38:57] [CAM] 摄像头未检测到，等待重连...
[2026-07-14 05:38:58] [CAM] 摄像头捕获器已释放
[2026-07-14 05:38:58] [CAM] 摄像头未检测到，等待重连...
[2026-07-14 05:38:58] [CAM] 摄像头捕获器已释放
[2026-07-14 05:38:58] [CAM] 摄像头未检测到，等待重连...
[2026-07-14 05:38:59] [CAM] 摄像头捕获器已释放
[2026-07-14 05:38:59] [CAM] 摄像头未检测到，等待重连...
[2026-07-14 05:38:59] [CAM] 摄像头捕获器已释放
[2026-07-14 05:38:59] [CAM] 摄像头未检测到，等待重连...
[2026-07-14 05:39:00] [CAM] 摄像头捕获器已释放
[2026-07-14 05:39:00] [CAM] 摄像头未检测到，等待重连...
[2026-07-14 05:39:00] [CAM] 摄像头捕获器已释放
[2026-07-14 05:39:00] [CAM] 摄像头未检测到，等待重连...
[2026-07-14 05:39:01] [CAM] 摄像头捕获器已释放
[2026-07-14 05:39:01] [CAM] 摄像头未检测到，等待重连...
[2026-07-14 05:39:01] [CAM] 摄像头捕获器已释放
[2026-07-14 05:39:01] [CAM] 摄像头未检测到，等待重连...
[2026-07-14 05:39:02] [CAM] 摄像头捕获器已释放
[2026-07-14 05:39:02] [CAM] 摄像头未检测到，等待重连...
[2026-07-14 05:39:02] [CAM] 摄像头捕获器已释放
[2026-07-14 05:39:02] [CAM] 摄像头未检测到，等待重连...
[2026-07-14 05:39:03] [CAM] 摄像头捕获器已释放
[2026-07-14 05:39:03] [CAM] 摄像头未检测到，等待重连...
[2026-07-14 05:39:03] [CAM] 摄像头捕获器已释放
[2026-07-14 05:39:03] [CAM] 摄像头未检测到，等待重连...
[2026-07-14 05:39:04] [CAM] 摄像头捕获器已释放
[2026-07-14 05:39:04] [CAM] 摄像头未检测到，等待重连...
[2026-07-14 05:39:04] [CAM] 摄像头捕获器已释放
[2026-07-14 05:39:04] [CAM] 摄像头未检测到，等待重连...
[2026-07-14 05:39:05] [CAM] 摄像头捕获器已释放
[2026-07-14 05:39:05] [CAM] 摄像头未检测到，等待重连...
[2026-07-14 05:39:05] [CAM] 摄像头捕获器已释放
[2026-07-14 05:39:05] [CAM] 摄像头未检测到，等待重连...
[2026-07-14 05:39:06] [CAM] 摄像头捕获器已释放
[2026-07-14 05:39:06] [CAM] 摄像头未检测到，等待重连...
[2026-07-14 05:39:06] [CAM] 摄像头捕获器已释放
[2026-07-14 05:39:06] [CAM] 摄像头未检测到，等待重连...
[2026-07-14 05:39:07] [CAM] 摄像头捕获器已释放
[2026-07-14 05:39:07] [CAM] 摄像头未检测到，等待重连...
[2026-07-14 05:39:07] [CAM] 摄像头捕获器已释放
[2026-07-14 05:39:07] [CAM] 摄像头未检测到，等待重连...
[2026-07-14 05:39:08] [CAM] 摄像头捕获器已释放
[2026-07-14 05:39:08] [CAM] 摄像头未检测到，等待重连...
[2026-07-14 05:39:08] [CAM] 摄像头捕获器已释放
[2026-07-14 05:39:08] [CAM] 摄像头未检测到，等待重连...
[2026-07-14 05:39:09] [CAM] 摄像头捕获器已释放
[2026-07-14 05:39:09] [CAM] 摄像头未检测到，等待重连...
[2026-07-14 05:39:09] [CAM] 摄像头捕获器已释放
[2026-07-14 05:39:09] [CAM] 摄像头未检测到，等待重连...
[2026-07-14 05:39:10] [CAM] 摄像头捕获器已释放
[2026-07-14 05:39:10] [CAM] 摄像头未检测到，等待重连...
[2026-07-14 05:39:10] [CAM] 摄像头捕获器已释放
[2026-07-14 05:39:10] [CAM] 摄像头未检测到，等待重连...
[2026-07-14 05:39:11] [CAM] 摄像头捕获器已释放
[2026-07-14 05:39:11] [CAM] 摄像头未检测到，等待重连...
[2026-07-14 05:39:11] [CAM] 摄像头捕获器已释放
[2026-07-14 05:39:11] [CAM] 摄像头未检测到，等待重连...
[2026-07-14 05:39:12] [CAM] 摄像头捕获器已释放
[2026-07-14 05:39:12] [CAM] 摄像头未检测到，等待重连...
[2026-07-14 05:39:12] [CAM] 摄像头捕获器已释放
[2026-07-14 05:39:12] [CAM] 摄像头未检测到，等待重连...
[2026-07-14 05:39:13] [CAM] 摄像头捕获器已释放
[2026-07-14 05:39:13] [CAM] 摄像头未检测到，等待重连...
[2026-07-14 05:39:13] [CAM] 摄像头捕获器已释放
[2026-07-14 05:39:13] [CAM] 摄像头未检测到，等待重连...
[2026-07-14 05:39:14] [CAM] 摄像头捕获器已释放
[2026-07-14 05:39:14] [CAM] 摄像头未检测到，等待重连...
[2026-07-14 05:39:14] [CAM] 摄像头捕获器已释放
[2026-07-14 05:39:14] [CAM] 摄像头未检测到，等待重连...
[2026-07-14 05:39:15] [CAM] 摄像头捕获器已释放
[2026-07-14 05:39:15] [CAM] 摄像头未检测到，等待重连...
[2026-07-14 05:39:15] [CAM] 摄像头捕获器已释放
[2026-07-14 05:39:15] [CAM] 摄像头未检测到，等待重连...
[2026-07-14 05:39:16] [CAM] 摄像头捕获器已释放
[2026-07-14 05:39:16] [CAM] 摄像头未检测到，等待重连...
[2026-07-14 05:39:16] [CAM] 摄像头捕获器已释放
[2026-07-14 05:39:16] [CAM] 摄像头未检测到，等待重连...
[2026-07-14 05:39:17] [CAM] 摄像头捕获器已释放
[2026-07-14 05:39:17] [CAM] 摄像头未检测到，等待重连...
[2026-07-14 05:39:17] [CAM] 摄像头捕获器已释放
[2026-07-14 05:39:17] [CAM] 摄像头未检测到，等待重连...
[2026-07-14 05:39:18] [CAM] 摄像头捕获器已释放
[2026-07-14 05:39:18] [CAM] 摄像头未检测到，等待重连...
[2026-07-14 05:39:18] [CAM] 摄像头捕获器已释放
[2026-07-14 05:39:18] [CAM] 摄像头未检测到，等待重连...
[2026-07-14 05:39:19] [CAM] 摄像头捕获器已释放
[2026-07-14 05:39:19] [CAM] 摄像头未检测到，等待重连...
[2026-07-14 05:39:19] [CAM] 摄像头捕获器已释放
[2026-07-14 05:39:19] [CAM] 摄像头未检测到，等待重连...
[2026-07-14 05:39:20] [CAM] 摄像头捕获器已释放
[2026-07-14 05:39:20] [CAM] 摄像头未检测到，等待重连...
[2026-07-14 05:39:20] [CAM] 摄像头捕获器已释放
[2026-07-14 05:39:20] [CAM] 摄像头未检测到，等待重连...
[2026-07-14 05:39:21] [CAM] 摄像头捕获器已释放
[2026-07-14 05:39:21] [CAM] 摄像头未检测到，等待重连...
[2026-07-14 05:39:21] [CAM] 摄像头捕获器已释放
[2026-07-14 05:39:21] [CAM] 摄像头未检测到，等待重连...
[2026-07-14 05:39:22] [CAM] 摄像头捕获器已释放
[2026-07-14 05:39:22] [CAM] 摄像头未检测到，等待重连...
[2026-07-14 05:39:22] [CAM] 摄像头捕获器已释放
[2026-07-14 05:39:22] [CAM] 摄像头未检测到，等待重连...
[2026-07-14 05:39:23] [CAM] 摄像头捕获器已释放
[2026-07-14 05:39:23] [CAM] 摄像头未检测到，等待重连...
[2026-07-14 05:39:23] [CAM] 摄像头捕获器已释放
[2026-07-14 05:39:23] [CAM] 摄像头未检测到，等待重连...
[2026-07-14 05:39:24] [CAM] 摄像头捕获器已释放
[2026-07-14 05:39:24] [CAM] 摄像头未检测到，等待重连...
[2026-07-14 05:39:24] [CAM] 摄像头捕获器已释放
[2026-07-14 05:39:24] [CAM] 摄像头未检测到，等待重连...
[2026-07-14 05:39:25] [CAM] 摄像头捕获器已释放
[2026-07-14 05:39:25] [CAM] 摄像头未检测到，等待重连...
[2026-07-14 05:39:25] [CAM] 摄像头捕获器已释放
[2026-07-14 05:39:25] [CAM] 摄像头未检测到，等待重连...
[2026-07-14 05:39:26] [CAM] 摄像头捕获器已释放
[2026-07-14 05:39:26] [CAM] 摄像头未检测到，等待重连...
[2026-07-14 05:39:26] [CAM] 摄像头捕获器已释放
[2026-07-14 05:39:26] [CAM] 摄像头未检测到，等待重连...
[2026-07-14 05:39:27] [CAM] 摄像头捕获器已释放
[2026-07-14 05:39:27] [CAM] 摄像头未检测到，等待重连...
[2026-07-14 05:39:27] [CAM] 摄像头捕获器已释放
[2026-07-14 05:39:27] [CAM] 摄像头未检测到，等待重连...
[2026-07-14 05:39:28] [CAM] 摄像头捕获器已释放
[2026-07-14 05:39:28] [CAM] 摄像头未检测到，等待重连...
[2026-07-14 05:39:28] [CAM] 摄像头捕获器已释放
[2026-07-14 05:39:28] [CAM] 摄像头未检测到，等待重连...
[2026-07-14 05:39:29] [CAM] 摄像头捕获器已释放
[2026-07-14 05:39:29] [CAM] 摄像头未检测到，等待重连...
[2026-07-14 05:39:29] [CAM] 摄像头捕获器已释放
[2026-07-14 05:39:29] [CAM] 摄像头未检测到，等待重连...
[2026-07-14 05:39:30] [CAM] 摄像头捕获器已释放
[2026-07-14 05:39:30] [CAM] 摄像头未检测到，等待重连...
[2026-07-14 05:39:30] [CAM] 摄像头捕获器已释放
[2026-07-14 05:39:30] [CAM] 摄像头未检测到，等待重连...
[2026-07-14 05:39:31] [CAM] 摄像头捕获器已释放
[2026-07-14 05:39:31] [CAM] 摄像头未检测到，等待重连...
[2026-07-14 05:39:31] [CAM] 摄像头捕获器已释放
[2026-07-14 05:39:31] [CAM] 摄像头未检测到，等待重连...
[2026-07-14 05:39:32] [CAM] 摄像头捕获器已释放
[2026-07-14 05:39:32] [CAM] 摄像头未检测到，等待重连...
[2026-07-14 05:39:32] [CAM] 摄像头捕获器已释放
[2026-07-14 05:39:32] [CAM] 摄像头未检测到，等待重连...
[2026-07-14 05:39:33] [CAM] 摄像头捕获器已释放
[2026-07-14 05:39:33] [CAM] 摄像头未检测到，等待重连...
[2026-07-14 05:39:33] [CAM] 摄像头捕获器已释放
[2026-07-14 05:39:33] [CAM] 摄像头未检测到，等待重连...
[2026-07-14 05:39:34] [CAM] 摄像头捕获器已释放
[2026-07-14 05:39:34] [CAM] 摄像头未检测到，等待重连...
[2026-07-14 05:39:34] [CAM] 摄像头捕获器已释放
[2026-07-14 05:39:34] [CAM] 摄像头未检测到，等待重连...
[2026-07-14 05:39:35] [CAM] 摄像头捕获器已释放
[2026-07-14 05:39:35] [CAM] 摄像头未检测到，等待重连...
[2026-07-14 05:39:35] [CAM] 摄像头捕获器已释放
[2026-07-14 05:39:35] [CAM] 摄像头未检测到，等待重连...
[2026-07-14 05:39:36] [CAM] 摄像头捕获器已释放
[2026-07-14 05:39:36] [CAM] 摄像头未检测到，等待重连...
[2026-07-14 05:39:36] [CAM] 摄像头捕获器已释放
[2026-07-14 05:39:36] [CAM] 摄像头未检测到，等待重连...
[2026-07-14 05:39:37] [CAM] 摄像头捕获器已释放
[2026-07-14 05:39:37] [CAM] 摄像头未检测到，等待重连...
[2026-07-14 05:39:37] [CAM] 摄像头捕获器已释放
[2026-07-14 05:39:37] [CAM] 摄像头未检测到，等待重连...
[2026-07-14 05:39:38] [CAM] 摄像头捕获器已释放
[2026-07-14 05:39:38] [CAM] 摄像头未检测到，等待重连...
[2026-07-14 05:39:38] [CAM] 摄像头捕获器已释放
[2026-07-14 05:39:38] [CAM] 摄像头未检测到，等待重连...
[2026-07-14 05:39:39] [CAM] 摄像头捕获器已释放
[2026-07-14 05:39:39] [CAM] 摄像头未检测到，等待重连...
[2026-07-14 05:39:39] [CAM] 摄像头捕获器已释放
[2026-07-14 05:39:39] [CAM] 摄像头未检测到，等待重连...
[2026-07-14 05:39:40] [CAM] 摄像头捕获器已释放
[2026-07-14 05:39:40] [CAM] 摄像头未检测到，等待重连...
[2026-07-14 05:39:40] [CAM] 摄像头捕获器已释放
[2026-07-14 05:39:40] [CAM] 摄像头未检测到，等待重连...
[2026-07-14 05:39:41] [CAM] 摄像头捕获器已释放
[2026-07-14 05:39:41] [CAM] 摄像头未检测到，等待重连...
[2026-07-14 05:39:41] [CAM] 摄像头捕获器已释放
[2026-07-14 05:39:41] [CAM] 摄像头未检测到，等待重连...
[2026-07-14 05:39:42] [CAM] 摄像头捕获器已释放
[2026-07-14 05:39:42] [CAM] 摄像头未检测到，等待重连...
[2026-07-14 05:39:42] [CAM] 摄像头捕获器已释放
[2026-07-14 05:39:42] [CAM] 摄像头未检测到，等待重连...
[2026-07-14 05:39:43] [CAM] 摄像头捕获器已释放
[2026-07-14 05:39:43] [CAM] 摄像头未检测到，等待重连...
[2026-07-14 05:39:43] [CAM] 摄像头捕获器已释放
[2026-07-14 05:39:43] [CAM] 摄像头未检测到，等待重连...
[2026-07-14 05:39:44] [CAM] 摄像头捕获器已释放
[2026-07-14 05:39:44] [CAM] 摄像头未检测到，等待重连...
[2026-07-14 05:39:44] [CAM] 摄像头捕获器已释放
[2026-07-14 05:39:44] [CAM] 摄像头未检测到，等待重连...
[2026-07-14 05:39:45] [CAM] 摄像头捕获器已释放
[2026-07-14 05:39:45] [CAM] 摄像头未检测到，等待重连...
[2026-07-14 05:39:45] [CAM] 摄像头捕获器已释放
[2026-07-14 05:39:45] [CAM] 摄像头未检测到，等待重连...
[2026-07-14 05:39:46] [CAM] 摄像头捕获器已释放
[2026-07-14 05:39:46] [CAM] 摄像头未检测到，等待重连...
[2026-07-14 05:39:46] [CAM] 摄像头捕获器已释放
[2026-07-14 05:39:46] [CAM] 摄像头未检测到，等待重连...
[2026-07-14 05:39:47] [CAM] 摄像头捕获器已释放
[2026-07-14 05:39:47] [CAM] 摄像头未检测到，等待重连...
[2026-07-14 05:39:47] [CAM] 摄像头捕获器已释放
[2026-07-14 05:39:48] [CAM] 摄像头未检测到，等待重连...
[2026-07-14 05:39:48] [CAM] 摄像头捕获器已释放
[2026-07-14 05:39:48] [CAM] 摄像头未检测到，等待重连...
[2026-07-14 05:39:49] [CAM] 摄像头捕获器已释放
[2026-07-14 05:39:49] [CAM] 摄像头未检测到，等待重连...
[2026-07-14 05:39:49] [CAM] 摄像头捕获器已释放
[2026-07-14 05:39:49] [CAM] 摄像头未检测到，等待重连...
[2026-07-14 05:39:50] [CAM] 摄像头捕获器已释放
[2026-07-14 05:39:50] [CAM] 摄像头未检测到，等待重连...
[2026-07-14 05:39:50] [CAM] 摄像头捕获器已释放
[2026-07-14 05:39:50] [CAM] 摄像头未检测到，等待重连...
[2026-07-14 05:39:51] [CAM] 摄像头捕获器已释放
[2026-07-14 05:39:51] [CAM] 摄像头未检测到，等待重连...
[2026-07-14 05:39:51] [CAM] 摄像头捕获器已释放
[2026-07-14 05:39:51] [CAM] 摄像头未检测到，等待重连...
[2026-07-14 05:39:52] [CAM] 摄像头捕获器已释放
[2026-07-14 05:39:52] [CAM] 摄像头未检测到，等待重连...
[2026-07-14 05:39:52] [CAM] 摄像头捕获器已释放
[2026-07-14 05:39:52] [CAM] 摄像头未检测到，等待重连...
[2026-07-14 05:39:53] [CAM] 摄像头捕获器已释放
[2026-07-14 05:39:53] [CAM] 摄像头未检测到，等待重连...
[2026-07-14 05:39:53] [CAM] 摄像头捕获器已释放
[2026-07-14 05:39:53] [CAM] 摄像头未检测到，等待重连...
[2026-07-14 05:39:54] [CAM] 摄像头捕获器已释放
[2026-07-14 05:39:54] [CAM] 摄像头未检测到，等待重连...
[2026-07-14 05:39:54] [CAM] 摄像头捕获器已释放
[2026-07-14 05:39:54] [CAM] 摄像头未检测到，等待重连...
[2026-07-14 05:39:55] [CAM] 摄像头捕获器已释放
[2026-07-14 05:39:55] [CAM] 摄像头未检测到，等待重连...
[2026-07-14 05:39:55] [CAM] 摄像头捕获器已释放
[2026-07-14 05:39:55] [CAM] 摄像头未检测到，等待重连...
[2026-07-14 05:39:56] [CAM] 摄像头捕获器已释放
[2026-07-14 05:39:56] [CAM] 摄像头未检测到，等待重连...
[2026-07-14 05:39:56] [CAM] 摄像头捕获器已释放
[2026-07-14 05:39:56] [CAM] 摄像头未检测到，等待重连...
[2026-07-14 05:39:57] [CAM] 摄像头捕获器已释放
[2026-07-14 05:39:57] [CAM] 摄像头未检测到，等待重连...
[2026-07-14 05:39:57] [CAM] 摄像头捕获器已释放
[2026-07-14 05:39:57] [CAM] 摄像头未检测到，等待重连...
[2026-07-14 05:39:58] [CAM] 摄像头捕获器已释放
[2026-07-14 05:39:58] [CAM] 摄像头未检测到，等待重连...
[2026-07-14 05:39:58] [CAM] 摄像头捕获器已释放
[2026-07-14 05:39:58] [CAM] 摄像头未检测到，等待重连...
[2026-07-14 05:39:59] [CAM] 摄像头捕获器已释放
[2026-07-14 05:39:59] [CAM] 摄像头未检测到，等待重连...
[2026-07-14 05:39:59] [CAM] 摄像头捕获器已释放
[2026-07-14 05:39:59] [CAM] 摄像头未检测到，等待重连...
[2026-07-14 05:40:00] [CAM] 摄像头捕获器已释放
[2026-07-14 05:40:00] [CAM] 摄像头未检测到，等待重连...
[2026-07-14 05:40:00] [CAM] 摄像头捕获器已释放
[2026-07-14 05:40:00] [CAM] 摄像头未检测到，等待重连...
[2026-07-14 05:40:01] [CAM] 摄像头捕获器已释放
[2026-07-14 05:40:01] [CAM] 摄像头未检测到，等待重连...
[2026-07-14 05:40:01] [CAM] 摄像头捕获器已释放
[2026-07-14 05:40:01] [CAM] 摄像头未检测到，等待重连...
[2026-07-14 05:40:02] [CAM] 摄像头捕获器已释放
[2026-07-14 05:40:02] [CAM] 摄像头未检测到，等待重连...
[2026-07-14 05:40:02] [CAM] 摄像头捕获器已释放
[2026-07-14 05:40:02] [CAM] 摄像头未检测到，等待重连...
[2026-07-14 05:40:03] [CAM] 摄像头捕获器已释放
[2026-07-14 05:40:03] [CAM] 摄像头未检测到，等待重连...
[2026-07-14 05:40:03] [CAM] 摄像头捕获器已释放
[2026-07-14 05:40:03] [CAM] 摄像头未检测到，等待重连...
[2026-07-14 05:40:04] [CAM] 摄像头捕获器已释放
[2026-07-14 05:40:04] [CAM] 摄像头未检测到，等待重连...
[2026-07-14 05:40:04] [CAM] 摄像头捕获器已释放
[2026-07-14 05:40:04] [CAM] 摄像头未检测到，等待重连...
[2026-07-14 05:40:05] [CAM] 摄像头捕获器已释放
[2026-07-14 05:40:05] [CAM] 摄像头未检测到，等待重连...
[2026-07-14 05:40:05] [CAM] 摄像头捕获器已释放
[2026-07-14 05:40:05] [CAM] 摄像头未检测到，等待重连...
[2026-07-14 05:40:06] [CAM] 摄像头捕获器已释放
[2026-07-14 05:40:06] [CAM] 摄像头未检测到，等待重连...
[2026-07-14 05:40:06] [CAM] 摄像头捕获器已释放
[2026-07-14 05:40:06] [CAM] 摄像头未检测到，等待重连...
[2026-07-14 05:40:07] [CAM] 摄像头捕获器已释放
[2026-07-14 05:40:07] [CAM] 摄像头未检测到，等待重连...
[2026-07-14 05:40:07] [CAM] 摄像头捕获器已释放
[2026-07-14 05:40:07] [CAM] 摄像头未检测到，等待重连...
[2026-07-14 05:40:08] [CAM] 摄像头捕获器已释放
[2026-07-14 05:40:08] [CAM] 摄像头未检测到，等待重连...
[2026-07-14 05:40:08] [CAM] 摄像头捕获器已释放
[2026-07-14 05:40:08] [CAM] 摄像头未检测到，等待重连...
[2026-07-14 05:40:09] [CAM] 摄像头捕获器已释放
[2026-07-14 05:40:09] [CAM] 摄像头未检测到，等待重连...
[2026-07-14 05:40:09] [CAM] 摄像头捕获器已释放
[2026-07-14 05:40:09] [CAM] 摄像头未检测到，等待重连...
[2026-07-14 05:40:10] [CAM] 摄像头捕获器已释放
[2026-07-14 05:40:10] [CAM] 摄像头未检测到，等待重连...
[2026-07-14 05:40:10] [CAM] 摄像头捕获器已释放
[2026-07-14 05:40:10] [CAM] 摄像头未检测到，等待重连...
[2026-07-14 05:40:11] [CAM] 摄像头捕获器已释放
[2026-07-14 05:40:11] [CAM] 摄像头未检测到，等待重连...
[2026-07-14 05:40:11] [CAM] 摄像头捕获器已释放
[2026-07-14 05:40:11] [CAM] 摄像头未检测到，等待重连...
[2026-07-14 05:40:12] [CAM] 摄像头捕获器已释放
[2026-07-14 05:40:12] [CAM] 摄像头未检测到，等待重连...
[2026-07-14 05:40:12] [CAM] 摄像头捕获器已释放
[2026-07-14 05:40:12] [CAM] 摄像头未检测到，等待重连...
[2026-07-14 05:40:13] [CAM] 摄像头捕获器已释放
[2026-07-14 05:40:13] [CAM] 摄像头未检测到，等待重连...
[2026-07-14 05:40:13] [CAM] 摄像头捕获器已释放
[2026-07-14 05:40:13] [CAM] 摄像头未检测到，等待重连...
[2026-07-14 05:40:14] [CAM] 摄像头捕获器已释放
[2026-07-14 05:40:14] [CAM] 摄像头未检测到，等待重连...
[2026-07-14 05:40:14] [CAM] 摄像头捕获器已释放
[2026-07-14 05:40:14] [CAM] 摄像头未检测到，等待重连...
[2026-07-14 05:40:15] [CAM] 摄像头捕获器已释放
[2026-07-14 05:40:15] [CAM] 摄像头未检测到，等待重连...
[2026-07-14 05:40:15] [CAM] 摄像头捕获器已释放
[2026-07-14 05:40:15] [CAM] 摄像头未检测到，等待重连...
[2026-07-14 05:40:16] [CAM] 摄像头捕获器已释放
[2026-07-14 05:40:16] [CAM] 摄像头未检测到，等待重连...
[2026-07-14 05:40:16] [CAM] 摄像头捕获器已释放
[2026-07-14 05:40:16] [CAM] 摄像头未检测到，等待重连...
[2026-07-14 05:40:17] [CAM] 摄像头捕获器已释放
[2026-07-14 05:40:17] [CAM] 摄像头未检测到，等待重连...
[2026-07-14 05:40:17] [CAM] 摄像头捕获器已释放
[2026-07-14 05:40:17] [CAM] 摄像头未检测到，等待重连...
[2026-07-14 05:40:18] [CAM] 摄像头捕获器已释放
[2026-07-14 05:40:18] [CAM] 摄像头未检测到，等待重连...
[2026-07-14 05:40:18] [CAM] 摄像头捕获器已释放
[2026-07-14 05:40:18] [CAM] 摄像头未检测到，等待重连...
[2026-07-14 05:40:19] [CAM] 摄像头捕获器已释放
[2026-07-14 05:40:19] [CAM] 摄像头未检测到，等待重连...
[2026-07-14 05:40:19] [CAM] 摄像头捕获器已释放
[2026-07-14 05:40:19] [CAM] 摄像头未检测到，等待重连...
[2026-07-14 05:40:20] [CAM] 摄像头捕获器已释放
[2026-07-14 05:40:20] [CAM] 摄像头未检测到，等待重连...
[2026-07-14 05:40:20] [CAM] 摄像头捕获器已释放
[2026-07-14 05:40:20] [CAM] 摄像头未检测到，等待重连...
[2026-07-14 05:40:21] [CAM] 摄像头捕获器已释放
[2026-07-14 05:40:21] [CAM] 摄像头未检测到，等待重连...
[2026-07-14 05:40:21] [CAM] 摄像头捕获器已释放
[2026-07-14 05:40:21] [CAM] 摄像头未检测到，等待重连...
[2026-07-14 05:40:22] [CAM] 摄像头捕获器已释放
[2026-07-14 05:40:22] [CAM] 摄像头未检测到，等待重连...
[2026-07-14 05:40:22] [CAM] 摄像头捕获器已释放
[2026-07-14 05:40:22] [CAM] 摄像头未检测到，等待重连...
[2026-07-14 05:40:23] [CAM] 摄像头捕获器已释放
[2026-07-14 05:40:23] [CAM] 摄像头未检测到，等待重连...
[2026-07-14 05:40:23] [CAM] 摄像头捕获器已释放
[2026-07-14 05:40:23] [CAM] 摄像头未检测到，等待重连...
[2026-07-14 05:40:24] [CAM] 摄像头捕获器已释放
[2026-07-14 05:40:24] [CAM] 摄像头未检测到，等待重连...
[2026-07-14 05:40:24] [CAM] 摄像头捕获器已释放
[2026-07-14 05:40:24] [CAM] 摄像头未检测到，等待重连...
[2026-07-14 05:40:25] [CAM] 摄像头捕获器已释放
[2026-07-14 05:40:25] [CAM] 摄像头未检测到，等待重连...
[2026-07-14 05:40:25] [CAM] 摄像头捕获器已释放
[2026-07-14 05:40:25] [CAM] 摄像头未检测到，等待重连...
[2026-07-14 05:40:26] [CAM] 摄像头捕获器已释放
[2026-07-14 05:40:26] [CAM] 摄像头未检测到，等待重连...
[2026-07-14 05:40:26] [CAM] 摄像头捕获器已释放
[2026-07-14 05:40:26] [CAM] 摄像头未检测到，等待重连...
[2026-07-14 05:40:27] [CAM] 摄像头捕获器已释放
[2026-07-14 05:40:27] [CAM] 摄像头未检测到，等待重连...
[2026-07-14 05:40:27] [CAM] 摄像头捕获器已释放
[2026-07-14 05:40:27] [CAM] 摄像头未检测到，等待重连...
[2026-07-14 05:40:28] [CAM] 摄像头捕获器已释放
[2026-07-14 05:40:28] [CAM] 摄像头未检测到，等待重连...
[2026-07-14 05:40:28] [CAM] 摄像头捕获器已释放
[2026-07-14 05:40:28] [CAM] 摄像头未检测到，等待重连...
[2026-07-14 05:40:29] [CAM] 摄像头捕获器已释放
[2026-07-14 05:40:29] [CAM] 摄像头未检测到，等待重连...
[2026-07-14 05:40:29] [CAM] 摄像头捕获器已释放
[2026-07-14 05:40:29] [CAM] 摄像头未检测到，等待重连...
[2026-07-14 05:40:30] [CAM] 摄像头捕获器已释放
[2026-07-14 05:40:30] [CAM] 摄像头未检测到，等待重连...
[2026-07-14 05:40:30] [CAM] 摄像头捕获器已释放
[2026-07-14 05:40:30] [CAM] 摄像头未检测到，等待重连...
[2026-07-14 05:40:31] [CAM] 摄像头捕获器已释放
[2026-07-14 05:40:31] [CAM] 摄像头未检测到，等待重连...
[2026-07-14 05:40:31] [CAM] 摄像头捕获器已释放
[2026-07-14 05:40:31] [CAM] 摄像头未检测到，等待重连...
[2026-07-14 05:40:32] [CAM] 摄像头捕获器已释放
[2026-07-14 05:40:32] [CAM] 摄像头未检测到，等待重连...
[2026-07-14 05:40:32] [CAM] 摄像头捕获器已释放
[2026-07-14 05:40:32] [CAM] 摄像头未检测到，等待重连...
[2026-07-14 05:40:33] [CAM] 摄像头捕获器已释放
[2026-07-14 05:40:33] [CAM] 摄像头未检测到，等待重连...
[2026-07-14 05:40:33] [CAM] 摄像头捕获器已释放
[2026-07-14 05:40:33] [CAM] 摄像头未检测到，等待重连...
[2026-07-14 05:40:34] [CAM] 摄像头捕获器已释放
[2026-07-14 05:40:34] [CAM] 摄像头未检测到，等待重连...
[2026-07-14 05:40:34] [CAM] 摄像头捕获器已释放
[2026-07-14 05:40:34] [CAM] 摄像头未检测到，等待重连...
[2026-07-14 05:40:35] [CAM] 摄像头捕获器已释放
[2026-07-14 05:40:35] [CAM] 摄像头未检测到，等待重连...
[2026-07-14 05:40:35] [CAM] 摄像头捕获器已释放
[2026-07-14 05:40:35] [CAM] 摄像头未检测到，等待重连...
[2026-07-14 05:40:36] [CAM] 摄像头捕获器已释放
[2026-07-14 05:40:36] [CAM] 摄像头未检测到，等待重连...
[2026-07-14 05:40:36] [CAM] 摄像头捕获器已释放
[2026-07-14 05:40:36] [CAM] 摄像头未检测到，等待重连...
[2026-07-14 05:40:37] [CAM] 摄像头捕获器已释放
[2026-07-14 05:40:37] [CAM] 摄像头未检测到，等待重连...
[2026-07-14 05:40:37] [CAM] 摄像头捕获器已释放
[2026-07-14 05:40:37] [CAM] 摄像头未检测到，等待重连...
[2026-07-14 05:40:38] [CAM] 摄像头捕获器已释放
[2026-07-14 05:40:38] [CAM] 摄像头未检测到，等待重连...
[2026-07-14 05:40:38] [CAM] 摄像头捕获器已释放
[2026-07-14 05:40:38] [CAM] 摄像头未检测到，等待重连...
[2026-07-14 05:40:39] [CAM] 摄像头捕获器已释放
[2026-07-14 05:40:39] [CAM] 摄像头未检测到，等待重连...
[2026-07-14 05:40:39] [CAM] 摄像头捕获器已释放
[2026-07-14 05:40:39] [CAM] 摄像头未检测到，等待重连...
[2026-07-14 05:40:40] [CAM] 摄像头捕获器已释放
[2026-07-14 05:40:40] [CAM] 摄像头未检测到，等待重连...
[2026-07-14 05:40:40] [CAM] 摄像头捕获器已释放
[2026-07-14 05:40:40] [CAM] 摄像头未检测到，等待重连...
[2026-07-14 05:40:41] [CAM] 摄像头捕获器已释放
[2026-07-14 05:40:41] [CAM] 摄像头未检测到，等待重连...
[2026-07-14 05:40:41] [CAM] 摄像头捕获器已释放
[2026-07-14 05:40:41] [CAM] 摄像头未检测到，等待重连...
[2026-07-14 05:40:42] [CAM] 摄像头捕获器已释放
[2026-07-14 05:40:42] [CAM] 摄像头未检测到，等待重连...
[2026-07-14 05:40:42] [CAM] 摄像头捕获器已释放
[2026-07-14 05:40:42] [CAM] 摄像头未检测到，等待重连...
[2026-07-14 05:40:43] [CAM] 摄像头捕获器已释放
[2026-07-14 05:40:43] [CAM] 摄像头已连接 分辨率1280*720 真实帧率30.0
[2026-07-14 05:40:43] [CAM] 摄像头设备状态变为正常
[2026-07-14 05:46:19] [INFO] 程序收到关闭信号，开始安全退出流程
[2026-07-14 05:46:20] [SENSOR] RS485采集线程已停止
[2026-07-14 05:46:20] [CAM] 摄像头捕获器已释放
[2026-07-14 05:46:20] [INFO] 摄像头采集线程正常退出
[2026-07-14 05:46:20] [INFO] 程序正常退出
[2026-07-14 05:46:20] [CAM] 摄像头设备断开...........................................
[2026-07-14 05:46:20] [INFO] 程序结束，退出码:0
[2026-07-14 06:41:58] [INFO] ========== 幼儿园AI安全卫士程序启动 ==========
[2026-07-14 06:41:58] [INFO] 主程序窗口初始化完成
[2026-07-14 06:41:58] [SENSOR] RS485传感器采集线程已启动，串口：/dev/ttyUSB0
[2026-07-14 06:41:58] [INFO] AI环境模拟线程启动
[2026-07-14 06:41:58] [INFO] 摄像头采集线程启动
[2026-07-14 06:41:58] [CAM] 摄像头未检测到，等待重连...
[2026-07-14 06:41:58] [SENSOR] 开机未检测到温湿度传感器，延时播报
[2026-07-14 06:42:01] [NET] 网络已恢复连通
[2026-07-14 06:42:01] [MIC] 开机未检测到USB麦克风，延时播报
[2026-07-14 06:42:01] [CAM] 摄像头捕获器已释放
[2026-07-14 06:42:01] [CAM] 摄像头未检测到，等待重连...
[2026-07-14 06:42:01] [CAM] 摄像头捕获器已释放
[2026-07-14 06:42:01] [CAM] 摄像头未检测到，等待重连...
[2026-07-14 06:42:02] [CAM] 摄像头捕获器已释放
[2026-07-14 06:42:02] [CAM] 摄像头未检测到，等待重连...
[2026-07-14 06:42:02] [CAM] 摄像头捕获器已释放
[2026-07-14 06:42:02] [CAM] 摄像头未检测到，等待重连...
[2026-07-14 06:42:03] [CAM] 摄像头捕获器已释放
[2026-07-14 06:42:03] [CAM] 摄像头未检测到，等待重连...
[2026-07-14 06:42:03] [CAM] 摄像头捕获器已释放
[2026-07-14 06:42:03] [CAM] 摄像头未检测到，等待重连...
[2026-07-14 06:42:04] [CAM] 摄像头捕获器已释放
[2026-07-14 06:42:04] [CAM] 摄像头未检测到，等待重连...
[2026-07-14 06:42:04] [CAM] 摄像头捕获器已释放
[2026-07-14 06:42:04] [CAM] 摄像头未检测到，等待重连...
[2026-07-14 06:42:05] [CAM] 摄像头捕获器已释放
[2026-07-14 06:42:05] [CAM] 摄像头未检测到，等待重连...
[2026-07-14 06:42:05] [CAM] 摄像头捕获器已释放
[2026-07-14 06:42:05] [CAM] 摄像头未检测到，等待重连...
[2026-07-14 06:42:06] [CAM] 摄像头捕获器已释放
[2026-07-14 06:42:06] [CAM] 摄像头未检测到，等待重连...
[2026-07-14 06:42:06] [CAM] 摄像头捕获器已释放
[2026-07-14 06:42:06] [CAM] 摄像头未检测到，等待重连...
[2026-07-14 06:42:07] [CAM] 摄像头捕获器已释放
[2026-07-14 06:42:07] [CAM] 摄像头未检测到，等待重连...
[2026-07-14 06:42:07] [CAM] 摄像头捕获器已释放
[2026-07-14 06:42:07] [CAM] 摄像头未检测到，等待重连...
[2026-07-14 06:42:08] [CAM] 摄像头捕获器已释放
[2026-07-14 06:42:08] [CAM] 摄像头未检测到，等待重连...
[2026-07-14 06:42:08] [CAM] 摄像头捕获器已释放
[2026-07-14 06:42:08] [CAM] 摄像头未检测到，等待重连...
[2026-07-14 06:42:09] [CAM] 摄像头捕获器已释放
[2026-07-14 06:42:09] [CAM] 摄像头未检测到，等待重连...
[2026-07-14 06:42:09] [CAM] 摄像头捕获器已释放
[2026-07-14 06:42:09] [CAM] 摄像头未检测到，等待重连...
[2026-07-14 06:42:10] [CAM] 摄像头捕获器已释放
[2026-07-14 06:42:10] [CAM] 摄像头未检测到，等待重连...
[2026-07-14 06:42:10] [CAM] 摄像头捕获器已释放
[2026-07-14 06:42:10] [CAM] 摄像头未检测到，等待重连...
[2026-07-14 06:42:11] [CAM] 摄像头捕获器已释放
[2026-07-14 06:42:11] [CAM] 摄像头未检测到，等待重连...
[2026-07-14 06:42:11] [CAM] 摄像头捕获器已释放
[2026-07-14 06:42:11] [CAM] 摄像头未检测到，等待重连...
[2026-07-14 06:42:12] [CAM] 摄像头捕获器已释放
[2026-07-14 06:42:12] [CAM] 摄像头未检测到，等待重连...
[2026-07-14 06:42:13] [CAM] 摄像头捕获器已释放
[2026-07-14 06:42:13] [CAM] 摄像头未检测到，等待重连...
[2026-07-14 06:42:13] [CAM] 摄像头捕获器已释放
[2026-07-14 06:42:13] [CAM] 摄像头未检测到，等待重连...
[2026-07-14 06:42:14] [CAM] 摄像头捕获器已释放
[2026-07-14 06:42:14] [CAM] 摄像头未检测到，等待重连...
[2026-07-14 06:42:14] [CAM] 摄像头捕获器已释放
[2026-07-14 06:42:14] [CAM] 摄像头未检测到，等待重连...
[2026-07-14 06:42:15] [CAM] 摄像头捕获器已释放
[2026-07-14 06:42:15] [CAM] 摄像头未检测到，等待重连...
[2026-07-14 06:42:15] [CAM] 摄像头捕获器已释放
[2026-07-14 06:42:15] [CAM] 摄像头未检测到，等待重连...
[2026-07-14 06:42:16] [CAM] 摄像头捕获器已释放
[2026-07-14 06:42:16] [CAM] 摄像头未检测到，等待重连...
[2026-07-14 06:42:16] [CAM] 摄像头捕获器已释放
[2026-07-14 06:42:16] [CAM] 摄像头未检测到，等待重连...
[2026-07-14 06:42:17] [CAM] 摄像头捕获器已释放
[2026-07-14 06:42:17] [CAM] 摄像头未检测到，等待重连...
[2026-07-14 06:42:17] [CAM] 摄像头捕获器已释放
[2026-07-14 06:42:17] [CAM] 摄像头未检测到，等待重连...
[2026-07-14 06:42:18] [CAM] 摄像头捕获器已释放
[2026-07-14 06:42:18] [CAM] 摄像头未检测到，等待重连...
[2026-07-14 06:42:18] [CAM] 摄像头捕获器已释放
[2026-07-14 06:42:18] [CAM] 摄像头未检测到，等待重连...
[2026-07-14 06:42:19] [CAM] 摄像头捕获器已释放
[2026-07-14 06:42:19] [CAM] 摄像头未检测到，等待重连...
[2026-07-14 06:42:19] [CAM] 摄像头捕获器已释放
[2026-07-14 06:42:19] [CAM] 摄像头未检测到，等待重连...
[2026-07-14 06:42:20] [CAM] 摄像头捕获器已释放
[2026-07-14 06:42:20] [CAM] 摄像头未检测到，等待重连...
[2026-07-14 06:42:20] [CAM] 摄像头捕获器已释放
[2026-07-14 06:42:20] [CAM] 摄像头未检测到，等待重连...
[2026-07-14 06:42:21] [CAM] 摄像头捕获器已释放
[2026-07-14 06:42:21] [CAM] 摄像头未检测到，等待重连...
[2026-07-14 06:42:21] [CAM] 摄像头捕获器已释放
[2026-07-14 06:42:21] [CAM] 摄像头未检测到，等待重连...
[2026-07-14 06:42:22] [CAM] 摄像头捕获器已释放
[2026-07-14 06:42:22] [CAM] 摄像头未检测到，等待重连...
[2026-07-14 06:42:22] [CAM] 摄像头捕获器已释放
[2026-07-14 06:42:22] [CAM] 摄像头未检测到，等待重连...
[2026-07-14 06:42:23] [CAM] 摄像头捕获器已释放
[2026-07-14 06:42:23] [CAM] 摄像头未检测到，等待重连...
[2026-07-14 06:42:23] [CAM] 摄像头捕获器已释放
[2026-07-14 06:42:23] [CAM] 摄像头未检测到，等待重连...
[2026-07-14 06:42:24] [CAM] 摄像头捕获器已释放
[2026-07-14 06:42:24] [CAM] 摄像头未检测到，等待重连...
[2026-07-14 06:42:24] [CAM] 摄像头捕获器已释放
[2026-07-14 06:42:24] [CAM] 摄像头未检测到，等待重连...
[2026-07-14 06:42:25] [CAM] 摄像头捕获器已释放
[2026-07-14 06:42:25] [CAM] 摄像头未检测到，等待重连...
[2026-07-14 06:42:25] [CAM] 摄像头捕获器已释放
[2026-07-14 06:42:25] [CAM] 摄像头未检测到，等待重连...
[2026-07-14 06:42:26] [CAM] 摄像头捕获器已释放
[2026-07-14 06:42:26] [CAM] 摄像头未检测到，等待重连...
[2026-07-14 06:42:26] [CAM] 摄像头捕获器已释放
[2026-07-14 06:42:26] [CAM] 摄像头未检测到，等待重连...
[2026-07-14 06:42:27] [CAM] 摄像头捕获器已释放
[2026-07-14 06:42:27] [CAM] 摄像头未检测到，等待重连...
[2026-07-14 06:42:27] [CAM] 摄像头捕获器已释放
[2026-07-14 06:42:27] [CAM] 摄像头未检测到，等待重连...
[2026-07-14 06:42:28] [CAM] 摄像头捕获器已释放
[2026-07-14 06:42:28] [CAM] 摄像头未检测到，等待重连...
[2026-07-14 06:42:28] [CAM] 摄像头捕获器已释放
[2026-07-14 06:42:28] [CAM] 摄像头未检测到，等待重连...
[2026-07-14 06:42:29] [CAM] 摄像头捕获器已释放
[2026-07-14 06:42:29] [CAM] 摄像头未检测到，等待重连...
[2026-07-14 06:42:29] [CAM] 摄像头捕获器已释放
[2026-07-14 06:42:29] [CAM] 摄像头未检测到，等待重连...
[2026-07-14 06:42:30] [CAM] 摄像头捕获器已释放
[2026-07-14 06:42:30] [CAM] 摄像头未检测到，等待重连...
[2026-07-14 06:42:30] [CAM] 摄像头捕获器已释放
[2026-07-14 06:42:30] [CAM] 摄像头未检测到，等待重连...
[2026-07-14 06:42:31] [CAM] 摄像头捕获器已释放
[2026-07-14 06:42:31] [CAM] 摄像头未检测到，等待重连...
[2026-07-14 06:42:31] [CAM] 摄像头捕获器已释放
[2026-07-14 06:42:31] [CAM] 摄像头未检测到，等待重连...
[2026-07-14 06:42:32] [CAM] 摄像头捕获器已释放
[2026-07-14 06:42:32] [CAM] 摄像头未检测到，等待重连...
[2026-07-14 06:42:32] [CAM] 摄像头捕获器已释放
[2026-07-14 06:42:32] [CAM] 摄像头未检测到，等待重连...
[2026-07-14 06:42:33] [CAM] 摄像头捕获器已释放
[2026-07-14 06:42:33] [CAM] 摄像头未检测到，等待重连...
[2026-07-14 06:42:33] [CAM] 摄像头捕获器已释放
[2026-07-14 06:42:33] [CAM] 摄像头未检测到，等待重连...
[2026-07-14 06:42:34] [CAM] 摄像头捕获器已释放
[2026-07-14 06:42:34] [CAM] 摄像头未检测到，等待重连...
[2026-07-14 06:42:34] [CAM] 摄像头捕获器已释放
[2026-07-14 06:42:34] [CAM] 摄像头未检测到，等待重连...
[2026-07-14 06:42:35] [CAM] 摄像头捕获器已释放
[2026-07-14 06:42:35] [CAM] 摄像头未检测到，等待重连...
[2026-07-14 06:42:35] [CAM] 摄像头捕获器已释放
[2026-07-14 06:42:35] [CAM] 摄像头未检测到，等待重连...
[2026-07-14 06:42:36] [CAM] 摄像头捕获器已释放
[2026-07-14 06:42:36] [CAM] 摄像头未检测到，等待重连...
[2026-07-14 06:42:36] [CAM] 摄像头捕获器已释放
[2026-07-14 06:42:36] [CAM] 摄像头未检测到，等待重连...
[2026-07-14 06:42:37] [CAM] 摄像头捕获器已释放
[2026-07-14 06:42:37] [CAM] 摄像头未检测到，等待重连...
[2026-07-14 06:42:37] [CAM] 摄像头捕获器已释放
[2026-07-14 06:42:37] [CAM] 摄像头未检测到，等待重连...
[2026-07-14 06:42:38] [CAM] 摄像头捕获器已释放
[2026-07-14 06:42:38] [CAM] 摄像头未检测到，等待重连...
[2026-07-14 06:42:38] [CAM] 摄像头捕获器已释放
[2026-07-14 06:42:38] [CAM] 摄像头未检测到，等待重连...
[2026-07-14 06:42:39] [CAM] 摄像头捕获器已释放
[2026-07-14 06:42:39] [CAM] 摄像头未检测到，等待重连...
[2026-07-14 06:42:39] [CAM] 摄像头捕获器已释放
[2026-07-14 06:42:39] [CAM] 摄像头未检测到，等待重连...
[2026-07-14 06:42:40] [CAM] 摄像头捕获器已释放
[2026-07-14 06:42:40] [CAM] 摄像头未检测到，等待重连...
[2026-07-14 06:42:40] [CAM] 摄像头捕获器已释放
[2026-07-14 06:42:40] [CAM] 摄像头未检测到，等待重连...
[2026-07-14 06:42:41] [CAM] 摄像头捕获器已释放
[2026-07-14 06:42:41] [CAM] 摄像头未检测到，等待重连...
[2026-07-14 06:42:41] [CAM] 摄像头捕获器已释放
[2026-07-14 06:42:41] [CAM] 摄像头未检测到，等待重连...
[2026-07-14 06:42:42] [CAM] 摄像头捕获器已释放
[2026-07-14 06:42:42] [CAM] 摄像头未检测到，等待重连...
[2026-07-14 06:42:42] [CAM] 摄像头捕获器已释放
[2026-07-14 06:42:42] [CAM] 摄像头未检测到，等待重连...
[2026-07-14 06:42:42] [INFO] 程序收到关闭信号，开始安全退出流程
[2026-07-14 06:42:43] [CAM] 摄像头捕获器已释放
[2026-07-14 06:42:43] [CAM] 摄像头未检测到，等待重连...
[2026-07-14 06:42:43] [SENSOR] RS485采集线程已停止
[2026-07-14 06:42:43] [CAM] 摄像头捕获器已释放
[2026-07-14 06:42:43] [INFO] 摄像头采集线程正常退出
[2026-07-14 06:42:43] [INFO] 程序正常退出
[2026-07-14 06:42:43] [INFO] 程序结束，退出码:0
[2026-07-14 06:42:46] [INFO] ========== 幼儿园AI安全卫士程序启动 ==========
[2026-07-14 06:42:46] [INFO] 主程序窗口初始化完成
[2026-07-14 06:42:46] [SENSOR] RS485传感器采集线程已启动，串口：/dev/ttyUSB0
[2026-07-14 06:42:46] [INFO] AI环境模拟线程启动
[2026-07-14 06:42:46] [INFO] 摄像头采集线程启动
[2026-07-14 06:42:46] [CAM] 摄像头未检测到，等待重连...
[2026-07-14 06:42:46] [SENSOR] 开机未检测到温湿度传感器，延时播报
[2026-07-14 06:42:48] [NET] 网络已恢复连通
[2026-07-14 06:42:48] [MIC] 开机未检测到USB麦克风，延时播报
[2026-07-14 06:42:49] [CAM] 摄像头捕获器已释放
[2026-07-14 06:42:49] [CAM] 摄像头未检测到，等待重连...
[2026-07-14 06:42:49] [CAM] 摄像头捕获器已释放
[2026-07-14 06:42:49] [CAM] 摄像头未检测到，等待重连...
[2026-07-14 06:42:50] [CAM] 摄像头捕获器已释放
[2026-07-14 06:42:50] [CAM] 摄像头未检测到，等待重连...
[2026-07-14 06:42:50] [CAM] 摄像头捕获器已释放
[2026-07-14 06:42:50] [CAM] 摄像头未检测到，等待重连...
[2026-07-14 06:42:51] [CAM] 摄像头捕获器已释放
[2026-07-14 06:42:51] [CAM] 摄像头未检测到，等待重连...
[2026-07-14 06:42:51] [CAM] 摄像头捕获器已释放
[2026-07-14 06:42:51] [CAM] 摄像头未检测到，等待重连...
[2026-07-14 06:42:52] [CAM] 摄像头捕获器已释放
[2026-07-14 06:42:52] [CAM] 摄像头未检测到，等待重连...
[2026-07-14 06:42:52] [CAM] 摄像头捕获器已释放
[2026-07-14 06:42:52] [CAM] 摄像头未检测到，等待重连...
[2026-07-14 06:42:53] [CAM] 摄像头捕获器已释放
[2026-07-14 06:42:53] [CAM] 摄像头未检测到，等待重连...
[2026-07-14 06:42:53] [CAM] 摄像头捕获器已释放
[2026-07-14 06:42:53] [CAM] 摄像头未检测到，等待重连...
[2026-07-14 06:42:54] [CAM] 摄像头捕获器已释放
[2026-07-14 06:42:54] [CAM] 摄像头未检测到，等待重连...
[2026-07-14 06:42:54] [CAM] 摄像头捕获器已释放
[2026-07-14 06:42:54] [CAM] 摄像头未检测到，等待重连...
[2026-07-14 06:42:55] [CAM] 摄像头捕获器已释放
[2026-07-14 06:42:55] [CAM] 摄像头未检测到，等待重连...
[2026-07-14 06:42:55] [INFO] 程序收到关闭信号，开始安全退出流程
[2026-07-14 06:42:55] [CAM] 摄像头捕获器已释放
[2026-07-14 06:42:55] [CAM] 摄像头未检测到，等待重连...
[2026-07-14 06:42:56] [CAM] 摄像头捕获器已释放
[2026-07-14 06:42:56] [CAM] 摄像头未检测到，等待重连...
[2026-07-14 06:42:56] [SENSOR] RS485采集线程已停止
[2026-07-14 06:42:56] [CAM] 摄像头捕获器已释放
[2026-07-14 06:42:56] [INFO] 摄像头采集线程正常退出
[2026-07-14 06:42:56] [INFO] 程序正常退出
[2026-07-14 06:42:56] [INFO] 程序结束，退出码:0
[2026-07-14 06:43:13] [INFO] ========== 幼儿园AI安全卫士程序启动 ==========
[2026-07-14 06:43:13] [INFO] 主程序窗口初始化完成
[2026-07-14 06:43:13] [SENSOR] RS485传感器采集线程已启动，串口：/dev/ttyUSB0
[2026-07-14 06:43:13] [INFO] AI环境模拟线程启动
[2026-07-14 06:43:13] [INFO] 摄像头采集线程启动
[2026-07-14 06:43:13] [SENSOR] 开机未检测到温湿度传感器，延时播报
[2026-07-14 06:43:13] [CAM] 摄像头已连接 分辨率1280*720 真实帧率30.0
[2026-07-14 06:43:13] [CAM] 摄像头设备状态变为正常
[2026-07-14 06:43:15] [NET] 网络已恢复连通
[2026-07-14 06:43:15] [MIC] 开机未检测到USB麦克风，延时播报
[2026-07-14 21:12:37] [INFO] ========== 幼儿园AI安全卫士程序启动 ==========
[2026-07-14 21:12:37] [INFO] 主程序窗口初始化完成
[2026-07-14 21:12:37] [SENSOR] RS485传感器采集线程已启动，串口：/dev/ttyUSB0
[2026-07-14 21:12:37] [INFO] AI环境模拟线程启动
[2026-07-14 21:12:37] [INFO] 摄像头采集线程启动
[2026-07-14 21:12:37] [SENSOR] 温湿度传感器在线，温度:27.1℃ 湿度:49.4%RH
[2026-07-14 21:12:38] [CAM] 摄像头已连接 分辨率1280*720 真实帧率30.0
[2026-07-14 21:12:38] [CAM] 摄像头设备状态变为正常
[2026-07-14 21:12:39] [MIC] 检测到USB麦克风设备
[2026-07-14 21:12:43] [NET] 开机检测无网络，语音提醒
[2026-07-14 21:12:56] [INFO] 切换运行模式: 课堂模式 场景:中四班
[2026-07-14 21:12:57] [INFO] 切换运行模式: 午睡模式 场景:一楼左侧睡眠室
[2026-07-14 21:12:58] [INFO] 切换运行模式: 公共巡查模式 场景:公共过道
[2026-07-14 21:13:10] [INFO] 切换运行模式: 课堂模式 场景:中四班
[2026-07-14 21:13:11] [INFO] 切换运行模式: 午睡模式 场景:一楼左侧睡眠室
[2026-07-14 21:13:11] [INFO] 切换运行模式: 公共巡查模式 场景:公共过道
[2026-07-14 21:13:18] [INFO] 程序收到关闭信号，开始安全退出流程
[2026-07-14 21:13:18] [SENSOR] RS485采集线程已停止
[2026-07-14 21:13:18] [CAM] 摄像头捕获器已释放
[2026-07-14 21:13:18] [INFO] 摄像头采集线程正常退出
[2026-07-14 21:13:18] [INFO] 程序正常退出
[2026-07-14 21:13:18] [INFO] 程序结束，退出码:0
